id,trip_duration
id1846565,148.1897723160129
id2473446,46.87634458845382
id3852188,162.8437151466911
id3728770,192.7710056124401
id3733479,50.05496905100046
id3912210,34.19008684250229
id1926606,32.38333894673118
id1219220,134.97720439318078
id3108390,112.95847660340866
id3528507,177.65672320657382
id3952969,69.46873396455052
id1654765,53.06650932032
id3673519,72.4438628835378
id0899681,119.6632225008752
id1837685,158.8830807880931
id2899379,77.32829453010083
id2889163,60.3824719570336
id0945606,165.88334858086668
id1064041,15.301938033743014
id3587936,208.81189150142256
id1894675,111.72786773225283
id3979412,70.98043247685024
id3193338,25.162739485513725
id0318298,66.27828276685615
id0354203,163.45273436880439
id2147519,149.79777675676235
id2905580,34.32337445727473
id0806271,40.03175782345008
id0004067,32.524655979851595
id2627257,83.06040876176075
id3604759,139.2660740601837
id0197044,30.830326063750224
id0252476,33.665663678134734
id2251007,199.50353431724503
id3935847,50.0225755627766
id1754386,191.03204763403022
id2388524,288.607256373015
id1018103,40.350736051176845
id3384421,130.35309594001924
id3399386,20.99504195445556
id3329432,129.0501660787617
id0837081,32.696587526222515
id2262376,196.35591833036884
id2277437,193.84735315322334
id0325793,137.8441880492632
id2185383,84.05363229385358
id1026828,63.00028441775723
id3317475,166.10254926401547
id2990692,54.413276833873404
id2496862,35.817386612343476
id1508935,45.57530455930523
id2482431,61.33365955602023
id0916013,141.42625475850454
id1748497,46.14299543012311
id0990456,26.82758730357598
id2781783,61.523031297157274
id2725916,48.14902240253653
id3397745,47.690253781740296
id0953001,32.3450061938364
id0523805,49.23444116365453
id0238043,67.68581641687999
id2410379,56.01183437310804
id3894003,107.77461514682133
id0899697,568.0032430997583
id2445062,67.49904935906986
id3776509,203.12546270451517
id0823953,44.550177615931624
id0835187,45.99076079679505
id2148529,192.92947815558034
id2457514,65.57241994999328
id2567484,16.09335747052073
id3963408,130.7990137977572
id0729156,263.9953655820538
id3885040,22.787502841806162
id1872762,29.735787165077372
id3695064,22.70000890237239
id2766778,50.692851192941234
id3735678,36.61064659436297
id1389507,166.7271582333999
id3538427,168.19487577656528
id2386807,72.77978726096846
id3518317,62.23835071997179
id1622938,63.15087654585247
id0388312,51.020133700394446
id3383170,83.15495080247399
id2194714,117.76761793526853
id0206782,56.03496351840268
id1081617,230.72740226846716
id3374838,109.2453798723646
id0796177,323.36512121051317
id3643595,62.92088024429688
id1024509,50.066892113908345
id1407607,120.91811958359193
id2975049,31.97905653404124
id3922042,92.77624977896731
id1028394,132.14213122752054
id0210254,38.93626726016732
id0455194,37.4472036142392
id1005421,82.2062020519499
id3931531,12.55230612360898
id0419728,56.757959345418605
id2243489,163.54259129889073
id0824488,136.46314526845998
id3624746,87.87429709258272
id3398641,25.436446895753168
id0384703,129.8797216369505
id3328811,54.562493660675024
id1118680,22.720259847729874
id2509452,48.21613833492358
id3459987,118.40793791923224
id3452052,199.97433685915797
id3601355,57.5431764812516
id3832146,18.29797342754811
id3973046,30.578253186478115
id2010686,37.87455128592601
id1358859,32.66469701675263
id3043689,190.8454152186127
id0791847,350.7009249976026
id3305385,66.15766757248177
id1087039,185.9404549618974
id0073285,39.65215032720084
id0081407,72.94122400924775
id2630971,104.89262812917168
id1212401,13.205028518048199
id1606138,582.6393466381157
id0646553,137.2961549382981
id2416796,195.78088301723162
id1014979,46.56539752845751
id1006773,29.99235729010047
id2811122,53.40709815114651
id2962134,39.020850530595325
id0223362,33.10500811673269
id0616268,176.29466014922426
id1997951,30.690213717593664
id0042114,173.84465697013783
id0915475,39.814808570180226
id1997410,76.17646952414398
id3979246,93.83161093997572
id2940117,33.10471291883758
id0760890,30.60100245842521
id3029405,25.63859972760432
id1227228,36.15673618617535
id2934775,59.154597604679594
id1955117,123.13775522253425
id3376471,41.82657591644445
id2528441,25.470694298221556
id0543787,94.81183764115893
id1608724,207.18899084841968
id2262743,47.51132140968593
id1322274,376.7272801450297
id0560970,67.85927103316163
id0719015,68.77917872440017
id2566676,208.60060754097225
id0136754,73.3153546992548
id3022813,36.13488961645517
id3082523,66.5861477825145
id0761461,177.10779503531495
id3737731,185.87709834119275
id0246295,204.21687919360386
id2925537,176.24045555142277
id0226544,148.84085103154445
id2270359,188.74384300453045
id3002298,177.7316040560076
id3419986,215.57912299118513
id1508628,286.17356554268997
id1300975,196.5799879693281
id3159001,155.14761927211754
id2698976,208.8959981495515
id0864251,207.87039440148942
id0352944,232.79712834823724
id0447342,202.4304121774846
id1192695,195.3859274223349
id3127115,219.41396127270963
id0424800,260.5325241301314
id1821306,257.9827044597074
id3348977,205.1697510891505
id1047123,173.58827746415508
id2565644,221.76123929155082
id2128290,150.83433230219856
id1767870,225.80720530824806
id1884993,32.082652497288315
id1009000,162.72153128245748
id1448826,150.44318095038162
id1476998,221.01933041153805
id0188029,176.8567413206712
id3540776,252.04852122765206
id3790177,218.60374630720645
id0206858,183.07506341582976
id3867691,166.28769196626124
id3580444,285.69348291789174
id3980548,244.8986748721024
id3094543,223.83535586443753
id0258747,240.3171451845869
id3899246,137.1427253983174
id3093751,139.44795807569201
id1820131,173.58230736093927
id1965241,251.75307671566847
id1559863,196.54728307978428
id2245240,206.89999609361192
id2471679,225.39261399576753
id2055564,207.30696089926775
id1964573,137.81250052208406
id0058356,145.66732547952816
id1646105,283.7551795652761
id0228550,207.63983611945957
id2092170,60.9337965461523
id2343098,188.86136504599864
id0077970,207.6024823558043
id2578406,44.281489273054426
id3966841,46.62610332742547
id0625666,147.86022906861015
id1403462,184.82997302638864
id1147354,215.22634822885675
id0840585,61.05791013850297
id0294266,120.72184968492354
id2881973,185.79771262347202
id2157986,249.5496553444589
id3078493,135.6368255326315
id2593025,283.6515200424729
id1860390,179.69590002017378
id3523882,223.98288129837923
id3155607,21.07969023746478
id0353282,22.31343415143354
id2201722,132.61967017574474
id0047172,185.68681710211862
id2413778,187.23505510470005
id2732070,289.03648363026775
id0685969,202.9433641197177
id3512493,37.81929403352191
id0073265,82.29934239469667
id2112274,238.84945775698895
id0045652,258.79499005542937
id1579918,206.45873161843878
id2414498,25.55165318702993
id2529926,159.09064452645936
id0416714,190.3523046052634
id3053351,190.97634210358896
id2022216,166.37625125597833
id2839389,168.3512307466954
id1285018,25.692272678108925
id0164818,137.75104449030863
id0866136,193.910246258262
id1274504,122.38484053676974
id0827139,120.35456563608072
id2690934,196.95433917492855
id2586036,325.4732290471388
id3286294,196.19490471378023
id2539751,187.24996165043683
id1974922,204.874443347035
id0000952,192.4141837967134
id3756307,172.27140385652055
id1218309,137.63018821444538
id2884918,111.84353542097321
id1973679,181.00814699600718
id1536320,227.37335648276124
id0781577,313.95730112465867
id3659875,196.657642632079
id3933209,174.8111800850033
id2278080,195.37653110270892
id2425394,182.1353074382765
id1626132,175.84690491839515
id3318742,196.23988424236563
id0755541,125.1225265926727
id1883855,143.98244193893885
id0768985,194.13520022569182
id1902972,203.67070640939355
id1575871,121.74172301904527
id1853123,283.8537529411407
id3738879,214.8415024031013
id1363095,161.67447670884928
id3594597,282.8932997658525
id2567305,174.38941323498457
id0567042,360.86466447407076
id0590499,263.5221174125722
id1124928,237.9333406920233
id2798304,212.68115012611685
id1862584,244.9470999140867
id3359290,87.50837418824653
id0656175,163.12118714410144
id1084869,265.31590492654334
id1526943,263.57953819513284
id2256850,151.121441801295
id3060847,191.70514780591668
id1633694,154.0407547243136
id3882314,21.438540566677503
id1915628,222.03865907687393
id0587502,207.4829316512337
id2663034,292.21407781205255
id2686746,241.01558648518258
id1441339,286.88630502392095
id0093570,34.19222834152867
id2105434,217.98042533772653
id2410813,155.07335621063538
id3361466,235.3408484953013
id2487121,17.688335777035956
id0278029,258.10643403204
id0878249,231.21790652539957
id1638773,238.90957054400096
id0542345,201.23555040811098
id0526030,35.52008048310557
id2847500,227.45302194556822
id1299112,264.3510342814295
id3020544,170.24576879875835
id2736678,145.63218214633068
id1106631,201.36626911834315
id0621110,133.29778650440971
id0089817,294.93676700285846
id3325591,249.03134601446945
id0285555,401.934218265824
id2256243,133.77315866559144
id0244395,232.39082147653832
id1317007,159.96525874490823
id1197529,33.30003143196806
id3759524,78.20861355173696
id0090483,234.0264367855459
id2649630,221.63735828882562
id1831237,162.48643335669806
id0895551,207.88719280466157
id0177261,185.43855117198635
id1894466,296.97845712046455
id3111085,237.68038176061785
id0600835,163.89053447546917
id2515630,236.1049346021363
id3498394,172.82643446049497
id3661308,261.7837999277439
id3308259,342.4989942241834
id3733218,138.75342994314695
id0040489,192.49815310969535
id0657599,146.5516327852197
id0774055,163.2299874821923
id0089042,30.93845250185097
id2149180,190.6390981853041
id3681388,249.91497231117995
id2300417,266.1090269167095
id0277084,270.0050863023845
id1307652,238.72621116622275
id0138498,129.51572044447283
id0001770,227.21145614063067
id1461237,369.1872227519535
id3509299,193.11557511358126
id1231840,154.3223005554711
id2382665,164.69293756698457
id1414524,26.122408010398953
id2952547,193.7573169638264
id1661458,202.8007765036741
id3018084,164.9720751840684
id3007614,74.27677809267287
id3786392,144.06991140923972
id3037236,144.24027414837818
id3684299,141.9094756515512
id0166233,203.0434223208371
id2761959,135.8372682959712
id3079943,256.6131466864273
id0516621,175.38742343350899
id0182347,51.111718160867206
id1341450,171.59135543475594
id3498035,214.88031115403112
id0706958,150.46459420388325
id3326970,195.9873530557761
id2129292,233.67685602451937
id3958831,117.34810370537191
id1573835,203.44532396747312
id0146062,193.03323039114684
id1139759,88.27870753831932
id2229882,134.82825298247636
id1500769,181.4782843038791
id3634316,364.08214740678505
id0499911,203.35540642660467
id3902854,191.1648681020567
id3917922,214.01368807876565
id1083894,86.69716024836173
id3733192,160.580502537067
id1180523,131.17278438802933
id1967001,134.38665537997616
id0911960,214.5161157698649
id1986316,145.86367761252058
id3819108,98.79927132986691
id0166767,245.42970570139582
id2956587,198.26482898983357
id2641847,269.4339630768788
id1630644,249.94125996802254
id0815181,209.2431038344913
id2504975,154.96542501451066
id0620170,143.87783735396133
id3040426,177.85329896488537
id3865480,229.04574136539136
id3141855,229.46061874597183
id2844221,204.47654139315884
id1082861,114.46613440109337
id1915412,242.2269762503909
id0218899,129.52303656785037
id3636507,161.90371794709682
id3481152,166.31750854780725
id0494209,136.61846081446086
id0671341,249.43312607200662
id3580539,144.49822508012147
id3899530,146.2723296003246
id1717044,98.16807108194398
id3928009,97.03887520989706
id3751829,390.4199932187349
id1484248,138.3255416036282
id2832393,259.7543666964094
id3054750,163.59056520520497
id2143711,190.79777974537978
id1538653,202.20878509117335
id2831506,187.31336025994474
id2914233,163.79896600807368
id1822581,217.1131610756904
id2506192,465.5090296643829
id2030272,177.99285138714083
id2442757,159.51569525601386
id2520077,297.8947194702189
id0586673,292.1699630168668
id1203241,251.58577812264915
id3737770,175.35542544630434
id3813206,210.3708159751259
id2342610,139.8479808056172
id2785446,303.0597374993365
id2310816,465.1654308566379
id3238853,240.77006994346803
id0871714,260.09642918381115
id2427913,139.81132981990154
id3090190,241.89767185395837
id0647705,279.60922018147403
id2943616,228.75059903325666
id2973448,187.3385548003579
id3244003,188.71221051544498
id3337962,296.0940728927843
id3497668,265.52247783336406
id0837243,198.532376944653
id3220705,239.32643479038808
id2264013,178.01678597874815
id3786257,251.41772986136058
id1950064,267.2082712396757
id1518139,221.52047364641504
id0979498,157.45694354301432
id1241053,315.5079538470495
id0109964,215.89783575312887
id0317961,287.3996980749567
id3783362,193.6340733725758
id3197026,314.9527415759563
id1532942,341.08288511952526
id0809432,323.1886680315474
id1689842,174.5525981313814
id2354248,231.6836824274847
id0739339,74.78312152394402
id3347385,201.46653808360358
id0395445,188.87734340550537
id0837764,150.44929354855864
id0490982,168.27694123080434
id2722111,143.72467670599946
id0906699,285.71430459957287
id1122315,193.42276019292774
id0585281,182.90725202764386
id3950089,313.89771029511473
id2807307,282.0449418421551
id0785328,212.1251767367033
id0791641,183.98962927228337
id2068901,189.90976181499084
id1544398,262.75438964340515
id3526545,208.03168407274947
id3520480,119.64210503191661
id2977303,192.31457259917036
id3351067,243.55388750110984
id2739409,273.8934236850483
id1824282,273.2094790689445
id1663887,164.31875381535758
id3724506,331.72391171127305
id1022665,246.7175432048009
id1050207,266.5455806927126
id1953798,247.87465862031894
id2779719,215.48807841611216
id3919893,196.14746669482028
id3565708,231.0807825925697
id3790574,241.6384821799184
id2417835,231.5725348933805
id2064319,213.22521928399783
id0872013,248.7338865585031
id2864718,201.10156252109587
id0713064,301.20139676031096
id3588843,167.1047890621339
id1954631,207.24692035884297
id2395960,215.2973771197866
id3421748,147.41140307181635
id2091499,331.2562672328793
id1280308,158.1312944009309
id0083248,169.72894578628865
id3048528,169.91434405443962
id0337732,255.9668827209004
id3144417,237.8647795438893
id2699203,203.81080757649843
id1464222,285.4367407474111
id1401914,245.2147053697469
id2907921,297.304299284685
id1058959,351.0398802439304
id1149598,156.1708262300844
id3958729,327.2169929250315
id1635289,205.350611373446
id0213955,191.3802610785923
id2029404,229.02813011313268
id0647877,272.2050020789573
id1914695,247.99802673902937
id3032626,475.3543082710397
id2736556,368.34913607342924
id1163558,245.20326261033554
id3678400,264.3957876448008
id2974904,254.68699167842672
id3199217,207.40304181618012
id0764884,342.1581752961864
id1277887,114.87007908534473
id2134445,193.58448909530446
id0837630,380.2128218087507
id2493317,191.9382975055167
id1576327,290.5636106195764
id2880890,247.84369174873115
id3651589,252.83018994802242
id2144666,225.60178534645777
id0490926,310.03535395280596
id1338037,225.44105353808607
id2935919,270.45643185516246
id1974197,161.645103818957
id1710187,216.45141732109224
id0273936,221.40906744013068
id3278168,205.9115682636881
id2707378,26.514660889065688
id1311112,291.391467623392
id2717262,193.7593831243825
id3069703,236.08760452962053
id0043316,142.40866556493242
id0835059,163.0839977363169
id2794758,137.65966530869446
id2862416,180.6068911483828
id2951776,169.47315554755517
id0072231,180.68795788457996
id1608467,131.73154787017293
id2749726,150.5498978861365
id0754894,268.0771253306755
id3334866,304.5063407236967
id2849037,308.7023724339918
id0106621,222.10669997455753
id0099770,248.54962227059622
id2851406,171.90929947171423
id1812624,167.43031489688406
id1076040,170.1480950284365
id2299499,196.79509852812018
id0047972,197.81153795539933
id2139089,250.43440735695185
id3286481,289.3041096583112
id3693696,207.72293761214274
id1265108,194.62327951521485
id0836969,325.0603602387103
id0576166,286.22721898809976
id2928724,222.9903084172585
id3082343,164.6449942928447
id1802824,203.3074008315764
id3085536,185.63351759472127
id2969878,165.8831126941407
id1900683,426.7896199936444
id2473474,254.54484216556554
id0459800,247.3664847311343
id2234309,84.08303305775756
id0132948,214.5793791551973
id2872004,213.4644621485226
id0626303,207.77128313606096
id1217798,185.17104021553914
id1929591,241.43070842683227
id1898555,176.73978357956133
id2926831,163.13468591521348
id2977184,324.53400157147826
id2460997,335.7511538972547
id3171076,232.19934184379136
id3688317,233.28380708880064
id0624840,215.20301258879
id2442028,129.4187955043149
id2721154,191.22888839528818
id2941295,174.9227356827656
id3371357,120.64804297600587
id1663046,267.51985716565986
id3157442,226.31010922021116
id3186282,202.91208007539439
id2507216,328.18517201879547
id2098456,247.8073905023412
id2203178,318.61595824395937
id2915030,184.5582318769598
id3946569,195.55663620193138
id0478291,217.04017777719397
id0911734,260.0491224822059
id2943355,159.75021287852186
id3603099,176.18109155473923
id2341363,260.16560067377117
id0876258,178.75206581204841
id2616372,233.10999242075695
id2473138,274.5248235795045
id0037876,418.6211934108722
id3802590,273.5279509672055
id1875893,370.628180819187
id3431745,225.6975188016282
id0723126,197.0312626360301
id0979764,261.85295924508773
id1213681,234.944131759416
id2483466,218.98650571348358
id1599635,336.8658633784928
id2117736,341.6135615839524
id2433418,222.15133285682668
id1593357,194.37818458110917
id1903101,263.30961054305715
id1882608,188.39387094698907
id1486101,184.53226598768637
id3519555,145.9637775736395
id0288949,186.46097219512617
id2137511,198.40125666468467
id0835913,261.5997465065121
id1642600,181.3459050057781
id2296630,223.2671329471962
id2432182,262.1929095731927
id1767958,186.6205331386499
id2880500,192.48876790584612
id1407083,162.46582469852177
id2223776,222.44872404560712
id3957043,122.79832376396921
id3194858,220.9033878020761
id2474017,221.91604437820493
id1434123,180.15518916651158
id2639810,295.1593848565538
id2533841,226.76490780224904
id3929242,337.23116598140615
id0572363,192.40568369332013
id2516721,181.83966873121975
id1666408,168.15794587369822
id3978778,236.30800452876923
id1102538,320.4562042108261
id1819224,237.70690655258485
id1015874,245.10724305645607
id0162975,219.614940031528
id3985153,219.372981694234
id3791394,254.95084401610245
id0585349,233.51913184974393
id1086498,138.5614730741164
id0349333,270.24147202995454
id2629282,206.40000746978117
id2321861,306.3701288732615
id1632233,194.2408825584272
id1728458,282.1063269736234
id3192263,135.33599535974574
id3707739,168.18561011078552
id2915571,227.28722321903714
id0598147,171.7123463134233
id1682278,177.60305644159726
id3692480,227.02320347634307
id3819721,226.8251831615439
id3248350,184.57063250459666
id3507299,226.36931073273777
id3530546,344.1859968683159
id3997190,290.3887880071721
id0578284,260.58173636184443
id1021758,301.25679498474886
id0011654,179.58525526251387
id0829861,241.7126041108093
id3180285,141.44996963266652
id2074268,206.58048023099764
id3528742,184.34457429719802
id3703165,208.95127174029025
id1136337,382.1109969464436
id3112111,217.2581667164091
id3715122,176.84442119425424
id2066435,181.5647950134238
id0903585,98.11707996733772
id3696491,219.07457844949718
id3161229,218.2964076858262
id0418089,279.672136634363
id3117448,192.72412462754025
id3562327,199.84666074297363
id3298810,233.22631147058487
id2893215,195.65584758056198
id1023360,289.7093010353718
id3062698,171.56454894787265
id0046886,264.71876450643117
id3247129,210.05634555258897
id0516631,233.07887331010514
id2424822,291.11213897359426
id1441170,193.51406254658318
id3527721,161.7109787257575
id3623154,222.45577765593782
id3390481,266.66407138275304
id0276396,227.76771621414255
id2395430,314.8336771206823
id0120946,336.8903642617077
id1873562,219.97563288208192
id3519169,221.92303928077
id3163809,363.60458442047576
id3119282,239.33875944219267
id1974000,183.4398443725608
id1563378,172.50264126985704
id0571196,9.937620815222626
id1114098,189.25101047853312
id3714621,309.2740551328936
id3486443,164.25944164241062
id0671527,237.05598010087454
id1333246,150.0644431434843
id0287837,160.68883570813696
id3401289,182.52472357698937
id3004650,170.98143376637947
id1035376,250.09735153328546
id2572207,201.56118313920007
id0675399,205.42365749452776
id1103775,223.94658459170802
id0169712,273.2401275943362
id0530826,307.0371071040828
id3333457,136.40896552295902
id3630722,196.47852894932223
id3904589,309.56775923374425
id2124774,243.46182448960525
id2395462,195.04109682041542
id2371358,216.70118678561136
id0997466,231.90990425345248
id0486600,264.73250635688566
id1951586,303.51139342100447
id0953308,207.6583312743416
id0131717,200.27950043160948
id0383165,183.7962489170561
id1495044,183.10881447500086
id0775789,167.89613570801663
id2663808,40.72441354535181
id3466579,175.51006869748795
id2621945,189.71239524834328
id3087213,177.25896041972084
id1270288,352.08891047360464
id3010635,225.78709292181443
id3935369,202.35927243382181
id0638846,310.93982867094815
id1467345,128.5220974492573
id1683435,580.0236313331216
id0449804,181.2904264145001
id1403491,203.0818057453184
id2103640,194.5915801404901
id1124171,225.70817622678086
id1374656,194.16762311869658
id0861865,307.1888737960204
id2067140,200.20875083536734
id1393613,195.6654042836355
id1954327,169.84770758870613
id2282544,174.80433572216137
id3305572,265.9619517678718
id1827411,243.43568212476256
id2675105,138.02488626375234
id2674047,170.06312200883625
id1167283,353.73794089853885
id0544601,304.6798515947539
id1225611,196.23912489381013
id2176734,248.11867070625783
id3253355,160.0743584543978
id3100390,223.76423839730126
id1769549,252.0006963878289
id3544864,289.0690338065353
id0186547,186.11324392954293
id1738799,169.94898707374523
id2855619,465.0286950093965
id3393854,149.37835236634515
id0732119,251.2684323336937
id3830957,249.478288154024
id3310509,307.2446950007307
id1659097,138.29233369642108
id1276760,265.86948894446664
id0241574,154.19928776698768
id2347483,173.53864537052436
id3426140,222.56315723529443
id2881443,368.26402096184506
id1358063,147.70791519802287
id0171750,332.43570025329143
id3484684,201.69796842306582
id1561696,189.50630585365812
id2289532,202.72622116210863
id0382935,156.2851854096259
id0618799,207.76672846430668
id1619391,261.6142921406837
id2229301,260.0860067627598
id1770798,310.6099127256997
id1548838,352.35900019002275
id1684251,260.08247151871524
id3966492,288.8376952227876
id1095515,153.1535203296484
id3737206,150.2795919303294
id1800425,147.98711974664067
id0840233,380.5007440929349
id2411085,249.01300298210592
id2020658,275.18563227783994
id0277418,269.7370157264549
id0659451,226.4942916648744
id1039046,307.54446250152563
id2118589,152.2766428626233
id0996113,182.39258710894362
id2285668,231.8122214214918
id0954502,198.38254051571863
id3383457,354.89146892230394
id1596281,301.0109154556975
id1188417,329.8403437130601
id2950249,209.42510945151548
id2624364,313.2309453568427
id3915297,196.21387116588937
id0890152,156.53622056656306
id1499713,234.78746821489415
id3235106,261.4780207975443
id1498763,219.19636713414505
id0065985,311.40720322131904
id3448998,159.2853540259292
id0373169,225.0840319923178
id0592424,153.52135480550282
id2753793,228.05451740332836
id1816667,186.77354529912265
id0685329,261.7717319033638
id2432958,146.30077379458848
id1143989,184.47936741359578
id0248855,168.4630308205812
id1824808,172.51261984570442
id3659681,237.00939807173805
id2429823,245.88666832712207
id3714237,191.5500680659912
id1464272,212.34269137249336
id1824382,234.64968698574995
id2274549,249.89898518473393
id2540752,205.38061152425126
id0405218,289.47947444113646
id3748083,39.55732274023892
id0712785,263.2912297528834
id2042119,176.56957427045973
id0252853,237.72842693959447
id0586133,191.6320215360138
id2605046,191.16855038419988
id1473770,154.81516035250078
id0465359,177.99866793935476
id1775550,261.30269637742515
id3114438,178.55168715449972
id3794972,337.8438863973064
id1237036,336.1427134853158
id1726727,148.26951877462747
id1714997,256.19217692173856
id1393985,170.04850914809526
id3823912,188.95345862444879
id2196770,244.97764866442486
id1763304,241.56066729113627
id1876165,162.30222579830107
id0924032,263.781510430148
id2938446,235.0324600354104
id1579018,214.63512704498123
id0160211,202.53282825171996
id3016304,209.9297252737504
id1389092,167.66877239720787
id1930080,287.99438185107965
id2716227,224.0171871751993
id3182849,265.12713024203885
id0229150,220.62796473914094
id3928759,302.34160750670867
id3539009,204.41597751305395
id1277031,52.060523884053694
id3520700,254.36579737496754
id1381395,356.93191304439
id0846718,220.06086932719597
id1289649,187.3245786082395
id2594194,197.8684630566453
id0480231,197.1194958906911
id3521587,212.73920934552967
id1524964,357.9286924465781
id3285153,242.27021382053002
id1692289,186.0125689231194
id3754290,179.35352452429257
id3749710,188.7900966450183
id3679836,291.6742661736706
id0903677,14.662132800183727
id2379296,192.67131060175643
id2164935,258.5528014225564
id3822217,268.8613803659582
id2316210,177.68608342792118
id3709691,182.29547846107735
id2044329,178.49101797911342
id1181838,159.34093183980482
id2756856,184.11018223373384
id1224352,233.61663498224937
id1841152,185.26076116235473
id3866403,247.03579845209302
id3094267,247.36838757590647
id3889445,234.26247481938344
id0945244,276.62221967919106
id2054825,208.00075767249197
id3863719,306.495057228287
id2225142,377.1512847773209
id2113222,200.8437450606128
id2252146,281.7434165784792
id1416054,253.06727534329207
id2256041,192.3558075444844
id0981181,124.58756167932579
id3492473,150.4396206562582
id2405312,226.19371683455702
id2333146,207.060054720367
id2920122,282.5885311487433
id0371797,251.1840664985513
id1969121,189.92736704533436
id0061433,193.0308587668888
id1461525,178.83075577833316
id1333803,242.1241983056301
id2373434,167.0029109659013
id0408264,189.68739178580768
id2751375,270.6656024401888
id0965356,236.10111295786123
id1220108,175.66000077128714
id3839065,179.93709848586377
id1313808,255.7586318543204
id1095291,239.28430727211727
id1632151,272.10794696254663
id2191547,300.87476659476454
id3449587,145.81712121000422
id1761547,276.82426568776924
id3664907,216.50512976365206
id0571965,208.32239966660535
id2567973,260.56803919856776
id2915687,234.80193233463189
id3045653,272.7929171286106
id1908196,271.9570611877851
id2376776,103.01717093208393
id3023439,163.81750838747263
id3229178,214.11665653216096
id0470927,380.61166080342934
id1144074,134.94748863475598
id3308550,280.00779387146275
id2897179,191.34010755775918
id2927031,247.44764776859927
id1526648,307.6904141618954
id0125743,214.48914127678066
id0530653,211.62012600481506
id0529621,162.36996746738672
id1818018,186.10526633920466
id3169090,164.36993923676806
id2757756,257.9565378597065
id1641045,244.82307503064237
id1992821,312.69503383759627
id3821618,240.8575807942998
id3223992,193.08857239998147
id0976101,205.77845843071816
id2189114,210.68139758667624
id1398195,260.80077045675364
id0729761,187.83276864465012
id1234137,231.36805932714756
id1085823,217.39744699635992
id3412216,241.2509078290538
id2951718,151.2435966953598
id1247457,277.3340357887692
id1334596,294.9297240010077
id0336256,151.8508937965485
id0146637,210.46040327861397
id3023895,331.6943027321341
id0464897,399.99599545434126
id2423406,189.45239469353672
id0867887,137.87590446297204
id2372543,127.5161258072236
id0138415,172.51327543024513
id0761507,252.75179844758733
id2104152,310.33293507503816
id2524829,302.18774545150956
id3143804,35.399631873966854
id1777041,218.61366941908238
id0552302,233.23065480290916
id3490949,195.81026316629996
id2534370,302.16231144450245
id3869879,233.56235866516116
id2452836,199.09906624176432
id0333182,180.20060777926923
id1558206,300.9747449931797
id3745940,362.12916081810744
id3139669,163.64872318988756
id1721493,285.2179504324813
id2021491,267.8619346372922
id1995021,312.20461395017566
id3450831,157.2280598367532
id3821695,368.715492034581
id1148588,188.9566922231041
id0506153,242.89733923948563
id3284197,268.9448378673433
id2281050,258.9520786718638
id0155149,300.5973909134254
id2135985,185.61164784973994
id1106103,279.9513527758353
id0702627,241.0867278234513
id0552749,194.5772249909399
id1247092,305.47562244542615
id2571605,373.53123841923116
id3142600,289.01741258115345
id3082244,297.1762570238694
id2255622,329.718354402588
id0847101,210.99684894946418
id3365137,231.51516144336838
id1761043,203.7720474371493
id0348224,175.40975580560254
id0534402,327.71339197612576
id2524340,144.39716637336468
id2518868,289.21041672593316
id2523126,150.10698964304052
id3018669,200.99463661301886
id3605280,276.28351285947986
id2576766,237.25788558883008
id3573502,186.75567720133776
id1456867,200.71064885747444
id3937117,176.49023817631502
id0411965,191.20812734273485
id0937052,287.35738421813943
id2331885,288.8153522394385
id2463662,322.16434924044563
id1243011,208.17626771486903
id2694120,261.3806565734778
id2359244,174.0345768509178
id0081665,227.2143063802085
id3260542,235.08154727439944
id0877403,237.43164505626802
id1024260,370.52817170457087
id1575839,242.64807562230118
id1231662,306.3592583354764
id3330761,199.36120932723415
id3626658,280.23471561911634
id1988410,177.8699926117774
id3076936,261.5058775228916
id3270671,215.15497756248521
id2033487,265.86830681817315
id0135103,165.8297712263976
id1997417,301.660285958175
id2081319,301.7917062558239
id1085826,393.82420299456777
id1383848,202.73176169939975
id1182821,232.14754217937718
id3310621,250.86851729499364
id3642834,326.50621510031215
id2812162,197.30382358186506
id3284132,298.7934220820077
id2970929,166.1278171794991
id0926565,221.63986445194027
id2502412,216.7453476282676
id2488850,186.84808557587834
id1876486,203.247732939623
id1174279,183.9545063291215
id2509920,347.68757417647436
id1396323,322.0064617689214
id2922491,199.27868704795574
id1233671,217.65650423762514
id2030006,367.3278822452982
id3090495,211.33209764640432
id3583482,228.56802004188333
id0282122,219.5557504166329
id2292897,219.10604485240893
id3074505,519.2349979639521
id2116986,217.594922530118
id1176685,223.57890331974693
id3389981,297.59190217067504
id3447141,235.94285416745595
id2751598,189.4595625594745
id1270281,221.01398695992302
id3824489,159.52808679843125
id3421109,250.21600239976308
id0526287,176.62053224206468
id1866581,273.3071808463368
id0165955,234.5503761761493
id1430276,233.74520455431664
id0147852,204.2626624384921
id0302863,332.98038371613495
id1343319,273.7800570865423
id3261046,215.1132685454874
id0682336,286.31941913896065
id3292345,238.40201728337587
id0492906,361.3489273042805
id2362904,253.55967254200584
id1297347,231.77959950923986
id0271048,365.33469770587715
id3052602,276.4501837088049
id0627269,269.45282169838345
id1793644,347.7708671684587
id2633092,261.5711366723642
id2780332,219.40057712017838
id1160796,202.8418967933598
id2650986,209.64985526910306
id2279988,258.9645136743741
id1413923,258.8595462863708
id1679101,256.2169272183805
id1927526,413.7290338035811
id1277931,327.5460805118075
id1270273,274.5128438125908
id3033369,275.0714669528395
id0544565,352.0088589781575
id1276717,362.4440001020262
id0194349,162.98369833861344
id0713662,227.71892140947557
id3553499,270.4285503953184
id3632042,136.9119598487236
id1673660,237.51115788082282
id0868049,211.60340733365763
id1919248,313.24029057033584
id2190529,163.5324018034172
id3844023,296.11936458996547
id2990644,180.86507180132915
id1868572,280.70862559399444
id2245090,306.55274329438015
id3483478,215.33257185429062
id2457172,261.40288489211315
id0519235,198.09507647052442
id2453812,291.4706897642222
id2460060,148.79604741520063
id3408943,340.50622167329874
id1255033,240.05704100060953
id0922165,173.4040717677553
id1022173,227.51183340798542
id1391454,328.61457899574765
id2344407,288.1707955128793
id1296689,275.2206387040124
id2978608,282.61069931845185
id2639062,297.0337603719179
id2210008,292.0523902710314
id2760825,258.6689789470758
id2827576,170.50097747861292
id1689867,197.30033368506213
id1134780,195.99885094937537
id2910093,461.9744384848309
id0307600,236.5830898633301
id1063193,217.5480498813346
id3280584,284.4451072295422
id2201953,208.24203363103766
id0248010,296.9768032973136
id2625580,244.7761265179881
id3168259,188.3890925769559
id1172087,221.8151386266798
id1683407,238.65531876575378
id1124550,196.28501686580105
id1900042,374.8651405364395
id2990083,220.5149601541674
id2861595,67.97620567248725
id2350748,243.57266157604803
id2144678,454.56118080384135
id1521124,282.7807375772303
id1967202,350.8751806223227
id3559039,148.9319469029553
id2638563,245.65388609527201
id3831689,293.7846426284669
id2980847,147.7861925270738
id1985537,252.16559748811733
id1845703,291.02967575823874
id2103334,207.0941284244222
id0583104,163.778816078138
id1366352,465.0868302908417
id2889726,229.23957593246644
id0711934,306.8267264722005
id3367872,238.66177665929993
id1926286,408.79430370943777
id1489408,183.08646790215556
id3936436,287.5194019041805
id3091780,344.2633630358753
id0021604,328.4817169590587
id0458931,208.4360384580532
id3683895,301.9536946778889
id2255661,190.17764235928954
id2070984,354.2536723717303
id1242829,203.61930164781862
id2313902,220.86436798895105
id2712699,231.04070478766272
id2777209,245.4865141136547
id1751990,276.4767972495733
id3847575,309.76912742556
id3114958,274.6800775436273
id2139064,208.13407684248892
id3723650,253.89889054300565
id3573494,305.1598824862475
id0600331,214.71023686632674
id2610888,343.8659461171293
id0818633,249.725410477336
id1430082,311.9719600934283
id1812164,193.18767032784285
id3477436,255.98402419826346
id2234826,560.427099582656
id3514352,330.7355500071621
id1818268,191.90654683581394
id2803344,322.0804577970915
id1596541,147.87266397237258
id1238023,265.51924076782865
id1399650,195.26077906331892
id2802823,252.20926330480847
id2216120,243.99001588610338
id0453451,178.1331055434081
id1728232,277.42106461091106
id2859007,243.29834869464372
id1829762,261.20291621443863
id2260447,239.6303706235211
id3022522,332.5604337807307
id2568710,290.47668755255836
id1709449,204.82885820588558
id2639252,204.91554796041646
id3252525,203.83532641030834
id2518908,222.53379125392368
id1391099,280.7990078271871
id3497842,269.4175888215472
id3203454,429.26599088503104
id0404758,364.22073416900923
id0374891,163.32652827984955
id3105887,280.2954141460885
id3528576,333.7801049446199
id2818912,249.39605262213848
id2563171,230.78935370960443
id2203808,556.922691924266
id3480493,274.88091320125307
id1012809,315.81499589412397
id0142607,202.35214685983397
id3490706,259.57739679103787
id3177769,190.33871978177848
id3007183,226.89756445812628
id2502791,307.09874077790266
id0054285,226.70461794959522
id1774061,291.72650491061825
id1437110,224.92325757306511
id2791075,265.45733002584365
id0831144,197.32084646588154
id2527279,221.5884311384798
id3566348,297.451602132371
id2371683,245.5108945545131
id0523982,261.4400362993247
id2376824,268.33356018985694
id3126501,320.64024186199185
id0895884,656.1484232002196
id3034831,240.42411287761544
id2216351,366.83506174373423
id0673535,344.42446018181806
id3531062,257.53325543972403
id0925771,358.6899523927275
id3811512,274.01966719759054
id2069078,187.90540091982814
id1163770,260.80782349456103
id3040178,194.2897355880631
id1387399,314.25592545173515
id2144454,264.6793390538805
id3114425,222.00662272907306
id0349862,105.69906548071201
id0013585,274.07401210126494
id3510958,318.2577100824583
id0202326,194.63356668069068
id2754953,217.79581761289032
id1989966,333.247738430436
id1350419,251.72614332890484
id3526700,315.0460703924313
id3121798,327.1552685621575
id1011027,418.06120547777624
id2492179,264.856571651212
id0207851,185.5355508283587
id1343103,247.49479711693238
id3125146,184.26385937242915
id0946922,252.5691742776602
id1784755,239.18608641997156
id2891428,204.64081931319092
id1313902,242.04648475431404
id0909884,334.9781165589017
id3646660,270.31066243630374
id2258662,281.33487454713685
id3927095,198.6595969398322
id2575791,303.99233905810564
id3850897,159.08313034531025
id1986782,384.9000514763542
id1248935,619.4409725023709
id3714988,223.51761363030062
id0842188,209.59186134670762
id2770104,214.9220509302756
id3749119,147.12787441639136
id0318549,232.11694091592213
id3815169,392.5662372524024
id0381203,254.77424462185266
id0822891,310.7610485714364
id1777104,301.58222083130255
id3388763,397.96600060032546
id0994156,249.10095184552506
id0208047,171.9928186562393
id2405639,260.5788096285052
id3168834,281.31863923859396
id1418102,273.99385869751154
id2176830,191.32366432727997
id1322980,309.6612942747263
id1052684,196.22236207749944
id3797879,311.28851888399777
id2238699,226.0279535102511
id1622688,272.4249979672222
id1912569,262.5847977324369
id3886940,285.9216474424577
id0330364,147.39272284228235
id2052986,216.7335120103042
id0272202,229.12916390568296
id0595361,309.30302096378097
id1721684,216.89970061176686
id2900076,298.3073390683119
id2389097,126.84760489175825
id0161765,262.4143667037179
id3800154,184.54014998747525
id3734956,235.43293628270715
id2981231,203.46056176449272
id1802791,358.31975415524147
id3249233,271.84407753613067
id1553370,247.452311878451
id2826382,244.42647646861323
id3062446,209.40255523444856
id3059605,195.4131648394885
id0072130,331.06578615296485
id2762689,274.67606067589435
id2774654,265.0618299664062
id0408520,315.93200289619057
id0703823,288.299779879531
id2751623,218.4733444261387
id0310826,263.7702828067162
id0352321,212.27949871880745
id0810861,268.501855187053
id1526008,380.99905455837825
id1353563,154.3181373263927
id0309774,274.22922983199373
id1203135,289.2004823746424
id2217563,223.19972422274083
id3369419,246.04087078052797
id2672712,444.95263050780346
id3172439,275.0768276675801
id1457992,190.74060376235516
id2177463,198.15801539061619
id1073447,192.54596700392128
id1612588,183.21709782458896
id3857941,431.2300484087086
id3867209,274.78962282892036
id2251451,178.24236369229584
id2980918,136.66463205884614
id3358242,317.3966203615385
id3347120,284.37208052161657
id3007157,164.89302877736677
id3550900,387.7627763607123
id3951325,354.55815926300926
id3525175,320.8594446982683
id0894611,562.7303149755805
id0420197,288.814171022065
id1883419,253.9828233202193
id3172262,404.0301700934243
id1715890,248.35422683049157
id2453611,214.16340468744383
id2120559,238.06861153395303
id2706051,88.72279193967286
id3527914,175.04188728435136
id1528153,352.9656816696993
id2948633,358.9664158576729
id0677486,175.00639531426094
id3008737,193.18808881210515
id0690337,203.6895818042971
id3204078,236.55129762450105
id2131024,228.6514542874255
id0421059,209.5761914538601
id1755530,175.90301122445788
id0443505,183.1604259056719
id1237491,282.43359867903297
id0471669,194.56371461881628
id2700708,281.9588329529169
id2644446,174.8622690661744
id1392413,167.90251898631126
id1508819,224.3316312420093
id0636186,186.756700050233
id1965954,209.9117316686544
id2884302,279.24784735588963
id0867345,458.1061775963426
id2558360,355.72280371150947
id3116480,378.3645357987925
id2028909,254.44399766658125
id1554578,131.3039857349848
id2633691,137.3819346684965
id3494068,325.040403798685
id3847642,122.48529356454416
id2143850,330.6357885440703
id3107748,271.70274485487806
id2977275,173.22780153390303
id2163757,318.9089756307849
id3576039,90.28133687486205
id3290234,312.96843802660385
id1793773,235.70237642546522
id3299840,227.69729972959587
id1896376,234.93621138065876
id2983332,219.12195740650068
id0542789,172.04173589336122
id2835750,190.35163636794792
id0574907,327.9378987235061
id1778825,251.44885549608213
id1465797,356.20118409104344
id0616546,22.984298871254154
id2874356,236.317863579488
id0396924,232.18387385998085
id3407648,242.22065734456743
id2932781,238.32304950076153
id3662528,430.4555397986947
id1247161,185.8850938113124
id1150587,146.87357626316378
id2046471,312.11770205347955
id2852787,259.5072117178861
id0024616,233.03449353174057
id3927216,331.9599572472788
id1734785,293.30939235827014
id0151870,370.7483945852836
id0061314,159.4126458561552
id2176011,298.14447336132366
id0954185,153.26379300236988
id1006580,215.34666498520014
id0199112,240.2207393791454
id2657489,178.1580746724917
id2475728,286.96473864722884
id2921901,243.38631549419452
id1035780,164.69020481979527
id0350597,177.86425816756525
id2240277,215.28713245428247
id3290112,275.9288443571153
id0433114,297.84598480581764
id2721572,201.79628291291178
id3767518,269.43490716078173
id1350849,341.3970531075909
id3528226,174.87813970924896
id0707206,310.9532602006945
id3535133,158.66926095835623
id3107248,328.2406925216425
id3808430,294.9273434139657
id0128716,276.22676707466655
id3430916,188.6697521049566
id1869733,336.12566885442396
id1094955,177.49862886715758
id3064919,219.87019906093775
id3249059,363.1681689623176
id3512178,374.9666106886385
id1835264,167.09658662637088
id3140226,205.97401713508353
id3143732,205.3650771901479
id2103585,252.68681297408926
id3976329,360.9600038002676
id1159629,314.3978931333401
id0062694,212.65616946046163
id3384791,324.0793188406732
id3029652,270.3217643760284
id0125059,280.1573994977409
id3332423,269.14320798242784
id1481420,338.3085564785308
id0639854,350.0738367845437
id1589792,467.27230513953407
id3415109,188.6769934459897
id0416794,322.6315124399924
id2222114,284.63793733954765
id1582655,223.5209496433495
id1846752,220.56234638647283
id2525060,341.5893318263046
id3957042,308.0781482411259
id1114277,223.97248563500654
id1648450,204.64414795206946
id3254036,278.54738010323797
id1442708,358.09774208270125
id1843148,288.4459216825112
id1759160,285.075634791713
id0619146,221.78663517138128
id1111335,255.3578522952144
id3121692,410.53088789565055
id1934241,337.16276817073174
id1471865,230.23520526616596
id2161089,234.00055016685775
id0401210,407.2369380682041
id3961896,372.13720333923084
id2860204,308.38996195372243
id2799639,151.043101001484
id2111283,247.24150662938507
id2266840,276.80841070516647
id2812170,172.5248209369578
id0747807,294.03115598375723
id3068170,49.20964511329891
id0293609,226.08189062317945
id3553490,356.57812772362774
id0474774,225.54175336424424
id1948413,282.70791346764975
id2147938,182.8172086815253
id2631408,247.53174611198418
id3578384,332.8985577055462
id1246009,123.76846442377091
id1166070,320.49884608726734
id3443296,151.4651431526975
id1868571,296.57420648229106
id0895464,210.17203830743938
id0721225,279.81223628254884
id2975199,195.77159794404062
id3316768,166.96717395442204
id0893764,232.39632708802657
id0975008,266.303357312111
id1021936,266.12246831961676
id3249876,367.1842803261768
id0112890,274.20688452261265
id2575349,262.035863137714
id3278789,447.34305539829546
id1097635,158.4338792512294
id0231962,122.93897505739483
id0142705,708.5589060268143
id1587118,441.1986825145305
id2467417,166.6913939288973
id2400833,254.078557397062
id3471308,237.503692956054
id2283666,282.1055670099241
id0292371,244.3405261441229
id3522842,178.54142327257992
id0005670,358.5119097839867
id3230191,260.0109149326933
id2831037,260.9225033478617
id3868611,468.0413423645943
id2349033,221.01130172396705
id0265192,232.57537151735414
id3979259,249.13980660307473
id2110446,294.6115777810225
id1186858,473.88956448804
id2066268,255.25434396785624
id0095466,191.0507082068654
id3681845,208.38161408628005
id2117564,464.28086687490793
id3306489,293.92315625134376
id2342845,205.9091128113863
id3426034,466.20184976062427
id0682147,260.9926856919859
id1891031,322.0652362658239
id3446928,216.08288021728296
id0800798,212.82027264340599
id3118661,276.7086541598413
id3055566,290.3719373689656
id3990685,193.65158013575075
id1746047,147.25105602031934
id3346301,220.75321665127964
id2786351,284.28100282974907
id0898207,339.3256250981065
id0512405,375.2030953740355
id0569457,413.7899476393367
id2537360,274.20785233840195
id1744071,262.50943270610486
id0568768,296.019238104501
id3259543,311.83907189488815
id1763781,231.8469896584202
id2410816,212.26227701986033
id3861807,182.27099503569903
id1924110,208.6159764637505
id0875366,263.99091766728174
id1741950,376.82848396141935
id2756490,312.41638213422203
id3314672,177.8450455759231
id0662107,280.12335908993276
id1284774,208.7728706911151
id1134056,219.7851598455433
id1413239,193.53265824289446
id3170449,255.9142151228462
id2070236,260.7229294126158
id0550063,227.7645922862478
id0782045,261.3219694391745
id3699941,304.0738855940546
id2501904,162.45578758625754
id3054145,160.54831676041798
id3703298,247.05726318639879
id1883085,336.204142612386
id0719387,292.0475485238153
id1609136,220.28099371606197
id1859577,418.62109429355047
id3289485,245.93938427295936
id2096414,330.7433405724471
id3055769,206.7821720990018
id2680509,306.7556897508182
id0062020,381.09278066035483
id3577465,281.2419436124725
id1066368,369.3460188218583
id1552392,256.30231651021404
id1589079,411.8393117100989
id3577160,218.59336860929255
id3499099,259.7314561983884
id2996849,232.32509740482175
id1176575,251.7193221081459
id1205678,294.1331732950193
id2804287,379.1098674670982
id0040356,156.44048536576312
id2424361,250.5561307209684
id0294135,136.3540968398592
id0476571,259.97673105967857
id3118552,306.9016349702101
id2915879,251.46667629237228
id3081221,24.03904514444156
id1146582,351.4263469568224
id1040274,212.08165087795473
id1591553,294.78101473631426
id1182410,224.60150344839482
id3265445,211.27277052397616
id2544882,159.6754893346428
id0411913,373.84938511418517
id1386396,165.06746197130303
id0536395,205.43353371384234
id2749520,291.90454173862446
id2678463,227.900992953524
id1418686,204.9753524351768
id1417398,352.88537765753466
id0991184,264.78810536409384
id1710241,283.96546362975965
id2927270,213.57658744512534
id2869787,246.76231421014438
id1274732,236.13830660819457
id0833297,132.04670870139225
id0378362,206.71632468868722
id2288851,311.0435392195324
id3204925,343.8272522778023
id0712983,333.70900922110525
id0644528,264.177509170658
id1599808,355.44561346880886
id3292074,247.76369779508735
id1821551,350.9989581531283
id0457369,199.60419964261726
id1759356,308.65118580838964
id1397975,192.46948656663866
id2281963,275.8588137324415
id3610157,315.3476100397478
id1517400,367.6044162945457
id3820121,187.158887675827
id3953622,200.31627842465033
id0049638,182.46143298449843
id3059530,385.5007912970431
id3514933,247.08316124713213
id0774734,167.5230983939342
id3395958,323.40029868607405
id3653625,249.68370679974362
id3741097,208.34176188935285
id2094417,225.53980298120587
id0164195,200.95715459319524
id3036974,385.0840150184288
id0115451,384.44518016409046
id0532269,355.6766824066574
id2177128,200.6031920256365
id1187866,248.95059554285288
id2154967,275.4492996764366
id1206867,227.9460363972831
id2086000,275.45762289530796
id1162842,325.62097169403773
id0233357,258.4158913368117
id3990475,369.3614418360757
id0063264,306.2929901638372
id1302431,224.14803813692149
id3215307,305.0526895840192
id3851400,198.60327188861677
id3437633,229.7078840387826
id2387271,218.22171717365177
id0874526,263.0492113533281
id3779555,145.17423155626255
id3209089,330.91060401871493
id2383528,266.32592969231024
id1456189,238.25140332808485
id1636141,220.11067813947363
id2553070,202.15919466770524
id2486845,323.0755834146149
id0517055,203.08575789520185
id2148147,283.62042814391253
id1535180,195.17349006643335
id1853945,351.67169815209195
id3158361,322.5543891275173
id3066455,197.50988751608767
id2055877,322.3983619427957
id0632561,398.64716609253526
id3764409,328.32815955217194
id2319504,256.6056936826119
id1547678,240.38398444659887
id0590028,276.33441419063064
id1120696,232.07572221843205
id0943562,174.6874383346739
id3560195,247.47034185251408
id3142362,204.60068609327305
id1294619,278.79416871594333
id0789992,361.5316433574772
id2521100,183.16492510599286
id3893108,349.5825787848028
id1184666,187.56703785736204
id2338714,151.8248826450673
id1989774,161.40982826311108
id0543433,402.02589193055474
id1518792,161.76380033423035
id3402754,309.52159892761426
id1164738,235.78822602621335
id2031888,236.1591879941705
id2709052,311.9227085244717
id1600026,186.6767999899297
id1255425,124.56778765140446
id0577796,246.90629581141235
id0697509,314.5379451937487
id1197969,269.15937457739915
id2950591,309.8443722112392
id2298493,350.8419850911426
id3993532,202.9898080317548
id0138195,109.23636569212057
id2985014,332.5210373321454
id3183745,291.4282640303811
id2948172,312.31147626398587
id2876412,339.4963446577071
id2784061,190.67666083323218
id2845773,214.64994180428218
id1698045,212.64479524068136
id3401548,203.5725042825367
id0081854,300.60790189012386
id0782844,290.37006744228796
id2700268,171.5957877229335
id1593776,235.60775260919735
id3365564,209.9678483197238
id2476580,213.6153190824657
id2219471,324.0314635430153
id0930904,229.15030233493735
id1829679,260.38718339217354
id2195263,311.41041316512127
id3501727,291.20785618937254
id2706000,88.57425281621656
id1385526,324.2099283624582
id1626376,290.4724446253883
id1235575,265.39350559731855
id3273254,228.45236760923254
id0236996,207.82055661859684
id2644637,381.6635517195679
id0182102,270.75275814221715
id1619318,239.79507762323365
id3772287,268.8179937657094
id1957536,503.5440302567363
id3843609,179.54057672975986
id3996707,219.51428677568225
id1963544,184.8338774888327
id0708129,385.34286926957316
id2845855,307.67876359982614
id1736512,252.18351801337596
id1358577,382.5305557155835
id0289145,321.3316575212204
id1357264,181.44593183666737
id3480036,442.0887284786411
id0028373,183.73799042094882
id1463452,193.52187640367032
id3191898,301.12898736545793
id2045732,255.44432371126794
id1419603,235.8891448416635
id2334739,312.3644579495152
id1895493,314.09699118536264
id1975140,228.58051702354805
id3997598,253.41580323180546
id1252401,209.73170402920078
id1752007,176.3017754511264
id2584221,194.0622566917225
id1512392,276.55479118753595
id0528091,199.7457883943838
id0778796,372.756379965843
id3345712,211.63668792316986
id2912569,197.6094447088967
id1544340,362.76909198507985
id3727117,284.59843188646266
id0779897,268.1486606385771
id1168350,259.9563781342814
id1027494,318.1490270009021
id3879317,226.9402690264197
id0787947,294.0781015788609
id3984731,376.0905361705959
id1016149,197.98597554216585
id3552810,268.37836498764085
id3315698,236.51159572026455
id2920596,302.51195667400714
id3603901,210.2489331330487
id1234675,248.24117460751717
id0044184,276.26364739595033
id3714735,244.45319548181223
id3672565,288.1119939020408
id3502452,283.0350067633238
id0652752,483.75086537254253
id2366685,375.62333215783053
id1253331,343.33798016487117
id2068509,178.88537987424576
id1390500,232.95176557558997
id1356460,245.99582846316287
id3904659,229.18577537060003
id3677232,253.05440915063676
id2908808,306.89022479331936
id1762783,526.5006963355607
id0421899,184.10844990494166
id3621684,259.991042610251
id1644940,267.4221721871059
id0942928,136.77797081288185
id3034259,211.08305441118412
id2560947,282.61593069297373
id2895816,283.60095323955625
id2228460,250.1789474120963
id0104258,286.1436820094552
id0377390,223.34655312993232
id3927636,348.5070229413485
id1078626,207.70944986934478
id0930400,245.6129953948453
id2165554,272.65726751530593
id3483152,248.67089829679293
id0174740,272.2599443279419
id0950346,419.93809738955576
id3465321,284.0956455721418
id0323441,247.140302327098
id1359854,207.2365324476225
id0623389,383.8941140259673
id1060227,212.3067308736896
id3030133,363.22236944611296
id3110849,363.98052999588333
id1648957,230.72829495480843
id2697700,371.24181203336343
id2649823,201.96437955519198
id0463577,302.46424303952705
id0109804,217.57774087968738
id1934584,308.3382450196547
id3876997,191.6052644805601
id0570526,303.48625079770176
id3836512,337.9980666583705
id2092561,184.39219281668076
id0009358,189.16357402397378
id3872296,252.29100928242417
id0589261,393.05837122863426
id2356346,379.9325156617794
id3782130,240.20179784906526
id3565558,258.3935936705836
id1568426,535.618484275833
id2979487,229.81770390158331
id1381043,252.2843269905731
id2548577,393.50027094535125
id0838327,278.4992092314268
id2860538,188.05109995885843
id3363079,243.79700840674315
id2057934,309.8304308243565
id1873068,290.9664972185389
id0589547,213.65441938981752
id0138201,168.34914583231466
id2074674,223.78222827586075
id1460765,164.89632809857952
id0508583,247.32564124968084
id2271257,277.17536312930173
id3105841,264.6724351660538
id0845759,244.60276786754608
id1656489,399.3140173531628
id3429348,186.27412601094895
id2245473,269.2557581074671
id0583715,214.91618713192165
id1089682,290.87984519005306
id1816297,301.86598679879563
id1854661,202.811371091668
id2199208,346.4794644565776
id2959217,232.7919043967635
id3558397,305.98936602677753
id3978110,201.3015660053191
id0519385,353.06160546243876
id2575991,197.9057987457864
id2497190,152.82418566043688
id0486798,186.3450293003715
id3627607,274.6417860622702
id1537582,350.6149725577447
id0875114,168.0035358119444
id1896795,316.3352643035383
id3044578,175.9289785344329
id1319643,209.58852811039893
id1411926,313.5954292921482
id0407776,211.23842339970062
id2921546,449.4430470090185
id0098309,207.77212534682005
id3984609,243.07685545315007
id0708264,177.53928898659393
id3483331,242.7227360803232
id0569923,190.02634125920542
id1921705,263.0442298872279
id2814567,302.2849080883035
id0992839,286.61391117128636
id2047739,229.4694930056341
id0173618,220.2792528538583
id2169111,248.97631225357438
id3561428,179.55048250319135
id2660003,146.2231621079458
id0197197,302.1176661671497
id0713181,221.4209422905203
id1069917,27.227724380063176
id2958514,321.1345726109001
id1381640,208.18065221813836
id2734551,233.53491498820514
id3813291,308.5256047228987
id2536791,304.63377625308914
id3099239,257.53766605092625
id0430634,267.59442791452074
id2795291,230.0866707920794
id2074434,252.0237745577453
id0054559,360.40152807201514
id1935928,173.95030672184336
id3648190,197.47613747355922
id0180429,295.8974113666355
id2506082,235.2381113383236
id3749597,295.688702622464
id1006185,259.8885468978759
id2473284,271.95118489418365
id0693760,512.7753614466437
id0341967,274.314898776882
id0534039,261.75215000606687
id1280441,403.2017324725123
id3490522,212.75841249966894
id1290362,378.67550315478746
id3828365,398.878760874613
id0332192,223.62173652947388
id1265776,181.8979256252253
id2422559,232.79835510213505
id1177475,249.93088099763273
id0014947,209.0197016011462
id1241218,345.07208734298587
id1309016,342.736670978391
id3563546,280.5652610121822
id3664600,297.8619337773394
id1217229,163.31910439977696
id3330307,144.32433504117935
id0912000,269.72417399461574
id2650172,251.7890267370809
id2590486,275.93731295653873
id3119055,251.729714505783
id3289718,203.2742543095193
id3052135,433.7294094209497
id0228398,204.48136153235092
id1599812,327.85026158448903
id1709487,192.3915209378442
id0529160,262.6338117337104
id0785110,356.0188542744672
id0762587,227.1387613429057
id2327082,212.25061924843337
id0716366,323.67175190267966
id3614366,209.54207784195955
id3839635,195.90855985126137
id3130900,237.17986787021766
id2812306,184.33956759615546
id0599871,276.3231728377274
id0172297,141.48491566457884
id3106139,298.3259465421394
id3666574,352.70412740252596
id2487429,191.6926469343066
id2569670,216.87797917931718
id3761483,260.0746580604548
id0692571,321.7879682418538
id3428616,29.425594043160437
id0739264,271.03833052344504
id1463484,140.8109552906529
id0943757,198.39761984861346
id2902630,343.1906926810344
id2305732,280.8691378750966
id2558772,313.67025450546515
id2244596,249.4205442798721
id3541459,340.1534782697821
id1973089,218.63542353706774
id3249047,298.49107425250037
id2798805,216.26681233887507
id1146454,355.5156315027836
id3069177,241.97838115481272
id0866258,233.2098098062446
id3588549,173.9923605439476
id3028456,312.7322913771105
id3288829,425.46581775539187
id0178194,271.22878573249585
id3668774,349.8933633271684
id3395263,203.9782594698264
id3335197,159.520749110169
id1043036,207.48192948677172
id1350850,135.19015671400228
id0889033,283.687746381636
id1686151,173.4848762298448
id2448515,208.796780210666
id3535866,333.03331717233584
id0842419,275.1536628275664
id2553823,327.9692029205967
id0642017,299.86162485973006
id0118647,248.63464705444548
id3486506,307.44174617260666
id2905270,237.9667675250902
id3001694,261.14672338028674
id3115531,187.2734230289821
id0912559,207.3326331186794
id3066375,366.1751716712821
id1038456,230.998469776384
id2609891,259.9036613415856
id3916329,216.62628778014863
id0639260,236.5107295764512
id1247009,392.2812697553114
id1622224,183.1063075440054
id0606637,319.91031016952616
id0793610,382.1349759521881
id0575217,257.29073281540735
id0770932,252.97183492497737
id0971497,249.26751445516604
id2455347,167.89797545483253
id0995406,314.53056661174566
id2532176,221.0008174057227
id3071272,306.6340214593011
id0356595,350.76619471040124
id3518883,411.5280101101498
id0956290,294.15727057384686
id1014793,260.66973715363685
id2409382,256.5954751587048
id0688210,243.8622536586074
id2278956,227.58384158252153
id1476316,318.86839475453473
id0605169,271.6008816353255
id3444747,223.24018640533777
id0734620,257.3562530297914
id1790323,216.01196801937343
id1761059,283.86140163108104
id3017357,316.5238897640504
id1941016,216.91525765581937
id0738507,256.79631718031897
id3911990,419.8744647809745
id2630378,312.011759918827
id2488995,178.33997131620794
id2988915,391.7237688696271
id1065615,270.38766749351305
id3709082,148.55831534555514
id1682724,283.74015130970406
id1467204,273.55556539974594
id2370550,239.8958314910639
id0114700,424.7233760669619
id0912871,456.92909481122854
id1396911,390.57379622961537
id2212517,386.55805207374345
id0527387,343.9092858999556
id2345436,295.46313496881214
id2068363,153.57439086328563
id1184963,258.79197222866173
id1324832,273.7416482723038
id3481598,274.168470467428
id1563522,213.75769697759958
id1602877,215.8561068804175
id1934694,408.17766935134665
id0718876,360.75987650787704
id3952843,354.5562417679227
id2344125,334.76255260971544
id2985116,244.20961231530939
id2896711,375.75208710037026
id0257804,339.0684555618773
id3828139,282.7897057454262
id3198732,144.54305494140593
id2147468,272.1167256864597
id0378075,460.9209213471193
id1537228,287.1391654039615
id3854936,268.5457711855291
id1192149,305.6091943303818
id1171106,253.47324739794368
id2090814,83.79278176145235
id3382068,338.436095985079
id0726578,486.40862681475807
id0121342,266.4512696067581
id0193013,267.0689068383515
id0457169,194.01241706415584
id2186633,241.2164268308156
id1389052,314.01610826293023
id0867665,291.94870179471815
id2152955,241.03786959255217
id1144900,289.45379183889975
id3276606,267.3510923587139
id0357055,291.9782430143876
id0949931,291.3135494688059
id2500692,215.1885673478247
id1114964,425.28778975592263
id1435427,547.59025571485
id2854852,194.38942822058567
id3464646,230.93504424420098
id0425105,364.2068510219595
id0786822,416.93351615965236
id3281302,286.06699997505626
id0502249,200.11963457493027
id2465355,219.17600308837518
id2975610,268.60384101451154
id1612656,232.86830379682803
id1210973,217.18387350720383
id0070337,332.6361570825181
id1322244,243.30104086786355
id2140152,325.3939767746895
id0057071,234.93453021239648
id2283681,282.0669896476979
id0981214,269.8559410777576
id3461917,255.22338003322926
id0387477,243.346185685305
id0873102,355.7194688344589
id3460086,255.1458946421114
id0691292,387.0124188489907
id2277347,355.1900579436265
id2651260,332.62945567256986
id2778719,268.77159698380535
id0540066,392.33164702143193
id2256909,436.79621909056044
id2793127,278.7869792702871
id3445749,559.0790520988133
id0058777,310.9869220270655
id2804671,286.0825623354218
id2584790,228.9684670454577
id0950210,243.47527631404154
id1729841,279.507625106525
id2697109,442.8188224782243
id0220429,321.28181722857335
id3073668,340.7264909287326
id1105421,258.04181019167646
id2419251,353.00469250295333
id3203545,477.33714127230286
id1240503,209.08950682802754
id3981674,206.52883282868967
id3742504,250.7703273854743
id0007067,317.9149495258644
id3443344,311.55269181017195
id2127907,297.3093553254968
id0893066,278.67802497133846
id1203752,238.0337252013316
id0802218,218.94004610879009
id0189496,231.97860899461986
id2915817,454.64782772836395
id1527653,219.30822266432344
id2556661,354.3209786015283
id2152239,227.16669107839945
id1902480,244.93048448212664
id3358011,403.57240468824165
id0043238,201.73642393452806
id1826835,456.29591051679165
id0482135,258.6481867880468
id3745924,283.5700960339101
id2989705,248.6161607506694
id3883998,222.53297925491134
id3382050,207.30362616309907
id3194254,272.82598547881975
id1496141,252.33517938371884
id1830329,273.97714441723366
id0683283,196.14647414691487
id1343334,284.7456137617574
id0269175,185.22439814570333
id2707815,383.1018824395201
id1800626,298.4013388542074
id1905697,167.14491790080373
id0253213,293.9059855426755
id2658164,311.89126898645645
id1560267,247.26238235597677
id0507376,298.5377329752579
id1059412,314.1485529099922
id2366820,497.86877653401604
id2920832,251.89561291337745
id2163816,283.3722057344048
id1126018,255.7485678564422
id2094401,278.8043249120623
id2960479,321.1703754826669
id2469727,486.6225617709491
id0322960,350.99122047564657
id1294283,237.85707104732637
id2915327,397.63599233445103
id0567221,272.61573111065405
id3342290,323.2769060307231
id2548779,176.74865686958097
id2306610,350.2837957410659
id3181108,238.87576519842185
id2589627,117.944701334157
id3739702,209.1939936327724
id1333647,530.0017332997147
id3453486,272.920156713606
id3686400,239.1577752642362
id0799112,354.7807579652219
id2825298,258.9238263163737
id3431272,222.567853216833
id3620079,213.5312249289167
id3161308,363.1592432956354
id0286706,317.9874475079007
id3591357,168.8699365800639
id3998777,312.49806038901005
id2051925,400.80395790035766
id2996520,214.69539186863454
id2504044,223.1058392058962
id0650337,373.7680096272963
id2781373,227.51268442818065
id2514591,376.74855088065954
id0614163,447.7409647623548
id2459871,281.1201073945712
id1221047,245.6794756070715
id2210468,259.1082936812251
id2689744,367.20696254453924
id3836816,236.54767216515097
id1163004,245.53298496988114
id1782730,429.31763736175236
id0600302,299.44283864864025
id2729273,218.5771539103514
id3647800,346.08196050459344
id0381129,280.3054224901032
id1109160,281.1058221858163
id2456100,331.1131494062559
id1791575,218.34009880197024
id2284227,207.86595537775167
id2977598,314.8068785213048
id0175944,263.76427352711136
id0026183,249.89606024555727
id1234776,176.0586357407451
id0811871,298.0891491628468
id2774179,370.84870123562007
id1533608,300.0434217410015
id0517179,304.22776401054944
id0487311,461.64478114367495
id2087219,274.6826575250978
id2614708,304.5302883385476
id0272656,257.71350870131323
id3943985,296.63621709151363
id3818336,246.97851446948562
id0086932,212.5259836721402
id0895628,270.8181070292457
id1983233,225.42393962325053
id2683408,463.32828201884087
id0458315,239.83900968907074
id1496517,352.9309495310767
id0002627,260.4848354348609
id3675931,256.12031889565054
id2992245,313.34088571196236
id0089755,259.2489519391286
id0063807,267.93369428156086
id0112920,340.34447024752734
id2034924,272.8403777345827
id1451139,356.1037883963264
id0973040,432.85691034876163
id1558123,376.19335077572964
id1714682,361.780465720498
id0100409,209.97659902165285
id1301005,285.11808867546154
id2068436,335.6569123901332
id1051028,413.29897036731006
id3220411,307.92903990809276
id0985332,241.86924309087712
id1932598,186.92593614676412
id3251250,300.55853255334347
id2268329,302.07628674512785
id3955075,221.62842035377335
id1095009,209.24845007620394
id1491589,203.36255535227357
id1064628,250.07500202491642
id3996579,416.32875065650245
id2575953,361.4793321149055
id1397205,299.4924843414638
id2298085,418.8807629413021
id1190657,273.96593819066175
id2106362,269.16112001991127
id1176924,238.36999101006205
id1218700,219.26646095186916
id1759244,249.08078325784612
id0858601,293.24183470156675
id1899696,203.88078358455735
id0526378,199.0959373056302
id3664298,358.9834007474671
id1138155,233.7637508100322
id3023080,202.75004399845676
id2040442,267.3536432204142
id0340828,265.65995913567184
id0249508,258.19283342857824
id0392661,358.5527447217505
id2272337,316.3457832043996
id3930541,223.01939752188156
id0474315,319.2143599131106
id0515277,271.31586304453356
id3211490,301.29950043433445
id0659757,157.81002901277193
id1171901,205.96626726656518
id2874842,326.11573216128016
id3543461,267.8072658004854
id1437062,309.3346178884743
id3705991,240.96192999748234
id3861560,286.48973264141745
id0587126,325.73287805279983
id0338609,196.46465928051703
id1617982,357.53817671073864
id2174770,347.2077999797105
id2310547,221.1454606339834
id1890410,301.5990994788287
id2773521,209.29473573268052
id2298827,233.3265387364115
id3643381,349.9135561098733
id2496690,421.2139410409853
id2606674,263.20225281234616
id0351200,279.20070491155167
id1378237,386.16330398805115
id2100861,231.0960894445745
id3501171,233.38268568858413
id3566702,317.2511932839559
id3597195,291.1249138638125
id1236920,382.29731666375733
id1704415,314.79279612455315
id3336948,172.71496495785672
id3214410,386.47682819958044
id2567903,225.21951826216448
id3967464,462.84532033917566
id3453062,373.794975392259
id2340972,231.2042583916262
id2102397,316.43148445218475
id1330713,285.4998189718523
id3373647,204.67992750297617
id2757936,293.08191670743895
id1160227,211.24036590153185
id0128995,297.48117030052055
id2779673,184.19025556388712
id2109520,378.07624206879257
id1203148,305.55467903862103
id2083059,340.02314071267597
id2405179,370.98317722064047
id2771042,347.2027097510386
id0855609,247.67700286605606
id2398899,344.70376757447247
id2582302,353.92841924132557
id2103699,348.38197881944143
id3091179,372.93889088495183
id3346091,276.267562903961
id3478679,521.3995304214458
id3449969,309.73299090656747
id2431441,170.04251316592226
id2513220,202.3582415401931
id2292954,183.4387318989634
id3247094,295.63374376683566
id0624711,324.45651109496015
id3015279,487.22239553572933
id3953400,298.9241973846294
id3856473,402.0173616645965
id2049940,274.9304879952587
id1006105,241.66860571954675
id3372188,211.51541382838562
id0153459,289.1326940858569
id0918775,323.3736478618149
id1722349,274.2657345718205
id3087676,290.60299369408216
id3577088,422.25178405060825
id2108896,259.757351988068
id0282686,190.85949204794088
id0087372,348.046415374965
id1255825,190.06149693750194
id3360274,231.93236965953525
id0648871,290.5443311952288
id2007485,438.9671138789526
id0566439,224.63181920659855
id1236540,194.26140967997873
id2677528,279.67983168534755
id1559922,299.5719952709141
id2392107,221.57989630951087
id3333708,231.5932304931612
id0625388,337.13793485563366
id1303152,297.6804618304065
id1635759,246.65778920415204
id2038666,357.4349086251153
id1535327,442.5843423556724
id1532907,337.4842244840464
id0790293,278.37695900961273
id2126756,174.7427891072932
id0112466,377.00871851085566
id3533391,338.23108557817216
id1229955,175.14220103162668
id1081519,240.06480223343823
id3429410,163.76733739172138
id0365491,296.5035288358207
id2790309,324.99967222311284
id3358787,248.60655462754528
id1256885,281.9871870051766
id1801375,237.6845626022247
id1070474,314.49501209172183
id0351474,212.66182317922215
id1494710,441.5186580849125
id0275399,291.41238585802347
id0833619,352.1640376676686
id1171074,208.0236528356109
id1048761,518.0320520339939
id2498093,171.0479060193804
id1181722,334.47235738613784
id3347309,262.6211822248041
id1420538,406.24402801551184
id2031432,246.15441955546666
id1836092,233.36837087383722
id2845901,514.51367055274
id3370430,534.3898895161734
id1730943,280.39186575599297
id3045690,300.6573283845127
id1271877,293.5962697199832
id0046521,317.7880968500023
id1654189,309.72168791323486
id1736339,196.45179671329763
id3436765,336.8645861811827
id2572469,286.75107638683767
id2425344,399.8682972358109
id3664472,245.78901608214642
id0191927,246.99346441048917
id2884890,253.10012161922424
id1297224,231.1870726973509
id2071174,413.9437775349453
id0494478,158.7586905251373
id0318675,369.4510717243922
id3858698,269.5223155243003
id2929329,345.5147319509226
id1481156,337.2092562424755
id1466687,352.76990003475134
id3773276,413.2603360524705
id3415187,188.13806242774496
id3433181,272.4581142922676
id1155718,216.82798184904928
id0956101,79.8125182488816
id0165228,212.4681271558998
id2456455,241.47201135054158
id2588811,229.9363884342431
id1843147,318.4911599132208
id0969636,347.355612860321
id2484867,237.87456364668515
id1010646,336.8858612450957
id1259039,294.8952887439389
id1869798,47.83370380146125
id0023398,348.7655180214055
id3759519,187.52261584634988
id3024555,197.51175848554
id1902924,330.30787680252286
id3342376,289.43957142032923
id2686501,357.91696942716237
id2436916,319.3785393529587
id3507932,227.6154269701527
id3724074,274.8633262954345
id1106657,400.1722615091561
id2781044,469.95463166320934
id2563059,291.3703182899873
id0206229,189.82655907543642
id1695974,405.0353797734934
id2000701,255.14923992129133
id2757872,308.4503663222629
id0456901,237.56054952580817
id0096456,89.74988192209481
id3803229,326.09995137075214
id2257667,261.5169338374258
id0521579,366.34491707112045
id3609954,172.2517678468159
id3370331,348.85369179435315
id3740398,295.0961830320249
id2133979,233.42165130521357
id3898588,310.3037606034585
id2402181,510.22891474578
id1671790,290.95588556719287
id0464813,310.1370418864537
id1919903,302.8039495562884
id1611841,275.54174218842564
id3323561,323.0008441804722
id1695969,206.02971741083115
id2761751,209.11751959374712
id0727955,275.82539512409295
id0604241,337.001816346401
id1338585,506.0675125685557
id2411603,218.0198376924066
id2403803,236.45286258133817
id3373715,212.04171768994414
id0880995,387.7396186265886
id3022840,236.49535499669412
id1303198,397.79656369605215
id1193146,250.19126879589476
id0242302,271.91821351832294
id1794462,262.45117958598513
id0116739,228.99592408433764
id3977647,377.2514830354334
id1068450,248.5581159179017
id1074879,246.86664919848712
id1426291,245.79546135211535
id2609837,249.7029762076121
id1959100,317.94994058312426
id2586257,373.1705732507748
id1983025,301.61389926061287
id0472699,343.00524592235763
id3913094,296.01921037705694
id0613057,385.34055509240886
id2593621,250.58349317228178
id3336756,301.6579562683983
id2592055,407.1624078045778
id2178478,357.33555711654583
id2337432,323.97381667887316
id0477373,287.8660042567391
id3556888,301.88945393228596
id0527668,278.5881776121953
id2686607,206.94452898718697
id0390162,387.44830938510194
id0986403,353.15563714907046
id0930316,157.46206938167796
id3016382,259.7610418628505
id2295534,504.7798789289131
id1760791,294.0603515971058
id1574704,377.97430415322896
id1518848,356.5957648787859
id2788415,303.52704229927195
id2649967,172.18960499823365
id1244337,194.29956350744095
id2920613,331.97643513619937
id0326781,274.7626006172508
id0665795,310.3628509211677
id2305774,297.72218426932255
id1152613,204.72747464655052
id1507758,144.29981731236506
id1068181,292.7426601700804
id2885663,195.06865183272456
id2882289,217.39442244225
id0865980,145.30136018705056
id3358514,220.84046681781126
id2602081,303.8824818982715
id1914220,220.32531362916686
id2794347,203.93345226435028
id3774297,336.79592335869313
id3242485,216.58923589819443
id0716018,248.7222477113857
id2595249,236.0406509836759
id0079818,245.18888104307538
id2252238,157.55550709411725
id1515680,290.9435743302874
id0278982,509.78972571510997
id0038078,438.47378050854195
id2718638,259.68023397522563
id0316239,262.96783521050713
id0970622,284.8813537068814
id3356612,377.48687860230154
id0173747,279.67691093141065
id3417235,339.5083560026991
id0789485,422.6121718289135
id1351461,307.121115516896
id1630349,343.15771164381766
id3518953,382.57243704231723
id3015083,273.33681495793394
id3024888,279.0423543060489
id1550179,230.84379457487532
id2782177,337.8067347721031
id1325998,320.4598995697179
id0451813,361.44150396607745
id2100329,362.53111729779107
id0925242,269.16599487513486
id2008020,220.26085201088765
id2594990,260.6811350270229
id0093066,177.60867694654536
id3584152,270.9426534975892
id2807730,405.70850989700784
id1654375,302.4739266005544
id2611298,244.31515464726962
id2389155,315.949620292133
id2081720,195.43471636658595
id1933393,257.8107147609649
id0558834,468.7378391766305
id0801067,288.0071321415977
id3217543,237.59392403658552
id2628405,268.9318761787352
id3084752,182.60515400260792
id3519525,380.5434708134089
id3114527,219.65665137215467
id3596855,367.54044601786137
id0750226,288.02150230850555
id2851867,435.0543323972636
id0695575,279.0480905192006
id3249074,285.7699415232053
id3821165,185.04174068373112
id1140567,205.19585057647905
id2888666,302.65965349526743
id3174037,247.17306558771966
id3685541,259.1007970270747
id2019006,211.00769850561196
id1350721,407.451595273522
id0893197,468.3313064207713
id1286895,304.09116260177655
id2079356,349.3627274393764
id0990842,199.50613286679058
id3693825,186.89483250122368
id3076456,224.02882789545492
id2395682,483.5886623644184
id1780334,346.2761722269801
id3155989,307.3934935311729
id1028068,311.6775624933745
id0847020,373.15014346559974
id0849446,479.333470009268
id1625948,208.37448220869422
id3635367,332.73726852957594
id1243572,489.53394652729685
id2401311,294.25089988490276
id2165065,258.8406052555361
id0312328,291.9179203869845
id1302158,263.9518283483509
id3581128,177.91802389936274
id2450970,261.64810779588396
id1496458,245.39511398316978
id2391520,318.36561231862595
id2328550,435.71804277583175
id0546550,234.66542223411312
id3037098,397.7191768743464
id0117471,640.8357249939094
id2345911,291.65593793769517
id0099002,388.49656018330586
id1508352,317.1039311587729
id3682281,365.94072811507027
id3830158,371.65963364610536
id1588507,474.21004260222907
id2683909,280.56504718248505
id0083607,228.51507158662398
id2928495,227.3417064722741
id0356757,164.2874322557614
id1900677,322.24965386469194
id2814993,312.6520533032404
id0318854,290.6343671353251
id2777796,242.97587324216448
id1078873,362.64346909873007
id1430901,361.21340355554787
id1790432,287.0281449689621
id2160369,495.74681916224404
id1802183,246.30399804868154
id0729350,321.24815912907246
id0341669,531.8768404219326
id1251304,295.44771018310587
id3311344,307.0488549103414
id2458056,235.05668205667888
id3077073,406.30779822064085
id0383881,302.9036363207408
id0356277,238.45914625407121
id0236260,328.4856912599499
id1798806,210.51374776287017
id1051674,309.8565552078629
id0387957,232.61579602173617
id1299816,233.8264369160657
id2963205,346.3471532419327
id0137760,402.9407726113868
id1527417,473.3782325357296
id2584885,420.3110657475389
id3540131,295.7879500731356
id3615290,257.62965548610686
id3088148,193.4856440480485
id1841773,347.17257253643163
id3607722,346.90967720665765
id2061425,249.06498110668963
id1831317,213.94610701223806
id1448934,301.1833359983158
id0787558,254.48734750801526
id3243691,355.8443703384204
id3778906,366.5738443995262
id0691939,275.05818004564406
id2633397,299.778542294036
id2656822,308.3075261840378
id3550092,495.2788704052952
id0980520,333.1316013299606
id3962861,195.31182755783897
id0480793,309.02054315706454
id3071665,238.17787730435896
id1042137,231.88841523442466
id2034733,321.50793371309237
id0280259,340.73484742460096
id1713911,318.979245680787
id3232370,354.99819869892997
id0499734,290.5205591312606
id1777967,366.47727320053275
id0173713,350.6019238689676
id3540245,267.6825100556467
id1086694,321.75597285105516
id3910600,319.9391219133463
id3579176,203.2232175266999
id2659438,325.0976334342731
id0240015,306.8302861585085
id2810077,384.2822529154253
id0039740,370.0348313857874
id2276971,362.8485126928762
id2097453,322.69972898031733
id2352190,191.82995438382213
id0875581,208.0841385821695
id0212354,294.11406037217864
id0630425,442.7470502165119
id1306325,337.62900358079486
id0396337,251.85109266439372
id2961940,266.2055587130296
id1543324,307.31288591625906
id3267344,295.2410083795922
id1381366,258.3518561787813
id0396568,280.81029771112594
id1118386,207.95837468773337
id1082430,181.50010143438917
id2698307,273.5373839712584
id2548783,212.42410742048014
id3452652,343.19386858431477
id0289033,214.83681212351283
id0205448,328.958127692748
id0948200,228.50614675991633
id2070989,307.1499728609982
id2586652,174.2703505476324
id2404018,472.117028779048
id1023336,194.73658076542446
id2771405,292.74200212450603
id3301947,225.27330977386953
id3666990,259.33237557933813
id2996088,391.00247740683835
id2802525,371.8984848831893
id2006658,346.72766102060734
id2110805,250.44946782370698
id1536487,244.68127972032957
id0010080,430.7183178235606
id0943271,278.6319773093798
id0944256,268.0703163781411
id2052795,229.79938133829003
id3338669,417.8494655888931
id3643866,212.19561980095168
id1459947,410.44205801586617
id3629703,355.39340912650124
id2753507,345.7039167315835
id3699622,289.5245061395071
id1372970,398.3270777253217
id2141908,290.2715167199655
id2453876,310.1483674754684
id0129368,323.82248987170954
id1256527,359.75358918274725
id2709244,304.61803328264796
id3259308,537.8585830221908
id2162941,239.02685903784365
id3611731,250.97662754130653
id1462424,229.20481756292224
id1170153,390.36221512874585
id2169875,241.19436121835574
id1477102,333.2604490105263
id3874188,197.63875421664153
id0285083,379.5047563591567
id0000939,304.62486864399233
id1295797,179.00089670323692
id0481034,229.6967034750459
id3432017,149.8667109327468
id2663841,193.03597197900064
id3444475,197.01844096805306
id0992114,269.8615131877502
id3695430,328.54377077687525
id0028733,347.0377759124494
id1230155,363.8319270234532
id3239777,324.82676722792877
id1220564,277.929109211754
id3822224,239.24775265967406
id1724993,418.9934821426942
id1418506,390.2070772566855
id0941670,291.702337186624
id2363395,355.5323415573077
id1915924,167.93317760144464
id1946053,269.37742982850375
id0244862,246.97628713562614
id2253158,169.32438789915352
id3975381,291.4037205636067
id1874083,188.30585617991375
id0152219,206.484865604881
id2271630,140.73752825296467
id3962161,276.1130166128805
id2770701,341.2365148075705
id3549607,342.416388758483
id1117732,309.0859650412991
id0273249,230.9447636227153
id2941993,377.4637411329394
id2751057,289.58042327760205
id3335200,202.61492358931105
id1486457,198.4149887456552
id0949661,183.25902502951297
id0732778,215.92533441239328
id2245467,264.2101890229835
id2340365,454.2560546380108
id3197392,164.22961958738796
id0344975,251.16948710897245
id3541986,316.1084493956433
id3807759,413.30403394086295
id0068705,210.0653098577946
id2945312,187.39378629301075
id3024040,416.65212940603607
id3821529,449.70325318967656
id1946181,306.83070557015793
id0451371,309.8924124755944
id3751827,260.71199491511254
id2627619,302.38985454968673
id0978449,323.75632797346196
id1116113,391.48639458054413
id3851628,251.13103933398114
id0918944,320.5540165806943
id0655861,447.4894925454381
id1898834,241.4271912718866
id1974423,403.123883778949
id3616611,184.8684920127844
id3624626,496.0710909254268
id2912037,284.88965774346553
id3357540,170.21133971033726
id3731566,352.5370190850629
id3792550,368.32736367022585
id1564596,337.8824426770084
id3962825,235.66937614107184
id3933817,203.47222876841658
id0447446,257.88315505529386
id3393147,331.991835544789
id2896447,350.9469659811477
id2362028,288.5165334353401
id1734365,283.06962126654287
id1784693,211.64848470475852
id1022105,313.8555491543536
id3340530,253.46732981224366
id1300174,186.10096598535895
id0626061,258.7710769839096
id2362932,297.9405328160356
id2747358,329.0613029938546
id2605198,269.8169871446814
id2039795,234.8953434823568
id2321198,304.82414188706326
id0542263,347.70970232586643
id1338574,262.58981141603977
id0559584,235.5648291202473
id1169820,267.86466481678787
id3314968,369.0874441748617
id3764226,203.92466959997375
id0030431,434.49022181322584
id3402990,447.487416601332
id0624854,269.43452972558856
id3520974,399.8061205034885
id2588630,231.4217577692109
id1443201,329.8170996473573
id1197712,237.84238146240864
id1136818,209.63872921250945
id0828074,181.0999475838107
id3524968,426.8863542266466
id0941400,246.220952014705
id1230478,280.96095339267595
id0031357,296.2425906901066
id1706334,264.7506348041257
id3869324,359.02358691556356
id0653220,270.34305466865203
id2680534,411.99113435644216
id2455223,199.59317357359694
id3404009,269.5185155817188
id3183199,263.59987019522123
id0186541,549.1109472419889
id0065298,240.52077645168978
id3002878,449.3710658233136
id1988243,236.7400624199868
id0024634,314.4490568851847
id0535186,347.26881004336485
id0675522,306.4408266179488
id1840749,262.8540898787451
id3852269,236.08305508012236
id0122916,329.6972576861863
id0768758,293.75169970421416
id2712032,357.6143512528731
id1486312,180.5667068641209
id3594457,415.5125019245317
id0868684,332.9355041391013
id1553950,200.38355897694058
id2891589,321.80915068331143
id3763408,343.26543646845886
id1225020,259.9755889646408
id0793120,341.19677207792273
id1060600,243.17891414800064
id1263918,204.67189985779453
id1952890,273.62301663471067
id2146906,234.2855486381662
id0863283,398.2086936288056
id0705297,379.5116401786555
id2708187,246.62966638873667
id2850623,526.6891299073516
id1850728,284.8883791530994
id0774132,279.39918633844184
id1217361,290.4463861136778
id0957251,252.55339131124182
id3031973,217.0605895177281
id1142351,375.75532745616783
id3609738,390.63459428392144
id0767903,451.21074170432627
id3919586,256.69015518001765
id0518030,510.51896682355635
id3777030,210.38929417333406
id2598257,497.20702733350225
id3726822,301.4560672320462
id0436591,291.8407868345224
id0404406,306.23866573285983
id1875054,381.88445782783526
id1523880,257.7412862388785
id2471317,295.5767220524567
id2693146,310.928420657242
id1421750,499.6433726377433
id1642063,369.8924118090082
id2713607,168.34477278594116
id2151956,228.531286724169
id2619790,342.68565129224345
id0229580,378.40417266553607
id0011001,274.87242718872255
id1709623,236.49768892367962
id1383484,366.45831684346246
id1045612,261.1008693911892
id1479028,204.25983894385223
id2582523,181.2494737512343
id2381394,465.6310415328686
id3873982,306.5251926106332
id1047903,166.4319386316685
id0236751,215.88377049911614
id3040338,418.1737669431297
id2084987,214.8175233585072
id1084947,223.71460696456944
id1461763,339.336723024122
id3730850,343.5408137324034
id0822976,232.39996930669002
id0890427,316.4523642861435
id2183495,420.398552649966
id1234336,363.675954431245
id2743302,236.89000414836133
id2080625,405.74918461776855
id3028180,311.9011184179645
id3934509,308.7130282956054
id1050444,242.11987853508262
id1805818,482.55542149872247
id0176168,278.2766501418839
id0419022,210.56015138847565
id1914564,544.1888617681881
id0758340,261.1796888446718
id0447016,163.5144573103386
id3295871,365.4099946976937
id1084627,370.6168176830208
id3763607,282.7310455552677
id1174393,316.42433394892197
id0285054,390.83980625388665
id0781055,332.2563515427489
id2458700,271.543078249636
id2020134,277.20003658571824
id0413607,247.9190126672819
id1014037,267.7915674690267
id2981638,338.40654874952565
id2092942,297.8980098872752
id0496905,36.775504578569176
id0608373,458.60081757894005
id0497796,527.4442229998775
id3858328,317.7216665173482
id3687341,221.30337520836048
id1766730,376.79122608383756
id2944137,348.14502571126184
id3481094,359.47303970805336
id0792095,293.87680424572403
id3716509,358.97409928383644
id0127354,301.82396686789025
id0155089,330.58436492696507
id1203062,239.04221400066874
id0313318,230.49992098567378
id1085223,502.7665684312731
id1983415,258.3760712846354
id0444180,307.0239191859672
id3968819,321.44274965042007
id1890128,414.5441361965582
id1327034,606.132566055362
id2419421,273.2350924862233
id2526973,203.79639186202536
id1986166,208.35396416902873
id1392099,299.43089721394307
id2790369,211.16272266918486
id3140749,225.64849704811056
id0195507,184.75441463179078
id2858240,337.7858437656539
id3545325,542.4679458164677
id3799589,378.7139998772526
id1814177,293.9264355406127
id0429621,333.0216618510528
id2937812,260.35522344963084
id3424870,413.40028668504834
id1390294,262.0055650966041
id1966192,313.90664633866373
id0351050,276.5816445254883
id0352936,222.9172656446134
id1448152,294.76699614581327
id1401975,353.3623729788612
id3410531,223.13864873014415
id3927407,328.70350341642364
id0097476,254.8020186074213
id2990663,246.945803791719
id3356870,336.9788193653318
id1894607,210.59571945850834
id2774237,358.449055665615
id1461988,321.3038814256094
id3256186,392.7044729778736
id0526121,493.9827906690233
id0267563,361.0171831226636
id0160918,296.3194922985542
id1977237,358.7623145376508
id1867110,376.5940122877027
id2320955,287.0709253059873
id0172705,315.08807142124635
id3645894,287.05488991933476
id1946424,271.501351227826
id3656964,390.73963079725434
id0526990,344.44181291574534
id2481425,431.73246950007996
id2650250,258.59536949922824
id3400143,194.89671141916708
id0510853,478.43910879870145
id3896470,234.97520665930497
id3723541,266.9698887972603
id3426623,436.076615038251
id1833059,258.7740018181423
id2624633,295.6997332978356
id0545019,300.63703090672027
id2740226,224.37271279356543
id3028663,243.12156702085701
id0735974,276.1167046583029
id2597537,186.89873698952064
id1728204,201.65702244908678
id2148410,278.43513731775624
id3647809,197.79455741115927
id3659467,264.0933663096258
id2023662,357.9801061320285
id2203098,215.1733895152315
id2044230,153.7516430832471
id3870787,142.57990884331664
id0081664,345.67703059079855
id3886608,434.03256219106277
id1872354,361.54943660511873
id0666761,262.55053800899105
id3323575,205.98514828802791
id1666564,458.05859736972235
id1015458,263.4423200855197
id2674371,383.8006823927922
id2946601,275.38210483853493
id3023809,198.66099238453575
id3454628,179.55589130642204
id2715338,344.01699029004766
id2584693,276.7206337022226
id0346836,289.294720455163
id0557093,260.05515242651734
id1905026,234.37894612696442
id0733689,361.19663487493597
id1932137,245.4422220201654
id3547568,301.61536287868216
id2003704,207.03765813431752
id3427279,332.46343244689547
id2618201,395.055485263184
id0743448,258.93023244581815
id3685050,262.15710549555007
id1855393,215.09528007750205
id1789580,204.04317616816815
id3937029,238.45694143710602
id2026138,384.36208364910686
id1878274,325.4212354716005
id1989528,459.85653377175356
id2599793,309.83023957558447
id0664098,266.9859193416877
id0446329,361.4067829103933
id1997688,453.7536285985393
id2342371,239.55367436253388
id3739737,436.4974920722377
id2649536,355.5440577827261
id0754562,289.63853283032535
id0868777,244.72229322249092
id1029113,184.34018997291582
id3109972,344.7293308032666
id1280696,407.31016261170066
id3380681,360.5306838741036
id3001858,290.8398184724838
id2285912,268.0504071269098
id3275968,293.99749873285793
id0397981,274.0451176021455
id2500083,304.77547012112683
id1275782,387.38650190610656
id3631482,329.022718199413
id1257710,311.71682217653984
id0054716,366.22108053989683
id2473053,197.12185287794858
id0724128,259.1720097093764
id2389644,307.31891167003783
id3526379,235.30382937578526
id0848046,303.0597811070134
id2436509,292.3798835464461
id1150763,71.24454534917977
id0852607,255.06566781029233
id0726263,258.1096375552853
id0024704,376.33634937884295
id3287206,295.71791837222804
id0231758,221.04283602132554
id2536185,433.65532225847505
id1564554,352.4478345451932
id1826156,285.1951050533314
id1510697,280.97432903810346
id2684552,448.7773611485773
id1541041,537.9034825444941
id0236850,362.3317484479597
id1548795,370.97432770440275
id2358565,293.3039764900666
id3381280,399.7705531574415
id2110168,351.6636685654278
id1002568,453.26531333886925
id2499078,193.0620781095525
id2908063,327.371452179067
id3859016,281.82914913572705
id0948062,354.80119994038324
id1699198,294.8211460758615
id3247639,44.49868473051043
id3887354,369.92585384069156
id0790797,316.49634616364347
id3147224,479.57906422299783
id2634706,359.7149279801921
id1855206,314.6761691495103
id1097058,385.67559621640453
id2247941,183.33622838050036
id0353022,205.8680093450144
id1516992,140.5058880612159
id2733680,292.56875001580477
id2913829,338.3489492931482
id2936353,329.7969835835321
id2855393,256.5676850033647
id0650055,202.83094601306632
id1533632,238.24074326588337
id0068282,277.3733317085198
id2868695,310.0247804311084
id1877547,371.3343785847675
id2350129,441.0897008869393
id0167371,379.5252746198566
id3134273,289.31187951952353
id0740677,170.89679005855234
id1776310,209.75543902701605
id3675635,237.50324377548822
id3780693,340.87613623742607
id1807383,255.52069027314377
id0361948,184.36080096332375
id2889474,220.2804032014964
id3264451,171.37608874129893
id0432963,263.1971253245955
id1656580,276.65743540835535
id1047385,250.69442634595046
id1032929,321.614355146028
id0250567,210.56333899263424
id3898826,309.98289778695556
id3433765,235.25917918804782
id0812958,176.01738868541685
id1150865,243.7089415188186
id1024843,391.6763244110435
id3456821,238.6681593737424
id0794755,329.06968481193115
id1173589,283.0372375793165
id2224749,430.1814156298567
id3480334,290.9709576501017
id3708329,442.05844036909366
id2187283,363.03360747163526
id2569643,262.38430473772326
id3878519,382.79810528326664
id2520204,410.92752388214154
id3996665,221.3949645292872
id2054251,299.9548635376185
id0998341,304.2101733749302
id0063249,197.54236307217352
id3343615,197.60629405097524
id1988721,294.8050483528667
id3181401,222.7852890851246
id0293885,389.87023781099657
id0230857,269.4785804984379
id3973316,375.4817997076959
id2686112,291.7078741141536
id2880418,209.7583035010103
id3351234,347.0917855529765
id0037230,419.73743424652605
id1219607,296.5090005562679
id1081875,149.98492447718144
id2001058,288.2089739415456
id0297453,295.91886967549027
id2181561,138.53932502918045
id1871026,371.46867139748434
id0484792,212.41546069573462
id1911960,341.7041026852006
id1951995,227.05795224305956
id1291032,257.64732234524934
id2173197,201.63395942586823
id2344817,212.8107434605187
id0701895,308.247950668381
id1898882,229.99545277079702
id3627655,142.2800185541873
id2104610,305.6307621107081
id2836326,232.38215042006473
id0227547,335.35653421821456
id0263027,385.3254398369398
id2568606,235.65869164259715
id0924678,406.30783591690465
id0161195,242.51862862887265
id3444065,271.0382983050356
id0391089,495.0142482815929
id0528575,281.94246377383195
id2567161,250.6883937158876
id0995456,290.0488038013836
id2234445,285.0927340374242
id0796035,512.7914023644192
id0183523,235.80055308660056
id1387297,123.84188158783373
id1082871,163.9264569399755
id0122351,240.407305841251
id2606278,162.4986003739227
id1468772,321.41194480399867
id0863902,394.08515694856214
id1314067,303.2310634564784
id3131444,358.23714008690956
id3302801,362.03605408625504
id1889610,353.5409357843562
id1565392,335.82299388519664
id3388619,255.38370222572865
id0249676,546.5739150808505
id2045545,262.03956313571103
id1353571,364.32558759570213
id2692820,248.3975592356689
id3962344,283.4992753445237
id1117243,278.9992885404693
id2473240,242.45792074039633
id3849535,254.92974481954727
id3865070,263.05653774301123
id0555114,292.4379638830511
id2934235,290.73593130011653
id3129705,258.90751098485396
id3414796,423.89294218748637
id1474981,386.4581902907183
id3354519,331.30382862351155
id1157539,352.4505277151218
id1927800,200.47065156334287
id2889762,352.60762712022563
id0496169,212.05884463806444
id1753368,242.14443510202318
id0247752,359.1400685686088
id3709890,309.28253849720323
id2626446,228.88101732318955
id2009218,236.91364414239285
id1520338,311.03073961465765
id2197159,236.62317082529165
id1308788,239.22202423648278
id2842042,250.34437881355603
id1442180,400.3692356050262
id3735950,236.5293306917534
id1228469,235.1689662842601
id1746392,361.0683384960973
id3993867,287.38871299600527
id1341312,232.77124394828886
id0693651,189.75639804496183
id0161340,193.58892070205607
id3543497,471.7192569586972
id1327660,268.98059799107904
id0427037,179.96759281045183
id1113088,404.2807507663867
id1238205,333.8079217636845
id1066904,268.5881650290252
id2411152,389.8046716362445
id2973860,227.80224814108314
id0910158,343.0423731008564
id1350182,296.37860663322914
id1913035,262.54364825214003
id2153999,307.68941138618595
id0097320,322.31499975817815
id2240479,331.323690767586
id3507711,311.5719065783278
id3252712,270.3006427480128
id2867624,184.0261759500006
id3395009,204.31861570013533
id0385303,243.5442214241834
id0552010,395.7821457608721
id2772720,177.59550161136508
id0400444,306.1896237447818
id1462984,31.018604111284887
id0999110,209.70108778142392
id3337442,213.7863924719697
id0429289,257.16522618476273
id0038218,245.92801161840774
id0147893,312.2331038289555
id2285072,213.05445453189884
id2282837,258.64229527682824
id0164285,305.8738216312232
id1452728,194.6555483530319
id1912579,297.5657173322849
id1887048,259.48746972251234
id2530457,289.73144978218323
id0097648,283.9491289094537
id0395222,380.34425169829154
id0817255,273.5942457499805
id2155065,249.8994839502541
id3455872,241.35094666561406
id0350366,273.3245451867761
id0610619,380.36380395040476
id3275502,357.47910836686515
id2163085,251.7128529218051
id3787698,223.31324190343133
id2532059,251.214464125668
id2980033,275.76856762158866
id3910473,597.9431985058064
id1150693,415.6212520496304
id2437574,371.2134730717936
id2603706,289.0629130060308
id2278489,282.4512427598345
id0446959,298.311131474392
id3525863,337.26110807439125
id2192675,358.5397824670145
id0501719,231.03841699899493
id0916417,348.78702559392156
id3454375,246.658963539843
id0572421,415.0858202788244
id0372543,244.74439705061587
id2300193,420.0645031040988
id0834078,181.95640401436208
id0281361,363.4703770247045
id3278258,226.1085152798078
id3930867,386.3500034227502
id0978287,388.94149376981187
id0735934,248.1255608413321
id3037719,382.8162081882044
id2441779,288.0147457231828
id3770855,395.7681054435022
id1109104,422.5326987010515
id1014480,596.3857693570442
id1827005,281.23530164805703
id0205648,350.49840398172256
id3460977,303.6196527169016
id2104161,324.7153557918321
id2608851,238.86611757892763
id3967592,357.16739625971906
id3588849,377.5637948645284
id2850521,289.32106323688765
id2911087,337.7795854495235
id2780914,444.931202014217
id0374393,315.1052106982825
id2969324,529.9994670879305
id0944766,590.4749367995731
id1364008,328.5696936614921
id1089957,302.39857936340456
id2620202,354.92213056626116
id3157750,340.75320523725225
id2846492,353.12980232649187
id0541916,354.0969670191322
id1402517,589.6037852506869
id0901322,431.61310404077176
id2022762,323.9212133760708
id2133045,297.3461473105056
id3972206,249.81244751707553
id3624073,221.43431937397656
id0636936,373.3280364512277
id0439299,366.1989481364588
id1487032,403.94957109443084
id0186886,273.69062618132574
id2168734,374.312656693501
id0211610,312.5274642607707
id1832094,243.91630424393287
id0793624,422.8547278532311
id2457511,438.79239823294427
id2187559,340.85841049658876
id2235077,263.76650233169676
id1463718,242.21009981074448
id3176712,369.6397912077729
id3916226,198.71855767823905
id1341925,383.7687676536868
id2745851,412.8417923931617
id1089984,226.01635848334783
id1043595,391.66737842658097
id1428432,364.3587857524803
id3677122,391.2837891261434
id2017621,271.4988542785566
id2947497,170.44310939376695
id0829256,246.91406182156075
id0527979,182.28365255229383
id2506830,320.1979054899438
id0865905,274.57147248026115
id2714530,284.66337370475026
id1350396,276.24739408796347
id3097474,392.40028138541027
id0331187,282.4262849748646
id2969048,226.37325098610125
id3654559,566.6718862691478
id3857485,219.99322698409574
id0638556,392.20271057540276
id2143112,277.69619065129217
id0588083,275.51276068449766
id2474650,288.59000427164045
id1896763,320.36112542537313
id1374255,381.1035621177443
id0656912,229.53689929448035
id0446756,369.94301598469076
id3940441,294.82017796421536
id2990491,400.94664506909095
id2226081,369.868935477216
id2229802,308.8184366637007
id2413074,300.39526692207323
id1924766,318.1583418721696
id3306273,405.8958224771451
id3053789,367.9113634769062
id3451716,262.5810538809037
id0956919,354.7946941952177
id0280262,447.13122517240055
id0886171,240.19269330563924
id0811615,213.0952579402855
id2589371,219.08585605136574
id0420096,235.21620177800344
id1334359,333.05890423719023
id0253092,482.7204451636046
id1036597,272.6867720044046
id1573689,419.0335469625742
id1504671,332.79023509070436
id0018918,262.5075138411531
id1135558,240.68833753725258
id1988047,500.1233431234307
id3634627,245.6296317966417
id2890372,359.4178144330974
id2762396,331.6628193331948
id2703602,417.52811040360166
id0079109,473.7634026570797
id3749675,201.4075187527331
id3791150,313.8281949841229
id0889753,435.6092659221362
id2849303,157.757020176724
id3746373,434.9024009632034
id2665552,210.62830146638265
id1782683,288.05607193346293
id1056506,416.53831808371257
id0451504,581.7063240777879
id1361530,292.23920765407433
id3160195,258.5724462812174
id3461152,333.30993419891723
id3169781,396.18062899489973
id3366439,243.53480138212424
id2325486,281.57964450593187
id3056901,221.04936664031936
id1734609,270.38160516281505
id0248162,267.20335457346584
id1758452,325.797167618981
id3570014,336.57204539105584
id3414615,320.50340696897206
id2104297,263.0879254751405
id1027502,365.3378941165664
id2391814,282.35623272704106
id3962453,197.58540055624573
id1581645,271.4516478975386
id3479912,350.05137967868535
id1069456,240.01009386076402
id1290608,440.15153638880986
id0380102,327.4623769525224
id0786394,482.27074265711394
id1916496,441.65328632884916
id2110895,318.23920411803647
id3106658,468.2024605676565
id3948984,270.5051453729527
id3777454,454.99454632303735
id1097178,377.89361612063965
id1176804,244.79374927928748
id3474218,342.55557224234025
id1708682,329.2046455219296
id3825418,239.72278194602922
id3804370,311.8155252584266
id1766039,285.78183923964315
id3461361,338.8885993055943
id2770962,672.0693838978355
id3880176,413.2447216805512
id2382343,281.16418895408555
id0653282,281.94247389125036
id3500550,273.1565473790478
id0629285,435.6672231246214
id2643326,291.18830443676245
id3869082,303.7053377235793
id1487448,269.540905455159
id0875322,290.3169979488391
id2889080,455.76234003754723
id1565906,211.01296411102845
id0206163,222.5211107338474
id0245263,278.1798697336315
id1076113,266.91343995892515
id2101687,228.24709554027464
id2838942,358.6757181692616
id3147263,210.46347754032485
id1321284,282.86804305863916
id2651468,375.7515936635027
id3678981,154.1468066291832
id3531523,373.5470118240095
id3654122,274.1683705812508
id1086783,345.0937374716467
id0150248,387.8163283780127
id0482797,256.86599006243205
id2783640,392.0149761297933
id3711215,372.06617606243714
id1267012,340.769250591869
id0259959,490.16522481914024
id0533800,250.9676704149909
id0334329,466.46458855401085
id1472619,507.15496893722485
id1143036,363.6970364687735
id1751546,392.6661990222598
id1615601,291.7699037400129
id0274681,366.6451100229152
id3824259,328.55601381452834
id1765134,580.5645306086118
id1789434,437.71423984849764
id0067178,342.8129134220617
id2461668,238.9067778267397
id3784614,308.69152034647607
id2899336,284.32035121918756
id2256231,198.3251555930012
id0606974,331.4161715390657
id1553650,290.658659956506
id1851516,411.89972236750185
id3979504,448.61679878699124
id3206199,174.28657815050985
id3946033,361.742481312712
id0179269,479.39663002874204
id3587414,264.7888930293622
id0068444,490.1548640022227
id2785972,457.9271662280755
id0024955,321.16739336153836
id1257418,461.13821152411225
id1943836,335.184467219314
id2539280,241.76179802289087
id3823294,110.29472909526791
id1537114,475.49556660220287
id0223549,293.37198755734295
id1109748,241.55970057382748
id2482067,438.72333448005026
id1993549,341.56529344295745
id1385240,433.11226592576554
id0597197,303.1443635598867
id3681893,385.64534817366757
id1225501,362.39673355706714
id2029128,394.189332116126
id1143709,457.60551385590236
id3297984,388.3083272335862
id1074192,356.12841247257165
id2858351,222.17534785555557
id1015325,484.62807846625367
id0744842,309.2699015705174
id1026802,439.33117909764536
id2181893,319.75731274768776
id0454530,275.56129128342513
id0731284,155.98637636073408
id2013376,400.9403102219381
id0896986,415.1441898583248
id2891612,301.4077494057953
id1876064,341.0487508400906
id2139023,351.42243133186537
id3447607,318.0917017665689
id2159267,445.2646945114038
id0070142,296.35389542629565
id0477592,419.8994964115309
id2092814,374.54610641095894
id2993715,288.7673687718005
id0913974,355.3772357132954
id3907639,353.33157329848154
id3045424,469.8612692994762
id0454893,319.55916246426256
id3428752,260.4447538862001
id0694491,358.0736263200157
id0429382,288.25361184958587
id0761248,506.90862598669065
id1704795,165.82789610609638
id1306766,464.35244267050155
id3667569,243.2433671999857
id0637539,326.0411634266938
id1892303,176.98627338723168
id0601419,187.60537293616204
id1693646,334.664567125562
id2067578,328.43329920930375
id2022619,428.28677532778653
id0465309,256.5939669581059
id0208098,386.3287077534757
id3535487,345.72954004237397
id0727373,332.3216492871122
id1443039,599.8787045992416
id3931055,254.93335741493246
id2654335,341.4064764315033
id1804424,328.0242541781627
id0713322,399.90664447960893
id2117261,370.72436177803195
id3379185,203.6613834382069
id1876211,396.28434150340365
id1948741,454.3790730613796
id2383861,306.7463553726776
id1541211,443.65324335481677
id0453443,643.0883533525574
id3847683,221.4377149980071
id3045899,313.6125736416763
id0723345,321.2037891121251
id1018647,361.6668731304266
id1839257,349.09768686696447
id3476350,639.8343262339721
id3044908,435.6515883002992
id0424655,397.61763123688615
id3465832,167.78748968700236
id3608017,282.14214150829855
id3247270,337.873403218002
id1579078,329.88895798184916
id3086508,167.02872495019673
id2091981,288.6474141359216
id0240352,308.5804340023727
id0617486,228.66386621243208
id1341095,301.4493560496442
id2911381,456.0119384013322
id0561441,289.94434384750105
id3551091,323.8802353724074
id2621266,358.7108421648767
id3577766,411.10938084683
id1922250,379.9048146497917
id2638475,279.44706760508967
id0551469,263.3133573509902
id3087489,426.8456599411119
id0444729,455.11496174793854
id1212305,270.1144382965297
id0482237,264.0114926963218
id2980734,375.3546839161416
id2431333,301.60028277434526
id2416169,276.7159239875438
id1916131,347.1090418810274
id1609370,305.8209465603175
id2242102,427.24319906157757
id0539331,294.46029634911827
id0889022,396.72424712806395
id2996036,301.4747023551648
id3856461,365.4602812776213
id2737198,308.2231223431577
id1956092,438.33688995084844
id1461038,249.0493830428486
id0345726,284.22408255802316
id1247315,294.51467088704453
id0862505,285.6326641609953
id1056608,250.2631913623693
id1041950,375.80439947949355
id0562230,220.3569786481518
id2312705,265.4400022410503
id2701137,319.5218664700761
id3477408,611.5694507737508
id3786193,447.18203271838036
id0581273,257.2527377335541
id0774349,287.0595130574999
id3354014,297.56251075538495
id1396523,453.6160185237211
id3851161,252.29985918081334
id1960302,208.33873437399694
id3561539,276.14527511013597
id0593052,285.0446974411114
id0408994,247.0191506961529
id2203576,345.11973537244376
id0434094,186.09052887178302
id3598321,366.4103775641422
id3926851,246.21973636739344
id3601573,225.8687692366026
id1313348,289.35469137120356
id1872413,351.2404663102852
id0149466,266.2832644489795
id1993034,241.68185938083062
id3456468,485.18880810300215
id1882812,379.68052752804994
id0292665,372.18313100850423
id1928806,297.5435752697655
id3033961,489.55695067765055
id1051609,418.1430496405955
id1171530,386.6055031089894
id0795496,351.60817172665844
id2320922,170.99665355353338
id0998106,370.92351514173
id2982612,696.3863681903363
id2173144,171.74728041688923
id1163780,423.11810664628354
id0590511,443.36612779013166
id2854544,238.5091540362835
id2190579,535.1054398741419
id3709102,428.5161784268902
id1144997,212.45526436892123
id1519626,918.6131491994669
id0302773,268.5438723787286
id3501943,594.1811212732267
id2257189,399.0526998497294
id0283328,232.20648415113214
id0712971,262.51678660472936
id0053571,473.1025874092134
id1663415,262.6525969650252
id2828560,344.55490719926735
id3215986,557.0718659867233
id2605893,357.85935759657565
id2637820,263.2182401252491
id0995713,338.2875085894687
id1779555,183.6139263851338
id1269797,366.54869031521207
id1536956,387.0845073642344
id2971683,323.5461993112622
id3577254,342.5103120852194
id0547664,518.7595274705653
id0307014,339.3776202287729
id2088460,427.1064977018531
id2998495,228.9557073151469
id0957779,241.53269988012798
id0195774,419.6399759511885
id2966701,429.6437032857043
id0209771,306.28506197226926
id2392379,269.42341671956723
id2545653,352.1632988909814
id1944291,334.77519150739505
id1209771,431.6178931445145
id1000776,408.55437501694627
id1568844,414.0117060809273
id3376285,353.1275211856192
id1439844,272.4655459431455
id1051557,437.95625807379577
id0592122,528.9611992551396
id1125160,316.9166466884871
id3750543,335.82400578365
id1406181,810.5389497328441
id3090134,330.72067047893887
id3666765,305.6396288631731
id2101944,432.7651110915285
id2059264,304.47243574175735
id1521880,578.7538367864264
id3046362,424.07413262185065
id0307370,254.91930592157158
id0226413,276.55169730262054
id1878885,278.9511661809278
id2971076,336.42938824001186
id1511416,477.58781756867035
id2550606,371.568627401327
id1291463,267.8961483717399
id0002747,267.7927910835209
id1373792,465.89602061226054
id2083551,244.02333789656154
id0914430,429.4954259323183
id2509261,276.2964572812053
id2962658,416.68516315993725
id0134975,388.2242036860675
id3822933,232.22181761071062
id2660985,359.3060699113336
id1061638,320.3142636629876
id3096985,552.4783326057263
id1299386,245.3570518711924
id0932483,274.0508127919929
id3235489,307.5648815175123
id0278289,302.38831203568367
id2354705,379.11555216716545
id3897837,320.55262526901424
id0598101,475.618285901209
id2590236,273.1152490863524
id3355242,225.66733586292483
id2274716,275.5671477154795
id2226524,337.4064860910236
id3230274,234.72212790805938
id0199502,315.6528108656267
id3295265,233.20671806017498
id0472343,257.0153401746146
id1242852,301.32135526479374
id2059752,250.34090241547005
id3170142,400.81828392890975
id0220208,405.67287865276853
id2535575,159.26738978411154
id3604426,267.8166904165346
id2901115,337.4720080215189
id1668154,210.52995630241358
id2241339,544.9430437336664
id2689051,250.24066769218564
id3312852,484.8235019311731
id0413936,218.76818773741806
id2057944,323.31199116750776
id1921483,268.15729414992404
id0420704,530.6406834874972
id3122380,951.0646381012856
id1347180,299.09658193342426
id2966998,402.8046395754335
id3657282,228.28510792316004
id2945615,377.03362766421543
id0204917,231.37142008228042
id2140520,270.5677168181292
id2997558,408.49161361054405
id0650462,192.9621925622402
id1764503,245.8669491563526
id0326713,276.01705903292225
id3760799,409.2963729214447
id2619803,271.5643252653258
id2590004,252.81095166948597
id2950051,304.7747402211657
id0518697,330.3387448875813
id1430691,229.50234933060312
id2995573,273.17848211613176
id3610208,264.8303892518531
id0931188,322.88687870424985
id2870547,228.23653918164376
id3521815,426.6775784720075
id2105375,535.1310620737555
id1832850,368.139056681598
id0084649,268.17838528257107
id2285650,275.6609813519355
id1263481,242.35139673228878
id2006337,365.8718325692192
id0037127,384.5823089140862
id2048120,500.4681205799622
id0754555,327.41592649736276
id0920397,220.27631576413435
id2191622,283.7389287871141
id1282886,397.63474873895433
id0351362,284.68022560167776
id3337288,250.53077339931787
id1607279,56.47937704153736
id1375671,216.9494510468969
id0770063,488.8060188840915
id1816240,356.6976814618955
id2461240,333.08255128576997
id3856770,356.0908056750279
id1979549,201.84707447846355
id3144078,502.337910198176
id1798592,459.4275159740924
id0806618,380.96866367409143
id2638319,300.76007069405193
id1196313,330.69133919205234
id0992282,256.7000829320536
id2852532,216.64475420178178
id0472436,402.88463922177795
id2218463,204.06319944500152
id3512569,255.9348995895462
id0437460,454.01791876647695
id1945218,370.9590832142181
id2832943,379.1670732510173
id0671187,234.6300031913462
id1714792,369.569202798773
id3196704,395.4798523742925
id2045300,242.79944847952655
id2318055,487.7701366365985
id3924211,245.25387179363977
id1769278,425.5536069636277
id3711039,410.1831902484989
id2329171,335.6948276531658
id1295904,326.2299276820346
id0680200,223.49164544909243
id3682961,203.27230393583642
id2597349,202.91067487235787
id1199504,216.00515834858703
id0115957,401.17521479480746
id2167604,421.6939423527657
id3584830,194.75858022366054
id1266500,284.4908902686104
id3953831,253.8123139743588
id0302190,321.29434596734995
id1334920,229.57444834205597
id1116753,180.92176302854622
id3905507,745.922161134781
id1703434,219.02193330623683
id1908237,240.05326605815964
id2566540,569.2820103065976
id0582943,294.44896573942276
id2226900,400.36771097019476
id3741908,431.3788703727078
id3308232,242.18330679307542
id0840253,295.4451616237044
id3656143,468.1081456055143
id2482604,182.15185326997914
id0508659,380.2153416987907
id3982107,414.63797944548475
id3386451,360.9937989726366
id2128079,171.56024596517028
id3150738,269.5652037530833
id2330172,407.14496156837055
id1660481,436.72968482862336
id0096130,213.2539487355145
id2464576,240.61024411495978
id2728150,204.06503592719812
id2300279,199.91930387600388
id3114904,412.3203624320577
id2802693,361.4562340018292
id0578599,311.3690853621305
id0930765,344.4674979295557
id0144503,322.37564099392836
id0711313,390.0508627352481
id0193024,245.1353848760596
id0235140,270.84890962232197
id1407667,369.990964494318
id1666607,505.2934345039158
id3797429,435.43073421852404
id2070440,318.6756051219255
id1804273,219.36239863638977
id1477216,298.9242756936257
id0867963,337.5855021410578
id0843605,184.78135112957875
id2424777,482.38909173281576
id2811540,616.5597897052875
id0230081,420.2895605987902
id3322029,472.47804036604174
id1523737,643.5388122363481
id0345267,415.90433034847536
id3090282,180.83843752603693
id3041809,398.6829306352865
id1162080,326.98464778598947
id2148460,305.50851148544643
id1188005,530.0771351113079
id1228473,210.90121290465825
id3995381,201.4616832676873
id1016336,304.25390807918666
id0302467,294.579428755583
id2695312,267.9277399364696
id2392668,272.7554542883363
id3335652,529.3207141668273
id1661548,276.0460113697892
id2760925,370.45835722072127
id1234970,252.21250487291542
id0111623,398.62512624266725
id1568893,278.29899919927635
id1837444,352.6445535110402
id2062715,263.14616652464133
id1689389,326.219014659551
id0102716,409.698921216092
id0949418,311.4333247088239
id2644849,453.08814618464044
id3930385,402.8272865888525
id1838957,231.99453001131647
id1332631,369.07451140487115
id3472930,283.6859072343162
id3397343,294.0081592802186
id2129155,383.07994048277715
id3968210,1171.551118526354
id2699411,230.23848312994193
id1798555,338.04888249408003
id2624901,300.3520418710032
id2332715,314.27353128563163
id2217127,266.17544241172016
id0058478,334.43139224655147
id0284375,280.02659991138614
id2214463,390.798384502513
id3278080,266.5939465124919
id1075340,411.86297408677893
id2787764,525.8466339515683
id2129952,356.7019720921495
id2349636,204.25237745856958
id1460946,413.49843930564447
id2751285,218.6908754129873
id0938939,207.81618820273656
id3577843,283.6239316505667
id0812495,348.93782171770795
id2930700,415.13232120109643
id3831064,268.82892379392655
id0628085,423.59828276982205
id1522767,306.57880772302696
id2384748,228.85163890390805
id1037087,456.48517186925494
id0398457,227.39679389829845
id0894154,221.69296267490765
id3031218,223.0945804073145
id1232800,159.98352866943588
id0945296,316.63156760322386
id2529950,312.26625219977063
id0886089,208.75721887205535
id0794021,342.6192102618979
id2646628,260.11268676521433
id0710696,212.6837113329098
id2453397,243.52196189867314
id3386425,373.3969406083303
id1163439,262.8718167257332
id1713277,384.87021480530865
id0682058,331.21567339228477
id3275140,301.46344192146626
id1378301,382.93500257177715
id1447410,217.41262132377756
id2386364,380.9827772999909
id1352246,306.9607536410138
id2405385,266.99930412149996
id3083078,518.4892043223397
id3556399,495.81159731199523
id1767106,306.5377845993134
id2908750,335.5971659291991
id0267792,386.5364157393668
id3770079,271.9818237889804
id2390834,393.6516475203185
id0479091,258.2563901254807
id2801488,463.0169137406072
id2712925,539.0682701132083
id1151034,403.58256035719666
id2628395,277.908290911967
id3794953,363.1962051042023
id0798059,307.8261450697558
id1202337,331.21499243142523
id2353826,270.76595034598296
id2987699,415.0978434345069
id1082197,414.87097536781437
id1216493,318.2548439510039
id2202560,350.70239547400035
id3212567,393.7270670283897
id3814393,182.2019223706921
id0659707,259.4685926665196
id0374478,241.2482923363664
id0364227,372.43531173766877
id0949484,345.8294554758134
id0735622,264.7882788792983
id0703488,356.57407923599055
id0065260,227.39964093098828
id2614164,378.33148112205214
id0905437,466.5074622900417
id2950599,556.1436249288168
id0422976,373.31826185962495
id3815251,467.6081695223377
id2628367,371.19352462108816
id2031766,443.1801614918278
id3698335,385.48601440440353
id0189386,499.31591051545024
id2106992,388.7112588936494
id3302648,564.3357497050832
id0470998,324.9224930485519
id3976770,323.06291690730416
id0536549,387.28063062582635
id3410800,376.42697676001245
id0362117,218.09387096367482
id1859047,210.58905459788033
id0023465,346.28349745677923
id1627752,355.7356262668113
id0039527,213.5761673041945
id2466418,486.77059075764726
id0688775,277.790872104635
id2748886,391.5153476526404
id1143620,433.31720804894223
id0899146,245.88596132757323
id3825245,237.56853142638724
id2437197,316.0415061448594
id3373719,413.6587906847003
id3394057,349.4370156446383
id3136466,259.7866849133651
id3789106,280.1179336868176
id0913980,238.3397377113391
id2291352,203.29492273105149
id1120438,374.5297207968051
id2214694,224.4786765421879
id3073590,215.66953012395243
id3342600,219.9091304355912
id0996944,425.42693886470175
id2311104,294.1079662172814
id0053052,300.7850790915947
id0004529,282.1216001223194
id0306340,280.1056358796419
id0995482,383.88992127923547
id1141731,355.9092745038872
id0486965,399.6950575223968
id0008237,236.77863473522225
id3750592,318.64274105808386
id0605269,474.3617218595409
id1119669,257.8819949986175
id2709449,295.63238558584794
id3596261,183.185737264899
id0137176,155.40995847301315
id0868206,270.6910917525865
id2345720,285.46824600156623
id0838093,333.06298395669387
id1562136,244.27032316010775
id2340212,390.4385550736138
id2212313,380.1035103649102
id1470531,413.1267970505905
id3518358,503.94020015437184
id3044090,232.27897122891926
id1830604,219.658088798498
id2686632,447.97913179081206
id0764066,235.30054968337672
id1215266,148.9608867953782
id2898361,187.68516623465928
id0950100,247.27402472822826
id2975828,301.60107129855083
id1626484,475.61951853337536
id3387440,518.0248863146456
id2183003,412.54440034941194
id3333182,311.2423449873038
id0050466,338.227812725154
id2638103,377.62774699593774
id2006159,199.06482055849514
id2896846,283.0102056495873
id1602174,693.4306429487507
id1821865,271.6395483255516
id1653905,245.6902195992477
id2863067,357.21189200536224
id2114582,546.3845068837021
id0948988,313.2003993482973
id0066496,277.33413406159264
id3234350,210.0247483624132
id2433887,315.8604796032783
id0576031,330.11665522471515
id0165608,245.7258914952883
id2493007,481.5352348589526
id1422866,357.713207492079
id0174222,167.31760287524784
id3159492,214.9609621526222
id1907059,54.38553147760396
id3532095,438.592858932693
id0893102,292.68009879578244
id3617908,350.93253463687273
id1286400,565.6801501633979
id3046207,394.99456962897585
id2204320,336.47221834209665
id2468463,452.32195135502536
id3699078,373.651292682803
id3412233,266.0553800033653
id3318489,516.789890230858
id0366537,390.83750881304536
id0303929,201.22159870660764
id0173956,483.5379362364253
id2701054,192.84101317950538
id0220839,352.24818863033266
id2117996,389.97569212891534
id3964461,437.44952672806454
id0627207,274.2103459412946
id3489125,207.4836890364812
id2710663,422.28320839833793
id3989106,143.1188033921139
id0558777,324.57519801231524
id3105027,422.3647121532119
id3967084,254.08441566120223
id0132874,337.60148312663375
id1757216,303.595183731614
id0047985,349.42074435750607
id3911861,340.579452941988
id0970197,247.20074519141593
id1793234,260.7357393816244
id2983281,248.90006959299657
id3138477,507.67005531805336
id0477418,323.1545195314199
id3370854,436.11994433730246
id2474484,338.9682231836591
id3310959,240.41648262681466
id1693284,283.383846135926
id3409154,221.9679264664999
id3505644,226.5109423201507
id2816564,304.73942072314753
id3748663,208.2417605110408
id1413274,235.90139006814002
id0578918,351.84493319574625
id1157805,308.8276023790314
id3854561,327.9368662794481
id3739088,412.06851350161503
id3968682,375.82462754506906
id3289207,415.3292251132904
id3568055,470.55922721501025
id3878849,263.63019173985623
id1753281,498.9417253663738
id2071416,304.03816237915345
id3352262,477.3902369159816
id3251868,220.69081738799818
id2930880,223.0202762394033
id2591006,211.6523033182198
id2188622,262.62928074793916
id1036664,439.7837898216873
id1319068,399.6660464071576
id3973080,255.88284747411205
id0558570,442.0929249737191
id1148363,718.6434221086512
id2630902,189.36934890093278
id2075974,320.39237528801243
id3895447,424.3194936436362
id2912295,396.6123951408145
id2232846,606.241400680058
id1328167,186.6265291583175
id0834826,404.0726277430003
id2087776,430.8402508889408
id1637175,440.5570474169822
id3952888,732.7224475866993
id3276530,243.40330676780954
id3178448,341.03154161503426
id1622062,370.8332116850386
id3757560,312.8524803019291
id3567284,250.20128390418841
id3625744,376.7504516481237
id1335713,295.9307460378345
id0947035,277.4757513917166
id0323217,406.378682704417
id2877406,237.81027342092952
id0848268,210.50239098234883
id0026152,327.7915776663045
id1286354,351.4128509909406
id0249023,227.73851851953378
id1965385,271.0855037619027
id1463416,256.18102091627986
id1483269,271.00500749513293
id2717516,254.51153906907894
id1265728,406.4778883411712
id2098777,421.6902868367208
id2659130,353.6131138294291
id0732125,501.65845806081035
id0342223,475.71941955890185
id3448271,304.14210358677656
id2424506,173.4502836842679
id0561276,405.4141958687158
id1424593,416.17707098856135
id3416859,410.83951951118814
id1602134,404.51340801299574
id3118916,273.2019881278285
id1531488,409.2353589773113
id2739613,255.03963051716278
id0046876,296.6594251168873
id1086005,256.15318767880837
id2995522,293.88505865382325
id1697791,286.4754666294336
id2502730,359.46230881368336
id0350515,330.13928949433944
id1857362,281.8716615312975
id1435323,428.94975257221313
id3304133,477.94213622190154
id0188496,268.2058762939473
id2660738,412.66448283564876
id0664778,316.67724359322926
id2280826,304.7115594842005
id3042658,219.22225545099306
id2229021,339.1181986856606
id3290078,452.0470236753895
id2622132,230.46016004491145
id2244267,404.40707439657587
id2090009,591.2110712438925
id0065115,401.6143877353411
id2592734,477.71159823592876
id0517964,258.36547708254994
id0028594,317.44881550819355
id1056207,233.43433897997593
id1349630,312.3516705252673
id0092902,197.98579192355118
id2550603,210.87539411375406
id1307961,240.00566230409683
id3420195,269.01982248507477
id0029800,285.2912991648791
id2461718,326.21734453841935
id2274432,295.8241674325254
id1017892,303.93276992082895
id0113177,247.47291171276532
id1562268,186.06406448868626
id1623778,233.91850886555508
id2572325,261.8704209020234
id3998948,370.7628970330755
id2543062,194.4216054618589
id0961618,359.35598956149875
id2229581,465.32711532887805
id0951036,338.96178616417177
id0382311,344.3890489657632
id2933895,459.6301281680667
id0279863,258.6622567537514
id1250435,290.67530968637476
id0808929,464.2776022792789
id2073697,544.8880458782919
id1651805,227.33689747849087
id1757581,395.25476591540814
id1530044,298.76233390126055
id1155806,286.24587460030756
id1126510,320.94428527481654
id0777655,430.8967884543727
id0618203,243.34647820401722
id1109480,360.495589100829
id0910599,241.17903147519488
id2174189,378.55439437307916
id0066723,281.25061140685324
id2355006,297.4664191702923
id3113661,256.5327488903411
id0402596,290.7875642652774
id2234041,268.0964030711435
id1947869,299.42262498083176
id2075610,489.50754683840603
id3112872,475.21225337225434
id3970925,418.4257463913426
id1821158,334.7803723968082
id0115770,161.15960040927598
id1200161,434.3225418865107
id3443790,357.6584574345853
id1970581,355.54200822001565
id2311423,386.6073805158382
id1796409,266.33768637150354
id2416989,323.5244281468938
id1865168,286.37822875899565
id0672358,190.9205510883123
id1507788,295.81597669134277
id2104470,403.8068418023054
id3872619,323.48594365551963
id2865172,325.94001471191143
id2609559,301.4618269985353
id3433230,244.17784309392226
id1066147,428.13591951523887
id1609673,340.5907161656842
id3772852,521.9078035375522
id3225585,343.29854027264156
id1436027,396.8662628680492
id3893788,310.74059408278316
id3762827,372.19943106737315
id1188359,222.78435759137673
id3108439,535.7134107958137
id3167933,292.16450318803714
id0313198,304.87312207714
id1546478,203.20793518059327
id0638676,395.11960383720657
id0605237,349.2371581246761
id1339868,284.6711794801535
id3364636,277.21619064525714
id3812871,296.35364082036784
id3627604,332.0648430633407
id1249899,314.5169385196843
id2089072,368.1715147155825
id1555569,252.15101081982638
id2820498,206.7731968988675
id0869368,249.53779463576493
id2350105,273.1210894440625
id2869213,210.94077120880735
id2043325,200.87577409860043
id3018172,247.33722031542422
id2229327,322.67463903784284
id1339618,280.75634410954405
id0411879,510.7094934750229
id0103395,317.1791853762739
id2285817,324.56811479535946
id1010107,279.9817762322308
id1614136,309.9705332243252
id2328751,351.3150149107058
id0952351,477.6050039112874
id1607971,335.3841385255378
id0124390,180.5096470769091
id2961274,226.5520146148245
id0339323,317.04757338449633
id1017489,253.80543451230673
id3067998,347.0284251275147
id0931828,250.1306975428809
id2043597,358.7611555454998
id3687688,250.58199427565916
id1013729,596.5600142870792
id3365778,396.2420299596216
id1017444,277.6266691606872
id0864803,214.148167484271
id1630122,353.42333159907264
id3037934,334.0131282258464
id1673149,156.70297903607647
id1832652,448.6486800451922
id1208776,294.10811299755284
id2280049,334.50310871747575
id0324657,405.3067887085909
id3313047,324.56742956204135
id1680754,373.6211746974935
id2496989,370.19411588528055
id3429489,255.8185996889835
id0223147,384.7354013118024
id1142738,227.21616489460362
id0847278,320.5386352303126
id3732511,288.27594366603404
id0561372,417.7183308892095
id2880234,401.64149204689767
id2754984,386.68146095831304
id0009521,228.45293333602368
id3116892,259.695950946418
id0465287,329.97567956955106
id0412625,231.78935646721507
id3404802,413.8248670386457
id1200604,318.7839180394934
id3878679,388.68632282825075
id3165179,322.8947582135449
id2950865,294.59137405006146
id2319635,468.41705787801305
id0204575,453.5636429265144
id3715936,318.17716965982765
id2269597,242.35766104207914
id3041920,221.64625342446732
id1910095,338.3028015996607
id2715568,698.0320006599972
id3603906,420.5362115079747
id3155138,398.3062325027129
id3938207,483.36825492443245
id3936638,253.6700245177838
id2880373,297.4079439396081
id3411495,269.7449202429806
id3050929,408.0496096931498
id3227436,308.44329422208443
id0842288,237.04281567381548
id2144704,433.6998407524469
id1562719,365.4661621575278
id2879157,388.2570743096325
id3272691,468.5905196800581
id3624768,259.4447606257642
id0840857,336.3180035534325
id0824306,197.69188091238723
id1056284,468.4870702288507
id2384772,376.60923540233085
id2363864,393.19563774120803
id0955998,250.53621072320553
id1330379,388.91746345772077
id3308663,401.6654268533116
id1498177,371.79725280943563
id3223147,536.8165460678113
id1544206,365.5057470375971
id1798507,322.81870462534056
id3159775,360.0031375826446
id2506144,573.7489147305097
id0350594,236.8493722055264
id0260686,550.9100967273789
id1593409,526.318952946973
id1897612,308.41191809519637
id1363261,320.8522186713459
id3006579,321.34929926710817
id0664445,296.7642912004689
id2539583,377.2119539012754
id0400760,179.9762879987392
id3327103,337.8862652720165
id0846448,202.415637124351
id1335753,354.92648709963936
id3744641,186.52998329384636
id1861670,213.91154673075008
id2788506,262.5079942719104
id1063847,324.8216997297509
id0378180,498.8226241081479
id0042645,509.12774609873657
id2749313,481.72759316291103
id1126547,364.5203373578865
id2383598,195.96966592329937
id3640886,266.8859501149648
id1938168,311.0652613234221
id0243636,298.75091210901746
id2556217,311.9526146520413
id0095921,251.81457861527898
id0210853,401.76779478479153
id2046048,372.9222483242451
id1072066,395.74181178971327
id1405492,401.7549059277716
id2638695,395.2042056619868
id1554908,281.48564725258694
id3544514,288.21113374955746
id3865829,302.12311197587593
id1582400,233.5143944682747
id2006856,217.59893553401298
id0320374,343.947892759336
id3313472,273.1634816274209
id3900093,507.165073635285
id2765923,360.1855674767289
id0007109,556.390644020421
id1676384,205.4042189923292
id1386137,400.74234185417237
id1564326,361.7003830506899
id0936169,279.91479140125927
id3319761,327.37743115159475
id0694161,271.40443444073634
id3550264,400.56588859691925
id0648394,205.6554960052271
id1192859,278.06655143530134
id1118806,311.6690777612241
id1102396,199.33190458473703
id1667516,400.3036693841174
id3078427,208.69381280902903
id0374681,269.0700974887664
id0804684,376.1127449506911
id3964439,259.6206463551307
id3180124,181.6757132885905
id0776543,467.9439378272458
id3863745,311.1426072000881
id2362160,295.0349171304436
id1065847,264.54287369918285
id3924625,235.49620104976916
id0661065,244.2571533889209
id2087953,247.44030277041156
id2587318,187.21247268543954
id3402854,473.89320060653984
id0420272,412.365485623908
id1795711,380.89320233445983
id3821239,361.10828306407683
id1522432,569.4558514997027
id1203715,177.4860899486209
id2852280,376.4780555409634
id2395410,274.2300835303961
id2793260,260.48522548685224
id2267351,475.67959594825663
id1776575,151.25882827276857
id1176780,313.46067317569504
id3037950,333.9622255566279
id3064222,371.5754112425374
id0396289,341.48204711513984
id3300660,397.50784203587074
id1655558,395.003555079434
id2877003,262.92805448567475
id2591782,294.73517841569844
id1214265,321.6942814753533
id2887410,270.83192318019246
id2203035,459.55173815730484
id3009828,220.97738935684862
id3764943,353.6942024482655
id1781469,201.27299540412253
id2448609,227.070031859065
id1282683,518.4205913400289
id1991013,381.3983065867509
id2889153,182.80414911517792
id3278784,261.6209939787846
id0529625,269.12403652314265
id2797555,291.8018460557557
id0076964,455.942266626539
id0979722,339.1884704616589
id3689125,201.29187851841343
id0943935,273.70762511613816
id3160312,395.53142724560325
id2162462,337.9347917172543
id0509944,494.37976189686526
id2299052,348.563342948474
id3912128,246.16809163517848
id2808403,266.89709799710386
id2476132,369.47442159495097
id1792536,303.8489089598208
id1273511,254.23082861734986
id2928291,339.7202555291852
id1588676,393.63450641946827
id3922409,313.1014371316964
id2052091,212.39655808261122
id1780451,433.18316404235003
id0577213,366.94051366117696
id1556883,385.1727845347502
id3460922,525.8572642189915
id0025994,222.8585671382534
id2427838,337.8333795962683
id0528479,569.9825237590057
id1195515,363.98187355937176
id2396384,244.88060635378994
id0393955,390.6045344400371
id0356178,299.46544763200274
id2537508,278.97459395086867
id2635479,260.77787478740834
id1543151,336.4699858243806
id0270667,173.12512809521306
id2372162,310.8955339988664
id3417139,347.1733602392432
id2730910,340.01026083657126
id2882607,192.4666620291694
id1482593,208.20083169513765
id0715027,342.6999178610112
id2542624,461.68216282809476
id3025008,266.56641946269207
id2633941,48.146131776637844
id0283153,386.03246267234067
id2460828,247.79670058120988
id2589185,231.00931712517223
id1415867,268.7232577362933
id0523786,502.3743541828852
id0439502,262.12856240731304
id1694454,233.86118789702903
id1246654,435.1069252041408
id3631807,330.9339185308547
id1028885,407.0779079476364
id2098089,393.5286708323292
id1674105,493.782390815468
id2479742,230.43908318838146
id1022055,239.06995107473938
id1595344,197.44945404720895
id1379761,581.8364700153495
id1080810,259.3847945053801
id0623145,393.0200449550924
id1626852,312.10193699247924
id3956705,376.4626325458105
id0633528,242.0124721730435
id3946187,346.34316399448795
id0892671,282.91962592632734
id2656791,265.85445942681287
id0467960,426.4539363841525
id3696029,224.1149174183764
id1070930,354.6601749984446
id1786868,282.15565220432774
id2540079,247.94486222152509
id3573428,330.9080648286392
id1918418,370.5033348349421
id3971420,201.56200517354893
id0704527,382.15627171144416
id3991305,194.80005535150667
id2897685,544.8331160253709
id0599364,317.8051829820953
id1272216,242.31023845240495
id1415600,357.3897289699845
id0481046,315.6735650138065
id3008146,360.68084069567453
id0365067,715.8106946882376
id3809881,356.1990536059999
id3389994,256.01000035479944
id3452535,493.8018425551077
id2852315,279.428921728387
id0036193,286.2331767997386
id1845530,247.01705330419077
id3175281,224.9679959494604
id0368183,483.8263534615483
id2248653,326.0520374204156
id2260637,555.138985853906
id2520579,249.84113647334226
id3547654,321.6893432130547
id3453989,253.03604115986948
id1084345,328.4556206969993
id3147649,347.7945792667548
id2760025,363.5574976115612
id1020985,236.76761340537604
id2247775,367.1209171015353
id0717983,269.6653234308253
id3632040,418.9474688609699
id0227396,422.4873384839208
id1346451,223.21767400595257
id3542525,372.26923342712615
id3916800,301.88895318265384
id1215674,318.3132192817384
id3154943,281.7261424039027
id2120873,203.8542279991228
id1904005,326.15677410249253
id0335521,560.2311370972443
id2669646,359.8284885101898
id0966968,542.8379684028876
id3503407,247.09824959265316
id2111616,161.98031667460904
id3778027,404.64776435764526
id3055091,293.5102672679476
id2934272,299.27730153817635
id1650669,277.968353625836
id3548536,594.9532995017407
id3649344,481.54747848170274
id1543362,310.37009695909916
id0182422,526.5196322610101
id3486831,318.429751297418
id0296191,418.92992958071954
id2343535,396.34759727924654
id2936395,388.4822766511883
id3141287,248.70091723304378
id0809081,390.86184960882633
id2504641,514.9724115642539
id3767824,278.6450926129177
id2764549,341.92093246385286
id1514590,402.69253736515
id2167015,323.62112948583956
id2201998,288.3590189503649
id3280410,337.5456953450405
id0368395,401.1110873330889
id2973768,278.21070447771746
id1203675,383.81576833553237
id0766619,296.96322793029566
id1456018,354.17407044368804
id3699009,411.1894191722392
id3670795,273.8190167300286
id0679382,322.76081161350567
id2800693,406.4615728259751
id2642952,269.67514635779037
id3865859,274.4263553812152
id0912882,362.7875983511234
id3668803,347.20703883479405
id2565471,343.773820140666
id2074681,283.18948627773443
id2902768,295.325791914463
id0267852,421.5323042956017
id1150292,347.88806370033507
id1257478,470.9950628621841
id0564465,426.8242261212803
id0208530,469.27379810551696
id2055096,560.4076923084339
id2398901,380.0658314274452
id2801028,304.8008390484412
id1590769,295.21171449201194
id2462926,347.66028254715184
id0507807,160.0476288718821
id3332695,250.4952003868329
id1507089,238.6382370043148
id0661168,315.66544384458115
id0630504,214.49812288280202
id2863314,391.96014446501846
id0317391,310.0972954659359
id1593558,341.974762444567
id3542527,312.5876408659832
id0915174,487.26966081176386
id3336555,322.91637581116424
id2254132,388.24032914770225
id1226377,298.0205854064315
id1508675,265.99218376255874
id2927768,382.131410252734
id0292834,413.4427545037559
id1006753,481.38850687763755
id3048123,220.6049426063695
id2043579,498.02431256343175
id0753259,345.96133523236625
id0163636,189.41700695507697
id2455959,223.68937151187345
id1490540,382.6020009445866
id0886123,192.8854607537532
id3342744,352.80672933305493
id3154255,321.4927391258351
id3344685,274.01412739895346
id1252867,227.678621949595
id1785939,254.29681973862355
id2750491,384.83602967488315
id2855340,412.6372817952777
id3637963,336.12582690838906
id0111858,332.3635165814442
id3322333,362.9302624890219
id1646339,378.1677083891147
id2373781,403.06822109278454
id1829390,351.70725104098716
id1158076,269.5542656467035
id3334327,313.3322542006182
id0974401,285.8596330970952
id2778742,323.8614303676486
id1922764,367.8963518449358
id1261870,319.571997412269
id3862280,284.85576840038635
id0718306,347.5253302699062
id2894062,253.83122280454432
id0153317,269.81061032255525
id2411079,278.7843494318953
id1352197,227.32839570669216
id1827339,503.2419576306688
id3502622,192.33023849056838
id3325131,252.4338907987358
id0995238,308.2782817589822
id0333385,234.79900479457177
id0136072,357.6660155133994
id2854994,293.3343097759672
id1212277,226.66203604927443
id2217672,313.07630311718657
id2628871,326.966095204422
id3268566,666.6720248887875
id0397788,265.77323986734154
id1378406,407.4796008555102
id0784757,469.52021850414377
id1571520,246.7297152004172
id3818199,259.5574248788722
id2169777,301.77932923372776
id2481554,159.41990985552778
id2274584,353.29943717612787
id0314142,366.27738786737706
id2818104,275.7331904146123
id3566268,502.7775861617931
id1502727,256.13538049347466
id1690658,286.8549739438805
id0126223,442.9549604626011
id0323473,302.88789688564435
id2583363,255.79968563219666
id0891228,261.13659063908926
id3982179,473.81323258804855
id1395299,262.1510287283579
id1926451,288.3821609281769
id0549297,326.26496616488316
id0829366,304.52092555291574
id3572556,401.01018493738354
id1551864,266.76716146084476
id0333816,281.4263283840907
id1053761,291.88067013287576
id3686225,389.47899505647314
id3524117,240.98938810062342
id1935215,512.4724546181485
id1776519,386.04340315360025
id0379583,488.46470546628245
id3826436,384.04068347185677
id0641753,320.04882482623503
id2429568,393.2383348436796
id0150511,414.97604575547035
id1796581,500.98364790410653
id2686256,234.5610507332059
id2469413,332.0725693681737
id2483813,227.6128570608271
id2548869,471.96385244728117
id1359965,326.28223993071464
id0437910,445.84998000523365
id0190732,361.8971350812332
id2139848,322.65879912501623
id0042835,532.415230613984
id3855025,247.62828603336305
id1636108,284.4284812872318
id3406730,218.68061535163292
id3329059,290.9193435525448
id0455281,473.2461678024806
id3749232,477.7149041982127
id2100761,287.20960895298305
id1698254,157.74768865179956
id1280540,247.25903763347773
id3804451,268.94296179386373
id3992209,279.13373630106076
id1626528,327.8432782706943
id3733782,258.5828038653052
id3186182,267.4884038751391
id3237378,400.7819616962795
id1644800,470.4587381343735
id1552008,240.99370973648374
id2866916,207.912388431143
id0819904,478.1649664575669
id1224983,428.1252359511813
id2375728,178.57974542941034
id1497316,346.81345395405657
id0718531,555.0794550983941
id1852300,421.24633003366387
id3306290,261.228023479136
id1196605,469.14437119701887
id1725993,449.2357201176776
id3274972,252.20482466321653
id1124952,415.4027708899037
id3777549,316.3836058747026
id3348378,704.0173219379835
id3429276,385.63139712397935
id3915012,235.5018412998033
id0673300,170.1629534958589
id3833716,273.0984166191702
id0924153,403.5446033156086
id0354285,233.4612512931716
id1870564,357.95556058164124
id0267875,390.78342079908094
id0704022,443.08474766308495
id3591109,615.7252090766766
id3913465,282.9606732459664
id1675506,273.9279553858282
id2180069,404.0289878411725
id3756385,346.4663753507107
id0878357,347.77937888684136
id1048693,198.13103418132854
id2947575,319.0210794557641
id0330856,402.3053489291733
id1218105,257.6308430012613
id0827515,291.2842352265224
id0384346,52.32691690581399
id0377328,255.5812898280114
id2496560,292.1174180747918
id3397205,464.38226375223627
id3706127,300.18573052632394
id2765453,256.2844882552541
id3368105,412.086486070903
id2144637,225.396530252033
id0989238,317.4761809984046
id2377319,359.0529529905682
id0659033,414.5487466639838
id1167743,387.50243561190734
id1239739,290.81472673263977
id2752505,173.533096985339
id0971604,446.25864488196896
id3547741,308.55968436775083
id0872220,320.9731634538143
id1390553,219.42050246214652
id3744632,351.0148674802588
id1229898,288.2514532767426
id0126028,332.71497703780716
id0066330,442.03968425631723
id1564104,477.2003674836717
id0439670,251.97560025348037
id0804809,410.90403539890707
id3380930,295.8476139388505
id1287119,264.8268838363403
id1463411,906.7383787005243
id3661346,335.9621435753312
id1046834,316.3337565160271
id2797885,530.8049086002828
id1824340,331.1044718244412
id1880676,381.98367479657946
id0012479,243.4559526043423
id3039948,312.6400846882476
id1263266,405.4241272557505
id1737031,481.8045488368932
id2985074,429.3203437054059
id0293861,259.3908805126262
id3565767,437.28436882262184
id0400519,427.5939377071133
id2904481,426.11512819456925
id2632430,306.51026420724156
id3091591,576.9147862402963
id0919711,243.9184526260767
id3302548,273.64837359435785
id2153679,229.40515144471902
id0406955,443.0795584252074
id3310458,361.20009652950904
id3815010,641.1849474903902
id2674079,475.3678544723518
id3769684,393.36746259813003
id0495178,280.0024087437238
id3126911,468.68024306307393
id1706454,389.06425084894477
id2707902,390.5269207292882
id1480511,422.52562633752086
id1008199,279.65399095936044
id3783543,302.11745550808877
id1890922,260.71241096906607
id1303365,349.2886725531578
id0090829,262.42049347931163
id0377704,255.38913121320485
id1444454,468.1716656681623
id2553829,341.06852861019127
id0317081,505.6340153389373
id3267638,463.80979277801544
id1293712,232.28416438661355
id1338799,413.8013347032931
id3834412,282.8459452968124
id0298079,297.3997575085772
id1643580,214.49594344906149
id2481412,482.6178115758811
id3782026,359.58905607699904
id3024302,257.07223734250357
id3755238,223.57396266708957
id3160235,351.6267716780827
id2014494,354.6532454739692
id2923978,609.9876302125672
id1057066,352.1330503691523
id0625894,294.72022735829
id3436588,481.52262341150094
id1869887,353.1505352717666
id2375294,175.17518257302962
id2970679,376.772763433341
id2443430,338.8278763779445
id0793899,440.15565481080074
id2382410,473.99258549434865
id3669464,484.17305278869804
id0354449,450.3255630401964
id0811643,453.7441215816401
id2362168,408.7042347877318
id3035621,360.0911919078451
id2923751,317.67063129342444
id3892337,365.2087019027003
id3620729,377.8240954967388
id3904575,220.96790653961287
id0837551,271.2695248674655
id2365171,555.3898244032443
id3051046,292.73360270215613
id2367938,473.58349064278207
id0266379,363.64714849807706
id2987094,369.40454102803864
id1253064,549.4564250612372
id1027658,514.0198157912953
id3421917,375.1896901792847
id0828684,360.2181850720521
id3382907,407.22059554725564
id0782824,677.6845180582443
id3638001,379.61190103126575
id0285716,393.0223301178947
id0194594,374.6958103647148
id1981720,527.544969720302
id3427562,492.17260994258726
id1023874,374.7939173584257
id1410097,394.62137460384247
id2955274,356.58951602920274
id1065447,288.3539174381716
id1727003,308.55798482253994
id0475161,574.4919164265243
id3572572,198.48207253090447
id0814550,438.61033405447034
id3849517,449.3692157546589
id3595395,222.51982028392473
id3719108,327.1724265221242
id3759833,341.8314859236259
id3466007,485.1615300365567
id1186410,394.2532676379671
id2810384,384.2119077859303
id3774464,510.3102201936448
id0917774,264.81043860474415
id2287904,372.5568587224869
id1386998,669.2535624208438
id0992623,429.22008586524265
id1695672,464.92270109358236
id3603158,471.7991011811281
id3091475,411.91621588655283
id1658526,275.8640463595248
id2709261,308.2383927706111
id3583227,462.83658074711434
id0948239,452.5791873148591
id0221991,372.19715969709705
id3305791,302.3079680162518
id1515505,422.69647410556286
id3397675,168.22438519829777
id3331049,812.3670978600856
id0994123,450.09230717635523
id1151588,411.8481685333577
id2570323,410.44893719816656
id3132564,344.61869971799155
id0046089,190.10440367678248
id3017501,473.6880097390217
id3274979,294.05074165119424
id2882877,273.0099401690858
id1601686,396.7671184937992
id3710323,233.5379882359759
id2621714,305.3210823030437
id2087833,467.90478221108737
id1559167,377.3032254441966
id1521838,512.801940856111
id0176767,308.69608617209315
id2312956,335.1996176337898
id1197217,410.74943009074497
id0081227,305.9449958170903
id3232237,420.12646701294705
id0206267,465.9900429315569
id3475748,457.26296146514807
id3051147,478.87128175212257
id3414868,540.7315225409114
id1132474,559.8396659599995
id0457257,213.42715758317394
id0803138,331.0626581037644
id2129525,221.54499287089908
id1830951,294.0969199371319
id3922970,176.31834364688038
id0894029,317.7300452670598
id3687132,394.2504558686586
id0007810,487.2470964330324
id3053596,374.73954091010944
id3159803,280.9728030092412
id0638714,511.2429649619886
id2662153,501.53146429117646
id3738763,487.15529611359995
id0457857,389.9683810071356
id3848561,255.67954780609108
id3937466,267.0371089756062
id2755920,420.4843420301901
id2531673,271.3704806618561
id0209720,417.5498124612537
id1003971,317.910356074436
id0593078,536.3071001831117
id2922944,344.3407188845347
id3410060,382.3361002472602
id2960339,345.1117281674635
id2083859,390.1030505688011
id3314275,465.8197137221305
id0211557,319.98817436701114
id1801395,414.12992848687253
id1039925,462.335141678817
id1113146,571.7983204544373
id3335133,579.5055081876218
id2876995,365.34721317653907
id3703981,487.7159899024784
id0411527,378.64451622250283
id2090715,467.2032305712257
id1606143,384.9053518520281
id0883006,405.15658756932214
id1839547,254.27330212763414
id3158503,304.2679108978394
id2917179,371.6841784216565
id3678133,241.45637999323523
id3038679,306.3703563575972
id0085197,336.41763889463385
id3492967,402.3632433342527
id3036763,125.62383334463289
id2947934,193.96968215805288
id1617538,312.91938140127445
id0485337,266.36799644708725
id3277245,442.95784272410833
id1619585,283.78169172720607
id1942050,537.8600559696853
id1150337,537.0851592771281
id0044661,425.5186989564571
id1274426,199.70090505872093
id1660222,296.5689442834588
id1506908,340.55132666873334
id2813733,412.28261832097934
id1074389,404.8077372213261
id0854030,371.7172919442593
id3738587,438.1681728214235
id0779108,434.8893281648795
id0014227,484.0920553877877
id2836385,407.9839173626496
id0516642,347.03389049338205
id0796233,454.1904520215997
id1833448,294.8577377490619
id3131106,377.48127492683005
id0801131,335.866777721987
id2482091,453.7528610838509
id0241899,606.4609464674297
id0907357,261.15904555642254
id0352670,342.3199578775224
id3166540,442.0045594551022
id2438379,175.6260892452945
id3731228,407.83475058460067
id3164462,283.7871043021353
id3752458,345.56733422848833
id2491457,447.1001961298225
id3309837,417.4353619064955
id0791899,375.4721480937425
id2486575,495.55501623470656
id1133930,375.50041957882695
id3169190,435.61927680545364
id2033862,263.9828447970781
id2288758,305.96496681284503
id2549859,342.97471297527176
id3827184,468.4273336706007
id1653325,389.3270065653024
id1893832,345.8129767918247
id0238173,459.4592445484885
id3563495,507.2264076287199
id2475049,244.38717886035064
id1674944,861.3624852316391
id2965998,343.1397712818593
id1101661,285.8443914624238
id2909491,359.6954886987427
id2570589,402.3845461574783
id1795299,368.6610080317991
id3126031,532.7780571289306
id0393516,342.3392293963927
id0101308,530.3734178089358
id1544728,264.4306114836137
id1532860,307.5177163212232
id0967670,387.642188603614
id3683717,225.2690471724723
id3074589,233.0992948376911
id3996832,431.2869636312892
id3963816,368.27412148239466
id3345951,331.9094667508287
id2340915,339.87551265923554
id3718456,379.45190209785153
id1582384,388.9568894458065
id3376635,529.3474865097683
id0199322,228.79354435332482
id2094908,365.6575858018041
id1277345,288.57956582513754
id3638164,294.52265643146836
id3162515,312.06948389597034
id0436551,361.99622510441645
id3698597,371.2194894434949
id3413022,423.225669670446
id0443336,327.2319504016972
id1144940,283.58925528694647
id2276658,358.5338615379293
id1064930,365.8293828727326
id1219833,511.32915792825895
id3394823,413.2748982340916
id0554414,342.0634619305582
id2783124,372.8221231776366
id0757905,340.7830078573404
id2923087,236.2131045667312
id2639821,546.1688505511954
id3325783,365.57119127840565
id1242987,328.9286931371112
id1778428,227.0937533216882
id1726666,319.6233053590224
id2814597,381.73920758722056
id2532851,322.8725853188279
id2209547,393.9768401833235
id2934848,376.9452111122568
id2775244,548.5052384458594
id0736663,409.2223910184392
id3891307,331.7356334708538
id2250922,538.2463314898497
id2477340,385.9677552459977
id2318635,491.87995175185443
id3251718,267.48250021932455
id3820606,151.76705322960683
id3196128,285.88706897779656
id3499265,175.71949060021183
id0509636,482.6286283348368
id0521099,381.5337621237216
id1863729,273.7061291957954
id0575809,297.7655714873931
id3971984,341.1549307193738
id1430448,261.70632100171986
id0656267,441.5990568242851
id0992934,240.18037681358481
id1508576,319.95468175190274
id0460522,165.77542246924955
id1547490,197.8898009163445
id2866360,324.7442099679225
id3846007,381.45937443604197
id3102571,305.5537268444257
id1703055,321.46529179313836
id1280310,268.9952675324574
id3753140,313.17073052198975
id2389981,252.4451423823896
id1381232,341.52999702295944
id0046065,431.7659310740768
id1168878,341.23513400686545
id1961858,343.356500127372
id2082220,431.41236171070483
id2677715,511.1333268431051
id0103643,326.59064932881637
id1515803,305.90081477918534
id1597464,532.2928218509944
id3682892,394.47860943241284
id1662617,317.81770832003446
id1604720,279.535347898169
id1193745,497.91831437405256
id3499678,247.22165356927826
id0148200,333.6030195785399
id2944299,354.0477666274987
id3756369,329.37516733967794
id2064765,256.97429586348045
id0539252,387.3090999205625
id0675597,253.02464911906543
id1133118,521.9566300954156
id3136578,388.90851681680886
id2814400,761.2294835451348
id1012149,476.21751308402105
id1502752,499.7792165711014
id0496368,344.40158428273634
id0765679,495.55628862277086
id1966519,605.3109932938523
id3322209,385.12064188784404
id2330227,351.0158178877492
id1528026,358.9933509370693
id2502978,570.227679563996
id0376621,346.5730087593272
id2156722,396.9077776461017
id2339223,545.869499374434
id2117621,363.686621182394
id3000275,379.7330420150561
id1341883,240.9078854228398
id2824246,334.5893577928003
id3129576,292.51532145191237
id2753841,560.617322380814
id2275664,306.28430452383515
id3276352,257.9310741830978
id3384669,362.62017717414363
id2209502,500.10956444295346
id0292631,481.8945311140065
id0441115,353.4066419363935
id1970591,384.9531487999528
id0739684,157.9128744499064
id3914832,400.0039176700461
id2278329,253.61357717425685
id3909179,449.35272832255725
id1303296,354.80224185459787
id2556099,264.61130295150485
id0707391,321.7572708864504
id0532660,271.0743932233624
id0594996,387.09136721934243
id2638966,412.03114424355476
id0581834,316.8128622226839
id0886024,333.92143918695183
id0269736,331.77354250379176
id2487613,243.033644729343
id3741713,561.9299052209337
id3729981,259.6512660586142
id0994162,395.35421918538594
id1003112,429.2838371720943
id1612211,391.344243710046
id3918179,231.93667476456537
id3122781,422.7646464738887
id2736250,389.2369071186999
id3762642,477.3306288679426
id3578402,415.816828765882
id0530724,326.623150844996
id1603283,460.04620118406797
id0580958,442.55100965532574
id1037341,348.87715846958974
id2668926,293.95006267275505
id1648894,478.4481867751048
id1279329,430.6991671881721
id3688989,358.573164866359
id2912856,249.94286450856447
id2764531,576.8415780765511
id1845457,319.63830252275574
id3251203,534.3383423765622
id2726475,344.8165843808492
id0647591,660.2488692306902
id3941055,244.02630930092965
id3922122,202.12102696840867
id1671146,316.4979136003995
id0905930,286.4500292823164
id3425654,383.94247872705006
id1427415,377.1108166373549
id0597158,358.3776138944468
id3389998,358.83747190590805
id0195721,498.88241630398636
id0997078,375.95186972456617
id0546872,331.81180289576577
id2960765,423.77570980337816
id0506657,259.24509554245367
id1455925,436.38823470829175
id1992655,401.7262131913503
id0558782,462.89079460632075
id3766750,319.5598257159454
id2354464,471.7683210211675
id1330411,540.2460293389076
id0250980,320.390666915291
id2444685,380.3295996514204
id3232864,453.3940375109632
id0619283,364.2452035469056
id1461970,399.5734693865314
id0995525,349.2764000120851
id0806582,293.5536613228346
id1944782,364.41099551433877
id0489532,445.7247330344756
id3201541,372.412793852573
id1771421,265.7046366237603
id2196638,532.0839173094138
id3680776,170.5708814700485
id3195669,409.05805865888414
id1086220,381.25680288434745
id2851967,369.52019193771554
id0285833,294.6702344680374
id0219557,376.6232827011767
id0347076,404.7828774233213
id3143472,299.1604201860441
id3147879,319.09826230396396
id0938885,333.6630072285391
id0154893,300.38539461992076
id0549905,305.90681268956615
id1152173,387.35291280916965
id0599916,241.05203347808407
id1919887,575.1214306810749
id0550315,578.0070154097168
id1262824,277.1582488154484
id1463163,228.17365365769749
id1953206,407.5314501828216
id1031658,475.1752100438639
id1200908,228.46013418410303
id2102222,408.4101961315976
id1936523,567.9795615735991
id2519457,248.89082909802778
id3685910,560.0442339622302
id0999424,318.85236021556415
id1782689,395.37694917443054
id2744596,392.8477166985275
id0903185,396.38815751362114
id1072177,342.08125996602
id0489579,334.56362033826264
id2353449,396.299673933908
id0885398,271.20229809480526
id3312785,454.17856719996655
id1554559,182.19487049097427
id0729455,481.0460748117132
id1151515,354.73540272243184
id1571309,488.20479329370914
id1902487,489.6047380678642
id0048518,357.9601689703014
id3057372,362.4518530235131
id3866816,182.5278067286834
id1285860,317.2312939345098
id3078548,409.45683205113045
id1546738,317.96677490766774
id2359998,365.49806969896724
id0515328,322.0874343113773
id2209448,548.9780085612161
id3861550,287.21709217522266
id1261194,383.3053190686987
id2347206,411.7472921926868
id1336802,452.79135810971883
id3070136,513.6219935803579
id3662759,174.7853097039176
id3081286,663.3271844026972
id3918295,434.67808983915876
id1491036,446.4611613868157
id0101832,538.4041457539722
id2219071,400.1078515169764
id0731322,354.40651044951636
id2744324,404.3126631987479
id2917298,365.7512576915799
id2358474,196.3285860816335
id3154828,359.60904807793764
id2505778,505.72890965649077
id2037044,289.4916463194846
id1831992,453.42297206434
id0559648,296.52314387994716
id3984094,347.969869247935
id3713075,374.57751824115945
id3350041,382.9688840628603
id0675332,490.0339702412392
id3816395,248.96258602827052
id0941876,263.2787371197572
id2425117,297.8585491056052
id3311641,269.9570570464889
id0806096,306.6477868726199
id3080626,440.10621226385746
id0004909,292.86448743903776
id2324827,319.03763008529205
id0945289,246.07022779868115
id3023596,489.68408905930863
id2327011,259.5480911052268
id1236681,170.19207959108402
id0957379,361.47094162836385
id3783785,440.34376118933716
id2690163,317.9640209498561
id0165704,301.79426058148977
id1765114,365.30246649508666
id0979376,373.3056938837691
id3886400,199.6523341410135
id1095654,242.84670149234603
id2432912,351.2073100517937
id2957326,258.23351570047765
id1116552,620.8004997419226
id0360942,345.17545517410997
id2754408,339.795837175663
id3755483,410.71098854351914
id1015343,432.6747729226195
id0593678,459.4080214140692
id2632872,524.1415952099919
id0822320,412.1546376923877
id1799088,274.0090482644169
id3404800,372.647182925179
id2526539,300.8358462675595
id0655985,408.26869346887656
id3958531,384.4044973989766
id0207340,245.91758539012432
id1838488,254.10233961718131
id0083805,340.46173774177794
id3600975,442.4613366246007
id0168214,503.5144794212107
id0616985,484.27620418881213
id1762108,539.7712316956759
id0246481,296.2478577217822
id1923143,380.57489538725923
id3646295,315.6646941832267
id3955241,230.14564066405384
id3352580,311.6350497639326
id1082526,531.3719338371734
id1523807,248.42742761215726
id0256905,312.0690731880441
id1129202,359.2824404647967
id1720709,328.32006391003785
id2832424,301.2650420238125
id2539266,581.6526042163641
id0175860,242.96029992077789
id0483644,412.98282675279995
id2640387,259.91052306269773
id1956718,374.6044323854055
id3909635,202.98888700609047
id1781769,331.539222768523
id2683875,316.378711587645
id3915919,331.93163792019413
id3039838,441.93693799800485
id2528701,207.48164925486662
id3253710,434.0317888765227
id0615408,305.9350835864137
id1962130,295.4312104297344
id1767784,316.19866063246786
id2707965,399.79254880013934
id3234405,332.4568759551585
id2662179,410.498188534107
id1532259,378.27715336848036
id2693092,244.48743791252878
id3821399,309.30946572187446
id2913179,187.46100118849762
id3222520,378.45480751852176
id3325332,407.00486683920553
id0076410,348.36572236349565
id1231246,340.4876252787843
id3648441,262.9223621579586
id1875698,473.8192602670303
id3695707,264.7020735555864
id0148924,189.24049584066663
id1192001,437.08684969721855
id2525163,214.6541797167993
id0046704,470.6684313845844
id1837488,241.9553608149581
id0680525,279.72465515845715
id1107368,347.52540366916514
id0879734,328.92256007175774
id3610341,329.2300401888661
id0585427,431.1085369377216
id2015198,496.65716450030266
id0164047,387.3908537823677
id1446014,435.0767118264567
id3173656,439.98775817074323
id1669055,337.8702992315363
id0998725,620.0248381645977
id2576033,288.5988841681916
id1417711,394.8985399911296
id0270711,397.3320274976649
id0812515,317.6240672469734
id2099301,677.6779320353093
id1556476,506.04771287787247
id3632288,403.8877165010816
id1475735,361.9005988647224
id1041626,362.486103454609
id0634581,393.820111740379
id2622029,551.130898707861
id1631604,349.9650954322607
id2323486,295.04257836968725
id0272514,298.9219147033333
id2969154,474.8146804085469
id1208220,374.8362328621278
id1216949,259.88603323601455
id1272718,428.73471893398954
id3101656,336.16158425104265
id0367585,405.0012523333341
id3612814,409.4396972282526
id2485216,241.99757846652687
id3775460,212.61890046828788
id0261407,378.52089297061525
id3151712,13.74282562503775
id0919599,219.61811602698884
id1913099,400.62544414918324
id2416166,322.6796577873237
id0845142,318.6415824482774
id1250027,252.03743410321178
id1923839,313.0713736381372
id2944714,307.8357851274148
id2408815,327.8717551090296
id0669850,644.4551369661342
id2547212,386.768704653663
id1239249,428.80746986141236
id0074972,289.9051300577866
id2641207,443.68617036256404
id2080261,492.3060961473939
id2256226,486.7785047640718
id1933556,468.0839706252056
id2725752,348.88301053563595
id1381569,339.6435066255066
id0464732,332.3825400480903
id0091666,189.66856881808778
id3285457,770.8363553656224
id1432815,454.67317250279183
id3852308,416.7803355877627
id0141874,375.75052063600424
id1973351,496.51490160295316
id3212626,381.48154013076373
id2200686,370.4100407824014
id2101922,535.9715805601329
id3110128,210.36626626210193
id1303892,409.5750028981057
id1749019,320.36169088344445
id3884659,523.3539916178743
id0612897,344.8529077325769
id3850417,463.04964605574315
id0795534,285.95080240788553
id1854434,401.14128142798415
id3588282,526.0569779604938
id3385240,231.09222744858042
id2478968,385.66880160182995
id3399400,408.4707729086683
id0159922,555.9081244124045
id2168885,484.0694379791336
id0390232,403.3601976863611
id1960841,471.38019425527824
id2354258,541.9030265150318
id1562921,299.6411272264736
id1740685,252.91096379822565
id0620729,445.7409387816941
id3494879,515.4604125912201
id3973737,335.79410459891216
id0728495,309.13609974260453
id1175573,293.67275829539324
id1371525,235.8316167249176
id3286663,665.2739281352824
id2854561,332.63670127418396
id0316571,310.46185655180926
id1167505,393.6500506632446
id0231196,543.4769613751225
id3092283,518.6837383332397
id1344939,513.9557917864474
id1274892,385.1182863880301
id0187840,570.3321745983196
id1308897,388.6461796983104
id1282488,362.4336790341396
id1680909,583.2814168224295
id3930849,449.3188763018501
id3129954,472.93913909128224
id0204267,297.2581440369694
id3680257,346.4460467028914
id1669470,305.33960645746396
id3294587,330.11890998072596
id1203815,457.0431496396525
id1132816,395.4341777916702
id1844526,385.9946424842571
id1264329,404.46354057674137
id0639495,336.92946864618153
id0445123,559.4882082311575
id1980835,372.3300969987739
id2174357,201.8116773900247
id3621116,336.7561636835032
id3359226,356.4296446459119
id0884109,331.3949715161301
id1542109,317.59497530147024
id2580159,302.1229073301499
id1129427,382.71478260118266
id0534659,699.0868639047709
id0628618,237.74595182977902
id2059429,409.5333526804227
id3836565,405.08166979591005
id2230636,392.9125379119515
id1933875,349.1488724098102
id1794052,341.24272130019654
id1224552,581.4997875945922
id2119641,534.4204661850238
id3388798,226.14348952461302
id2936958,345.74807735286066
id0336816,442.07927420342304
id0028927,639.4614519953243
id0252898,225.75481368861338
id3888759,609.8016246888532
id2725844,404.17001391054237
id1769400,288.8958081119807
id1586437,354.7556657717095
id2567369,305.29477831148296
id0802129,298.83823573090314
id2653243,519.7974018287885
id0118148,240.72920761478377
id2100490,248.65113965262412
id1921180,237.8217322454102
id1859589,256.66797032839776
id3351229,366.11896500836957
id0584559,253.13563124845456
id3969809,525.8988251533792
id0233765,450.87215818682455
id1598647,347.16864758613434
id2170172,295.9934481219163
id1987003,290.6306453585899
id1931250,512.9467390969234
id3411176,362.6446762577676
id1416736,401.9558222681777
id3817630,254.7212931982024
id1111842,326.7179766321719
id3629339,370.8876608995075
id1073572,415.1158002716028
id1512068,334.44245355395367
id2279009,249.75969457014878
id0635521,275.7197105769971
id0683059,372.95526702793984
id1785803,196.31373695996996
id1791683,357.9251607311185
id0363146,302.9157182248195
id1354014,365.12321174229186
id0693239,424.21548358713454
id1186688,283.54346361747696
id0246686,444.5338857068241
id1126043,270.3457633658097
id2307721,234.06846119987938
id3471026,325.3250446505751
id2525373,356.04712178631377
id2037592,320.57648090353445
id1167396,340.9859016810326
id2831143,334.64315117620635
id1816200,480.9179195391955
id2881099,181.0698978235886
id3467966,511.2874571582263
id1957543,201.39005249324174
id0916568,533.4822364093516
id2866123,581.6602488346449
id2280985,332.2819309732187
id1094516,430.9979950096493
id1297068,332.32040716303715
id0671979,291.1031581618291
id2223561,272.07350838274203
id0565359,259.02825696572114
id3102017,196.36166882720863
id3860696,539.9567854591174
id1217157,162.10645398494225
id3291449,305.7015459823118
id3103342,238.08273800910925
id2165468,371.5541206456869
id1578699,480.50663897091425
id3226877,278.15719920724507
id0732569,629.6673396027384
id3881885,295.66972791375144
id1555825,457.73081082488216
id3886284,635.1768529134085
id3442541,375.24356682947064
id2010361,299.72272416743823
id3023818,400.3127073380286
id0015209,308.48986615989253
id1809286,233.41290398248697
id2375246,433.1146562865791
id0147131,448.3072459093915
id1041826,277.43967745072325
id0385297,427.2673191302834
id3309484,393.9201682980665
id2035152,488.90475170714035
id0185936,405.7820575131177
id0796871,371.2542582057394
id1082765,314.7227795660416
id1003435,357.44642656461843
id0887681,290.35078968755823
id0976671,211.61766607501804
id3477372,226.47468317507105
id2579893,304.6129299060623
id0267477,252.69410063685422
id3720413,330.1434986610794
id0750063,537.7804313586003
id1900837,414.31827454731075
id1926880,185.3228984601646
id3706296,549.9955668062858
id1596886,470.47584695559743
id1444377,283.1746950373581
id1982973,457.8393493420627
id1060204,224.846615077067
id3671268,336.3332666815999
id2391370,423.3116330707163
id0791510,244.07029478515324
id0739785,355.00937208285035
id1125940,468.21433242777005
id3208571,353.2459107094753
id1150628,392.70967947426686
id3992510,459.72421721268626
id3604727,796.9933487406844
id3500260,264.42796944730406
id2383962,346.6975372428446
id3315273,571.6836882301297
id1082662,284.60920246895927
id3980816,475.3642739777227
id0970395,323.2871004608847
id3638862,256.5424913220388
id3002200,332.57982428770185
id0089902,495.7192116336177
id3110400,359.5053117292653
id2337110,308.8658854927946
id3722680,261.73139060031184
id0861542,435.8653060722464
id2521544,375.74656123158246
id2295770,292.5768733512881
id0552476,270.6352078680785
id1107512,322.25778952325044
id2726032,396.1154220865514
id3879460,333.15809017795885
id1126864,476.0065239937029
id2540073,269.5340473816786
id3276306,156.08590525424185
id2174495,363.4451075958147
id2881305,490.54051143989506
id2755537,289.6705450744533
id2267695,283.49710562199823
id1183013,450.37042838429016
id0486225,317.1689327954786
id2061380,209.66116504200383
id2724793,287.3309430031068
id3577598,482.24472001061076
id2697570,525.1397723614699
id2591086,535.3530964179338
id1092696,301.71115884944163
id1358177,334.7513659749413
id3947257,319.14759747932885
id2699976,338.97659965007375
id1323151,345.77857305809226
id3435053,287.4122687424574
id3852163,278.0532973475332
id0144042,447.9860728238275
id0258904,303.56261342720495
id0050699,448.0382105140477
id3714889,400.43541046329426
id3287197,368.67923102719107
id2666660,338.47459003605036
id2796728,411.66781671025325
id1543943,442.6347812821385
id2375319,430.6264624740743
id1682600,401.65042369210585
id3108451,301.6883083300481
id1801148,156.32024737340035
id2299824,505.4193577813572
id0886517,557.9123777027926
id3554785,581.635691350637
id1690863,314.13714306275375
id0611954,351.4031596274013
id1295267,321.04788614126943
id1296662,405.7123711956134
id0571113,503.408029504317
id1681783,349.605389577058
id1551896,392.03822781472275
id0491831,611.5798564414689
id2357079,358.1892070465748
id0447344,217.20161366394262
id1739797,285.5304212165288
id0649303,352.086024708181
id1321627,388.2428325947098
id2674725,374.7392569051312
id0401357,484.6583937565072
id0321915,323.3462825814007
id2628976,759.9432657799131
id3908009,374.05341065901894
id0799484,445.0445774743519
id3375309,346.56354225028196
id0113821,376.5556692087846
id1522666,456.3850457786613
id3483200,281.26879229016424
id2759562,242.6501745914202
id0160368,486.24289760726765
id1959389,444.04683794357493
id0746758,507.07368418400046
id2928714,386.40993654120615
id0575605,301.55610436170264
id2453565,580.5262707322596
id3459379,323.7027893068892
id1830974,307.87791970719667
id2807894,364.5396399133519
id3550189,413.0000437764839
id0862738,302.19029731705416
id2941943,509.32830159311516
id2717564,272.96908436076734
id2463136,255.31151348729702
id3416592,418.9386413560541
id1651627,381.55948607640795
id0921079,525.7255666908461
id0099179,615.0423295872235
id3869480,324.8984494537107
id0473204,355.3663025945455
id3505725,271.5042356159768
id1294121,255.73858707886478
id0077713,311.1970671005954
id3546869,319.3460983984251
id0878372,284.53957408923543
id2946774,252.1185940683316
id2062430,181.9582680512749
id3702709,285.6684034832142
id2458625,310.177503022615
id1547482,283.20681973090456
id1426004,347.8596996222969
id2631485,243.9247456512643
id0033678,378.652745338094
id1580382,297.55032225047125
id3981636,467.5994505801464
id1406865,436.68163013860845
id0010809,294.7106669334912
id1888938,429.632972776346
id3276690,207.5864982311745
id0172111,259.17781648823063
id1589445,255.972695024916
id1527939,363.66739333211456
id2726314,279.74996469344046
id0310627,322.28173565458314
id3932974,470.09380093067324
id0639378,344.35750668758885
id3024020,302.8355100387565
id1903675,334.1526766161909
id1318526,348.2240592781885
id0653353,403.77619349405853
id2622944,504.21281664977636
id0224625,353.0852944010933
id1252101,379.3882777737248
id3288696,130.51639306634536
id0720749,869.5954620177126
id0309784,175.11564064771366
id0754682,186.34533054813414
id3522977,396.6601590011892
id1531049,339.110014420989
id1465558,345.35360852394996
id0447152,443.40678745772476
id0161017,523.4564896594931
id2233727,259.80837115993853
id1386906,589.8435087601691
id3796284,403.64427088043624
id1364330,354.3261837306093
id3953182,181.63589151792007
id3651562,396.4764844347481
id3845285,228.75781015777886
id0074225,338.07128116949536
id1678590,380.6826904888779
id3423038,371.30555676455964
id2193821,794.4593092896673
id1293338,239.20527215621755
id2111295,433.10288309965745
id0168090,325.5920149895026
id0859722,399.49673532851165
id3193910,463.5987217922942
id1333769,413.54864534048903
id3708566,302.13424282761827
id1765921,599.7213370411133
id1767988,458.04764769096477
id0448315,240.8680780157564
id1888544,228.6802249230584
id0427085,454.01691111474594
id2097700,273.1467589151541
id3665945,386.6807900917385
id2511936,330.52356380020206
id1404690,486.35553699650575
id1039079,700.081596136642
id1230560,287.18187173795513
id2270050,389.7049736065983
id3693754,558.8870570878593
id0628003,533.0022361329068
id1627453,171.72622334483077
id1997479,339.0618433982548
id1526502,303.89449727464904
id0453399,455.5844234006308
id1952514,390.737412562041
id2696747,554.6369770561694
id0337560,470.27290259627966
id2207103,398.93986172735595
id2973429,306.2230401381688
id2450399,186.68346225711844
id3190552,369.75613136308374
id2269044,357.92963018558385
id3710258,226.17742688815738
id3935683,277.70368936758507
id1325206,221.51354028869656
id1775058,178.46386550522564
id0041141,573.4125609895735
id0288522,622.8807568335334
id1527841,509.0078791854105
id0339422,178.44191510850752
id2617136,311.8695171810235
id3805967,411.09018927598316
id0554067,425.965454273484
id0411217,473.34277706053973
id2709069,482.46199502459547
id2661159,292.0439840934707
id2960096,377.39873355154015
id1547878,275.96553370757164
id1629097,359.08183317673524
id0024300,376.988593544092
id2510729,407.81201061777466
id2689405,572.6366744866286
id0714891,411.3027197792709
id2684807,657.5815173140087
id0542663,444.2948853600264
id3049882,636.1181568056066
id1092707,459.77596303060045
id1130328,359.482911890074
id3784575,359.43385920378154
id2618472,204.35696973876009
id3535103,312.13957999081026
id0788279,363.89828513013083
id3400766,379.0708546717867
id2031530,353.80676878163445
id0400285,491.40849532558116
id2710547,521.9989058703982
id1762174,206.30286178163726
id2905123,259.0385995324993
id1648564,330.0923480576578
id0062340,504.53913204231577
id1032306,407.15654209752915
id3711729,295.14194086731965
id0231515,324.63752724571543
id1433653,438.2615998076039
id3434664,398.06806943778184
id3674358,451.83502828731014
id0094005,252.72603201342477
id2979482,217.08215775410986
id0287096,249.58850039545987
id0219070,570.2449832609898
id1033291,337.64515115901037
id0829775,245.05610639327446
id2686835,481.2891266176408
id3346108,307.1576446885206
id3276258,707.7725371033359
id3532377,230.8188982449388
id2553453,297.767158480085
id3981541,353.0424912564796
id0287540,396.2950359582745
id2429437,285.2399303074416
id3926800,312.7267905408998
id3496070,637.0556658819813
id2616380,298.52175005901444
id3134730,645.2141756626776
id2743994,478.85672129477496
id2088888,319.27991697903764
id2631444,668.7085397731234
id0109555,306.38860511271764
id2564704,218.2974319959152
id0774291,498.5699775648946
id0889139,384.30809701416285
id0098739,691.6734484439949
id2618278,332.76173093108065
id0747264,514.3729920016274
id1603435,496.14782356545663
id3408307,464.7457219968361
id0329597,294.49710969597356
id3512292,303.23292408741366
id1629190,487.321282239483
id3407320,222.28518639009744
id1562049,269.1409921369001
id3822289,433.42747332189083
id1527766,234.7430467523971
id0796681,392.5654925593097
id0638235,383.84404888997153
id3478827,531.7858303818131
id3537074,415.75486824550296
id2084864,344.78600842183573
id3956464,415.21205119823225
id3301315,219.72876059002735
id0331936,313.69762607887503
id3512171,367.88318018468533
id0283167,253.33938008695
id2976920,480.7294316894039
id2613462,336.052912499762
id2576585,410.7212717380987
id1150996,390.04545086117446
id3505010,256.01736394426
id0432563,472.6257306771712
id3674087,402.7562220933505
id2577140,357.81890425748793
id2301080,357.14179920357304
id2869967,311.88293149642385
id0248514,389.5321780756636
id0706016,279.292088739553
id1183459,407.6717997845513
id2380963,558.8209552714901
id2275577,410.1393453410143
id1751606,321.7766338977453
id2708996,218.53652326151004
id2462804,263.5404690084486
id0114596,425.6548520389185
id2471090,276.9504638081588
id3861062,330.1545005025478
id3238279,232.8331154895085
id1613333,273.0529881080089
id0695350,457.898032768103
id0983782,430.09781073125595
id0723049,290.26510799052585
id1395489,314.14616696263505
id2907196,271.024525056668
id3151195,261.6827885485217
id2049666,618.7892564549722
id3957518,359.0809247499579
id1211447,383.58695356004387
id1111173,359.6343574719956
id3323234,412.52352168903525
id1412179,273.4560599478758
id0754087,303.5158686839835
id2257679,260.52104296349484
id1569398,416.5243348255207
id1228621,300.95992213585936
id0808160,297.67508966631857
id2262285,295.62050814578424
id0051733,550.7291166687274
id1060981,529.2491666646905
id2473629,226.28917513368734
id2539507,383.6185662229399
id2496475,559.7833566402884
id3249248,403.67432512668273
id0582709,221.05436034465805
id3846433,354.31181341920296
id0273776,428.79961481356577
id2782862,358.0146775799049
id0732657,423.73658391018483
id0986024,333.5179437996577
id2740743,521.7859720510943
id0946386,320.61032753817045
id3128098,185.828148262089
id3270018,387.73301470892983
id2636687,568.947061400139
id2280394,494.28665784067135
id0688037,487.7753997514498
id2641252,266.3262740935155
id3303370,431.969575158515
id1466338,161.9103184617427
id1935541,444.7168395424133
id3264316,573.6147759697253
id0529614,463.4670782380816
id3682429,320.6984459735028
id3666897,306.5363089003804
id0436396,419.9805564056157
id2344680,573.0020690928502
id2848359,357.1622918947038
id3671560,378.11860274557756
id1885266,637.9461529466554
id0121999,357.28577062295267
id3705977,298.7847481285331
id0500855,611.0878676615408
id1047013,380.51056686773416
id1509158,361.04562705134964
id1631779,387.37165334367035
id1378585,525.3186229054096
id2146326,265.6633842667005
id3573412,639.6386794118966
id2454385,368.7287426915794
id2111592,474.34309689306417
id2452519,314.2960494590424
id0304889,275.35239501983057
id2993284,446.95811606699397
id0306076,365.95175128609145
id0662327,424.00001857013643
id3886203,653.3657324184948
id0466374,481.98541274999116
id3723229,327.6348777592528
id1971423,265.3599378750386
id3136946,415.0820179182645
id2832333,296.9093045183188
id2068991,446.78017255336
id0442404,176.86161105595107
id1734807,202.73092207092486
id0621367,727.2788072586882
id1008285,387.86317185562984
id1259951,280.45717812603084
id0518009,339.4390941968724
id2545651,202.73581042046652
id3179019,336.03908831216876
id3098440,319.20972012754606
id2407857,231.7979915735445
id3826210,350.2670008142066
id1276179,592.1774636694842
id0637701,301.4572885724272
id0791392,250.4223770954837
id3446284,448.8009535309569
id0917815,201.2991016954274
id0741525,314.759656297671
id2162644,295.7474339582924
id2873043,314.52879195422764
id2923952,435.65231567482766
id2251229,400.36226996911176
id3431126,478.2684811202383
id0582737,384.440871366147
id1594876,382.4892274911622
id3350029,223.17042430961308
id1694089,421.85921010315917
id1234708,375.9955762670747
id2106360,189.8288489116933
id3537189,334.57077469339055
id3624726,288.58423930175485
id1544662,278.92512935551594
id1804599,315.14188953119077
id3857792,456.14470864145136
id3987535,277.15610723420775
id0739053,310.1897619014019
id1856756,341.2965750333347
id2649948,478.0060490723144
id0661127,267.1092748067241
id3042329,341.3473741340314
id2865173,476.51549956176257
id0610326,538.5278557533908
id3120266,387.7366025999553
id2288857,280.36942356776444
id3327081,442.84426562535657
id3128765,368.9659254264024
id2200381,336.95223424798235
id2379408,493.63990484598025
id0725940,330.424140699752
id0492044,349.83160805765436
id2354933,392.8567989735863
id0168327,459.2738968350365
id1520494,327.3622326106521
id1962502,260.82233904152963
id1620884,568.7015154363455
id2375521,594.44359053138
id1370218,275.82450735508866
id3376614,370.25262690171456
id0685450,251.17333926195946
id3144886,573.9544376919545
id0720681,372.0092531067605
id2024272,429.49384963255113
id2649934,443.7976346212012
id3040463,264.0519439123178
id0513635,262.48137529572773
id3956653,659.1770651337614
id2468947,386.2732778071403
id0977085,333.46910277496676
id0504621,304.42688780184324
id3572075,336.8594119752144
id3836260,631.172706667002
id3680595,408.7733966892876
id1849696,240.9733001069811
id1142062,334.2356576971398
id1842833,522.615251220463
id0724508,336.9333100531112
id1540068,336.21672178621293
id0502220,327.9116268362565
id3333631,321.1911202384658
id2782214,526.8099559102695
id2700085,312.5476362492131
id2154552,198.5256386710678
id0202129,268.9073424067692
id3877067,244.5617567278851
id1231434,573.9297877738744
id0661334,382.95523160440644
id2783662,633.661122101839
id3340674,312.4246448676136
id2682055,399.88137175361925
id0646835,273.14211105959754
id2866769,218.4939807636502
id3985616,453.9900130928039
id3423245,324.3236384004563
id0219033,339.88370550994125
id0937484,293.4124733973444
id0228641,453.98439593497034
id0729613,278.4324431465126
id2773376,303.0549141986383
id3781545,423.98011894884263
id1648267,308.1276258508405
id3054042,454.0945008190941
id1409125,278.8965814249746
id0907797,497.19795253960075
id2786871,394.59609868053457
id3872597,374.35171250702734
id1189990,433.7945193933063
id0363411,405.33609401461473
id2078225,610.729873127997
id0872540,558.8285485555717
id2451396,370.5995043011139
id2456773,244.1645089940634
id1580756,361.49336924827713
id0985641,358.9378915640725
id0730239,309.52352027753534
id1797877,332.66947420192184
id1494526,881.6503112261671
id2553938,323.2370432861329
id3838486,186.1627486514121
id1824855,391.8052257487061
id3836873,305.79805805454106
id2963419,677.7739587938731
id0979389,325.5039964209733
id2305026,586.8081342223416
id0748890,447.5686768744978
id2208178,362.2792643599249
id3460639,325.99083392590387
id3241107,287.143901701255
id3665613,365.68503729253814
id3605515,339.9164596719683
id1653568,342.83784125231375
id2750167,290.5624894943913
id0182278,247.56444899951063
id0693037,539.7420167831949
id0580334,255.0607817438347
id3369082,343.124310215588
id3911237,359.6874792068098
id1085937,599.961766694887
id0716363,308.3617685288062
id2485599,488.89712813222366
id2102301,345.0255354856121
id1484501,375.4684670724566
id3914197,490.6860679406037
id3911544,325.82692978666273
id0535581,473.9653275259117
id3423151,541.1954278805744
id2665528,382.187088594714
id2503913,499.79067158136536
id2390679,292.29358359801455
id0115796,223.8860418510195
id0467393,455.7430150743084
id0774410,267.8938046262086
id2914094,343.65240071376775
id2307231,465.8751365680094
id2652583,918.1925376401118
id2853278,375.0777373161252
id3310427,363.4951130842693
id1719421,305.6894687704564
id2124370,450.7956510488611
id0051223,300.4382384388223
id3677673,529.9584710687477
id0896429,317.5166083030619
id3546514,417.60157792197833
id1485010,305.2634870420647
id2867422,364.2083419719237
id0734229,546.6294567251142
id2915585,509.1104300435053
id2500154,281.3980737710492
id2326207,520.8710224569378
id0384649,484.12199525942475
id0006687,252.00185894543148
id0469500,584.3721351775445
id2459003,345.9758188075934
id1867979,294.7169242211855
id1683262,484.3575984907712
id1702009,242.22264290565386
id0825852,332.04433909552796
id2471572,382.55692618016764
id2459436,464.39634002855877
id2750578,556.0927550994057
id2556410,696.1881870947219
id2685676,337.6375808496977
id3374636,582.0433158480699
id0294869,364.75199605735065
id0318086,576.1046621869167
id0729414,417.6828184852395
id3640460,248.66366366187523
id3644476,405.345538559426
id1846738,407.4100088709167
id3320793,421.8011781717575
id1044733,368.3380512187547
id2080099,401.47008413033905
id0106452,451.1093921734231
id3072001,310.35548325236175
id1911433,324.61941755259807
id2179575,362.23472144980303
id2140530,212.48680794237345
id1245158,317.21030109795737
id2176363,211.5568471022132
id3414121,422.9073700414942
id2687462,387.50210890819005
id0521436,409.28781842047
id2439527,385.9061576350259
id2890342,528.1117428684901
id2278695,260.92879103349907
id3101710,453.66518186277665
id1378329,377.8299289487948
id2605978,306.9166398162339
id1665855,331.00054669322554
id0381243,477.492421884499
id2326331,302.0908871398743
id1894503,480.71700698161425
id1374410,285.1289886061878
id2905820,497.6983288937401
id1351105,550.1246440596492
id3757348,372.6933342752096
id3698114,468.07559473190116
id0679409,323.09520149692963
id0066588,661.2218388438995
id1329960,282.7153755292783
id3311165,388.2742684297945
id0544475,244.5612707678469
id3741795,370.1496248141878
id0127373,308.2064463167963
id1907664,252.87370139578408
id2488951,388.30316639822104
id3903135,527.5922828566795
id3225637,340.3874073860243
id0611332,489.79721132982377
id1003960,476.1031933851554
id3778542,475.6396085363033
id0887749,368.4807595974918
id0743521,423.0024774665049
id2569828,428.34826219040264
id1572139,841.2079852845773
id2368474,375.8420126944451
id3676766,354.6887504954925
id0647033,479.0011654414132
id3263358,259.3506295775856
id0450200,263.2155923736499
id2389752,337.22168569317824
id0799680,389.86112815851067
id2698843,361.68765789117447
id2330568,383.78909779297766
id3266407,661.0276219661171
id1528635,278.6325647667916
id2719130,385.0840105339609
id2049649,317.8172782831122
id3683726,321.53186305517363
id1629604,193.67392449493025
id3412471,192.66996147086743
id1468182,312.5576572365005
id0021897,276.6425440657825
id0977458,199.57315168283037
id0680000,253.76936850348545
id0204985,277.42719781191215
id1482592,318.95196512247475
id3898508,374.7302827664821
id0008130,619.5942881176226
id0619455,416.8202436262918
id1690152,205.35512574243432
id2822276,334.9056945440009
id3306540,468.0476868370218
id1126344,521.1023570541114
id3825366,296.3349030340684
id2834564,279.4937060869764
id0850936,505.13016624952667
id3938021,540.8922886080895
id2918707,340.70537600479093
id2466131,281.5909957289882
id0515360,369.52837254183197
id0562819,689.2785784591696
id1288168,451.30730256982304
id1213774,393.32046692035004
id1368366,338.6245020839038
id2685044,547.7721292482591
id3552657,351.08721913514154
id1281102,541.8790435071637
id3027814,330.24776428541264
id0048548,407.8886176109944
id1591881,310.88266351261905
id1323928,237.04051722855525
id0602827,655.9530904623571
id0973765,352.9826309717153
id1850480,267.8879894994317
id0002170,289.3156179544887
id2133776,348.5126660463419
id3517630,335.7347323487298
id1857246,421.7992576286088
id2738877,366.54371079543915
id0157142,327.9146020091639
id3717854,519.8284123673245
id0844505,286.3268810885823
id0408537,443.6978467831259
id2386211,390.1261751224484
id0987544,464.9050793847937
id2032343,307.8500959417148
id3230323,384.69094433606546
id0532454,266.9773321611642
id1742872,340.8258274323477
id1233158,306.6462650485796
id0847124,339.0540171229273
id0580115,397.6259057731921
id0898774,392.2393368536937
id2783079,602.630274462056
id3120543,319.3094143265748
id1649612,391.20260105675635
id0844165,365.9158797470338
id2176056,378.233209066001
id3623937,522.55711407124
id3312145,339.1017909183559
id1571503,525.713821421856
id3571938,436.1978145769475
id1935447,418.58099860360755
id1536184,225.2789992520508
id1543572,371.7558913676425
id1976575,434.9218583528962
id2885344,349.86693027142
id3134193,477.1259085442887
id3458551,336.53644270373906
id0414379,288.73493358299595
id2016837,331.11753005753303
id0559429,255.47779017552136
id1328833,260.9714637074385
id3967829,369.10303560381305
id2360177,427.276898569705
id1404391,467.00771068673157
id3294103,689.9951722229089
id2966306,443.6020010160393
id3846195,370.88209850166527
id2738611,465.78571240785067
id0038764,437.07044752849293
id1500187,516.0397005480893
id1737633,573.6634685871603
id3807561,319.2871139032346
id3734684,429.9466048865195
id0814104,607.6878032587725
id1482348,346.50872370031806
id1821958,531.4051919746428
id1499211,443.49158762764824
id1757886,441.26461066843456
id3996312,374.72071963067015
id0544990,429.39295340426054
id0763854,589.1404790598467
id3259420,865.3091638794351
id0267667,306.82663699170416
id3515227,467.8523631787735
id3034826,642.9400371100423
id0978946,410.24563246539407
id1931188,558.7861174088365
id0921111,274.4006872554436
id3517106,439.91392052976477
id0527119,584.4177307809671
id2977620,426.93011498040516
id2854832,412.2895213155805
id3253474,395.2823224682098
id3918731,522.6020666538734
id1844102,585.0269533331771
id1772143,371.9756898669692
id0940240,328.9373012168137
id0817065,356.39591650716056
id0273535,329.17658697963464
id2057782,369.5346568066901
id2559901,596.1537613832668
id1984784,418.0910189285751
id2402743,517.9320837256445
id3506194,384.45589302854705
id2827173,308.7807348619166
id1649451,270.3797176544726
id3480246,533.4817156736999
id1054785,328.37917963789806
id0082691,643.7615931436219
id0178115,442.6318758319603
id3835485,537.824210393658
id1143955,342.4478477844591
id3007187,545.5728596898875
id2155571,491.322766475634
id3801506,216.84214130178216
id2468173,343.3364306027274
id3083570,407.1759156162832
id0062716,598.4360670815812
id0286787,287.5445307803292
id3253621,261.1727067341734
id3572306,383.4644701247253
id2303102,464.42810384296473
id2558756,340.47147087088734
id3600987,409.3471069701052
id0900527,503.84062672059207
id1139448,208.42326409664298
id3852876,697.4213906240625
id1332060,489.27172154690993
id1091011,329.49387501801334
id0460671,381.6997129437704
id3868326,375.2628491918786
id2787324,359.7597170848381
id0088516,459.36720379720305
id1556610,239.57879796737967
id0637245,609.7829852974039
id0682302,423.6713577032626
id0475701,475.97399241622486
id1686329,198.2331695795745
id3497905,607.4560548883718
id0214296,711.5223070539981
id1851544,321.08607480591564
id3500410,353.55401339828455
id0608660,488.86944573633167
id1612288,231.12566909720042
id0023133,435.7395725651936
id1604415,488.70561928003127
id3171385,571.0278197710817
id2503750,325.6822894440543
id2968763,406.6032505300099
id3310165,380.9282490379538
id0944673,697.0021554048836
id1469440,358.62084179332805
id3611386,271.0349951150658
id2236504,678.0187974753987
id1268074,394.03682806387513
id1164921,311.9448952547274
id3934237,418.3445521780349
id2752417,566.653218842406
id2891771,308.15290683277095
id0875747,388.609163881352
id0385099,474.0004013788846
id2468768,327.3416222591652
id3781761,258.7597321281152
id3781157,431.1655107355081
id3715730,328.8473654008047
id3146207,320.7676777678949
id0705937,267.77305949667505
id3547493,466.6824003667414
id3713091,573.9516157011551
id2987595,264.58209847930334
id1580141,387.51501289616795
id2969579,626.8012228929664
id2436585,391.7465312646036
id1260461,444.77897071527883
id1367097,401.2772168242966
id0764594,598.6885845545162
id3677695,442.5834527579477
id1605173,286.14124777740096
id2062037,416.70760031342445
id3504065,448.8140616709116
id2986856,441.0534850786545
id0921905,276.06517048293813
id2456996,259.3342064447918
id1058817,602.2545096590621
id0266680,395.69002930291373
id1650843,592.871511600532
id3031548,345.5613165369446
id0061213,514.4640545284568
id2988372,438.2864916518646
id1075414,318.52774529799234
id0512766,418.27414769179535
id0627318,484.49521075069373
id1102567,417.18247239651316
id2467518,237.303899171169
id3343704,377.1378534399022
id2340041,675.4045518286323
id0522254,324.07264967785136
id2409714,480.8018278656688
id0840564,389.28059619211155
id2278506,377.55122124202944
id3358772,410.9188287579881
id3691174,359.73514268693265
id0298831,494.9146415592566
id1951319,337.2013721323275
id1146869,350.82431690947436
id2392349,487.8216590339293
id3262522,458.42950123157635
id0008821,506.44973182483506
id3785974,284.3975002592796
id3154427,276.89691161541685
id1191830,539.6078635984396
id2462404,429.57055231109314
id0215164,453.1194834120632
id3389751,345.1100767027962
id2681592,321.6126290523582
id3654396,422.41376959792564
id2877424,518.5584490318919
id3550711,521.5183121445422
id0424812,343.4647433239902
id0568337,309.8135491019243
id0233991,337.2991414665738
id1797120,402.20009927756684
id3888956,317.7821405841845
id0440627,587.6172115333429
id1825061,330.4683042483811
id1214516,469.73689430678127
id3919491,470.38659231057375
id0985822,361.6757342028842
id3407904,409.3002495000501
id2323493,506.6756495115937
id3502328,393.2829177632518
id0103561,430.6766711682712
id0269863,563.355106588328
id2168577,461.31405347371066
id1219746,233.07284968277605
id2416243,386.7577254191943
id0040428,578.6610191934308
id2311391,781.0483483106475
id3940163,322.07003634856886
id3620861,360.14249310127207
id2798743,482.29293276564823
id1439749,324.915636254536
id0266312,313.60106469603585
id1156528,508.57355180768695
id2751511,618.8963732600683
id1427259,520.9914774572228
id3717768,442.03473818167134
id0319927,431.22327325297124
id3210920,337.30663824706505
id1886647,605.0809129011865
id3492519,529.4730630994438
id2795648,406.2757131041484
id2841884,255.39290433799027
id3838041,342.15578336732466
id2713401,314.88619553734384
id1527761,356.09433375865973
id1273852,227.79039396147556
id1097919,295.5145938032335
id1644356,500.7591845535832
id0399387,316.4569183570485
id2537162,300.5984878796023
id1057577,376.36070959537835
id2891030,393.46318641237934
id2853240,496.5527464309706
id1156277,259.4503525967132
id2726572,422.8871356938721
id2682431,533.2922996925455
id3827890,397.47184827164943
id1652144,995.5174508703223
id2057287,604.320051149602
id0390856,239.07379784417626
id0410215,543.2150970914538
id2447917,502.9825891114427
id1891573,674.0314668530032
id1668095,296.91603199740587
id2965705,396.48962301206916
id3320084,427.17198425517904
id2467865,627.0031714744986
id3953130,475.7406467729745
id3207036,667.7496844025312
id1743291,271.76149266584366
id0256843,454.094153123856
id0741454,543.2059638175841
id0798321,553.4167733834029
id2874994,270.6999272572391
id3810264,298.98721705926
id3230302,480.19978325898273
id0602587,423.27283646968186
id1345128,338.3211174088901
id2078837,499.3946426092767
id3037102,385.355284979954
id1797269,347.73791706304684
id0936794,471.70797816713593
id1058185,396.9984751051207
id2556965,384.12654528260754
id2192511,353.4786709962187
id2403652,486.9748331463096
id1828753,496.0627123934904
id0937942,396.93371550165034
id0212899,380.00806196918097
id3952156,500.2740354366524
id3998567,593.0837614529655
id1943329,336.9251416177272
id0015059,284.85259589983025
id0275809,176.56237032105759
id2398089,544.7104330595057
id3527157,282.6859767589619
id3305921,420.13600097427536
id3656221,294.23999587691213
id1073277,615.9949837932915
id1216543,458.17663966857197
id3742956,432.3241453704626
id2633788,746.4119590501049
id2261676,364.63402879084344
id0255100,452.0337258155919
id1531299,532.5838326331291
id0630206,531.7963779508957
id2702678,331.9926916440798
id0263203,517.8663555612513
id3834193,364.17261348760195
id1930767,416.0404029448718
id3846053,305.9612216554864
id0212754,204.96849509927114
id3959977,605.3136705815192
id1713929,529.2419840958845
id0218165,425.74020153225956
id3881237,294.3606480830588
id3294801,306.4984378341761
id0885486,456.5986450422665
id3649226,343.5941695513316
id2088684,390.81579215047765
id2062015,344.7658249166736
id1487845,597.7539124572459
id0101272,378.2141388367082
id0241970,451.41670068070323
id3459997,253.79434826442963
id2734123,435.23835056097556
id0979540,359.332173219292
id1460086,366.64731959604705
id1157958,527.0673998748291
id1296830,297.85204659524305
id1758197,614.0120242685417
id2798474,279.19801177900655
id1606658,363.62811301990985
id2532021,416.54883960050023
id1930546,399.6495148403656
id2647944,293.96700373001096
id1340785,231.62553042549007
id2645772,585.763626622728
id1454568,441.90175824366463
id0976561,476.6415665323997
id0029760,340.4763127105631
id0661043,563.8514906009999
id3184089,359.0779329606887
id1912185,432.68873356424206
id2538148,682.952500753028
id1308138,381.1424515257212
id0075929,287.0170505166643
id3570045,259.06846892209666
id3394993,668.3244635195618
id1532356,265.0469156091662
id2110393,353.77536627736356
id1379309,466.76925706855496
id3188624,286.6206482203253
id0565225,748.2898582824688
id0328999,522.7844695589214
id2799056,409.59994108786117
id1670218,304.24091673183824
id1696539,346.46699417689865
id2793708,315.6684906457491
id2322945,481.27887125187846
id2206050,222.87320418634806
id3190499,452.2769873314127
id3320949,276.9266507930482
id1598334,332.8997434113763
id3314971,362.21367283777244
id3479178,686.9547863004499
id0896123,206.3315929175316
id2528519,252.3638557957996
id1466939,472.8706621369212
id3996623,388.9325977367565
id1104405,265.7959831346985
id3689394,285.8486319782847
id0179860,183.66257273824297
id1101302,366.7624350025055
id1304888,330.2818630413826
id0080359,367.0183686386828
id1209643,457.6458115620083
id1173225,442.26294334425074
id3210266,478.73110431295606
id0948959,449.68009148226747
id2359331,567.9070355628878
id2991575,295.8193266271029
id2494908,399.13389240630147
id3486502,524.4547120039952
id3934187,685.3959580788924
id2966355,309.53540956795393
id0146070,421.24393830033137
id2619737,378.95742907747456
id0455110,623.3825591235051
id2512305,729.412257196139
id1797845,407.2031308638621
id0377720,401.63783283536856
id2941684,378.93966304232526
id3546179,258.21289846079316
id1494896,152.71303460465128
id2455263,387.7282045230008
id0190222,467.46924446112314
id1592723,359.46608621896445
id3910873,384.7538525488644
id0776788,317.89009715180043
id1341957,499.4261544501617
id0965984,373.5897326439461
id1429731,350.553252906756
id1303041,277.0074200220965
id2143305,362.9592769891416
id0591614,359.49921052460286
id2055136,315.8169441735189
id0658266,311.7538755849072
id2276803,399.125117961231
id3213263,390.0313775406004
id1790153,392.37686679064336
id3416576,450.2955887811122
id2752233,330.333351472818
id2241915,454.0386236755104
id2189759,277.08208427059924
id1445409,458.74844745221293
id3740903,330.67830765464277
id1328179,539.4540900846212
id3964853,471.97429546866437
id3302350,416.24385225966097
id3303310,550.6240165119063
id3560095,346.9390692276145
id0273737,386.1864465370874
id1905116,508.97241776348454
id2987944,409.90942589754326
id3714041,479.6192638362537
id1474712,212.3306209411352
id0274437,662.631932844546
id2685341,352.9537929342631
id1038405,508.7794693264751
id3718127,433.7666265340592
id0592999,542.1187081907998
id1943443,268.47936431655995
id2040317,394.2913310436176
id2878595,349.0304847187195
id2038732,363.8945184293532
id2612523,561.9168566861642
id2132581,212.53186487458072
id3136373,361.07631631752383
id1726648,701.3966725498908
id2788555,415.35627579268606
id0669405,376.49430706337915
id0896645,274.98708815269634
id2266351,356.3746823662324
id1516442,425.20822627129155
id1664863,345.43728429147575
id0432651,330.7146777051399
id2174677,492.28340481043824
id0176442,556.5984016918876
id3526819,353.7109384713197
id0036395,590.5865979584491
id1229262,356.51107346844236
id1763235,911.718008610107
id2644939,564.8925573642902
id1451253,854.3850643337411
id2633715,413.7160256475057
id0820255,283.49088979953524
id3260809,508.789676772237
id0698395,441.44249229225665
id3436495,477.81464651412904
id3046830,479.24586490442647
id2631665,368.31501188971293
id1297319,547.5940216162317
id1879901,624.5873785448077
id1167794,368.19128264903554
id1969643,558.3404771786691
id0914364,475.495702651009
id2582024,381.7818927479046
id1538827,413.96354907584805
id3092297,466.0993733765471
id1635764,376.80954340164664
id0675401,469.31635791412265
id3365658,515.0960649301877
id3720370,500.98504503418127
id2389078,848.0414330699986
id0565257,528.0420295471396
id2526148,407.840824571953
id0822274,419.1391724256853
id0101424,44.92375420124243
id2741205,635.177700097859
id3024231,665.1849540520624
id2044076,611.4003047343988
id1571117,224.6187054975803
id2593230,529.4879221939797
id2879576,424.91014962099445
id3919839,343.82657141488943
id0798652,705.6537121991815
id3450571,306.42102059895205
id1624750,534.7844408985958
id2326833,345.617632175802
id1858711,563.6982355604861
id2640086,457.6048468617751
id1485327,473.2171253302131
id2527034,624.7532405961751
id3092541,432.4019386407106
id1012709,367.7899995347494
id3745358,414.482307480552
id0119090,313.41616113564874
id2574136,352.5277444702892
id2575821,383.02810900754093
id0061226,530.4075473042087
id1274065,723.511470284765
id1863575,432.1837794650453
id2049299,543.9140765486596
id3768133,602.9533399538785
id1614094,504.1755125561942
id0900611,451.4122962770739
id1895400,303.1617877966558
id3376462,503.1969081817687
id1549227,313.9080840476313
id3864404,557.7614300893123
id2017635,347.60383952096697
id1418751,179.3429212293002
id2573482,513.422661376887
id3053269,287.17453267799175
id2549010,486.9197477019377
id0713538,296.3461066404461
id1250112,398.2355479846735
id2384121,491.4672880020541
id2803191,685.9163510246188
id1651799,320.01265181430443
id2058582,699.5411297336318
id1234217,758.4384712094817
id2829953,430.13388043423134
id3943145,393.91866751853195
id3487354,597.7986837116956
id1591866,529.9660059443477
id3849051,510.03241246149224
id3444932,386.7024719010691
id0318948,549.1002615049472
id1183139,260.51229009361305
id0769147,319.1187586086732
id0725215,650.7887664466762
id3202865,593.8067665248811
id1338342,356.1552849239531
id3014806,290.07029680875934
id3102333,319.02425610905937
id1153125,495.65799640065256
id3872975,438.37855827182506
id3125358,541.7779286177139
id2261025,704.2732767923525
id1644037,374.145079212305
id3381563,146.04888556771704
id3704397,383.31543536479984
id2879307,254.0638903946008
id3733088,319.9389297358957
id3781933,444.492385410135
id1392437,209.78507873933796
id2924798,529.8225354314544
id1734314,313.9886354789993
id0202335,390.1944155617493
id3187184,288.9164822833914
id3236726,433.400191107325
id1210808,637.4342973812917
id1671870,397.8722059853127
id0113400,489.7041014911335
id3353748,516.5510852182341
id1509594,389.9731654713536
id3661241,434.7490754910845
id1465002,308.37380957777
id2728296,388.43055414308094
id3229101,448.4980746278096
id2244700,355.2278230507053
id3162049,424.0707430459218
id2276488,408.7329467653507
id0136850,378.82855739127643
id1476399,533.6774875746864
id3151855,448.7645624085308
id1504150,558.3000361638076
id0470813,470.3680777222601
id0614281,338.45132063564705
id2122516,351.3241767111381
id3073814,378.3130078025674
id0937871,700.5594433024165
id1942228,589.6900962554636
id2265165,538.6953792873684
id3132395,393.88518517920926
id1766494,487.10112675798433
id0434642,376.0286752213893
id0831800,220.80923868937654
id3476691,490.53338300811623
id0574369,324.2240767127305
id1920910,631.7362068425485
id1962995,344.2229747558051
id2329191,398.467006703649
id1652623,564.4259453168714
id1909475,388.6147555986248
id0814462,435.8793090832092
id2914396,395.31039873243776
id1860448,602.1849290519742
id3337372,657.096773476142
id3481977,262.07184969518613
id2242384,543.4240108179537
id3315919,397.79096793087723
id1018861,512.7539390821657
id0102456,382.27158650900674
id2838655,248.85877324814382
id1913073,428.2289796192313
id1051070,503.4541515286489
id2100590,457.190659987489
id1862623,393.7697049683757
id0520952,515.3218608424073
id3809217,395.79797352640696
id0463969,526.0217387647336
id2796648,564.507343217144
id3489870,578.6669572398316
id3283962,237.3133878089494
id0253570,287.66631406911375
id1105575,356.6654162055039
id2847471,547.1084575686677
id1088856,433.0215205211716
id1141651,590.9887101243833
id2842595,419.00085144521756
id3468323,1179.4854939035217
id3693442,548.9231191018521
id3516302,464.3943533181408
id2351321,549.7547772218214
id3848193,303.27791430034586
id0751046,525.5719025233593
id2271528,362.3906955203828
id1147464,549.9043288732828
id1244454,290.4140098214478
id2689946,278.7044642140491
id2314110,306.6712979936499
id0270091,663.5729537376566
id3088400,316.87207003942603
id2627247,404.6826359341418
id2089382,322.9286390628753
id0992881,489.80945418676066
id1752788,348.7515478253994
id2460502,498.91406509742444
id3768714,508.73537000391053
id1375769,220.5584496904281
id1055781,469.5937146009131
id1110652,414.7001953878187
id3186054,455.3171738295107
id2768800,375.761618685782
id3675990,445.9382502279266
id0174161,620.3475910221085
id2233288,286.47570203452506
id0483766,354.0531378465791
id3094222,411.40017607727646
id1663815,352.84712395561786
id1404710,353.20309273290655
id0888560,460.7636136031737
id0341561,192.7663867378688
id2150204,293.77025832620893
id3571068,448.4211872675613
id1725430,413.20191843728225
id3725477,387.74195059833
id2378805,336.15782461045177
id3908989,629.2709088619292
id2405367,355.4306413000967
id2862651,458.1082544919884
id2942843,439.05682336055213
id1263315,419.93465270255456
id1894910,304.7274963454469
id0428076,238.52893402435583
id1761455,380.7675645973851
id2276652,492.0884761748012
id1163182,351.2787255896649
id3253139,444.1297946413199
id1239385,317.11000881189443
id3859485,498.8776540719165
id1893235,268.803885920976
id1046534,322.27819200264787
id0355530,382.6552936110528
id2875142,444.38818430992563
id1348997,163.05608092108497
id0364104,474.57687048737927
id1912253,340.3545501199461
id0848910,427.48488582949653
id3134505,527.0825654520182
id1035508,602.8122096522818
id3703142,599.9167068800464
id2870974,485.3226421491036
id3861245,541.7473508199943
id1773007,415.6534195219161
id3379660,422.64381205364845
id1785164,356.1443368324721
id0299591,300.72320252889966
id1463342,327.93709124286954
id1228453,293.64745314987226
id2619499,629.1962494229746
id3259361,178.6390875655719
id1582266,375.68878451506345
id1724385,470.6916160347843
id2283166,257.19132303689315
id2427412,308.7963862356317
id1721860,378.0650651699045
id2049478,457.34393799974066
id0082297,334.5522684030195
id0927698,342.11264312103197
id0984063,430.98171896820907
id0089251,282.101722995726
id1647191,430.95148910839725
id3258508,350.7306561524647
id1735950,582.9715815984098
id1769479,323.05996030104535
id3754397,791.9449845501082
id0684782,435.98084182196925
id1471926,554.1114689838017
id0301461,426.4174400421121
id0946505,299.18747541302054
id3133397,545.2586938968618
id2044650,601.8835254900381
id1715228,358.0382513268911
id0188780,517.5471840035809
id0075084,432.365196294957
id2843043,470.7047322844013
id3541800,476.34226911407535
id1594122,384.45015447073735
id3173377,407.32392777377993
id0550601,559.1721602451669
id1469088,366.07159014975383
id2335833,566.7418300604403
id1091346,274.9105532482494
id1038856,261.37080652633745
id3194309,669.6445389441793
id0407392,636.5052028411185
id2080919,491.4771114225906
id1310172,341.34129580445534
id2709451,436.0700677418497
id2675265,457.6036806556084
id0184295,862.7724990988004
id1692942,448.0277608595016
id2537265,441.5575112231031
id1874021,376.1146379629937
id2399490,308.8378567501776
id1878425,361.27458003551794
id0535148,354.14790784280825
id0138081,493.6826292456007
id0457265,376.34126161511625
id3405128,613.0902913679766
id3512897,396.9123408110573
id3538916,364.36362390210155
id0170608,295.83194351285124
id0578297,431.3178574067954
id2720233,319.5672038314189
id2810729,709.3899486463316
id3745545,221.72619046019227
id2562145,237.39482197545414
id3858197,599.6555643639966
id3021780,566.2388251710074
id0770983,337.81584136761967
id0709385,383.1143587919466
id2288386,472.30321116356754
id1065956,340.5445799362625
id3028166,373.9941885861986
id3312707,399.9544897237953
id1484000,343.5155701837144
id2462457,352.07548084334155
id1261608,336.2579944862831
id3920424,368.3336691267961
id1988900,349.587127522748
id1797720,326.4292857714095
id1093986,298.9462758697882
id2319156,597.8831338587087
id2241434,449.11265842047817
id2504775,407.20865666824756
id0925439,473.17903775846366
id2665613,285.78270999673384
id2039442,488.14602172494426
id3539313,327.1505171516216
id2502741,436.19839421957147
id2235319,418.94626712276454
id3289585,469.52850702641354
id0842954,328.7943205399103
id1285651,441.85709094475015
id0250057,485.4470628415872
id2169487,374.1987852749476
id0237465,372.2822771984902
id0223844,261.33498475192357
id1196204,766.6899590523552
id3671333,388.637054336976
id1426939,514.4773684818671
id1086566,276.9736183532924
id0945109,740.2218535916702
id1956162,476.52552953285976
id2445562,184.58186329092325
id2476406,505.847862847043
id1826910,645.4955433031954
id0811036,408.73248823881056
id2398448,393.0302138308514
id1400784,309.76256034260894
id0029906,648.3649951978816
id3391624,251.73276589578202
id0013906,321.12537660173655
id1589268,275.5853060027825
id1815820,523.5993187318838
id1914767,338.7300088660713
id3417928,326.1425840367136
id2350270,293.87526409397975
id2962993,603.4187869323888
id3506172,428.5713963595978
id3167636,334.21073267219526
id3590748,497.7402286321338
id1753511,500.85286925191366
id1092578,478.39868623430544
id2546857,566.1279678895206
id3300513,507.0280792362259
id0729539,391.9011092271561
id2040889,310.1321778300736
id3413690,620.8213161732166
id1993078,367.2258154992612
id3847293,243.5752995166612
id2805646,343.6787712791888
id3977657,323.836278934154
id1243464,450.83196111829557
id2096127,518.5054388868608
id0988035,409.2360872668432
id1503951,304.15315177704485
id3189470,398.38232769570857
id3711168,364.8080989535401
id0824210,424.19063668787163
id2803079,346.29935338108874
id2715897,336.1476783784846
id1936723,473.8424302235526
id3413641,423.84332803804244
id0713533,446.7357626088765
id1955364,537.6223607299818
id1209296,241.58848238960107
id1987797,297.8343253018641
id0704772,236.40124044127705
id1428590,343.42613103111125
id2274438,372.4412846818847
id0575637,374.2849301660502
id2994282,254.5939777788901
id1977017,377.9602319368278
id3781340,423.2704563484799
id3396961,489.49674093665107
id1271768,370.7545161091355
id3271181,425.37182249372216
id2256432,510.8837197651297
id2805076,325.1895708987503
id1055881,445.3965596831048
id2779189,756.3561072332438
id2174172,432.5309395232864
id2042385,394.70336464060324
id1562941,394.7265204628955
id2939340,571.6437410430759
id0359182,306.561981414968
id3268036,284.9945771948682
id3497948,565.8457355619238
id0407130,685.4533267226932
id1447647,248.44512887214972
id2943682,449.9050865910926
id1315989,575.7159901209304
id0619673,463.0750827643001
id3383739,480.68076726300825
id0953099,547.7274181919756
id0007896,344.8166390588415
id0581069,382.07121322342766
id3328487,489.51052749886605
id2698412,524.4208821348125
id1210332,254.50205766606143
id1880806,538.4027061127633
id1329845,568.8069889536363
id2243551,314.55073725526745
id1673195,462.33551879699
id0204024,290.56678549834464
id1053475,488.2851801774607
id1647344,261.7421248757244
id3565400,499.29681968073453
id2510126,711.9565851128443
id1804681,294.49939532097295
id1706223,222.3975772176915
id2663357,439.4636300044278
id1070176,452.6554159983665
id3891322,389.47772000572337
id1770003,435.90597991249746
id1992428,469.77330845767915
id0169599,607.7855363041185
id3842641,450.52346859852935
id0676595,415.40205806395915
id1204994,386.2133564783318
id2828754,380.6973024240804
id3916976,404.9468717631831
id2377243,233.93616616317593
id3802175,676.5545767003449
id0381928,509.52071882749175
id1881649,302.8497112539614
id0851799,439.9338441793748
id0153422,472.7501755912166
id2857349,371.08642234683776
id0341307,651.37065923843
id3696784,500.78711549736164
id3561004,437.6164524513575
id3174206,525.3880710965178
id0382033,425.0587467876604
id1951075,549.4017205550344
id1807445,430.70457496008834
id3070505,490.78933037465663
id2342391,432.18354747253863
id1698194,494.5508827228399
id3848697,332.2704233133477
id3122135,420.36248631997694
id2483971,300.00942254198554
id1819068,448.4989428690464
id0057681,426.0137044479868
id1331341,189.4600805794812
id2424583,441.04694953702386
id3312761,520.0366274239856
id3390559,540.6583626558133
id2937259,469.6176111599109
id3767891,397.8615344696184
id0919605,326.59204978929455
id2391975,260.4209715288353
id1557871,327.08482747489217
id2422416,475.1347708940716
id0742744,374.8757653266435
id1242331,166.6376079214014
id3847079,561.7077268443567
id3571088,386.02454296645203
id0701755,349.7244091427183
id1861026,438.74396664160633
id2532824,406.22180366247335
id1800814,444.637898151871
id3091331,302.326970339694
id1524779,506.6612567718833
id0257154,321.1850362992498
id0731554,382.5060492741607
id0239328,460.5550779327688
id2881897,405.9497340907361
id2719531,415.8852917282092
id3811092,339.67132202925245
id1692593,410.1231089854205
id0659071,335.68921872879974
id3532369,307.05211807186635
id1529409,295.3541344445566
id2302464,299.76019801825015
id2085528,203.25263968563763
id0843480,456.69074905453965
id2770848,433.6184896486593
id2763620,802.6065398675394
id2929941,421.65743893326515
id0302719,400.36372140958815
id2486604,398.55141825091056
id2579235,337.50916570967604
id2457130,492.96781230313206
id3102241,451.2444111178199
id0397916,393.9159133539837
id1181747,409.1542214087593
id1626569,317.95237193396014
id1670074,535.8986936109692
id2567777,269.3298744159526
id3753614,358.4359995138409
id3145858,261.36078221324425
id3627256,391.9177380459925
id1991304,149.9862638162674
id2163751,463.1755833239386
id3736774,724.0364364627743
id1215691,448.1668316142826
id0957951,443.7750258927559
id2905418,463.1368571832331
id0733132,365.0077078427184
id3826122,473.4495110428568
id1636880,340.02059491335865
id0762389,470.32972599182096
id0195180,624.5751161974662
id3929900,457.2331324779934
id0531682,284.1690810824804
id1455386,456.2668914910583
id1833479,516.7875323805523
id1629090,214.13039124264643
id3238389,263.64500820881784
id2435340,240.4593771957726
id2133719,589.2727264705221
id3411927,501.0743866890618
id2443821,286.2598262182931
id3344844,444.61763929842715
id1955540,365.86027906580745
id3228357,270.2205158679844
id1215934,322.979631521943
id1242475,452.02541100574814
id0908273,287.60589430658746
id3604135,198.21699809494254
id1479667,306.6461823919063
id0840923,472.3254956991747
id2221178,455.0837138728856
id0904130,590.7959639752495
id1019224,380.5574518188315
id1543598,483.5409827309322
id1796240,308.61334642208095
id0378028,965.9499123635161
id3348796,230.94976017447425
id2504421,469.8947771802654
id1655868,583.0308136656628
id2339089,497.3471008477084
id0196886,517.4357739678929
id0652672,423.02518634803596
id1368158,499.22173421626036
id3314734,401.38840638291094
id0271229,555.7264426500025
id2033111,370.8399558296626
id3878003,509.77087364597617
id0545358,475.33688720978654
id2677931,325.2577447695935
id0854721,203.38052496442023
id2181068,514.7425739442092
id1499335,283.72302753289694
id2279003,373.9760354476709
id1194817,462.4973024653479
id2951873,668.3570058408037
id3838973,502.3395716046766
id0187562,513.6801239020525
id3023239,454.60587052720194
id2728419,191.70402222479933
id0699135,261.03147081017903
id3384456,451.2294528089534
id3859754,420.26707093424386
id1336954,434.2357851262133
id2070699,501.3852724071864
id3512516,330.40210706301457
id1756474,628.2502941905036
id3140523,422.64992265582777
id3046002,194.124910900053
id3573976,490.29095276258283
id3192532,454.8171349864778
id2255483,669.0397847100568
id1739062,648.8934078492669
id3509622,348.69714645903093
id1281014,258.20917032466326
id2286076,479.7773521753704
id1545572,361.2691353082819
id1103382,268.7313678194449
id0077790,437.60040427538564
id0332149,314.56930496754205
id1687148,537.836287401285
id3457512,255.91821535143004
id2988713,444.6356815472448
id3070832,300.8410382124786
id1842882,385.0665609616282
id0108626,498.75520861533573
id0892187,377.411846861306
id0179248,693.5341121898808
id3896037,572.1685241353198
id2397349,512.2720157454056
id2604903,505.3905580274728
id2664324,340.94423827983917
id2033416,477.5238507265803
id0967587,487.7801555698726
id1108151,340.25873736239396
id1977967,386.8171343708958
id1518097,276.9984173250255
id1387532,537.5879116807286
id1824937,393.312093083004
id2174146,399.7515255888894
id3625602,432.98313923179506
id1386561,255.42291580318914
id2010443,612.3455977151
id1683016,368.35544797389207
id3100779,372.52831646965075
id3062770,465.1391911729613
id3967485,321.3688881057641
id1896174,459.45037655803725
id3459664,317.27496575055557
id2493994,519.3765887431513
id1569528,633.8266013068859
id3783979,278.34049627773857
id3498988,513.4103602181134
id0172824,524.1668352495016
id1714373,344.80596295101236
id2767583,448.63730404564325
id0597323,368.2027691707675
id1750490,545.5032808699648
id3553273,397.369854172677
id0476614,319.199359762692
id0445300,434.67940574013596
id3195244,469.4926123448988
id0383226,509.89313612159117
id0700060,437.35549855748474
id3788081,262.4714607066827
id0817261,278.4349752555569
id0956207,357.6907661748093
id2901209,807.369922932372
id3086912,376.1286150621116
id2338490,275.0496977745955
id0460859,399.97456680903986
id1935684,353.61958824870686
id0576726,304.1990886687418
id3118885,413.4225352689713
id1844986,359.32386932321356
id2237703,265.6080553093202
id2995839,397.6761676445166
id3839431,438.20186160247846
id3416976,229.15070879935635
id2026189,421.60126164210436
id1817743,457.36539008810996
id3727731,389.9255797758335
id2576483,327.7684125659663
id3710077,270.72663774984915
id2601297,446.7823004219548
id3030298,653.2375598317049
id3832580,200.3541587557504
id2346989,542.147770908188
id1401428,586.2768679901043
id2627021,254.00832607798128
id1669789,436.2269320346783
id1581249,304.7074505186043
id2005568,451.412900462417
id3074402,263.5166312879286
id1535226,129.0903078800337
id0448427,290.8340528523053
id3364571,303.3932139173774
id2046648,265.6746310230706
id3648279,653.6358108852007
id2650597,342.50640335720504
id0610965,533.8901933928837
id1945448,419.67344615110346
id3370404,421.07406946419144
id1065473,499.16835312625517
id3945501,379.8475790152265
id0915928,454.63278366411225
id2807635,445.30613706114366
id3611701,382.28001565623157
id2105393,397.346978861224
id0360766,553.4493957207056
id2244620,351.90805151798327
id3859092,619.6973808129129
id1949908,365.82765191739753
id1395301,466.64414209578115
id3205400,481.74598539964677
id1912869,188.19911804951602
id3028494,351.0778401687431
id0037325,338.69140632400865
id1382816,438.484842471082
id3724744,519.2491160182126
id2986006,510.33809581006926
id0830472,407.42748748949356
id0938042,423.40503342777646
id0128909,341.79269780201184
id0230956,580.1443424702273
id2147463,503.04151837711834
id3366636,449.9880643754443
id3421353,446.0296631419144
id0963085,610.6756419979549
id0999065,283.9738806983753
id0692901,379.25813867954116
id2682195,448.1916126399584
id1226571,375.661314274319
id0814571,362.288608808809
id0044133,473.9566491916321
id3969030,493.7293590647152
id2859273,554.6161595508415
id1111911,413.37551408028094
id3384437,468.5855176019114
id1136926,304.5682847600703
id0020537,785.2768734689212
id1621835,701.0710817079832
id2965584,237.06373721656527
id0599515,455.9591794919481
id0465299,444.56960507585376
id3362541,289.36936623356377
id1109053,401.67906055881195
id3286637,169.47250921047683
id3520931,378.9962393310484
id2847607,415.8633576527263
id1444973,391.76437660988574
id0751116,447.383655959373
id1564762,440.8846645195242
id3313487,215.50680544571014
id2053601,240.1667212558541
id3238563,466.6509145816038
id0894740,423.64599400493665
id3993886,403.91003107443737
id3131760,226.26380709085572
id2824641,467.9302217540403
id0216817,303.53886833007806
id1991034,428.7809927528437
id1306231,382.50182549033246
id2520380,531.6755250660118
id2455365,392.00796319935637
id0778683,375.18054195813465
id2657214,505.5278811316823
id1596724,266.750609366108
id0146425,287.4540037254974
id3260885,394.70486702273365
id0972289,287.03887188233955
id2908894,245.22207210548186
id3965769,763.436629709329
id1761091,219.8129292074087
id0758034,262.72910975237403
id0355270,432.8831618737305
id0908721,479.3834566904036
id1902054,628.2613585522248
id0632913,411.48488625616426
id1870407,476.50130773109044
id1678206,553.0050096054204
id3337925,498.18660972243765
id1637077,347.67845674511005
id1518641,687.0341517104538
id0487181,302.396918249332
id2984993,469.0967903020377
id2477391,551.9891365616477
id0182236,319.23760007467865
id1919139,229.79424985590242
id3018728,318.75047337715426
id3247958,242.7080336827115
id0685139,438.50301212674077
id3195655,252.22091221456705
id0299556,552.5688646505807
id1955873,338.0653594702771
id3118808,191.33651640301318
id3262413,303.19022438222856
id3573457,594.3542530460919
id3407906,384.371208788139
id2775164,694.2438538289854
id0293769,340.19829946252884
id0136593,537.2290431749092
id0496147,509.51079913109027
id2963917,410.16704938843407
id2066631,702.008864102757
id2225754,647.6721595866601
id3384809,412.7573012070545
id1515135,639.2374875096176
id2875077,365.48083846881116
id1446227,684.3157037441626
id0262729,544.8880980028559
id1883062,252.27800442174473
id2309923,183.41805930564078
id2421834,466.49037570722174
id0025840,361.7959295023421
id2588425,431.959552638923
id3339884,389.6412965015821
id1035040,316.6333528905471
id3277900,436.1758063337347
id1659502,526.0527341283159
id0029866,947.1153353671201
id2391524,515.1507357175407
id2427119,491.06613331132115
id0478537,364.7969481703678
id3606363,371.95323813400586
id0500201,387.56421497261096
id1238193,544.2030060977844
id3293252,531.5026881947938
id0907981,299.88057033731076
id2169880,730.3082119792643
id2952694,555.6622014548041
id1389132,403.23271585451704
id3576231,687.713088682268
id2303115,468.60581783678714
id1439173,383.8707412302779
id3680317,471.05649797281944
id2975739,446.88444463674483
id0341677,679.7097304182624
id2057322,460.84176457366317
id3493608,309.94487852946514
id3405633,267.93679836658976
id2398679,472.51762318668744
id1867098,586.3752824578562
id0775107,336.6869938487116
id3432519,514.0600876778649
id3754172,278.7502384867709
id3128010,382.18263157281365
id1515278,573.1273175357918
id3511635,791.3171087251739
id3932661,301.510359906501
id1933049,502.2040517483653
id2021371,354.9667272864739
id1375530,283.55149047333515
id3102962,514.039292674498
id0129785,240.2762755000711
id1695025,365.30815868503475
id3223638,460.16291252791217
id1040771,755.6578995984047
id3940215,191.533722643155
id2906505,241.1570809260279
id1687745,671.0748093480298
id2304575,498.36700706569275
id2827883,461.31671044692126
id2100282,481.91944293984915
id3325749,314.1007828467166
id0218050,317.2713056816121
id3503887,395.0767523516809
id1645877,307.6042344708622
id3100915,409.1356692739553
id3428628,247.4296611616698
id2403311,344.6630925791028
id0381527,428.7424398004906
id1622909,462.56406339424166
id0027263,522.5129876637375
id3858824,482.20328103508024
id2814980,658.8324006511795
id2512983,422.48864746400585
id0007105,305.5556133648282
id1144456,230.61652091698392
id2733099,257.3905832364537
id0616063,471.98098782981083
id1705474,248.73431462666525
id0302563,354.88653228726776
id0061950,569.7819260864023
id0109923,814.5088293194192
id2204343,307.25770370749314
id1743251,414.72054535259235
id1953578,244.4015350334907
id0180000,539.3511915284271
id2958971,394.24094047198895
id3297205,351.72805982025545
id3903471,358.6389139842811
id0525863,443.6002415158499
id2020017,500.7996091600177
id2679933,449.4456947947131
id0472272,358.0618526927774
id3594144,505.9590171436423
id0999488,140.9602783019157
id2890830,382.9568992230545
id3924479,453.5906643952919
id1000576,383.86851969481353
id3617575,262.2557743134139
id0108763,461.7269507939465
id3855684,577.4953884693126
id1183899,449.87496400501425
id3802794,383.4244076278011
id2770400,501.5512379768262
id2666693,467.28166923370645
id3282411,269.46016937315505
id2575219,390.17200187301387
id2788645,518.4007043011221
id3500072,618.5469132345523
id1356391,374.00998311330164
id3135515,492.1637713753496
id3954942,282.7060549072726
id2190815,299.67421866488564
id2186700,556.4047788201465
id3475065,261.12105454805834
id3907576,687.3868885567724
id1254363,535.7169704314924
id0560783,240.5740824569633
id0565160,523.3835571527621
id0277595,608.3736395531342
id2764801,701.9122268285914
id3197867,390.58977368585425
id1749339,308.78816879789156
id2636195,324.05922266597906
id3204819,311.2616566501964
id2661003,339.98312188433
id0979276,526.5111479860332
id3691085,512.1869410383345
id2973350,349.4434525839426
id0370241,516.7884371504343
id3612413,350.0319462543069
id3314246,466.1936737187827
id3618143,531.8865316801198
id3073996,413.2835471166892
id1596199,549.0829828066662
id0493851,323.1504921322189
id1845683,416.1964315012773
id3326160,470.7087528620583
id0885410,363.1039365994534
id1896123,244.6735535090022
id3089488,498.12586188761856
id2737151,492.8561681221962
id3425477,350.07950021739464
id1925710,524.2563401000896
id3151014,588.6143867904221
id1904098,250.44168076582454
id1624824,486.5520417278561
id0237829,439.91196822154586
id1571607,465.02056990408494
id3621027,428.7047022286235
id2726363,600.6582711009551
id3653924,305.63352652745914
id3874675,683.9794086593853
id2547982,491.7341216084336
id2806478,224.22721641319484
id1729324,462.7784765739738
id0653535,289.28387487294293
id2001993,466.7540914368218
id2549031,526.7047310745123
id0211839,380.9259273149793
id1703919,403.87526423828433
id1326714,465.1796826192521
id3405560,298.97070230753303
id3986659,485.2849170695085
id2897910,288.6430808555764
id2606077,688.7535150363033
id0006050,422.7835599011311
id1884578,401.88981354692226
id0779828,243.5387525515767
id3564138,341.19552400510713
id0629380,163.81747005430609
id1865904,397.60140507910603
id3303148,527.0265764783213
id0816498,434.9604296961046
id2979201,497.3354323524366
id1170955,464.04929251649224
id2816688,493.1661879832196
id1761687,428.26229116536297
id0089780,499.06344419063373
id0596954,417.26839533209477
id3543066,426.9461630686085
id3603948,582.9267501186189
id3579359,500.01392074477894
id2049599,325.184589227446
id3373429,511.24062639581507
id0135430,427.9753523389827
id3309511,385.12543544020525
id3853841,508.0292315365399
id1937819,326.78169167566807
id3347953,588.7998910869626
id2494001,516.1952627925591
id2921742,457.7282096734221
id3746749,332.48098739318834
id1796678,426.0020270779009
id2107424,220.09612205926157
id3717852,351.48211229719834
id2167256,340.2739828336671
id1419038,489.3026017323719
id0593344,616.2259479082026
id1606499,435.3241087141564
id1300959,361.66015030816277
id1228046,375.8279150000902
id2581389,408.6759907466445
id0084949,464.35246754729275
id2364439,433.72313157309225
id3203662,437.860560475359
id3660776,633.4097042528512
id3573777,502.7167921066643
id0661217,325.2197316892219
id0487789,572.6229220350004
id1792187,605.4069212448928
id2586928,551.2046581924783
id2322886,688.7337751880722
id3008033,404.7572542025278
id0330559,289.86669251093525
id0778276,313.21239832757175
id0436927,428.1427651200995
id3914670,314.98753816359505
id1256863,307.6247981966673
id2685716,353.4231387748249
id2064408,278.22305884783077
id2831300,376.2504157812179
id3884831,385.59327749824223
id3763688,244.36171848132986
id1381430,432.985075660676
id3809559,607.77582641746
id0337976,476.5502297776325
id0163851,210.51381976438
id1457020,362.8607762436712
id3622815,571.1678936752331
id1245907,746.4295052432772
id3257775,411.0944026066421
id1830707,346.82918884731185
id3659760,431.8461894679672
id2004128,489.2473045274151
id1520391,622.0401919087094
id1770254,239.56676422277457
id2251551,337.965884228454
id2205823,415.2786939216494
id2931617,355.3052512517443
id1224947,196.7135378333229
id1045092,452.6546694102943
id2639791,404.81087588404176
id3459680,516.9986673079194
id1603702,303.0960473682971
id1547060,198.19051486226712
id1962273,415.4453666924611
id3065004,354.6252741322508
id3003743,266.52235397841685
id3681207,271.8846313013894
id0750774,293.50582829589
id0475585,467.3696663328053
id1123726,439.33545947578034
id2476617,537.9384152832376
id0887452,435.5919795724463
id1250121,757.0189024023031
id3182948,290.3951063237696
id2517531,335.85354549451034
id0238484,573.416629136573
id0238744,498.4169253011688
id0409620,499.7943189534766
id2292163,381.4733241142988
id3615064,610.1012662368488
id0011814,229.20236810805633
id0751765,594.0181139904587
id1154914,526.2649615763319
id3249150,406.9724927009696
id1265376,530.2331461539434
id1547558,464.722470355508
id1231853,437.6957341569688
id0982071,628.54496436853
id2757686,488.35521038862106
id1829674,550.4758335700128
id0540454,777.3332649362703
id3194758,513.13107754566
id3669764,564.5134532391425
id3580513,590.1970033422514
id3753232,392.136450672586
id1716197,451.40040094926854
id2254495,514.7843535340733
id2112296,327.29948080056573
id2035416,490.9328048927965
id1095077,504.5612106733308
id2759871,520.8702996370271
id2328377,543.3015125930971
id2960143,283.2390848324992
id0324155,495.91863181325164
id0512437,448.5187825914217
id2883721,551.5687480284877
id0722711,253.94832845813895
id1599881,390.44291283873577
id1968379,575.1607538027866
id0186995,624.4290422439165
id2146945,292.6478429814546
id3133774,469.34097237246726
id0444856,491.35234693455243
id0820707,567.2916126441258
id0049295,604.555927452889
id2122226,440.7084541439372
id0880506,255.72094480627038
id2641438,297.9673604305273
id1798379,566.2551517458886
id2272090,372.4414464864572
id2702582,463.3238761144213
id1541221,461.2975529139858
id1090202,206.8286332224654
id2298921,319.1245459817524
id1594736,402.54690240858736
id3912299,507.596918391977
id1772170,292.2507880014063
id2454433,559.3448718928921
id0978365,414.9338732991318
id0373796,453.32493623414115
id2634831,374.5883829528203
id0298599,271.6388227859667
id0335465,232.05037779391077
id1468915,442.9380348506647
id1053680,633.8287188153589
id2944430,486.2521875549064
id1061750,502.15332353523104
id2048771,478.35543577962204
id0519075,414.3644015749825
id2279358,538.1448732808125
id1701575,470.209199842644
id0640320,301.8342129443184
id1071310,639.9998017254137
id0049887,314.87917924621735
id0909675,558.9820210002663
id2651556,393.6938724718829
id0378474,476.91078344171166
id1376852,316.1066443686731
id0592604,522.5610390040666
id3788765,382.2762892809239
id2797663,365.4037107846366
id2795461,376.9380970362352
id1394281,531.4100810385087
id3918486,534.4719132850597
id3045470,467.11390528795636
id0905194,635.9784581884314
id3767562,214.0208884576397
id2371164,489.18331293474307
id2576085,501.26603493086793
id2128287,445.4031863879034
id0210690,896.8611456176704
id2858702,655.4875410241049
id2802735,266.5688631545739
id2646138,361.3584964934279
id3676170,283.9268773921514
id2263556,284.31260265925124
id0252010,316.7558743090635
id1468130,408.490085086412
id2840304,308.1106158986101
id1853870,361.579929165101
id2787975,225.30338480509434
id3140610,545.6885959098635
id1856389,590.4296435791258
id3232238,483.63425341806254
id1136847,348.4791003754719
id3235066,534.1959828113444
id3684567,336.47447206266327
id0282042,500.23950652359474
id2311232,601.2444535014789
id3735101,316.93980977630616
id1995584,371.5950318262812
id3968932,382.68480379512374
id3657736,273.00767957447135
id2235912,452.26094757278304
id2558040,591.5377531315337
id2782872,319.71771713395015
id0726466,549.143158522799
id3106803,605.0579077397103
id2585646,385.95507926918555
id2511211,305.10322496417416
id2914623,318.30745277730233
id0690893,405.76428140175267
id1826098,536.424878503317
id0313327,579.532309939812
id2336881,339.07901913252647
id2346611,431.01436040368964
id3242958,484.7865418769348
id2144772,456.51734574972977
id3390137,658.2680905680896
id3962951,260.62605639129436
id1951609,378.5875299496544
id2498088,398.82194375055246
id0253344,469.3418875391297
id2147274,273.00736563937477
id2565333,394.05257639817125
id0184197,268.99424837386806
id1409455,271.0811084084527
id2856974,526.3228955669192
id1532880,394.79187451375674
id0791387,440.67118100993605
id2041894,281.63598195222954
id1193250,455.82381681522116
id3212061,340.1917990422388
id3848267,422.824170524945
id0280022,518.1629296989614
id0654729,483.09373514058416
id1750378,374.7764110979012
id3761910,555.0354457325377
id2815213,341.6821976075892
id1499178,428.44493593240753
id2440825,327.04000169084884
id2054904,345.8177589891917
id1050428,375.69258780021374
id1086089,375.8136710423049
id2579498,502.598214794024
id0512889,343.7273160885036
id3677828,367.05790521971136
id1218359,404.58849983193215
id0462595,469.9525012689234
id3279521,452.77181966982755
id3694018,470.80488373232055
id0576488,439.2633850004595
id1158392,379.8068458548373
id1185247,401.6894894513088
id3618719,528.592721940045
id1758876,403.0096927249291
id1868934,348.8043585143759
id3704715,357.81218987001773
id0235497,537.2163449928726
id3168276,558.5086045248732
id1282351,549.7775327331237
id2026933,648.0073179638875
id0400050,363.0549159565249
id1959369,392.5553913639152
id0449369,624.3856909654024
id0398213,950.2084172765999
id0275997,383.38542432106505
id3248302,697.1019766130913
id0280407,339.80336532091553
id3065368,432.3265932428465
id2199252,348.90439473848465
id2582270,573.1942544217491
id3884234,479.49911980181946
id2791818,512.3609939308333
id1722487,468.3199440602614
id3580750,453.7477639471644
id2140829,594.7510366155011
id2512511,680.4120863110529
id2084676,481.09309556409494
id1489591,471.3774701310159
id0075398,271.76184758062794
id3101768,414.0443283806521
id1383129,420.29489438432927
id0504192,503.01487824342826
id2242966,637.4037968754202
id1069103,306.3217425184856
id3031647,491.64423450649764
id1052216,476.7316063103478
id0863393,200.90274061182234
id3657528,486.4054949059863
id0099891,463.88521649387576
id3093405,378.7945536093285
id0850611,569.6137176715384
id0491641,628.7233795213725
id2575446,356.32418556399466
id1002934,496.04344908853574
id0693429,479.70243505857803
id0760205,605.1773687948998
id0372574,267.0650252947385
id0016128,291.5660826085251
id2994704,691.6735453168659
id2643124,485.94539666256355
id0929486,373.3326142641669
id0749667,464.64456868181406
id0291122,365.7457398870805
id2862129,312.4768496450144
id3697917,749.6806077739426
id2330359,681.2839295841092
id1014879,293.12238193832246
id1634612,398.56245488271577
id0680480,509.69181484357625
id0025626,404.17340931225385
id0383508,534.3344176608927
id1694064,445.35500741519036
id1569503,341.95423610501393
id3934068,537.0642982575145
id2642125,720.3491512120207
id2133689,536.4550971170555
id1783491,281.230632107398
id2760745,340.4598267680099
id2860589,374.2671589518127
id1596527,431.0210274022902
id1573635,506.0499663865194
id2181780,456.7625789359244
id0754743,497.22895760351037
id0234724,517.8339699789622
id3683702,418.63106285528045
id0538898,548.7542008705195
id3417123,504.40404028633105
id1697892,667.4474529026719
id2138654,605.2161153417223
id3146309,421.99689764154726
id0839512,376.8555202440484
id1850867,447.2325757846221
id1859352,546.419077863564
id2159312,717.876225329578
id1453337,314.8524603697523
id0594563,558.1432907494524
id2248714,517.2246198182638
id1929174,308.79854989176124
id3958865,623.5308918572949
id3738633,454.77986053855693
id0329867,601.0053888576783
id0797721,652.7146345214583
id0624357,371.41179932762043
id3579421,295.50547771408674
id0136895,859.9870271481332
id2627704,473.1708421290211
id3725461,856.6283128791578
id1764647,193.25441971401517
id3512248,283.74945628047874
id3116949,496.971733720617
id3452950,313.0637025252519
id0826088,541.8423123492033
id2506080,600.7761051813966
id1170003,611.4645469193625
id3173849,609.238815676861
id3157631,355.73438835522245
id0904564,461.8655919241549
id3214461,460.4851148915352
id3194642,319.24557304693934
id0205412,576.1595487212076
id3764886,1062.276572383033
id0727036,488.5918638350571
id3931170,416.4975958894337
id0096397,658.632130786905
id0225299,303.01572655074216
id0384921,576.5747752039653
id0210650,515.4810138720362
id0113898,728.9826927173553
id3086491,511.04315658494204
id2690525,595.4646081270531
id2886671,371.1756767716608
id2591378,200.94211992715623
id1378419,429.63789316563793
id3004244,512.923637781226
id3263402,449.6289315270561
id2270178,825.2052516853678
id1053011,613.2239893490396
id0968512,270.484672892673
id0454134,506.89751009239086
id2214828,386.5524972842227
id2349916,376.2923345434574
id0182165,453.3968642918731
id2831798,299.48594991340036
id1613730,557.9887712100954
id2261730,195.62761032977068
id2454635,569.1402502560952
id3256693,415.1436339459718
id3854163,378.88434689593686
id0993914,560.3098236194861
id1248039,449.8652234874444
id3795655,584.2937532922201
id0715436,272.1855152694717
id2708311,595.8242674886453
id3487206,740.1740977437803
id3374704,544.2603949608077
id3910284,328.3777764348035
id3192372,591.1517479878974
id0462080,567.9611723009809
id1769396,368.84666710059673
id2791032,488.09677499405257
id3199891,467.4024677372511
id3562563,369.3659777187814
id1141979,295.9187891801832
id2132655,659.4058225762786
id2309156,368.74786426852046
id0928223,654.3789632231498
id3404456,367.1091121092764
id2143115,920.6735160688964
id0673106,447.72733351126186
id3833967,449.71319780605864
id2952792,265.35576955607365
id0408827,675.5777735122755
id0452725,673.955425050274
id0255012,295.87130857758734
id2242336,334.8153683931552
id3096596,678.6993640559292
id2080630,497.23239415741017
id2812037,314.02808698693605
id1911790,313.1327187157637
id0024996,314.17953992274846
id1191474,585.2149781144144
id0689789,490.9669165230787
id1803253,648.3401263153934
id2034904,326.8645379677559
id0486765,464.1373037442862
id1204350,326.50129821759015
id3556870,391.1065930639391
id3397803,591.5684721276982
id3480241,271.69151853755017
id1323059,607.8114306720422
id2747477,375.92504223754025
id0526486,356.4039776793444
id1902642,311.90190919281383
id1382798,474.68816921748476
id0713904,409.84349649341107
id1114229,356.51721915875925
id3635706,377.8937001289791
id0800558,467.66546382708685
id1019028,366.3902607116028
id2319915,541.6146761285968
id2141004,363.274082770761
id1160611,580.5226722038922
id3685992,610.4999736766163
id0297253,386.4066686651998
id2322943,561.6516756683039
id0246038,483.7800832247263
id0817114,601.17019493666
id0032407,633.7609152511081
id0596672,406.0637260660678
id0660120,251.9228397862411
id2620168,634.5182472923404
id2065279,386.7326912701991
id2448158,499.79579487846667
id1195481,602.5144994146816
id0358711,504.8654664432236
id1818333,548.6233219736025
id1429303,168.4592402434423
id3855892,364.6022377105976
id1826375,485.82598415231223
id0352174,495.87261828383896
id0486993,601.1217845800469
id2239031,501.73301103663795
id1154471,521.5527107661796
id3436762,259.45497336694365
id1368404,520.9711733502423
id0088342,542.4129442123311
id0851047,403.6365890995151
id1606584,271.86401011754464
id1871373,273.51778074233493
id0642211,377.8694388183473
id3379700,530.7387525823225
id0661468,256.09918236102754
id3504998,572.741498001051
id2202848,544.6839761869891
id1003608,289.42938698426104
id0648312,499.7012810259058
id1138499,362.7047848008637
id2629514,502.6477732292662
id3772177,454.73414634407385
id0002722,356.4761812166727
id2500698,571.2484230813379
id3850028,694.9948302378573
id1172620,330.63216837321494
id1036260,395.9841223801628
id0088651,551.258756763643
id1465405,436.6912616372448
id2859725,223.22110233041994
id0757602,512.0090996868364
id2115452,517.8853607584934
id3710588,553.25062662141
id1981503,347.7168733490261
id1697706,724.0210053658853
id0083756,325.0695810815093
id1545525,615.4191460389926
id2711385,595.1187736949835
id2998484,680.8775915812195
id0767024,477.3108363740206
id1174971,599.3413885757535
id2521400,299.12535704348926
id2860322,460.7963399757704
id2737236,297.4394538535042
id0784304,442.7896288984352
id2845856,477.5791847915998
id1117457,508.6414557894659
id3894062,246.27597863414488
id2732077,478.4932239223854
id2255950,412.566098734607
id1005924,663.5369796053246
id3535739,566.5518694568566
id3803478,496.75822674712833
id1293547,538.116191064388
id2399473,318.83133701209795
id1444254,444.8112136931505
id1781466,535.4653947880661
id2652133,636.2554757414848
id0271704,509.1287052439873
id1104212,705.714852412186
id0271980,633.2214801799516
id2016300,668.5111157647464
id1914048,425.9363108209177
id2386900,336.67043500217784
id1473200,470.57512083814004
id0388304,406.01895399850736
id3071066,414.5920482247374
id0551036,520.3611971031371
id0768657,373.11436071969166
id0132368,365.5054111129983
id3213206,374.62801420123446
id2610063,573.5052169937724
id3116152,310.3693285107338
id2173857,657.5547340489584
id2292769,385.6311574241157
id2261528,737.2642889430906
id3560612,442.2155664409901
id2042528,386.1442141770601
id1648507,492.4780360091733
id2806933,311.86111708383106
id3023148,412.2910098181432
id0456794,289.9171454453751
id3449142,524.5359800768593
id1451010,622.2702904399953
id0127141,304.8843105055872
id1192967,592.9730448279781
id1066992,533.2456970064059
id0026788,274.9106564251049
id2725449,436.39200672507275
id2143622,292.67424302294444
id0623477,344.3986969617614
id0115075,570.0582308547573
id0931422,328.24905794165585
id2563989,411.51852883837444
id1233902,436.8090128550503
id0513457,423.10937570949176
id3419261,258.97159004376255
id2959854,515.1920575444296
id0107727,498.49352973990773
id2532875,368.81915523582103
id1096133,796.6186342797927
id2161842,833.1065770063811
id0623188,505.7112736268486
id1238959,545.4574025033294
id1307083,555.0129842213665
id1573377,426.999293657901
id3352633,439.28054849648424
id2534451,232.65874894631895
id1376485,665.4014998274795
id0381219,329.810380339406
id1417313,309.11840549705107
id3169808,521.5650201936209
id1316254,553.946568365726
id1636879,488.884719051164
id3235734,280.39245582273844
id2061314,443.582386250027
id1152927,279.43356899402244
id2034836,420.94608496587597
id3737594,399.16612559006535
id0336693,371.3735490674728
id0924428,177.72514963753008
id2086629,339.95021083022675
id2430322,499.15753271411523
id0446009,357.7802507411888
id3046344,488.3471649701854
id3869559,567.3314645473007
id1335670,342.58841016456523
id2630502,578.9898234089758
id3699411,607.0905563841841
id0124839,790.1130588519446
id2389027,478.42167865034094
id3121020,506.5832470234039
id1812549,362.5709882580128
id0268848,434.7629690593421
id1925258,349.0356111208422
id3586149,516.5998675740528
id3096313,313.2948121360019
id1360381,370.9805547828121
id3609059,420.2054357488868
id0203649,640.7672111339053
id3897767,388.13876374202135
id0099876,421.7804893181698
id1429302,681.2180677520248
id0142832,696.7330378037344
id3734492,433.4709668706171
id3027425,409.82527165381657
id2895829,372.4415395456922
id2301758,277.3727597292128
id3891160,504.1509846009962
id1605990,506.65711457657505
id3019888,361.5691332406786
id1414802,298.16675635605793
id2529273,484.30477314718866
id0925477,461.38556312616333
id3856899,347.6472349553517
id3914584,656.6117107670262
id3332271,525.1566385271533
id2084196,580.9958008023282
id2672193,288.8781826375283
id2034794,543.306839412919
id2232293,397.2243762758652
id2832065,254.77821845365224
id0981138,871.1004481290646
id3771627,256.85954888658534
id3661231,342.1403003681574
id2371228,404.8594545223685
id0421757,338.84268272023667
id3213242,447.5388941542306
id0028843,563.780727473817
id1193147,345.78613175760194
id2389875,459.2095267343425
id1622626,508.71393103291484
id2654357,443.6079268572679
id3683368,414.590579396218
id0632261,605.1002818243232
id2258588,230.41035282721796
id2947096,323.20423995795574
id3488708,455.7924548646498
id1943136,439.13814124981707
id3829343,426.7518244492992
id3769276,441.90008246560643
id0343593,524.7247831237339
id0586025,502.97317884484244
id0185622,456.0165941498445
id1449961,353.02101937138565
id0842457,477.29098743366427
id0151642,547.4965094898103
id2809563,255.86526624610588
id1283522,535.1948784609765
id2337026,396.411133575132
id1680707,610.2288222413041
id0828062,331.06208089243574
id1521316,445.2991836433045
id0560655,390.8884334667269
id0913377,488.5327607037084
id0933377,483.80371363307995
id2073865,530.2883177320955
id2190144,374.4334638521459
id2150914,624.4038802613089
id2920799,457.8860797931133
id2440644,415.1331397933393
id2852767,308.8973176722198
id3869722,353.9040880109797
id2219080,519.2356848292778
id2211705,405.1623691012593
id0523418,893.3849176686606
id0602693,334.1912390108875
id1731457,392.30859910949476
id0450605,376.5665067801212
id2907873,483.0330622364769
id0553441,311.21442648953683
id3449725,401.9678177095983
id3554544,954.8655771203479
id2079201,643.4291098026544
id3002436,586.5094055910154
id3492602,350.06582351508314
id1914927,411.86467112180554
id1036789,467.76884381516214
id1127593,423.524433439428
id1452948,353.66369454912706
id1062959,336.87345949630895
id2502283,436.410853010874
id1516077,443.64213087227165
id3382990,637.4839958402259
id3059567,463.2101193564812
id2673088,673.8210324685241
id3185401,419.00174140006027
id3787898,238.45674975151476
id2702950,583.6738215069433
id3056723,442.6167583976821
id0399231,265.5611261775602
id1703538,505.7373492589484
id2867304,272.7901870731833
id2454945,641.5129639877566
id3475800,361.602085329299
id1068402,425.74212292853565
id2122515,258.0456365009692
id2441899,506.5121794087226
id2477277,629.9838230237949
id0440465,444.5044753701177
id2890797,418.3884670902337
id1292728,384.0812973552626
id2195422,804.0125759640915
id2236425,435.9908447577171
id0341174,438.07476527377236
id0908753,448.5390089912656
id3047586,248.4663744551743
id3650090,452.47400609651993
id1812427,686.485037203142
id1720361,616.1123000132931
id0876279,511.63638555843204
id2654106,716.3097607898574
id0949138,588.3438266002062
id3189449,546.3829272093543
id3214865,269.0742614679066
id3805153,549.4480108208355
id3091445,470.1610967853339
id0728068,509.8276873655883
id0328339,363.5619564735921
id0458491,406.6292576436017
id0670953,315.8674469884378
id3669525,678.7953105350633
id1918045,297.90099993022835
id1314851,350.34147685687975
id0878996,436.5724234106875
id3317988,370.5952043933533
id2100840,472.7696881825628
id3977444,434.76689875271404
id3118677,422.75156150541466
id2808922,447.0729331124348
id2341080,388.971573015683
id0700252,571.4396250333765
id2750976,423.11399316676267
id3543074,463.3912978764247
id1419304,492.3945540983328
id3225710,284.64867906225265
id3538522,532.7871112543747
id0171212,412.57642913787123
id0299401,489.2051031897168
id3435728,432.90015340419467
id0869673,548.6859726008099
id3767585,480.1330358656967
id0536583,236.42233835192746
id3317398,582.6331290657956
id1445212,477.35961561693006
id0605278,512.3729340704574
id3582595,559.2028282143553
id3371633,434.1326759852062
id3802478,410.26842451970856
id0307513,177.97367763445882
id0497179,370.0949997765951
id3981010,406.8167194761897
id3330124,699.1472074142017
id2360238,536.7037743923814
id3267385,400.10687684570667
id0550375,436.13568467112776
id2476488,481.40611568845503
id0641740,339.776027607105
id1818612,326.68870185690844
id0644188,553.7765639266349
id0488022,505.23763634921994
id2227212,301.02812900197466
id1062442,273.55172630087634
id1480472,736.7909452804795
id3568387,342.4192065153927
id1544000,494.52582368599974
id0453832,412.71860354789857
id3267462,434.6916647485941
id0126903,398.728396341387
id2376253,248.60068914511425
id1448661,504.9450662407801
id3067825,246.84508913969864
id0975445,812.9765926000011
id0720355,521.8440723396002
id1163592,265.28353271927824
id1598108,773.9498426933012
id3435180,293.0667305712198
id2815110,377.0584436907233
id1673725,307.827554074158
id0667584,554.0853455764492
id3319294,611.1647798224654
id1609883,305.31332260993395
id3332638,433.2407279108198
id2308884,535.8370091762059
id2577063,244.37015083703915
id3629162,463.4815213115282
id2758469,447.8112511279763
id1524194,405.9991476698018
id3271291,457.29544780239
id3053768,361.1652113075906
id2051665,429.4484721814566
id1399025,236.64006507477393
id0917029,268.58533496981886
id0353662,656.4905121929887
id2812466,468.52140570219825
id2250020,519.6793686211714
id1399292,326.2679617585277
id1649875,530.3678933802721
id2250936,324.6077695115555
id0433036,695.672965671782
id1848512,414.66049244273637
id1149222,390.96122552410753
id0482269,698.2008818607437
id0466695,730.9395503542289
id2952785,278.32672682291025
id2560253,429.446661917873
id1065894,640.9462324754709
id3812729,396.1743912414897
id3799258,377.73912424511826
id2670103,339.9700439929971
id0737808,375.2988428801046
id1475853,573.2118097606358
id3138891,624.2734408247923
id2950146,536.8002532772741
id3537325,640.7725463437456
id2699507,391.8274015104517
id1855899,677.4823392773516
id1949842,457.8013153457552
id2927564,441.6554574049323
id3656835,213.71935653652804
id3170947,484.72581844770946
id2937168,336.717416246899
id3151448,354.859290251979
id1154640,542.7996627702007
id2346303,464.89210158961566
id0871941,493.98398548769484
id2012387,466.6621899689869
id1521896,444.7128946664431
id0493956,437.6369537316568
id3008306,616.2818493967085
id2251554,531.9348819516506
id0660295,357.8197280246438
id1689937,544.6916544503441
id2704722,518.0232229477915
id1636827,476.6367451259836
id3042457,361.42044358163275
id3118134,546.2993474456372
id3321153,374.0437133662238
id2908243,366.35894699929594
id3611027,497.6133283475095
id3547301,593.8909351448432
id2558427,609.1236885553624
id2056895,501.65136345948747
id2025730,470.05707916179625
id1211600,350.4756459691462
id2952845,680.7756600860399
id1599388,410.29588884502647
id3504857,396.66776118092616
id3747970,507.1286499145473
id1451821,655.3055814026565
id0199540,494.716501069321
id3885225,361.7762091243181
id1669969,315.5050016690332
id3042758,666.389914800137
id0163143,427.89889280704466
id1373947,240.12902867465075
id2824426,405.3715517676231
id1795828,618.7041710774171
id0032626,466.28901765735407
id2940239,359.9506674375971
id0234668,395.2920452995882
id2046372,196.27965496331402
id2064249,375.8426439709472
id0223363,693.0279594052116
id3884339,528.5622158327798
id1716638,311.44009848861396
id2322763,434.3620362673718
id3429551,564.5885253796473
id3796054,579.4388739942774
id3269584,549.5513316776932
id2389470,433.60528109678773
id1113783,165.85113357156652
id1359930,495.1998340397999
id2483759,513.4457663186668
id0038793,411.1506652512077
id1536054,236.49156631999182
id0079946,433.81085985709245
id0659454,480.4691180239725
id1409303,396.87418743541537
id3246840,537.43172632376
id1626867,505.6187132460108
id3026438,440.0113946213751
id1345010,510.4252917110935
id1181837,533.8639605443288
id1111993,491.58993645449624
id2463424,308.6450109857492
id1967992,466.7364837293164
id3965234,562.7987733962372
id1295491,725.2271370553674
id3055790,484.9706888494124
id1367375,310.9349144566273
id0325910,525.4132209732335
id3723968,602.2197012272928
id3008512,434.64274586201174
id2807863,597.6225676551022
id3042318,496.63199690356623
id1347049,468.87817677727617
id3834918,304.3479327853317
id1246214,433.10988329943183
id3232944,626.0908198055064
id0699965,492.2744988522152
id2797047,402.2507555789188
id3213166,498.92037532844523
id3793254,462.0330826932918
id3176001,447.9138702201351
id2643487,710.5642967044594
id3936806,362.1128221591246
id1560860,549.2954836957728
id1186443,528.5513622193973
id3764678,356.7952401609792
id0653666,543.0061172797066
id2339064,546.5092082982009
id1587919,434.0469914001329
id1901763,453.0150743884373
id2185350,551.4392204048055
id2084006,211.12471752528683
id1550841,513.1538339229063
id3160488,450.5329487815162
id2982779,518.8314732129495
id2172411,457.07978017979576
id0961703,568.7469645728215
id3013256,243.18221266699257
id0634216,456.2613170215811
id2790725,572.5854762429875
id3979860,415.211776806881
id0845433,587.4827857905318
id3806687,914.6989342194851
id1662235,435.43838010144225
id2852057,437.02484208646877
id0694318,460.1841446312924
id0933593,378.9600032404699
id1853774,247.29963625003944
id3017128,408.1266543704523
id1845472,418.685101278771
id3192217,500.2090747201299
id3377011,382.1880636949962
id0819088,505.45965839501406
id2106351,484.36727615127586
id1679962,674.1578137036364
id3060571,368.63288259369534
id0622233,341.29903521903003
id1344459,330.98767650538554
id1181804,377.8627476431396
id1032023,671.1965672482645
id0153305,713.5949458936998
id2043349,432.15726287133396
id1811058,272.3476755361287
id3534212,519.5407587896342
id1137155,378.3100511062822
id3285959,380.64748261249576
id0002127,562.3079473484969
id0267682,511.20573023549287
id1928232,28.03779596915432
id3201667,464.37799453706276
id1969254,512.9003425029455
id0788370,423.8550622124023
id3106879,413.82336679864056
id0585606,272.03331026784366
id2804072,286.3652796122388
id3988601,435.3431927219384
id1282628,516.4629721260892
id2196084,422.4766776022082
id1548381,413.179492464415
id1776697,547.067762698187
id0422399,159.32305533183893
id2395777,441.10847504114895
id3409191,582.0860273166617
id0450433,493.3246367476272
id3109980,366.87273715324125
id3353726,300.4112110540608
id2787999,622.8888036696458
id1789084,638.3631086752848
id2019992,422.4237726422618
id2234527,421.35510542955404
id1366006,682.6978703034525
id2198568,367.23134242137223
id1774162,519.1392245971134
id3397878,522.52911255386
id1148954,510.01532850919017
id2929392,530.9395393498678
id0360229,537.7287319414951
id2333834,372.9801163901053
id0936333,938.4057837384815
id3880991,409.5040801126299
id0186283,589.4528491067338
id2447104,461.644712003655
id2127411,666.5298220096053
id1498855,255.49883895769125
id2900774,246.92843071488144
id1355218,431.48199635735335
id0046460,801.6258143939459
id1790827,749.9745946431044
id3069071,595.7600716670635
id2150336,462.01748828575955
id0685310,435.72291220191295
id2580607,506.24578384332614
id2911163,654.1023779468106
id2170067,612.5318989007399
id3277471,553.9597929468865
id0104567,456.4175983057702
id3408711,454.87894697091957
id3756730,166.28942197915723
id3638880,540.8249425609233
id3668098,518.4289091879479
id3583747,516.5142525447741
id1342082,388.64634864993496
id0736488,724.6694413216438
id0950458,355.74875866557
id2951033,705.3742142998273
id0315795,564.241728157787
id1666432,586.4468267964563
id2012288,499.2841817266653
id2876251,626.6818165814377
id1837203,548.860478091363
id1427884,504.084474479864
id1288568,364.22275391821285
id0389292,426.56068786121165
id2410818,352.5110960611489
id3874052,306.2819387640923
id1742643,525.2226359932713
id0858206,278.20343224060525
id1458824,264.2692122091958
id3642502,296.5652418561602
id2574526,518.755398735825
id3632600,255.67552668808224
id3791529,418.5037432584447
id1206465,347.6208935088064
id1689001,753.7129509122793
id0410345,716.4507936466707
id3529522,227.50609593138927
id0771235,394.8199895322465
id0074676,351.8151329353439
id1490676,457.9240020631988
id0787087,430.2295097204757
id1967797,349.4714148271292
id2927530,375.7534355458223
id2230724,475.6963965379795
id0772699,326.4556555016032
id1087172,631.5223266843435
id3578480,318.15444239596286
id3823149,647.5984185697969
id3715880,528.5226040882973
id2356882,619.6109685475421
id1649599,418.3760234777513
id0549023,252.84276405098714
id3574117,383.9835977068715
id0847452,626.0008194932489
id0245450,650.6809197048891
id2608743,621.084564644623
id0095126,495.1608300460234
id3556804,523.8504241117629
id2869939,581.0830377146773
id3192711,294.72245432670167
id0438026,356.0046870002613
id3992845,273.70618696022353
id1634038,320.7921223770783
id2913711,427.600174409967
id3345001,960.6602833267178
id3958742,605.54451864048
id0850053,375.262353644811
id0740650,652.9797117067138
id1307110,327.49011720499936
id1514333,637.6939999826078
id1572818,447.827528492127
id3061193,556.9844693473233
id2540789,514.6707947117477
id3137571,339.168629400209
id2475501,639.5458311012911
id2990262,514.4575590450947
id0849174,379.6110882707243
id3132638,485.4822044725764
id3624818,449.13014662795604
id1026546,437.02797700269895
id3541294,462.6988098808118
id2832714,490.0521167600644
id2527699,377.97233875860843
id3234759,322.2533450455421
id3862461,384.8619266137484
id3334991,555.7707827026996
id1656994,718.4717718896703
id0412557,433.9241512929833
id3891800,360.7944299426422
id1984190,466.7807288045909
id1880072,297.0371824017186
id2786770,207.31040983074405
id3535051,323.8649156688925
id1121355,562.7160542034677
id1223496,383.22361066882894
id2627449,390.90102524078617
id2010128,431.04929081101125
id1141793,366.89972080787805
id0381111,602.1935318485156
id1555467,527.6807780414771
id3055369,377.5257673768562
id0850306,341.6151200656366
id1012674,342.4892323573507
id2694708,377.73130164126866
id2420892,726.3942844112702
id0397562,689.5395033904576
id0846277,479.236176179087
id2212777,468.90059214937367
id2537255,536.917163134969
id1770503,397.1785122910522
id2190463,349.7608076174173
id3213979,431.27153828080037
id1243748,341.3220082591225
id3416271,442.01597438064783
id2176942,454.1816786889389
id3863931,300.4521825140095
id0941453,409.7163389210806
id2202178,438.93760280992717
id3766778,730.4697988263334
id3403186,526.9571416335501
id3137442,402.66983549472087
id2126287,493.58115549237976
id1872552,390.4356804267799
id0302845,538.5531404047024
id1747305,293.16467747331353
id1055063,422.2322783758403
id0856885,447.8446325432073
id2334826,816.9632424304325
id2939310,460.9654042333586
id2247425,397.5786444304028
id3876441,374.2212765737612
id0975516,392.18431930864114
id0451050,435.5798674391718
id0258200,690.9762064023438
id3869133,376.5509175050305
id1686881,577.6112714665742
id1733702,763.9760756927432
id0636912,259.3563919899864
id0645828,534.051524412943
id3359458,375.02338696708205
id1670107,577.860239797
id2835910,386.3645185518676
id0513146,383.9344619092526
id1145652,492.19713130849937
id0788193,440.34471336875504
id0351119,319.3163825619558
id1971908,212.66477732699988
id1685137,265.4710211839461
id2324295,261.50886305334177
id1003430,296.4392255999309
id1506432,388.7130224535973
id1081891,647.9970627300157
id2645249,345.5574718609265
id2087415,434.45106251352576
id1237584,569.2258671233851
id0594472,362.4708020258081
id3465733,383.737908306175
id1126610,495.79632446135804
id3154133,363.14820722416187
id3385028,613.6562812950524
id0464183,461.17066397286607
id2499890,432.0149224361049
id3610861,661.3789629710834
id0921057,269.142175085051
id1557834,381.2460705507494
id2805889,637.4452627041983
id2601413,405.49111234827245
id1828302,557.80284373962
id1476804,592.370994349996
id2182216,703.9364373701504
id3868193,344.5913098550839
id0486188,351.6285660427424
id0922267,526.1314983225722
id2338830,441.6539960385767
id0915641,377.60007217192316
id3142328,314.3681022214984
id0088416,294.4927397675416
id0217179,431.9091530089828
id1728264,390.29961315619937
id1781161,431.4535207029893
id2088851,416.68672092779536
id1767696,451.99925573991817
id2597466,833.0150408725245
id0985584,551.2132590836682
id1513809,803.8925079558594
id2154076,317.0021965371626
id1924541,336.8123916339864
id1468456,401.0372016307977
id1888538,412.25286648505903
id1386965,512.8094929316059
id3051022,488.45422091916635
id3177253,310.60830775774343
id0870766,684.8109438930779
id1806021,878.0403385602933
id3802994,545.5221904720512
id3158680,512.187583531545
id0717256,624.8725229216047
id0504109,331.22471269151583
id2481055,593.68969107227
id3644413,576.1399541615791
id1803042,397.69665289083144
id0245467,478.0572618942542
id1201497,560.6689129522547
id3426314,708.8979413286256
id3201345,449.2659006283091
id0307357,482.5936741045921
id0543557,435.2168132919561
id3726075,659.6534517852014
id2739443,681.0706309563973
id2732876,579.3487722781479
id2768957,510.28929832861405
id1352322,879.4265494070701
id3555225,453.89476144789745
id0118896,488.2360325024467
id1302635,382.7147271093021
id1480901,342.61218450596107
id0993010,534.1299415129915
id2585176,580.9261544219264
id2934512,288.4153906164906
id0119476,473.8024749685289
id2456317,594.936580757792
id3129711,401.80786769602196
id3315830,314.65181082590107
id0382039,436.32492451549496
id0945890,538.586836343621
id3136217,530.174868748806
id3542380,413.0943265128991
id3609828,488.6003738618577
id1504929,626.8088254064241
id3202389,634.7112831511332
id0309849,202.03019604579572
id3129227,528.8991253421406
id2506702,629.3936851727358
id1077708,432.490475409777
id2773591,436.82863491351935
id3293353,477.7406510896559
id1164899,589.0535449239142
id2527463,482.8213387014403
id2840593,755.8677720626895
id0362474,602.7761043705476
id3304791,415.5808958444413
id3742097,391.8444530117144
id2607671,506.79253519732345
id3638128,512.4483865471386
id2643741,396.7258470082916
id3496183,958.9687240892853
id2405706,424.5626283856995
id2555639,336.14240053562946
id1227838,435.97361100752147
id1039791,455.171150613093
id1000228,490.51954672022856
id3459529,278.7543939115596
id1550692,479.5605181714224
id0597009,595.2438087791578
id0759697,436.87773328835175
id2045982,531.3919717968704
id3305338,449.01769115519966
id3801820,280.0321380949453
id2512903,441.23416818937164
id2166742,522.3807207691233
id0080496,450.3157503134269
id1442655,204.5216628014015
id3079730,446.44357217527164
id1717202,520.840055012531
id1778824,397.08959343611457
id1998593,466.59694749679295
id3008008,543.0736485982914
id0902823,374.10515575996686
id1940295,393.23278212759203
id3627308,309.05082116242494
id2388104,501.52560981064914
id2645970,614.1793846191314
id0235404,89.991161057387
id0499830,367.63281867118593
id3149272,366.32743986122676
id0351769,390.61430364147367
id1083473,468.15052788713103
id1079992,484.79945516950687
id1174664,477.2811806064926
id3143222,539.12085098142
id0791247,655.4456122330079
id3859119,566.2539200574479
id1696715,519.0426246829222
id1964965,876.6279814531185
id2676772,524.8133725233314
id3272535,437.1361098741001
id3130385,475.07018336519457
id3729213,440.3770565758586
id2398474,430.8885505780747
id1227773,479.76946982980576
id0937025,583.5288432730855
id1610602,377.18555932258084
id0387237,477.413453187306
id2624161,313.69417849501673
id0700047,569.2421994198234
id0199619,277.28544815210284
id3105661,499.88379712026614
id2093432,435.4687475184759
id0032492,404.31659062444777
id3894928,474.77835324283194
id2702745,477.08015042861564
id1100015,213.97889810770414
id2525908,563.1780057388415
id1920005,392.063208408569
id3805434,563.4309257179751
id0395382,245.08103764192614
id0084433,401.9103947168999
id1603062,236.10358478548645
id3529192,398.1712375086531
id3458579,487.8448801582797
id0584589,359.5392244706099
id0116031,421.97104671770063
id2268017,518.6960275695284
id3266406,387.31435091558177
id0136118,443.90746498194744
id1579466,447.92076686771577
id0970216,413.57485205057895
id1707718,458.02074484434456
id2995139,350.3613942339255
id1053670,272.48243468519223
id1856949,662.4149372577125
id3122159,562.037829280077
id3663226,250.9328286512567
id3900947,510.08134898760153
id1524016,436.16741412674344
id1780097,350.52169120414
id1848290,319.0213954184879
id0061055,442.24483004040906
id3205540,383.44998809554016
id3377129,354.1920048219943
id2287492,520.1511360672675
id1821071,546.059440554885
id2576315,320.9098051064748
id0720518,392.59321379094706
id1047038,209.80208022455244
id0779563,468.67299639490864
id2297828,618.0015211477113
id3826741,580.5639949835638
id2860132,312.4842868225007
id3806039,758.3365590050042
id0598324,549.3237556344424
id2211214,437.0098848575058
id0075393,223.43395945535948
id3741165,573.5656598631799
id0430698,559.0759486595438
id0816368,425.54405552143294
id2475363,676.2049109410465
id2237372,341.8975761140469
id3855099,308.76030546143824
id3095782,365.75541056650604
id2628439,300.20901024302424
id2072607,474.2131809253166
id2233962,515.7663057854996
id3483807,524.0327791969179
id0219233,519.9167410694264
id3657772,459.8355429163685
id3085383,614.8970061859029
id2393410,311.1157917670089
id0314514,474.3828055239546
id1796843,797.8639494691816
id1344462,445.4821621347255
id0892779,439.668437740779
id1138866,635.2459083331166
id3536941,238.84064400183885
id3052704,631.550380962409
id2696467,324.80116700735516
id1559612,409.2103560182569
id0183428,367.0238221172635
id0251899,460.92554314466776
id0423993,353.34193347718605
id0670857,408.94359828524284
id1326988,459.85304532710694
id2543907,845.7088357782196
id3613612,675.5189984559745
id3503263,568.7506873256957
id3495168,559.0110693403449
id0928604,478.44213555043376
id2261848,462.7660979098768
id0288618,245.3758724796759
id1662580,354.29258799813124
id1782570,282.224838741858
id0896891,399.408979148338
id2736221,462.50182835546667
id2544493,343.0245441027918
id3202288,348.56377678603474
id2815894,669.2125193008776
id1281751,399.08057221515173
id3696102,649.5332384475412
id3475280,484.07799734312675
id3416769,471.55526452885766
id2394020,531.2496302169245
id0950529,349.2769137075889
id0087742,420.375617513765
id0498186,472.52690897061274
id3669988,465.17130216695074
id0594687,509.69615701302513
id2178858,324.50233354451217
id0628549,364.27227803021503
id3392395,502.21636050683395
id2978285,404.9723133738787
id1412842,512.9329623748672
id0960620,220.03593029715535
id3673176,400.7332142719261
id1921887,544.8906669012031
id1199419,592.9504209087092
id2249830,356.1023903958646
id1921793,418.2228830765147
id0598740,308.69805592550586
id2415497,501.97552245713564
id1862275,531.5659757782976
id1206502,387.3287557175052
id1768775,480.5435614023963
id0885316,383.2538989173215
id0456042,358.78479654011954
id3604019,380.60607516209063
id0315390,445.99979003081063
id3470045,457.1844520282809
id1056121,320.03238527160335
id1569591,417.63128417510336
id0296568,448.44995078253936
id2105499,251.96637172878275
id1927543,263.4274153949188
id1412211,191.85091377678407
id3834157,332.9789677472837
id3957242,532.6220309281711
id2312109,804.4604645065748
id0309638,358.4750336248894
id3704572,315.5810114643997
id0349903,508.0737595285201
id0498482,372.609647728142
id1647650,352.926771766218
id0318826,434.2524482200037
id3540768,638.6079024090201
id2472430,570.8222688301614
id0011934,659.0589917168572
id0462994,451.8436202364564
id1853856,164.13690848593544
id1782708,446.5361964054805
id2710285,482.7177838604401
id1526703,592.7733165149139
id0342922,442.2717934126115
id2348060,736.3014661103039
id0623887,392.1290195674853
id3493493,524.6309577952817
id1986536,349.6464954237689
id1881176,360.4101202659988
id1682841,509.91620041148957
id3434021,600.2294519383674
id3324642,441.13830620455434
id3384407,514.7269920061036
id0893620,642.720100034311
id2406283,414.8415357268822
id3421716,232.83242222915814
id0653034,261.29325966535527
id3085891,505.0304332326403
id0220675,589.2746732887056
id1036442,345.42026730483923
id3125911,384.13163866119703
id1885352,808.2027680808358
id3694362,116.33729318112907
id2795560,548.6801391952048
id0189789,486.3940669011655
id1764094,621.789643449238
id1156347,433.7639640623895
id0540595,620.2729810018544
id3280555,294.2355523422046
id0754144,365.4903984582426
id2153949,375.3896483254586
id2248253,512.7234711402408
id2632635,348.9524405222494
id0803078,318.10823899556385
id3709081,449.53763889966274
id1102222,415.49237961288645
id1765810,355.0202586224668
id3452426,607.6070068672814
id2845756,345.7225731953751
id3981873,383.7959464804752
id1949704,592.8723877024862
id2603023,844.3212413120361
id0755253,801.9476015308638
id1911646,570.4461219489284
id1624648,451.5454337855748
id3353230,282.5229767211001
id1522093,475.4634393673691
id0493457,518.1725601269807
id3433520,432.4184677883191
id2335005,353.5403198147992
id2169052,393.17497062464565
id0263235,397.74650449498546
id0283471,749.553678633969
id2910269,357.24327062839916
id0228935,321.1617440871239
id1935734,358.3877228769917
id1710113,503.3259933125281
id2317596,564.4403868055932
id0645179,498.1294711163904
id0086928,621.8157317984767
id1291293,386.21663183598406
id3663364,475.422045274425
id2038854,415.70360177768316
id3521647,484.9011714909291
id2674961,310.449053388042
id2630758,668.7491264674189
id3794486,715.1737144530991
id1329441,548.599202664807
id2373470,259.0196211107313
id3959594,617.513878325324
id2110058,807.5164008087321
id1258929,504.14745362064633
id2181468,537.5909545812392
id0603052,432.28817105704917
id2200993,724.2245839621803
id0861477,514.9143984241514
id3798339,607.1806870367541
id0466470,593.1904802518432
id0007663,467.4513477483406
id0804560,381.50377505218324
id1877463,386.64403108316463
id3910221,649.7090396981878
id1576388,579.2981131341619
id0667831,539.7454676872231
id1561888,579.89680707193
id0655835,540.1539027747148
id3459873,510.3399707846919
id1148087,290.43442045329334
id2963815,466.8392290400516
id0331715,218.3043857783909
id3319560,342.72646764645185
id0114807,537.0350699228557
id0205274,640.2673308548143
id3592384,782.4640497595447
id0399188,504.2921441353321
id2599010,311.8771457157829
id0664361,683.3598980046806
id0623187,344.26248291447615
id3841249,380.10512131539014
id1468251,692.4733490902296
id0605154,460.7841562816256
id2263999,382.10790081007985
id0182744,441.7650157981302
id0149670,383.34096209507453
id1755575,404.5151301646904
id2195052,415.08156978903514
id3667045,359.00217557626365
id0368454,890.9109394233091
id3005538,553.3482784364462
id0972858,370.5617192332128
id2681580,406.75241763360606
id1410815,558.6338891294779
id1947064,270.3379449209737
id3907273,534.6228974905424
id1727661,330.49074371597
id1843654,481.7285136450753
id3411688,415.1295877986252
id0038378,429.83770466944156
id1978740,301.96412015458645
id0729946,445.40863907374364
id0176834,434.88742193105594
id1983423,543.6363850079283
id1329548,378.39966287068734
id2935459,777.3792210940845
id1260865,396.3414039765335
id3750329,379.1865116280553
id1719845,404.00621295103235
id2756781,466.7864132253726
id2808618,407.2263555568011
id0131395,493.9841442575305
id1195941,814.863544394801
id1420615,350.34029663165245
id2849418,796.2313878737427
id2429684,331.79890430085175
id3535042,566.0080011398336
id0498286,449.31701159384244
id2098611,324.68739195124414
id1414954,367.46475938152633
id2917898,457.6757560369018
id2279628,493.1496285862681
id1239255,424.40122376883374
id1576041,323.2041307356287
id1111466,490.305172822384
id3289886,316.79650681420713
id3741069,545.2371125422179
id2369309,509.6097870847298
id3121656,312.9485470832449
id3815592,1006.8041394215458
id3376373,263.81460534707213
id0238870,475.44487660557536
id0371353,186.7482451787885
id3032050,357.0995026401502
id0272835,376.86055795091187
id1327457,542.524125938385
id3195943,467.5345071663244
id2040161,366.33175590198135
id0038750,476.8855741483171
id0144912,397.7028356153181
id2947139,712.0739974363124
id3374781,638.7188889593424
id3187907,516.6618161592073
id0056978,559.2532816439791
id3022285,382.2339537774657
id3514820,644.4467838339465
id2565596,551.5856299987067
id1505460,438.21455581750683
id1108627,493.4613227862563
id1196684,453.600002588581
id3162123,483.20808494790384
id2438357,538.7422822597462
id2307731,946.9652713046773
id2177336,392.88843937481636
id0856850,490.5817532475458
id2537004,674.460411802577
id0102531,511.2279049079316
id3604983,448.9923613556145
id2756755,537.0563012968722
id0400175,587.720945739182
id3039377,236.01618363382
id3186119,371.2093232722763
id3253519,615.4846454584397
id1572996,404.0827319844459
id0170381,442.6517163031488
id1047698,323.53748274301955
id0609337,377.8782361210181
id1601310,459.81100027385946
id2746511,526.7193500786306
id2671865,357.1103407804591
id0492700,483.59066410072967
id2120247,353.8014900463407
id1837496,599.5879351768681
id1020550,447.17153004767437
id1922622,365.36776074133024
id0628744,645.532242664577
id1457964,316.7689363705965
id3017016,359.19884558995585
id0176373,292.9200282827606
id3750268,351.6921464844794
id1049959,339.99260491492413
id1433808,566.194777753111
id2026295,362.6760205997713
id0246880,490.21777695958235
id0506112,355.15166361048585
id2899333,478.00700156167704
id2750184,734.7918751503921
id0783783,480.78055995340316
id2273548,685.7987181772642
id0952693,543.0172429796214
id3337276,579.1489355350585
id3582448,579.2927474132911
id0426872,526.9187122240796
id1155506,615.7711535536256
id0873919,282.7333870347621
id1521605,303.3379005079823
id1331722,225.41368610752411
id3547578,429.3788645692625
id1512408,462.04641599586176
id2128332,345.0726156549802
id2414501,686.6631669538027
id1655611,436.0094152696619
id0583383,429.30156620750745
id2048233,635.4817723455433
id2777527,448.2613721810091
id0271329,360.0727993520287
id1090594,561.3103966821869
id0918299,343.34507104469657
id2719931,364.63567559090734
id0400849,509.3193299999482
id3752678,513.041883970448
id3225974,510.17664850499193
id3803399,435.82782180419485
id0792329,751.6932305590176
id3226452,419.8540921355708
id1235154,844.3206582561056
id2111393,778.890959163045
id2061953,536.7338719987458
id1254605,307.6276561596094
id1178458,378.9534116386019
id0134402,627.2585256064758
id2442114,737.1743086539474
id0460600,344.7232891303584
id0906502,465.12241260556596
id2388809,517.4474715008713
id2279241,611.3464655587304
id0384322,468.8002752390307
id0211270,517.7129505572353
id2844337,272.5174246566332
id0319726,428.36940587898937
id0841109,606.3371257287655
id0458568,239.99141905453135
id2383784,506.9904741594212
id1023531,402.4286648453085
id0207212,455.85366363182885
id0881339,473.52331102688015
id2113028,257.70470105897294
id3187164,546.3536615210068
id0809953,381.528545176331
id1128045,428.97954839143375
id3971288,554.2793766151187
id1930009,382.43435530646116
id0490562,212.03896624393303
id0973417,568.818788234436
id3194276,426.9507671456917
id0671807,342.3313045285157
id3791959,725.1001909409015
id2105537,533.3248745364671
id1719244,405.7822435599128
id3626629,641.2662591316383
id0997289,504.7266533866535
id3205292,350.353078565242
id0791711,288.2657091143981
id3290625,238.84011233464494
id3029989,540.4499728747642
id0528486,387.600357513507
id2910663,381.99320408833495
id0839912,352.72435374899
id3030662,221.78741502924743
id3740587,765.7675405627658
id1318638,225.47305755529297
id1620858,459.780615385213
id1934732,313.58059897954104
id3864943,377.73229406478725
id2756632,585.5815788548201
id0432928,587.3995800021295
id0037496,390.0193136521357
id0909151,437.80002399306466
id3176485,355.06703470638325
id1306473,339.2041077472431
id1944884,517.1714384690372
id1801051,322.209506764672
id0994216,389.23522940287484
id3018935,385.69335421977723
id2986916,436.9245737549101
id1214314,440.36821311889906
id0229026,218.7328575245825
id1397116,438.2471381086146
id2020861,561.2969809490234
id3501112,716.8196244115989
id1504216,184.1683560166635
id1938793,472.6366302234276
id0375148,417.5356185148128
id3067095,500.7603242024981
id3781599,376.9985191193976
id3357286,478.84938117159163
id3927708,626.3267289058886
id1094921,366.56893064372144
id0203877,464.679446758471
id2947247,355.0173014340393
id0948820,444.48389537461793
id2979981,375.8837892973853
id3119042,385.46629515096447
id0622667,543.9796251820017
id0996304,471.5829918267922
id3295150,340.6567278528594
id2621940,420.8831328324382
id2469769,592.8401640176693
id2792113,412.2557094769173
id2330232,657.9582976079887
id3648100,611.1493971833667
id0600256,630.552048315466
id1502302,529.7241964959886
id3607426,509.6256065297453
id1410687,288.2119275453418
id1084857,275.140271579568
id3750246,730.5012192664417
id1050405,552.2899494807547
id2170833,346.5675236800484
id2550963,375.05003097163205
id0129980,398.81743899761005
id2471935,418.57245189785135
id1567923,560.096215347256
id2720650,423.76586654602414
id3540313,356.3894310531337
id3396539,305.65889445371624
id0542309,137.89854277981854
id2322116,617.2312474825522
id2328997,597.4452269247969
id2079735,332.6618724477822
id1287286,340.20224338583404
id3250162,418.8160529144729
id3923842,491.9517980336372
id1565402,470.8707662181493
id1816415,512.8651119816509
id2262120,536.5831872985392
id0532947,384.4363872404433
id0095674,546.4043169545745
id0351864,383.4829031490735
id3864579,498.4023410715675
id2367685,571.1781883415399
id2985871,601.6501339711773
id3473998,404.0631680253374
id0606879,577.2967245566039
id1914210,290.32639020671246
id0683553,476.4338835009178
id1099790,383.63229402531806
id1936721,360.60256748241534
id0194927,283.22287674202283
id0230626,507.9070352255035
id1593847,605.4357391137825
id0731889,855.391174247893
id0273642,664.4280855424917
id0570351,500.9697521592387
id3431677,417.92851312462125
id2286020,285.0514981045285
id0820827,572.6317862653633
id0332893,603.5102719411901
id1004575,511.81773025351936
id2030922,390.23085120042515
id2620383,412.73229483353293
id3832884,493.72912968529636
id1171439,484.35786143269394
id1152970,461.9817398092431
id1748530,700.6172548537049
id1706909,313.21529290204523
id3030754,623.5431576996781
id2331577,308.5462069468606
id3167871,344.558166800305
id3074889,279.3236380974382
id2167095,508.10098569245116
id1911268,642.012017607757
id1764838,558.9778192376061
id2509167,635.1802263721415
id0162825,745.6239578401891
id0537997,372.71020483391106
id1404115,374.77767822930576
id0143428,375.9650000280792
id0146526,459.60840551029196
id2881071,401.85081793769524
id0817885,393.17825850810436
id3275054,283.3854836081864
id3776320,621.8214626069448
id1234581,676.3884506534959
id2441557,404.67887301508205
id0996749,423.00797843266446
id3803335,701.1401387645792
id0077009,410.9614898222557
id3872861,518.9325020763116
id2427968,586.0120206329276
id3418466,473.2227375092431
id0029711,539.5580742473387
id3085998,455.85240876364185
id2349201,503.7083499486696
id1116353,382.10805315403735
id2568201,394.0312610962369
id0040729,443.9072958216028
id0055968,534.254448848285
id0114631,445.1271343904957
id1873000,349.5975627320461
id3059420,392.48069457343826
id1661845,654.5641215533701
id3679558,540.2982774920853
id1876280,636.0651791378918
id2804385,859.8485409747315
id1717354,677.4648834256283
id3388068,414.294227329822
id1239332,476.46580810917584
id2540685,656.3775443848238
id1306522,579.8986530916304
id1822471,505.9112964016674
id0012306,452.0778207984669
id2804332,379.1913842148762
id2752352,284.85254383762583
id2069970,294.1355934342377
id0642037,674.1866103346163
id0277662,461.2896176848355
id2468916,533.4244677795848
id1984781,391.8279545953993
id0378277,523.1444119492975
id0837705,578.4982103159244
id2349765,585.3876894304342
id2840772,578.1372695309335
id0964098,497.9630797857428
id1077800,558.8861491018822
id2094170,643.5355920866898
id1108252,371.0325054949726
id1468805,651.5897407670378
id1837462,483.0663255373031
id0133273,507.88049506882135
id3451329,661.7713084354066
id1340260,795.4262230758945
id0422138,438.81473330633344
id2567768,878.903801535517
id2954677,613.2532054299239
id3502274,511.651650829554
id1726054,668.9829056472066
id3163061,572.826074500586
id3460010,505.77866351052865
id3390256,543.6545002996987
id2578170,492.9747053680726
id0533935,712.7742246373281
id3800359,530.1189788065473
id3227994,258.20556651620643
id2608872,387.91875001698503
id3062045,753.9166911333215
id2742485,659.0175350198945
id1153171,544.1187095951465
id3551099,596.1262523097477
id3711112,505.21703290016
id3206325,578.3032268182152
id3839365,485.10460861715273
id3419236,489.1493125412037
id3520816,378.8659341367767
id0468536,658.43932918423
id1265273,470.3435321506022
id3313081,591.9349736081294
id1364551,526.1948662386266
id2792271,793.2566577438513
id1633989,425.0948622891439
id3789232,469.0189408760856
id2764643,457.94649349927147
id1022448,663.2782810339321
id2138028,604.3418329449312
id0042061,606.6463233936333
id3095927,435.45127623944114
id0331731,632.6684947812722
id1723635,664.1902875884916
id3587609,618.0624484681219
id3106670,774.9297914807809
id0564323,540.6853331980774
id0496834,427.9997784812129
id0331390,686.0760424355078
id3666889,711.2494364376489
id0923146,482.7909101127489
id0464710,567.4233232439182
id3339277,520.5757697459654
id1680914,664.4734979305402
id0238904,764.7907926094903
id0895312,472.3984412320625
id3951739,457.70018664236886
id2224219,626.4829152390108
id1436017,888.3344476284321
id1250488,558.7117885423819
id1923062,693.3489054493599
id2922141,276.68521105009825
id1953714,659.8052294127482
id1051079,640.4743246427868
id3176688,360.7140280148472
id2417912,638.8618188582952
id3188550,749.6816495117922
id2323124,475.76841636287736
id2087880,358.426711123491
id0400342,447.7967168601273
id2928880,315.2383220303487
id1784951,430.06232715538357
id3310317,485.70899923182986
id1085096,441.2664197445015
id2421752,439.5250818933859
id0818062,836.181772865873
id3630157,408.3413824824467
id0504029,531.0882417782077
id3027245,633.1217461523269
id0989276,488.71584957148826
id3207982,723.5522635822666
id1618770,219.10271050813242
id0721007,445.53193637058655
id1854251,634.7650886348831
id3518268,520.2976080583454
id1288587,475.99543891172084
id1656385,563.5718484439296
id1370443,809.9758255053764
id3280768,376.494851572018
id1161259,319.63392116033833
id2126356,681.2035436981408
id1482241,466.11023634591584
id2689271,750.6757589360994
id3563574,315.69299280322747
id3917044,546.630991644806
id3306093,618.6495346638767
id0121445,333.72948201636837
id0155512,453.28973222444733
id0147244,792.4230199782603
id3236655,383.2812438392499
id2482614,645.3736702957747
id0174445,575.0031644882706
id0862351,390.04533233431385
id3287224,450.5001162960263
id1532842,492.97017939555644
id2321109,610.000958040113
id2788074,658.1838957252248
id1083432,308.44573383419174
id2563892,349.0031575904038
id1267639,333.54964676111894
id1181547,619.2754873297106
id0564606,798.0130360626778
id1281611,539.7516380951774
id1582281,362.98204606102087
id3724884,407.05556597707584
id1485060,420.2519795516047
id0010681,815.5256698810939
id3687416,580.7434227662084
id1698900,715.4095544664119
id1100625,529.5336378721752
id2812391,609.3302975881033
id2643211,523.5692210280334
id2649637,439.74148231562634
id1234503,388.81399948829215
id2884057,588.2138093247676
id0628380,493.78279332106655
id3483969,665.3563994957881
id1773619,550.6262111087138
id1855640,383.1779902490065
id0717672,347.4466838109784
id3635186,388.2083044823501
id0306908,414.37986199255124
id1843124,765.440257959969
id3408253,606.1185365062078
id2268671,395.5899015472577
id0213005,376.3855962004002
id1914235,516.9899804435096
id0951303,409.9806477961549
id3712006,319.62802380196416
id1929391,450.3671824997603
id1256101,234.8530831998586
id1594418,432.92875855883824
id0688888,540.4608259070055
id3370247,550.902558410562
id0834922,374.4975813287466
id0897026,587.4092284029173
id2634407,459.22665581340794
id2605834,464.1917352505001
id0334145,463.29871869966917
id2118552,585.4739232645038
id2267548,334.1553928254601
id3878215,388.3464610226029
id3332392,480.2704251359393
id0605706,529.8679310859495
id0318546,433.915743587612
id2200563,711.6801985374265
id1739743,838.4205294633746
id2633631,500.59331044411664
id2685731,772.5952548339742
id3447098,537.3432389762525
id3355718,524.442367751166
id0079328,368.2577408389133
id3803712,525.0017738879893
id3885667,503.2241438929177
id0186960,570.9459615593498
id1411337,480.0749057497864
id2927321,390.0210446016563
id0806226,606.8705572585899
id2505657,469.0711126981659
id2597761,468.14228330367445
id2824254,615.2435267754987
id0350992,777.7744068523608
id3590222,435.69181940850734
id3203756,554.0951526375175
id0000836,505.2532611526443
id2548047,488.1443652190706
id0267287,28.35996859941734
id0112148,282.4452134837868
id1746666,328.89378687914
id2968502,389.44709751446646
id3121954,738.3613877367143
id3343375,473.597243445031
id1116716,463.3140786434556
id3996637,549.7656058196309
id3703930,448.382541325634
id1745729,429.15791004333107
id1333917,650.5737209086324
id3093010,550.5144779125696
id3942534,407.37342807922187
id2312806,713.2910962565469
id1673604,351.86931252580735
id1625112,422.0345611401937
id0653241,477.7951072005134
id2009876,758.3930055552197
id1544519,533.4392307107487
id0506348,583.0216036028405
id3044565,293.62991164940786
id3500199,619.418129147746
id1125290,702.1204143986233
id1325451,242.71656060806436
id3745452,303.29496209209054
id3522541,562.9452360548054
id2645861,402.0841669355602
id0453391,493.45632203989663
id2434061,418.09662944848867
id2731975,681.9923312244583
id1463337,397.57594245854017
id1366528,262.4640311318219
id1834943,302.34101503911876
id1475857,659.4745775588782
id1104203,743.4414983696246
id1593113,730.2832923930256
id2032816,725.2526688076558
id2151994,389.4017724838703
id2354845,283.29212362970145
id0351348,270.5362134938585
id1397018,509.1194884340594
id1270758,507.79240823496957
id2911124,522.2973483066376
id3868125,664.5485149702442
id2220444,293.20024267227745
id0450430,198.94015199770928
id0928620,449.42747044257703
id1123178,418.8380403662058
id2212443,944.6496365355513
id2740764,365.6654805315596
id0168110,1128.977272448963
id3755080,628.2232947543152
id1812067,480.0252587772631
id3517090,551.3878277214214
id2333557,799.1334349942796
id1649286,134.94301898806012
id2428804,341.1836344920042
id2872254,558.6316167981084
id3812066,541.1329266230023
id1279071,380.7208821231351
id0438926,652.3259136034901
id3699772,452.57971032062636
id3354082,404.36833984660655
id0786914,727.0131880793375
id2138967,368.69997787966855
id3840418,535.343805184299
id3395630,370.61356368795634
id3734584,503.8789178089454
id0893519,597.9219634993888
id0891645,447.0466463784619
id2627394,496.01852575154425
id1798789,620.5958376858028
id1230226,282.6046075522142
id0983797,456.65630756933297
id1619228,411.12137399282597
id3479656,483.9839938294318
id0668483,254.1315289399861
id1689770,441.31097916157495
id2095322,324.4410016640855
id3454361,1160.7092047290116
id0121253,577.0594455466872
id0962089,693.2374313939865
id3919726,267.22989036796906
id2518247,416.4334965872388
id0060604,497.44912694866326
id0041282,762.1678992525211
id0744695,471.32086838352205
id3877538,444.2165665825135
id3137471,441.6140401536731
id2518460,730.0609918238914
id1370224,433.3926143357463
id3462603,648.8364134221076
id1994990,375.99719182398263
id2746377,594.5084008935828
id2312420,455.11180027034914
id0486270,593.6573596579738
id3327722,777.2615138067514
id0135485,311.51291759466807
id2318339,554.8321484820001
id3838727,405.6154255492523
id1846200,341.3594689168556
id1076967,414.7437665766589
id1317872,492.63596103834305
id0755884,472.10768044458644
id0931907,515.2314444566985
id2320826,378.1175325688775
id0639493,878.9902990664391
id2896217,372.51994571894693
id2047992,525.1324380912082
id3282091,496.35203433060184
id2065239,381.5575884978992
id2145627,457.4152379056221
id1149171,661.0290436146959
id0084746,647.059812568027
id2070855,297.4542904929552
id0282727,503.25340897800885
id2357946,738.0522876146966
id3898492,463.7856842460979
id0880269,326.06341299696936
id2747092,509.03582646372803
id3003886,561.0844156512563
id0840422,1027.737027773228
id2935844,410.5696812210873
id0715077,596.4354056642304
id2243399,389.6138295887655
id0717480,682.0354625217384
id0577790,426.30684690793765
id1167052,446.7353852327296
id0389317,583.7788616873477
id0540417,449.3452583569435
id2225544,400.0467648139482
id2333523,968.1154972628236
id2617281,766.9567662338239
id3902768,412.5145181360452
id3365483,468.1326472922576
id0042769,328.08216868521487
id2718373,433.38601266160924
id1173768,530.7030946805203
id2585665,463.1531552440976
id1458601,586.1385604358053
id0443955,467.40110796241055
id0852768,513.6109993398651
id0578892,824.60446432635
id3596663,207.4573688409883
id1880301,528.7572971218789
id3590712,526.7503392983497
id2985857,387.6941354549984
id3099610,738.548496593478
id2988971,462.3294070665879
id2137048,792.6341138795893
id1604970,501.4379239469633
id2814688,619.7281870853753
id0779392,635.1128864198921
id3250282,718.9227002227165
id0105095,433.46122950737237
id1023535,356.1156280797668
id1988667,308.3585776696341
id1264180,655.7018170766373
id0115198,512.6008730106254
id2944495,451.389229206194
id3276388,457.9235789723593
id0962643,568.9336663264777
id3968171,317.31178899604174
id1489915,517.8273525321689
id2426135,326.67510063406843
id2265837,484.5336949188197
id1376363,1253.5392822346055
id3543810,530.9907349074147
id3259634,539.752417620864
id0496406,886.7979948831196
id1061708,267.21665948757004
id0433062,624.2411332129582
id3301474,482.552196742619
id1116138,353.03885547314326
id0806699,289.69500290520693
id2950032,576.4144210296183
id3685125,296.56463823841267
id1521190,777.0656783831748
id0029495,541.8335844519537
id3067039,487.2606945321698
id0180056,699.1773173979627
id3354566,559.1575762770734
id1539273,444.6796445842482
id1072635,576.8184564523574
id2039629,322.98753977425673
id0747731,434.83636360253126
id2291765,435.286647991371
id3329764,485.4469047618116
id3813876,767.2250195696937
id1459473,572.1547070638868
id2662317,405.96142789021087
id3734773,368.4015233055726
id2709979,734.7826176490904
id1887199,380.8810896782227
id3881162,282.17278844788575
id3438561,562.7452434378555
id3714515,1023.4931693635115
id1419997,358.7769351746754
id3668918,528.5654622540189
id2596080,481.842036289368
id1751641,502.1555148487489
id2839287,556.8119560620264
id1101456,474.3210826251585
id3487608,523.1473676291384
id3654039,389.6153054548166
id1167271,572.2684818074359
id1061765,541.1372026893993
id2513317,730.2014543053763
id1627694,635.1888869918191
id3842911,504.05776986987144
id0967798,688.8326353871457
id1876739,354.88082306530305
id3491291,679.5570845155872
id2143652,312.69048823237466
id1321022,751.4377063269366
id2713391,273.0571500805941
id0049256,508.664810283275
id2182955,592.0281024033252
id1975082,598.401387346762
id2077480,565.9240506037016
id2738787,437.2118847281449
id2717929,481.214433979601
id0107421,454.0396490617636
id0947349,540.4764428906842
id2394717,397.9528425226322
id1536745,593.2699897224782
id2347222,380.88298296278316
id1613993,763.2000758900609
id0980277,418.23420939801673
id0125985,566.5134737244333
id0364129,531.632010050874
id3702896,413.6160787920198
id3049462,651.0101082941715
id0365134,679.1360184310737
id1531752,373.5452211092432
id2649188,924.1100383127346
id2519585,457.21561005251164
id2476502,509.92586180517696
id1141575,585.4769389086196
id0925378,673.5177715047942
id0212491,775.2271471459457
id0657813,413.2801571774456
id3629286,382.9470133137526
id2927240,398.17247410972846
id0612388,685.5212351569938
id1946585,524.9525676143521
id2150659,503.930255219366
id0675424,315.87392956595863
id1032628,790.5716353526371
id2468152,603.1496134460677
id2518068,660.6034901780702
id2547488,182.10392535283182
id3668779,321.86285211323724
id3157051,428.0800096424664
id3269721,741.7287001724563
id3255894,343.9825921978218
id0165600,384.7381870868609
id2384149,474.2685999052821
id0643061,230.28805666672952
id1787472,396.8532525351662
id3918571,363.82524571090863
id1721972,415.5358816672778
id3476062,364.9249385838791
id1389035,601.0817873757906
id3997806,872.5021433042853
id2641747,722.7179200787417
id2929899,333.02309755331083
id1659355,458.75616516402556
id0133515,559.1619642430259
id0484811,823.134254335395
id0922054,367.1624331578022
id0035747,547.9075359612766
id1325105,696.2189480015577
id0330381,386.871126538275
id2796233,475.1686353830609
id1690198,508.3527332447288
id0857852,396.53781490900684
id0458639,579.650156156728
id3542104,540.6304716489176
id0763793,585.5805623618978
id1739725,323.8539412362164
id0282349,348.2484318266935
id1535318,516.4243887916074
id2730825,630.7361687104561
id1617287,622.4563081581285
id3961728,405.6318035993877
id0783664,669.4424935346095
id1750817,421.63039194559934
id3689429,797.5416290559076
id0869230,406.68793351149617
id0401163,632.3215146328865
id0927504,574.9152370174398
id3691866,773.1487949941867
id0587853,418.95713935764354
id1502330,763.0452585334812
id0675144,519.7042598055169
id0234198,585.7580584209487
id3527523,395.21445426512184
id2014217,389.0327638748626
id3542206,690.7722383974326
id2643250,711.4313817987853
id0851092,654.3118609772688
id3069107,516.4523528720667
id0858974,580.1224497149024
id0805679,612.3473717882287
id0742451,460.3678153860883
id3338859,476.338270430873
id1616413,566.689971370311
id1783925,618.3497173037767
id3927080,601.2193685251092
id2797774,365.45568945267104
id0168978,605.612230978513
id3551982,771.7657339435716
id2001264,435.8667308951275
id2607720,478.8038511433662
id0138238,463.0257338931484
id1257680,450.6677563216718
id0630263,686.4734150381825
id1144303,768.5969681454346
id0955640,465.1962229557932
id1537587,560.7595267598392
id2132470,517.7909288727892
id2728574,616.3037057440799
id0556649,354.8031588588398
id1657355,340.5318887330809
id0327248,628.7306449335347
id1648904,470.9084905349181
id2226953,830.136600111552
id1885318,884.5157243179225
id2406333,557.2188794887221
id0096490,491.67170097297605
id1875965,569.1306145546466
id2852403,589.3967560247432
id0841164,788.5173754686589
id0788876,387.29640184093296
id0828160,439.99900115004664
id0495366,592.1750996835424
id3352111,289.71658422937793
id2843649,396.05774917185107
id1489593,338.216429203769
id1372352,349.5184690635729
id2123235,448.2329478333575
id3393303,251.34916439859109
id2663861,592.399362145336
id2787016,162.39627585316381
id3847798,465.16812722239706
id2587199,450.61889408713256
id0533237,406.68277274526986
id2927812,379.12852445020764
id3841662,276.24967425231523
id0807556,659.0110671177995
id1700794,638.2126946416432
id2921997,590.2325510624407
id1997154,545.3306699382534
id3180676,548.8205669207882
id3463715,499.99226029284506
id3291038,882.073293264203
id3113410,326.9301536832676
id3330378,477.9816481049381
id0112833,326.0046526915586
id2279574,604.4822033671505
id0641167,549.4515186278405
id2316894,475.61842049224583
id3929277,583.7651507311234
id0292324,556.2338054459633
id3010239,501.0001064587551
id3036032,650.5543455506458
id0929350,678.2567238746017
id2887173,437.7161392626503
id0873652,542.2416347933184
id3511690,509.595628465697
id3945032,720.2081687232431
id1207261,501.6981679278622
id0716910,208.11405647022366
id1140405,453.30492164167174
id2508835,497.36087282157484
id1802848,521.0902533429044
id3778946,679.3795448858156
id3595847,496.80794064461736
id2395360,521.6219899633091
id3211851,446.12655228456555
id2252845,452.48196073812323
id0643020,319.6178816320235
id3290798,717.5551364430811
id0477571,464.9891198938181
id0045910,327.9651745487192
id0587280,686.1199565363926
id3941239,684.9782771447594
id1014533,514.5647591295251
id2148699,485.92360855409834
id0812287,352.52283989089057
id3606901,469.67817637679485
id1842745,510.9808066134591
id0219891,499.4828367211644
id0563067,576.655682576608
id2903382,761.6708921291678
id0811632,375.69957615927797
id2223507,321.2000862299152
id2892231,630.7363846962024
id0344133,807.9093261302543
id2167737,463.6679940298748
id1312748,333.05203413811233
id0339580,773.677037329151
id2489113,471.4917185461361
id2652159,371.4118914984726
id3328991,517.895964052539
id2262649,493.61052964870106
id1503131,553.747425198053
id0833412,359.78052169429884
id0069288,437.4427971134945
id0138218,552.2879192758124
id1160594,416.074699264473
id3766140,748.504422945385
id3474997,436.2183959292958
id3314835,620.6734802762317
id1765037,416.94099418199926
id2058380,486.75742862451665
id0240688,532.6876922168897
id1329623,449.71504477204644
id1658230,437.7319383418712
id1631107,667.0868409285914
id0946654,445.6234876362442
id1030850,153.6865711636768
id1993571,666.392692021493
id2298292,361.3800753258759
id3067010,659.5873877981288
id2648062,346.45496298309286
id3792315,486.0757490563359
id3866234,635.9004097882987
id3946957,572.1966268110854
id2762070,522.2390045248972
id2867603,422.5778629188074
id1334416,697.4682819759107
id0623276,324.13917345446185
id0686310,502.65416426492476
id2408423,226.94036073882236
id1799339,599.0028936092552
id1084172,445.76436099770194
id3895475,459.40823494752794
id3284293,486.2049823063702
id1806340,536.9978267891369
id3278274,386.0264348119118
id2654621,590.0736649018121
id2776372,460.4309250743262
id1659856,505.873972130687
id1989110,595.939710659812
id2533187,497.1869912662937
id1601284,707.7280207065952
id2398226,437.5440492383042
id1001245,803.0260637920452
id0202525,585.680329375969
id3737235,450.17045347472634
id2521571,611.5278080052219
id3113147,696.6643545133991
id3438621,446.03559873147884
id0329154,553.4658483456211
id3884890,508.03854019648657
id3459629,439.59395135816214
id2090868,454.2366131662522
id1927567,566.862595649519
id2939559,434.67327663404023
id3685894,852.8878908767168
id1451087,392.59383638992074
id1952671,553.1020811314175
id3389218,274.13359596196216
id1147961,372.9794855971423
id2003492,724.3489414551332
id1555468,416.5570519091473
id0456940,386.3325788730237
id2785254,619.283104074839
id2413976,424.3123470419184
id2278367,459.04200211554706
id3736712,597.3620329118538
id1905687,351.21960324374027
id2796605,341.14206957419265
id0764962,370.5338247850483
id3449789,445.3924305979462
id0560613,684.3198567219675
id3942730,745.7516663465366
id0606210,597.8385699576471
id2433040,570.8648531038141
id2819304,347.85286532828167
id3625318,610.5951769502082
id1689319,261.13312916585494
id1323577,320.8342718828142
id0830756,417.12703463743287
id1896047,549.3947589009719
id1400241,530.3914715867447
id1395118,858.3075635702972
id3540957,462.76008452515083
id1341772,451.90010995928174
id0854481,431.4046928233053
id0016106,580.2473812490288
id2127708,458.3538375956322
id0707772,294.2141398648728
id0306199,504.7253592381862
id1898961,365.62930559360575
id2830780,414.7544484250238
id2515162,520.6423164090248
id2137779,399.5495061684603
id3052781,466.16895371608143
id0906914,643.0940751618
id0031018,308.30026215512095
id2653891,418.8766201305214
id1429437,581.0239224354237
id0200900,330.58132258856307
id3245652,248.46186178046221
id2077162,370.70607487670316
id1874509,550.0670470233822
id3977005,307.3624163725894
id0655185,483.57300103948256
id2075849,478.4728821359031
id3833475,442.9208946823039
id2667968,657.8320471121118
id0948618,312.41650066370653
id2994223,566.7200895872821
id2884646,389.5578378961361
id0672065,661.7416805252267
id1396788,384.2538117306919
id0597253,357.27145025252395
id0784354,528.93216994446
id2022754,380.1853927054383
id3543379,491.7978546302126
id1111474,646.9641615262371
id2682817,481.26350257310264
id2211057,623.8204477555639
id1669543,1016.8934291359662
id1074080,644.0096889344323
id2328477,480.7347407457775
id1957484,690.6698528221831
id1187376,306.9292848705209
id1946218,601.5424790565279
id0700386,440.091698499104
id3028409,496.18598919619524
id1520989,398.0591613302041
id3098295,638.748570594206
id0246266,487.14411491453734
id2523925,483.9757035473636
id0656344,524.8339672656921
id3983622,606.1787650073328
id2333144,517.1701050593384
id3749732,372.8977554799618
id0039204,831.6926546563479
id1958589,507.9557567672028
id3032539,577.0491702319565
id3867280,658.9207645756252
id1680002,655.8967353231155
id1384415,601.5341501380353
id2387306,677.9005905463024
id3036996,438.1416170808506
id3597756,599.5266593947649
id0906249,423.582642411793
id2531587,771.1894167374178
id3679263,506.8700765123215
id2373976,463.3934566042538
id0832906,670.295488488074
id1930286,385.4829162992381
id3049600,520.5903444817367
id0486882,517.6480290269526
id1468786,542.6241740980907
id0211685,400.4700167335662
id0812208,399.8785764397656
id1178888,305.87496552433055
id3058802,425.74601223806445
id0814673,436.18312444440625
id3768685,515.3383599797227
id0538495,336.21064419064015
id2639612,650.1884548952482
id3022399,462.3019150183027
id3237468,439.36905699148303
id0107601,721.3652632971207
id0095483,781.1876667343155
id0661438,376.16472825963854
id3558459,543.3739643938303
id0076586,496.07188648391684
id0791364,476.3940658532944
id2719143,570.4346216274776
id0570003,399.7267253045436
id2697951,516.3930875946628
id0159314,605.7357471220676
id3081505,546.8652797967798
id1851610,380.1970902632993
id3096655,305.7488418186746
id1068723,636.5841552875485
id0713349,463.5918258059139
id3112459,667.4679987697066
id2479417,399.415755696971
id0551605,380.992581023198
id0106280,581.10205121433
id3236540,659.7432194805338
id3934179,512.9425334029638
id3714299,413.91970125966327
id2569980,325.8184805720219
id1805076,584.2855698979977
id1378021,428.8007708349908
id3226656,286.84952283469346
id3886742,828.0376070256833
id1946821,443.9384574723959
id3699735,420.251290288375
id3364020,454.25861828630275
id3428815,536.5640388376502
id1819452,508.47733099752907
id1840693,555.8665438832635
id0831141,441.703806786541
id1533195,457.75944461433124
id3894521,415.005308068814
id3831210,485.9494296256872
id0119695,502.33590105923383
id0717073,447.8434962748262
id1697015,397.7485430770178
id2792606,539.7657854548572
id1844429,465.3446449341001
id1383352,532.2415297068701
id0851858,480.40848924271813
id2809759,375.9074172451181
id1959477,380.15064545742484
id0067745,427.7409690876387
id2837453,325.1936895099761
id2412170,627.3795720521392
id0308271,363.6389813477167
id1674667,466.4803534324665
id3977543,472.7008208286385
id1863928,726.4810413588784
id2929750,500.13833736546474
id3766799,492.29103431450017
id2921894,321.3614744834394
id0845838,453.2759253728621
id2136323,646.7685476252027
id1227696,662.7949378128482
id3718751,520.238145242637
id0540204,456.3750028391021
id1509859,429.9962879383155
id3478821,604.7646048441944
id2510353,396.8074516353293
id3788827,415.38886241650084
id2543631,457.2232359379836
id0622622,568.8658005898428
id1730043,460.22311314680036
id0308210,719.8173756630288
id1198157,372.1195624719715
id0307674,675.235002819556
id3717045,689.5366021350153
id3327682,499.48758889245914
id2047194,606.5326188825592
id3353964,440.4302653730138
id2191800,345.02688379690335
id1367914,375.575513288166
id1235872,586.8738059098253
id3934511,417.66342421912526
id0362636,651.3469304434517
id3324665,655.565628559957
id2503000,408.634416896572
id1261948,416.4321037685312
id3032337,457.32396400991075
id3174734,333.6367940883115
id0413746,920.7538864799632
id0053092,386.67272825255606
id3294189,447.06402228774186
id2906074,613.7466774283422
id0896867,515.1242885184794
id0437757,629.1712262040654
id0973201,492.72862555340186
id2965880,641.307638824435
id0649773,471.81145105682623
id3470137,300.1153167303561
id3351069,661.7859745546915
id0200259,598.847472324993
id1231749,541.549686825803
id0059112,374.0951071709859
id1275283,473.3130315028619
id3716308,480.4317568447658
id2289417,588.3912676497533
id1373258,494.7725640385252
id2530177,315.4770088711048
id0763827,466.3744554987523
id3251544,494.86360468377194
id1913345,739.8280972503885
id2706512,806.4728295233763
id3038558,681.7276296838714
id2953657,776.0087251217602
id0930465,405.00506438007363
id1506245,262.34693434034614
id0593833,454.4912271069285
id3531646,386.89054046450127
id3317447,537.4316394525323
id2553063,422.6436651719166
id2671156,618.5530585735391
id3451838,809.1039904230515
id2307694,820.4568717546404
id3983365,585.2316190914561
id0790975,422.3577775066109
id3457061,547.4906126500558
id0138484,634.2731827928324
id3536869,441.5184635965689
id3417352,593.5314552348448
id3481107,361.02501923502433
id3795562,405.8468577054729
id1794904,375.8323858741136
id0230985,677.9695544760164
id0876952,597.1399163835158
id0385530,396.03347790263774
id3603273,523.0967994048037
id2659990,430.97330929158386
id2412222,346.0193433265114
id0158473,631.8212817667383
id2111918,450.1154480365136
id2972297,384.7612298053369
id3983237,239.62982926000186
id3802734,227.81040104341443
id2748447,436.1117964770262
id2894590,362.76652263011295
id0258880,597.4933643324999
id0093551,832.7522264076667
id0489234,419.319234021283
id0931213,614.7254037868598
id3966769,320.47748655285005
id1674637,473.0957662852501
id3743615,447.08533216191813
id3254405,653.1936183615568
id3154725,449.1804406449733
id2459517,583.8885498660538
id3105872,1009.2377575512421
id3748328,571.2643036474017
id0393283,419.5635512990281
id2196088,490.03467560324
id0118372,523.7270826468513
id0443046,439.8316913897513
id3905825,450.0475433629186
id1173284,350.07261978865597
id1563236,592.6490716133486
id0627557,677.4737113928185
id1523375,839.493739777067
id3267981,462.5645415128176
id0511838,589.8801150642126
id0125625,469.84996063446613
id2075724,518.0651631015398
id1228961,546.7806534848178
id3932315,510.23662102128156
id0400826,556.7273054323283
id0447166,458.3827754913872
id1010019,633.0713130308354
id2539865,432.2866162023349
id2141011,294.6195814774246
id3525887,445.92989764953415
id2291171,649.7444623460565
id2643548,517.8184561733174
id0211756,189.81693014601484
id0764588,670.464420547745
id3899084,493.7530298572043
id1956497,472.69847685241564
id3977279,283.10690003749323
id3045741,433.8910616958962
id2968821,603.0427509067514
id2275120,466.33459603121486
id3365035,650.2994109377549
id2384750,606.3065186225386
id0977769,477.0356890647131
id0470886,523.1189965556357
id2917482,520.6521111267296
id1287325,370.36408107992133
id0704705,529.4632530318484
id0295721,496.0500078902305
id1649242,572.290420033211
id2575570,284.56575238065267
id2067199,367.74494763967056
id2091334,416.0395633004352
id3889388,497.10521188662244
id2264964,712.1000107366252
id0389703,713.3779568004213
id1106527,555.8574191585702
id0072758,344.3001747575864
id3421482,116.40526840432484
id0676755,350.8863596753864
id1102082,291.7649186884612
id1326418,583.6663401405619
id0462903,922.5129185652579
id1588918,324.52311464047943
id2888744,421.99218981728797
id2812321,429.33831350066004
id1463560,697.0465078743086
id2069586,415.8809251539636
id1566867,457.7571174561986
id0838474,362.58719158907047
id3793892,247.44608436156838
id1999528,369.0888775404034
id1013391,451.48809595357716
id1211189,398.5459785856486
id3769814,639.7763700195168
id3102964,537.3118967370881
id1668098,542.4528656328747
id1950191,495.47656086730177
id0167391,676.1124733858447
id1248651,516.61675234232
id1628943,522.5392324147322
id1674982,282.39625027500097
id0469029,546.6882509844409
id1415800,485.5730121433928
id1586186,506.48913528143817
id1658907,501.7044519469682
id1443650,914.5647881426672
id2514996,638.7548535521404
id2407735,615.0566529845131
id1049161,695.3817893582029
id2445569,378.91454021515307
id2555595,200.77079941753493
id3415078,779.7702686027234
id2272789,510.45000970132173
id2624852,357.90886161801615
id0119786,482.7293270188325
id3187340,458.95583507061133
id1991306,551.2590569728152
id1923168,438.00368623695886
id0999855,320.45077752287773
id3380206,422.59754622605584
id0979296,553.9568699645953
id2621023,299.4641314343189
id2566742,298.6809183368995
id2710636,438.144783087043
id0800298,300.10100593680164
id0394819,442.5071793414404
id1993769,671.4144868091707
id0470517,570.9071215994118
id0002194,589.6997204399646
id3396609,799.2659192166857
id3257750,362.6864945244744
id3447065,421.8655115919067
id3898656,261.7133952856409
id3530890,687.3089114415184
id0518553,505.0064512744034
id0330628,450.87107876232517
id2600457,322.54498266108527
id2398398,503.1854121243485
id1304934,541.2154062118734
id3669316,621.2480416697026
id1111605,320.0491706358344
id2620140,495.5144288609163
id3782915,353.24195304504707
id0252807,507.750917364173
id2361591,594.7271354280143
id2689969,429.7100905177902
id1173162,510.21401554176
id2799018,428.63759945568154
id1747109,445.5368207278389
id3190939,498.09007405839253
id2911256,264.80582698615444
id3174812,516.5784856480964
id0916448,642.9507722358204
id3755642,729.9737639887963
id1518928,433.34349236452124
id0099313,687.4442973788097
id3252063,335.33048667711705
id2054272,580.0626729118205
id1634795,442.42934605068575
id2773553,452.0023241894452
id0625156,555.003254830732
id0230542,231.6013883244398
id0194448,487.63065422284336
id1102348,378.6136614901254
id0224143,572.8140290987693
id0065639,527.4585734307442
id0079075,427.26799333275255
id2288774,604.5652033013655
id0325712,569.8777831240109
id3124499,1000.2052406959037
id1642485,741.2221407566386
id1376043,485.1467714339514
id1355060,505.1625978225202
id0303673,263.7611597412522
id1725230,634.8335652510328
id2284221,468.0874599830639
id2957567,323.73061372100824
id1369236,315.0476428627697
id0181882,652.9568370617252
id1500753,481.68820269574235
id2823622,478.7955757583518
id2548739,670.0445895884675
id0822107,535.3025099974724
id0595096,411.4915920034885
id2431452,497.27109654855985
id1064052,832.6593984543408
id0725068,654.5812502658077
id3772510,723.0791691131183
id2416091,401.49402173397
id0467824,438.12403797103656
id1666179,427.33213687314515
id3974977,521.9001695228719
id3232971,378.40860036458236
id3218845,562.4287771791077
id3829283,368.2848135990135
id2806351,296.4796713162327
id1359664,875.9879521425524
id1652117,498.95018844186217
id3196478,408.8962866261156
id0771700,545.3205492915832
id3399535,362.91460945248923
id2435098,535.8417503835134
id1397847,753.7676188883878
id1841393,511.99028120417415
id1196187,750.0596950029073
id1345845,352.1048617863538
id3191984,608.891946664751
id3583407,577.5222054285907
id2465364,449.3067579074069
id3079778,693.7690956487278
id1112845,377.53754242427
id0486051,425.62397691740574
id1533577,334.26892242905893
id2481617,419.77070846111326
id0087127,524.7525190548187
id0764929,606.8989692097797
id2327331,544.3001638048603
id0869424,179.68400038341184
id0544261,478.2499712563312
id1389216,506.6654197015081
id2193783,578.4756396272109
id1680785,848.8921730983234
id3659579,561.9552092409775
id0547281,618.960754820775
id2692955,485.27578595690073
id3673541,666.7690311013532
id2802492,554.862111829201
id3297729,640.0992950560941
id1257463,533.8605319645271
id2409835,491.72202455979885
id2976407,389.07569161782305
id3782682,443.1171574888545
id3966792,474.15491543683015
id2893792,573.7054063971962
id3306792,385.35446828831033
id1878735,474.4021127746185
id3775690,526.4765465992319
id0379114,742.1336823803506
id3980450,471.7228783121875
id2497003,297.3618847292929
id0581744,574.3793120537345
id3901475,575.1621138844156
id3528170,463.64219281747313
id3712995,535.5722783993014
id3975697,829.0200453287678
id1559619,408.57903303004696
id2229527,636.9705677736412
id1067504,645.840015066854
id0565696,565.2650788425095
id3552571,428.0014227901774
id0230866,530.4862415402409
id3476981,513.3227793908657
id3257545,380.4033300681015
id2728256,394.9063694130038
id3752904,655.8940903600092
id2429626,364.76360377081176
id2994778,370.7124193700237
id3854318,440.6715898690499
id3311589,374.4601192310232
id2041679,764.7245413069453
id2847640,571.0051650641782
id2359681,639.9680634297702
id1174318,541.8742988804598
id2483694,591.9380446784079
id1653978,555.7442269504637
id2393300,689.2562296417697
id3959960,394.3580470054875
id3543070,539.5852265880904
id0857261,417.2050497688696
id2870952,382.63437594736087
id2797438,561.8339361564343
id1109743,612.5095814889285
id3805953,513.5452756822841
id1785546,523.1033480358299
id1802694,829.0534589871065
id2239590,473.48349440813274
id0233213,564.0202280475651
id2455544,657.2927888481022
id1357336,538.1880395970779
id3952891,486.92006805954236
id3374522,727.0305932283376
id2245495,469.4437143437583
id0433823,554.949112955468
id3087316,656.7016156840585
id2693909,530.9977830675379
id3044645,493.44618263389947
id1370359,290.9717229089456
id1437002,474.64012866433467
id0541760,683.4258510488959
id1281453,677.0379515175081
id3764623,466.3924956309155
id2568580,516.1599775501518
id0517673,506.80980962846127
id2185634,532.4274718229678
id3046356,457.736213385027
id1799305,608.0156556748178
id1327153,397.6706701794507
id2913449,573.6707212625997
id2505772,444.62370997859307
id2251479,546.2109278293264
id2800130,372.1029309332361
id3830020,396.51961247665326
id2114569,570.7004230747096
id3176832,235.69482147822026
id1291512,609.2423754664911
id3944432,628.9895396630117
id1318187,380.1132016051146
id2796003,329.54274285585694
id3010437,431.53087792294696
id2055483,496.02449539149
id2140776,455.36201705940425
id1000808,480.8843247466318
id1348689,269.45520086415723
id2560439,391.66809040467837
id0810851,578.4194677288125
id2169526,152.53202337273433
id2783185,451.2383071920215
id3108007,583.8983049197855
id0010115,709.3056927490796
id0213775,596.1956102088111
id2965138,570.9098828290026
id1551123,449.76870598148304
id2334950,377.4949003915191
id0228804,516.3012096525624
id0622650,446.4873400614024
id1686492,476.174946613949
id3320587,385.47932420602814
id3752751,608.5977958178988
id2506380,430.01783594324695
id2544157,857.7680908172197
id0010280,364.31716352492305
id3811689,480.85605401707306
id3951909,448.73410278019617
id1718479,458.76206719368105
id2173725,794.6026842000394
id0572425,705.0372722612884
id0543871,339.339541971235
id3474381,380.1187780437337
id0058557,613.1248215316447
id2228955,466.6553472366527
id3803295,512.7395430489809
id3726175,370.85446789980614
id3040557,540.2647076012339
id1018917,496.8900844662674
id1156639,710.664407645854
id2010948,335.6191557287556
id2177153,387.7678013652315
id3977178,602.4270677035724
id1238456,576.4686943001376
id0745093,629.561921346198
id0484662,365.2634094321072
id2096549,512.4000542328118
id1451850,346.5599799087871
id3494244,488.7227548920435
id3373708,674.9461709268913
id0788985,347.1284719183235
id1749788,442.3057231043611
id3458214,594.4944623061285
id2207078,587.8423021035949
id2391466,706.965223138532
id1467010,434.6526560390686
id3498716,459.04494029864316
id0840697,538.5463764840623
id1637270,624.4470462355839
id2096561,675.7673050900534
id2074426,392.25105180965136
id2522284,590.6357673781492
id1554729,552.5470816672411
id2217687,715.0931493235856
id2204806,493.4710534267315
id2175239,385.7298370657858
id1968542,568.6921042461843
id2035982,367.4738999904178
id2121739,545.7577288292822
id1695226,363.45494445658454
id0081538,525.4247788819149
id1695473,413.28865327088084
id1017313,334.6981128427596
id2820151,158.501859890465
id3508162,483.0517829099221
id3342977,398.80266709905413
id1659139,1019.8066103194055
id0752683,517.4026430087702
id0069781,600.7034336171951
id1057326,411.6132888483422
id1123035,535.9783305241662
id1576233,438.12617145117184
id1258555,775.1944314603229
id3953131,777.4841602890184
id2554050,470.560272127827
id3516586,383.26951332054745
id3604811,511.44725366686055
id1987864,557.419793845137
id3971195,449.1368066065873
id2207097,651.4170987930092
id1302363,555.0619913229657
id2131757,811.0687903769859
id1354728,792.702029017187
id0039935,611.8516340183421
id0796896,311.0836701554403
id2993975,453.0742472894683
id0126457,630.4739865036696
id0835670,397.21021736133196
id1958646,532.0983147658903
id3780640,548.0201275020187
id3532890,708.5769106899247
id0537479,698.8886836997502
id3555363,659.4455661386171
id3808209,633.6732212518029
id3631677,355.7510896371607
id3432637,589.1027677129745
id0082206,438.35961673477897
id3079574,573.5062429606465
id2485492,649.7302670333377
id0748372,278.53400463215115
id1927615,604.1667319558825
id1870849,272.0454940855075
id1731389,539.6116650015413
id0421613,687.1366879323496
id3540932,437.2649381553674
id2719504,461.7450622321092
id2217278,646.7805193036644
id1905605,519.0578005885492
id0404038,657.2501260972358
id3185949,472.18541136554285
id2253350,563.140486849321
id0957785,942.2064166517171
id0491050,560.077188748276
id3089596,579.5012032683778
id3595280,353.98350993414533
id0129388,701.8290569676135
id3618091,791.4405366306531
id1508570,304.2406072770608
id1771456,427.5976559167165
id0454517,379.0679815921025
id2024782,539.3816555102254
id3686124,617.7163152637132
id0715434,499.59680925243816
id3472032,534.7999124630697
id3632637,590.347258069241
id0349262,559.0792572578393
id3922798,652.7612663291789
id3635305,638.6045275774768
id3163214,542.3610001132556
id0571559,370.28360111279267
id3078133,694.5337549399521
id2710049,755.2199971396954
id1447933,541.8249665220326
id3976152,718.5084318715901
id3835480,308.7026119951838
id1020495,524.7197563322312
id3389870,331.92881417535756
id1266435,515.8682388895345
id2763176,585.5905026220792
id2334693,433.68869423562717
id2685078,273.994803145791
id3141266,527.7723716424789
id2555080,318.429176488116
id0474476,563.5371895165756
id0657209,649.1255420608361
id3170819,450.1591594829949
id1191987,248.31211315412017
id0669194,904.1404024445268
id1337280,556.4963593527503
id2370632,437.93757194977337
id3781171,468.5833557369513
id1622266,430.9123345037712
id3929805,390.4293566861007
id1337080,479.18561516456157
id0911610,366.7564854022057
id1169225,397.29642064700255
id1685600,668.4570102552184
id3339683,735.7587396476595
id3361030,487.6386970697095
id2438125,694.5089574037135
id3501472,507.70213780119354
id1002509,827.2967672951733
id3984327,457.8445927314388
id3742811,547.0464138723537
id3376948,290.845009364609
id3399500,467.0549952473714
id0998117,327.16330533105656
id2892923,551.7166741178935
id2502399,497.1526761531686
id0467858,507.5955690872567
id2324565,298.3340749413912
id1024498,532.1517206920277
id3669515,333.0108297579991
id0947841,537.9871867937934
id0903245,575.3126649307001
id2357782,512.2105524499717
id1158679,618.8737169970195
id3260161,384.818890676925
id3042913,536.6115246331128
id1118535,766.4377114739315
id1643813,471.2225751251322
id0286854,371.39602339142584
id3325630,628.7345632931379
id0063866,431.1250234396385
id2193370,490.0176278483101
id1751466,555.0774426575804
id3794287,372.29824878085844
id2062129,716.1421311232774
id0062580,478.1421236404325
id3416036,441.59371052167455
id3312217,613.3780051974225
id1488419,536.8885615284929
id2217418,533.2558797888234
id0309381,631.4082630302561
id3291850,346.7632363722398
id1292015,751.7611507079005
id3199358,655.412341773959
id3752960,448.0877693458624
id0810994,541.221862298831
id3747905,241.7835904857389
id1971716,422.12595665664554
id1164924,559.4888935727614
id0969416,583.1441127786503
id1987058,481.7739330710698
id2617767,591.0117617300717
id2776654,422.52542252328107
id2585092,529.9813544236661
id3461439,470.4374931864031
id1611067,908.956372717164
id2195851,721.9172257377404
id2428358,352.2747332387416
id1978105,336.2770854985935
id2270842,601.7631640008806
id0533556,257.17400977523556
id3098047,672.9972759132935
id1037562,620.9404955561696
id2915588,429.3746295987216
id1401427,528.2213558041126
id0928303,545.8361397013248
id0840350,669.8849395716912
id0033427,243.52542987255526
id1828863,683.9235852440864
id0036557,294.4877826915666
id0176172,550.3228286554934
id1974974,502.9090693359607
id0620728,713.5259181480931
id1752632,612.906778990874
id0014883,337.0278938725825
id2442541,547.4909556551607
id1505366,602.6385600249562
id3098690,676.8945485282966
id1438745,527.1648156284566
id1312763,568.4351513612528
id3078978,606.600858087511
id2341709,382.3432152805841
id3592409,235.129485608044
id2746438,580.9136631939513
id2937011,410.5611753480644
id3641131,307.3070475703781
id1921311,650.5519582206026
id3077331,466.21043982356866
id2929796,500.6410456327261
id3911598,498.69637102720804
id2074389,289.9545372385683
id0507837,365.83980058671676
id3105060,350.8232995267197
id1659842,472.3770581088615
id3079841,345.15513440550257
id1143152,299.0732770733315
id0621154,1019.3451463710893
id2289320,655.9840177653151
id3449502,499.62484205939944
id0112838,514.0957263486856
id3868838,499.2150748539359
id1878410,460.4273407620641
id3521209,545.5980735004118
id0228503,455.88992465125267
id1955372,298.7586586297296
id2604459,307.7300567880333
id1006751,701.0046722032062
id0340375,389.16989676817957
id3143320,458.2180674248992
id1080638,623.2625568837062
id3667648,545.7893080592692
id1607744,608.6156137430867
id0247445,525.4978058147647
id3017642,415.3443850563179
id2097380,449.54312210725465
id2387963,369.9998346489899
id0487146,741.0216204452088
id1723390,507.5818608778722
id3052856,347.80130170178916
id3646059,775.0789392100503
id1252356,428.55534080767825
id3606642,749.6507138351013
id0085056,307.12604476411906
id1726074,657.8431336652329
id1246786,808.8767235340775
id0298395,280.9708668324843
id0586945,295.60001143654114
id2209141,428.5647915954897
id0768122,505.04751964334946
id0674503,617.1371786148918
id2173616,550.1440109109393
id0009404,717.0752222651657
id1123342,546.1901691826471
id3164082,424.83257956507515
id1502934,623.7976823346694
id3105183,433.5604767422861
id0928346,444.9081415516649
id2128658,721.0131614481603
id1287205,405.8318348534147
id3182582,604.5657143932765
id2996477,522.4207564131291
id3085980,287.79533611773684
id2260106,619.9833157828298
id3621051,462.52919926334243
id0225668,28.05982750039727
id1481625,358.9422027700869
id3719995,502.50484071786445
id1750220,490.9549632965752
id3856097,610.1965053691836
id1459426,275.6522117003165
id3414208,450.3873806746445
id2776042,234.03001899859152
id3117812,710.4125928891475
id3061732,438.2053204566034
id1809194,669.3162813183151
id3741888,330.1416264503978
id2076445,656.215494066886
id2040597,362.8341265062666
id2946397,467.9618878450859
id0555132,368.6278429245236
id1582581,539.2056226572842
id3760540,469.6773782079124
id1810602,586.2224730695934
id1299065,511.57891073394285
id0702548,338.6304336725838
id1960645,365.7635773717095
id3266597,613.4078976089708
id2488221,670.603694153032
id1649463,989.9955881228366
id0821259,321.3517929414928
id0416480,770.7342790878336
id3161667,438.36763588484297
id1948738,271.0271294022254
id2509851,642.9146169958516
id0272448,710.1573549001819
id2514644,522.4033797376195
id0796743,805.9543304701045
id3394235,434.5684309907284
id0660168,577.2380232594767
id0352029,352.00192013603083
id2941334,490.9387908141592
id2943926,608.6816594842376
id3653119,600.3881500236968
id2318082,571.3592207185885
id1512805,916.0288095347881
id0302243,687.6820930302777
id0486033,666.331816887048
id0654478,755.7976134468671
id1337835,732.7847460768351
id1259742,505.4302545362922
id2767359,903.0294943752422
id2322833,597.3628125880423
id1076165,999.5226342696377
id1127929,413.18694809941326
id0425688,738.13466144416
id1062147,653.5092242935864
id3368334,587.2672174022089
id2507508,922.8471375021496
id2947308,777.9552746329626
id1233913,560.0222441180449
id2462349,727.9222821015746
id1668666,711.9464307510217
id2316966,658.565282222398
id3230786,842.9866897050113
id0101354,859.1240600745889
id1566581,1066.697014496675
id1385177,751.6276145970927
id1196323,270.1451852381788
id3970652,996.0595303913591
id1739231,750.8664881109595
id0294900,766.9400330136533
id1831955,699.2748627288414
id0660889,780.5808205083882
id1721151,598.57293942467
id3868068,370.48179082613404
id3639140,940.0555112932809
id2995000,709.4679334968156
id2000306,323.25264661555167
id3323299,513.2398180351823
id2987332,456.1302017434452
id3746962,680.4972102384367
id2440265,324.0910850071231
id1332142,484.75981477148565
id1475140,551.9515435646834
id3988099,627.1794363825251
id1492581,562.2880317251484
id0969772,643.4299172373278
id1701051,287.86496026970303
id3308737,815.3389373889727
id0856067,452.87023256508115
id1703186,648.9381097415876
id3677230,672.0973153555464
id1331089,806.7251667238644
id2823280,568.4851794141679
id1626357,579.0564797217631
id0768438,519.0341724002452
id3333859,1044.7678333068393
id3834372,741.7079117671136
id2048798,379.1858747863614
id2375129,737.4756211103416
id3859967,559.1610091785117
id2915552,556.2121476920054
id1570525,614.0953733570583
id2927853,618.9964122869093
id3773766,967.9933377662005
id3951023,942.3915748379949
id2031384,654.8544166466215
id1961213,412.3325158455008
id2208635,553.4893407318315
id2403065,963.4719271514703
id0160354,515.7610090096084
id3459571,587.7983100124918
id3949988,516.0662694548178
id3543417,519.5415548961893
id1948201,695.233528109863
id3849901,416.81789254257984
id1663230,412.08005069728046
id3875617,458.003452967175
id1881827,645.8763156524946
id1246375,495.21003561990966
id2982668,995.211702507578
id0083587,371.8798798098531
id0815280,622.111432252118
id1681993,969.600418554012
id1319823,692.6264387618916
id3722802,742.0535665064103
id0543438,827.3565168776945
id1673721,755.3212163846164
id0219720,742.1443856170798
id0216033,353.26994540551004
id1314939,693.2640894992129
id2591154,378.64626857348236
id3817891,543.8005163302684
id0970603,747.2027314808957
id0083872,676.7452261063198
id3448888,387.12320193869544
id2375981,589.9922129450539
id0540587,688.2894330907162
id3592266,616.1220398025507
id2688408,737.8707097411194
id1414334,621.4536964500293
id0798571,584.516353861719
id3297086,119.78480607634216
id2075523,762.1597170738117
id0453395,703.1079277467363
id0947369,330.9228813588059
id2444632,742.8935924849737
id3864937,571.0213068897251
id2789853,708.1049963918442
id0668322,386.50884271323986
id1468311,799.1626830728991
id3293368,331.45267802894676
id3274315,773.7137856504619
id0821911,501.2316914935997
id0555827,618.8409174135352
id3018651,541.6851998863096
id1953596,451.98202620138625
id1711255,734.1757104597319
id0837672,783.5822672301201
id0637094,476.0291286118968
id1167940,385.1699939763472
id2104334,637.1104317643243
id2413759,787.979195426753
id3673532,635.6394409805661
id2432839,917.1703195333171
id1867632,837.4779484887184
id0686290,739.694874817937
id1660971,671.0600484246147
id1056213,897.5079799793782
id2599167,853.8617035883755
id3973585,808.5964947855143
id3271577,687.9998946810304
id0651215,201.0677883856989
id2373036,877.7252475304841
id2695128,710.0769947057471
id3256153,664.5216051968913
id0348228,576.8844052125156
id2194157,625.4287933855188
id1238132,530.3469822614256
id2166369,903.8390768872446
id3347977,1068.3038251775913
id0045262,480.7534333103864
id1721099,819.1249085197604
id3289253,892.3437000292829
id1862904,522.7365010798978
id1240777,733.7505867098737
id0506113,667.3188215646073
id0456672,652.7736261664517
id1939389,355.2002960156137
id0310374,406.51279265562806
id0387141,588.7352933651246
id0483798,335.3764693209703
id2808805,541.6410349541603
id2421041,387.80865350155693
id3962050,551.4180206808089
id3670101,573.0756561139123
id1271595,819.5670841935739
id1620322,580.0933478692298
id1592540,397.04795348161065
id2697551,805.4845353077046
id0852834,733.716739077543
id3772366,884.3313876327995
id0130604,758.3286644028124
id3276932,900.037809185137
id2244288,611.2254181046601
id1005961,698.8447187036381
id2351285,627.3800039751397
id2024887,460.17531050881206
id0266934,455.1834716130976
id0215191,700.7418357660871
id0416299,381.75166483045246
id3527170,869.4246748080134
id3377829,451.04838077299974
id2637131,782.9657887629324
id2792857,756.7979277218251
id0475498,493.0757162205194
id2731099,628.5924711311069
id0053683,688.6922001238289
id2984353,732.0322751985243
id0074213,498.93322735506314
id0534886,580.481359686271
id0966496,474.50516425460387
id1874842,818.2672479040895
id2731020,630.1130038036928
id3680177,584.8556942498192
id0005923,679.1193132430328
id1473777,440.04409796313763
id3847265,409.50689596255097
id2416289,574.9281901683145
id3216090,481.05139284641575
id1968762,857.4235135115945
id3590276,476.58963956781
id1694228,859.7245153748038
id0346545,927.1779815524804
id0882357,714.0658484753955
id2508345,571.2775777268198
id3103933,744.7355498395214
id0804120,431.7228973304259
id3115020,744.380978739067
id0221319,579.755895225078
id0230252,747.4235004001332
id0863269,657.9453470455027
id1541917,755.2885993815196
id1501398,279.7698081183243
id2681421,347.75139728248854
id0146477,1022.7993156421753
id0174195,898.5487026002967
id2093389,525.1436552387376
id0909876,311.42500147947806
id1187253,642.2298031461578
id0350001,666.8517729803434
id3486642,956.6995509470527
id2477887,420.19597305757435
id0823263,473.7652449289402
id3410526,338.47209491445926
id2829704,788.9212182932434
id3361995,672.7900334747411
id0626692,513.8975101984657
id2594694,565.3491483449662
id2099016,978.6212753492198
id3918204,738.7649794241756
id3156875,363.99472988038275
id2271178,592.2023041127043
id2461922,831.8362963719064
id1990744,512.5413141190982
id2568727,454.0456946490007
id1572432,659.0710760544979
id3899307,552.9129340644425
id2340029,806.7511716969166
id0160067,750.8458823755003
id3187608,755.0253568657766
id2594448,1124.933126902123
id3379966,455.08044087951373
id0975716,477.3929973173143
id2872418,383.5927623345318
id2422756,370.6387035644205
id3754160,887.4197573739008
id1925735,676.4542984891806
id2832715,903.3433595360499
id0593254,888.4785513749374
id2770555,618.9897173277299
id3466408,340.58152757158155
id0415097,582.01871697717
id1931505,709.7820660074525
id1869976,595.2699868754088
id0520617,593.3791085518607
id0492134,817.0921630653145
id1377148,765.850496126721
id3615184,596.2575991826221
id1817026,403.00821164618634
id3178485,789.9847065014977
id2203018,491.9808925120062
id1736416,716.6388295395336
id3288741,319.33285220129903
id2575444,627.0163493718956
id3519629,625.7545477603077
id3519002,337.0509641592257
id3284012,701.6062854864028
id2509747,747.4781677893013
id2946903,566.7043374616603
id0624104,467.9474293212675
id2168637,681.0226613949202
id1650398,793.2457872244886
id1490087,931.4858446539445
id3273085,777.3756411676438
id2793623,728.8006758064615
id2832112,941.074952877091
id3321274,624.9512224513027
id1609491,776.0526363786562
id0819012,537.8908769867274
id1544287,675.3111661282215
id2727575,893.3327285218213
id0541969,619.2962364822357
id2507519,543.2795358135974
id1131135,336.18551673536416
id3367400,673.3165514045307
id1292421,85.30221199980737
id1755184,729.7260577136469
id3885000,821.4198571069076
id0191817,467.5307443994119
id2008310,563.022929563936
id2465762,822.1534824581627
id0358304,443.92523802840793
id1009971,508.5323562473396
id0008514,427.82722492899217
id1380720,688.1017311716396
id2434989,503.54018152067334
id3316857,792.7979951259364
id0197189,494.94722122270906
id1027309,698.8783505224293
id2706064,642.096751300281
id3049139,597.9008857405336
id1024361,837.5170625865026
id2845562,590.8530228245673
id1372271,508.04517645131097
id2008153,380.9305240060092
id0547062,542.6159565146475
id3243010,755.4108436285026
id1126812,899.7582053838632
id1015241,585.6312088426251
id1387450,503.3484256932835
id2725899,629.2591024301614
id1645039,389.08277070988214
id2371258,915.8605886359438
id3871712,555.4487776082624
id2953108,521.8714420001057
id1612961,344.7381582514044
id3492409,862.4048739985303
id3692711,622.3621413202162
id1018856,552.495398843899
id3448683,755.6008009176244
id2357505,486.48808868617436
id3919354,669.9144832291412
id3071118,517.0491226809474
id1885840,587.6289689320176
id3061138,456.81546950746656
id0142990,427.77439068098766
id2558441,889.1515621159165
id1140449,501.49979287605595
id0675466,1057.4142031435822
id1115559,641.5981672296912
id3795496,1057.0503789121806
id3116692,804.6307952090276
id2082931,532.5731559410076
id3894439,813.8503265269039
id1652548,726.45606455999
id1366496,492.8914586377987
id1939702,592.6680327294044
id2885452,527.437616888433
id2606505,810.8018378617506
id1379955,693.7400064301455
id3005939,775.5444110160979
id1543455,361.9157836751611
id1712339,552.6802257842342
id2746818,871.3229604032466
id2594001,248.25379180964885
id1830948,667.2732983168913
id3792922,791.5246807979228
id0128033,665.0871853942931
id2021735,255.76281829117335
id0998820,865.950851193953
id0493098,694.5543405773752
id1926818,274.5913994105886
id2046756,938.9479139000551
id0701510,565.0339134160699
id0615475,746.7227725418229
id1436275,723.4015367379424
id1922424,708.6288100293917
id1363137,528.1942885143437
id2704777,894.0469289999074
id1573929,487.74280234644425
id3045621,471.36055797029536
id3695076,771.199017965637
id2402994,687.560806031254
id1018840,801.4822498551858
id3176223,442.5155183879477
id2261210,752.9371412037989
id2003148,240.21715929659752
id2248086,562.6758411968411
id2024508,591.7275491779357
id1241497,895.4222733398193
id2592718,730.596919821255
id2097627,454.2296537815435
id1029449,707.6152075832516
id2128844,400.7020660988694
id2515192,555.6440405386561
id3394827,775.4089272132067
id3807490,579.0076400137357
id1944502,543.6590149696103
id1791361,578.3013871586521
id1596897,392.66267451096354
id3028972,508.61014830646894
id2236560,496.38286140146806
id1329802,808.76710890753
id1021463,560.0871073541052
id0711048,643.8258836159542
id2593130,544.2443767572505
id0752459,521.1074106280904
id3029447,740.7212910622357
id2477727,455.20808772247307
id3609221,675.2410454247567
id1418515,744.376878729393
id0676270,634.0644081917999
id0296787,327.69844998358553
id0194824,693.7118540877983
id2956721,993.9351971994615
id2427371,580.6500401066119
id3154605,828.8569974565872
id1951073,638.2001169337968
id2213509,471.2958779061873
id3652918,542.448258524975
id2089805,665.4685911115819
id2892387,401.8682192122025
id1496442,904.1589086995904
id3659000,522.510180899873
id2282425,408.5459625510517
id1088611,655.1889554115384
id1051622,738.5999064366606
id0132320,385.8111669548309
id2625161,658.2334396811427
id1029677,515.9206100995063
id1193950,815.2137271249213
id1849484,917.6640826050242
id3102879,408.06253424976364
id2207390,471.3225998439411
id1553017,375.8553804932079
id1221235,624.1407218619736
id3465730,450.468880986093
id3573730,394.0278393893203
id3092165,414.98813258082237
id3049089,567.4253103258526
id2791582,581.4437979714764
id3140277,663.8039179401808
id1945008,593.2571304576943
id2431258,623.3232022010192
id3604430,265.7442159777305
id0711796,610.6580772353452
id3457795,768.262759625116
id1884600,898.5706520017279
id0641024,471.16477517158523
id1872542,428.1465434136222
id1284553,863.4632766365091
id3409021,806.0905252866272
id0941001,593.5820477247833
id2096268,986.9089952420653
id0522036,566.0894628568843
id2851928,466.6002774204013
id3704215,656.949063482517
id1485535,983.7436222894595
id3866261,666.8744613989923
id2923854,635.2692521299936
id1117252,300.96505064613575
id0431985,298.260893933765
id1066847,557.744511896884
id1874809,547.9488228316526
id3651717,928.5062353370583
id3902151,371.6008287309054
id3966612,651.4301820055532
id1376929,705.2334125228637
id0508942,632.6428235381054
id3523021,487.79246124051406
id2608229,323.5246074206784
id3208109,864.8060711910115
id3527473,717.7118652102178
id2512505,632.3673514614991
id1052480,784.5141573705071
id0692165,665.7249876834642
id3233872,853.7883174665909
id0170232,643.8228888699115
id1543703,770.1823844925315
id1720458,625.6210800121963
id3763056,885.2413562962007
id1713043,717.5406425650967
id3199430,515.6194559631168
id2279255,596.2172619010954
id3949142,1012.3454915431957
id2010625,452.47247578359014
id0216660,1041.6032593300706
id2940779,371.38581488255664
id2017534,496.6187985144012
id2090337,589.4137021068942
id3634365,521.9148737401204
id0690970,735.921463238733
id2609146,629.2823326954949
id2515715,408.46420815315633
id3519979,696.6185943804876
id2121207,597.0647274776935
id2108701,484.11741740417335
id1271621,845.7993514996049
id1185743,768.3149985920257
id2601969,849.4199922882751
id0939153,791.3614380447715
id0883899,539.7242218616885
id2557637,543.1644555858678
id3487277,773.7070295259787
id3920692,762.1851254209105
id0847240,793.9316677831151
id2408084,557.2173869265595
id3574095,980.3292605241053
id3594609,606.3871478215692
id1326506,710.4025849493889
id3567071,500.9140765194686
id1651976,709.0901155734726
id3747696,513.1686987708032
id2596829,436.1911046461813
id0547183,367.8239476452399
id3812723,507.1824634392491
id2336244,558.7440355302693
id0616113,648.7740002104347
id1961192,73.88973458995252
id2955075,866.3114137393359
id1097475,439.7260291427577
id0129254,617.5942025410711
id0083366,649.8182685727438
id2796606,729.6304569688677
id0612973,582.2368921907944
id2426546,681.9141932270808
id1337891,381.3562883329145
id0828951,518.7391728327372
id2175356,774.3634580651548
id3190719,675.6511620934486
id1673493,686.2734356560125
id1714548,485.543972119039
id0247397,620.5716001297551
id0163613,755.0685278877584
id1324943,552.7205411178724
id2388853,941.264299861704
id1151691,752.1173654401479
id1873541,757.9444460576119
id0675168,535.8815286290205
id1732606,626.968327668285
id2031681,593.4768757722502
id3464919,748.8822386577028
id0248322,663.4205597040618
id2828987,828.7199435974404
id0417773,553.963659357185
id1617578,575.0733271683821
id3883909,664.0666506322348
id1691500,933.6276693000823
id3847917,314.0999136315724
id2898960,771.3659792371445
id2023916,762.5057722707081
id3378844,338.1009598381919
id2722289,380.58002439159173
id0668515,791.2291928760641
id2925262,525.0942328903759
id3193795,1186.5465911411898
id1008653,614.336187598242
id1559375,833.7026082944917
id0325995,480.9986731745712
id3071631,347.4909485559641
id2001643,560.5359936753215
id1976902,442.9695952370526
id1157710,777.0673113105297
id0221640,699.6174793091752
id0638964,718.6558088582261
id2037670,407.6882162122874
id1840821,612.338627785083
id1550982,587.2347764058206
id0518031,790.8021235896971
id3595443,686.0799387340313
id0020155,534.5291629490856
id0875759,861.1120085661421
id2132105,707.7151550210037
id0358453,381.08923947935057
id1352013,729.8645234663388
id3430236,735.6555352047975
id1182923,770.1271364754731
id2323220,524.1268766752784
id0490500,351.9093172216112
id2997317,915.2898785479999
id1210167,814.4144022837207
id0892481,431.9412186694793
id2403992,477.2076844050755
id2263090,700.9876781811587
id0025300,384.5215922630763
id0455722,811.1954599161639
id1832796,364.92834125556686
id0218472,598.7823998114512
id2286560,729.6265570799214
id2711271,464.0496064969394
id2939376,682.4726271829367
id2943402,739.5996073217859
id1440917,614.981479895012
id2456498,491.4626182770712
id1639356,739.2421020847441
id1420245,592.3979888437607
id1530949,865.909665929425
id3682193,390.38704462451284
id3080571,310.09816364038704
id1064377,553.0869624054603
id2341997,788.7902216786238
id0759950,834.2426398229542
id3064401,451.1214907586633
id2283600,655.9350252495879
id2390065,374.6733525638211
id0231903,521.7884420429051
id0060718,631.0669377671996
id3160209,848.8630983907047
id2485246,689.3611221320892
id0743412,739.659135278081
id0904091,685.874265315848
id0369212,809.119225786485
id0437727,816.8666226583865
id2159334,661.508281177175
id1100778,639.9194086735052
id2310124,383.9581638417039
id1380889,501.2439796553354
id0946219,342.59541985512186
id3502865,247.24235202905874
id2985674,859.7687215162952
id1486342,831.3903018384926
id0524636,813.1699505454519
id3820810,476.52086973993727
id2569077,589.3139520382409
id1665946,870.4424187990592
id3827690,667.2066272048829
id2209709,677.6136665235358
id1233356,523.6441709592773
id3494111,777.5386409722378
id1921539,887.8388408218905
id0399386,697.2793381050914
id0360105,545.9229186239289
id2727266,446.93826926824727
id2655792,534.9438685607698
id2517607,470.8132319138796
id0551684,875.3596945011627
id3823856,381.3122379722588
id1341656,616.2664809826177
id3886265,543.5144727566561
id1076519,581.0311953656433
id1365538,172.48479768904235
id0874740,438.339497471806
id0008616,431.9348504081843
id2816339,626.0897596421224
id1573298,469.73421251464487
id0193975,655.9101867451362
id2085545,716.6846981600982
id3339682,603.9857887322026
id1480093,621.2999580204088
id1415635,390.4507019975587
id3471570,587.5002782655431
id1950659,833.3029393496488
id0206650,478.91637907964264
id0443791,344.3599246676255
id3357553,901.5541316997371
id1234244,551.5073930169284
id0007489,701.2343253416775
id2448655,323.9878752465416
id2325933,816.8783638003333
id0532675,668.4548095513906
id3666911,642.1895585209202
id1975172,610.5116218382303
id0324777,800.8858671313818
id2697532,478.8392966654588
id2398050,395.7460863280382
id0460512,615.6151832944043
id0379513,715.224188113839
id3678405,496.28032515886554
id3727078,1005.3767776597562
id3832420,631.0711422463446
id1450425,667.0213044226947
id0507735,923.65465978111
id1287128,366.3527813447711
id1708009,711.7903625175799
id2622540,673.25736543357
id1488574,362.0847619825191
id1766014,317.06842472719177
id2909905,621.1657343306771
id0838992,520.5563356362865
id1412084,629.4366363998529
id2162996,513.1148768423423
id1537076,512.964673118095
id1186052,732.0322595390637
id1974097,352.4645728041078
id3495580,516.5147594251017
id2112016,878.4275408234629
id3486149,413.9406033981078
id1613788,723.6107837231706
id1454281,791.7782296437646
id0791409,955.6809613467509
id0016874,490.6210944831266
id0645948,349.291123746223
id1258283,580.8713466664229
id2685575,464.96228301650666
id3519241,1009.9135908546896
id0235624,244.75427119864528
id3247415,607.2919202597752
id2918133,678.7097413503694
id0502853,592.233576575392
id3774370,600.2890900197535
id3230644,559.3738209325819
id1282529,835.5039309374484
id1255069,388.5154315135083
id1340480,490.5335488536985
id3472717,805.6987356617308
id0878647,542.40495218663
id0301773,577.4538769729515
id0733241,831.4174362692996
id0469959,643.708709000252
id0223244,701.9696355185838
id1069108,605.5754006700446
id3956324,649.7294901177979
id2909279,574.698810648605
id3853386,346.1097810313688
id3243348,641.6471608743498
id2288263,729.5164338765502
id1517863,824.7376889227305
id3672139,720.3168899096763
id0329467,908.5698812650322
id3049237,483.58488489720276
id3666320,324.012662392142
id2981334,840.990060205912
id0809949,641.6718275393869
id0816598,407.14433960815353
id3977587,734.1155496504678
id0942385,660.6684691521506
id1457561,936.0854849106944
id3127568,527.0857310348009
id1961512,624.4716728800837
id3083165,738.6765329545694
id2220917,853.2579705758952
id0093718,654.3312279673451
id2983162,507.96978608552064
id0002800,769.1346595543805
id3340507,540.6384629387925
id2588817,533.9411654829295
id1833275,849.1148339186008
id3542059,489.5742260390195
id0900974,844.0134187650268
id2175815,405.16285989784376
id0691247,368.24436231156096
id1364512,697.9606848380087
id3072396,585.6625964750967
id2578885,843.6188432018935
id2017179,743.2016741146483
id2433397,830.4361572049821
id3122438,427.49804017099405
id1152969,548.6024285806849
id0296414,764.1498554220208
id2069364,566.2625381815539
id2944065,729.4051536997002
id3931106,581.6745567301472
id2561852,366.69646901900035
id1336821,504.4518576098396
id1960782,689.2087252949658
id0819370,864.3334863994186
id2982465,676.6181442186833
id0904307,844.2593710967303
id2696864,375.6679744953499
id2831581,451.20506587148924
id2187277,491.2535172164836
id0013249,580.8746383854691
id1576608,874.3516966228055
id1735135,900.9725749432337
id1525365,809.3757834258054
id1754187,795.7501468946657
id0978304,597.6350375860343
id3814765,866.8861157455278
id1067525,495.98787904643336
id3067738,696.6397723500447
id0994707,792.7833550635445
id2908351,483.2930042313602
id1399900,905.8289916871198
id1126485,641.0086545398981
id1923523,458.74647274421216
id3508299,879.5938347305919
id2387910,393.420519534465
id0785927,545.1259458738285
id1723245,878.059825589882
id0419932,829.4238808500126
id1950791,360.8745141547608
id0969963,573.8409408070778
id1776558,706.0989562413878
id1092184,935.7835595343041
id0102387,865.2408933634958
id1777131,755.9612253251734
id1477143,1155.6435114774677
id3486985,698.4101254663187
id0023532,548.1277361276807
id2093201,728.1641017296763
id2935311,544.6745642005451
id2323219,536.5199697620524
id1568330,497.9158166247576
id3940198,650.2278766181335
id0492778,471.7208022293667
id1372757,592.4532450898148
id1529347,715.5316066160505
id3957750,545.7042087631396
id2844117,467.9204802260788
id2748209,736.7130421785041
id3768050,477.54755565585515
id0376485,551.9575003817503
id0911312,734.7702725598425
id3526366,643.6324963465379
id1769088,503.9086204659568
id0911714,720.3643697274434
id1119347,577.9555538256749
id2351091,654.8794791614356
id0442836,541.1207788957889
id2875667,515.0168199967786
id3919874,569.8053848360381
id3097982,491.88030342116815
id3573704,431.25261293773633
id1405260,801.6171998199053
id1034187,901.256155565153
id1699886,433.42577947580116
id2328010,1317.8528679723788
id1807657,604.0695550406751
id2047903,401.022195499654
id1608520,476.53717019993337
id0793260,479.81947418229856
id0085529,878.847179197416
id1223362,206.05106807298273
id2308755,514.0928257782584
id1439907,550.3142555790581
id0100773,566.2131578281188
id2720530,619.335173252198
id1209071,678.8893939617847
id0547106,507.4799003469537
id2549906,495.1972100094377
id3033861,485.676498494554
id0008356,615.8950454817927
id3353311,611.3159438614565
id2424669,832.8465827016196
id0439182,716.1565707181053
id3558991,661.7585851912577
id0917832,770.8729070905233
id2992658,774.3899023177523
id0768476,493.8174281173378
id3478748,450.50962079225826
id3782339,711.0159866444034
id3304836,600.7921854805783
id2872695,458.68412207761486
id1665290,913.1251168042278
id2218832,526.4697808536367
id3836987,259.9090725431859
id0683665,611.5838037595855
id2542355,590.404418149646
id1280012,581.1400125495755
id0774738,845.197456728219
id1012174,940.023631848699
id1810958,686.0480720531876
id1231493,768.7677905153707
id2039087,668.7857976190414
id1843383,362.2713044732651
id0159816,966.407396431354
id1304051,547.3650376232052
id0445835,313.9312753894559
id3571743,443.6600180932501
id0530805,280.56330996710034
id3612689,668.367545521623
id1076821,400.3596122182082
id0938133,656.1978526778571
id3693828,553.0145876487043
id0292425,636.6155428246808
id3501479,738.2721812986168
id3705169,506.30072861692327
id2818810,811.4306607621729
id3755815,777.6044671465511
id3888188,583.442714302549
id2116828,720.999015630779
id1968634,609.7696411929414
id2739320,689.4322551724061
id1546808,779.0099349708219
id0008912,555.2324146815795
id0898200,641.4802275428872
id1317432,876.3205414556272
id0214555,460.8369323987119
id3897278,1051.0308656343602
id3203648,518.4055090548047
id3263785,695.2305043048997
id1821127,727.477529242068
id3662718,836.4714496845014
id2151447,811.2616459664534
id1252246,481.7102719503296
id0634564,352.2200565780492
id0846800,774.1686908950743
id3177293,822.1765961111211
id0540015,612.866495395286
id2116013,270.0392881276738
id2942555,488.28531634461655
id0900654,841.6836710847972
id2657186,551.5156140619504
id2175712,484.77156854242224
id2727670,393.2837135067499
id3218585,922.435653270932
id2890490,514.1997465935444
id0737055,829.8397421476648
id0118920,744.9261361515889
id1193214,422.41544161500326
id0284304,563.8760481548917
id0664512,565.8537312257502
id0642206,560.016155428909
id0614319,556.8987816099342
id1146408,803.9239329934283
id2930263,696.57093214066
id0545601,1044.2358587841948
id0481926,707.0327866471808
id0540446,645.4297578924632
id2149193,304.57621953593184
id2767702,749.6445347481751
id1195644,723.4798881771139
id0233003,499.95331776502076
id0802159,565.2288279012099
id0585520,442.79974977361934
id1093097,425.332369308181
id1481842,137.47965270005784
id2859802,319.35965705539644
id0944626,614.1457690494058
id0309572,429.7212197445914
id2552679,479.5720163371085
id3529533,772.5431295800539
id3300819,872.0580692468387
id0668912,615.8385475343651
id1720088,573.4516593503851
id1755582,664.5948847114835
id3749060,602.1118857218495
id0327162,846.3007881569152
id1253606,513.3944352679828
id1513603,864.0812425046817
id2755487,317.79909077187347
id3300905,700.6424958474928
id1438714,591.9209329889649
id2349194,405.3469681934301
id2827329,591.8965172956207
id0885059,544.601288279021
id0455179,557.562412342403
id2170597,589.9895470232519
id3335807,583.9287822589382
id1249761,365.57151066085186
id3070168,522.858995609735
id0513882,780.9919641127651
id2213484,579.506980687232
id1146703,500.2536811334716
id0850586,439.2006480293861
id0580186,596.0954269038832
id2340278,467.26618971914
id3803077,423.8298965774827
id1307480,796.2683046203556
id3675569,709.971970662507
id3565728,589.798539467692
id0016558,669.6615748714338
id1443067,615.021612281783
id1105956,484.87437690504
id0898992,783.6264539700188
id3708514,778.0956808242418
id3513509,701.9698393561231
id3616441,691.3010845022312
id3986932,642.2880767281007
id3463018,941.5160182728965
id3843522,705.0558649375689
id2401677,716.5099421549428
id0368589,841.1960010496324
id1450350,435.8032670868063
id1630430,489.888295453152
id2808074,633.3169919898759
id0941638,559.2776486174813
id2582144,453.142799698888
id2537937,461.5350379244792
id3755789,583.4886559349612
id1408550,852.8270944214825
id1176585,731.4827958659055
id1647893,660.2465502865259
id1279120,608.4209750074673
id3655831,1105.5532314448835
id2969308,378.33566665825794
id2560276,431.1353638001239
id3673862,624.6726613377065
id3217858,507.5414677925569
id3670148,631.0548392827245
id3058918,759.1611404271179
id2131086,709.6682314404322
id3927011,359.76837231779047
id3501465,548.0827290541973
id2996587,604.414806443421
id0247323,980.0278773394306
id0958162,414.6656946962259
id0346256,591.6841451778913
id0964923,907.4758237664631
id1885853,370.7071923438213
id3822239,729.8810885792122
id0226694,458.3608394284039
id3024641,961.1625774632757
id1417861,522.4359296632244
id3081019,602.3766788235587
id1481787,574.9963820246718
id2441598,745.6668995284914
id2855238,707.4039719436929
id0289366,760.6910705936459
id2769097,367.07883392542306
id1862884,705.1164546759117
id2800933,500.58396665417774
id2136676,508.6662507894228
id3833990,503.44330562467576
id0082826,684.6008146836974
id3278709,561.1782340467017
id1140014,930.133575198619
id1060448,858.6306134302721
id3895831,778.3430350834803
id2774471,624.645876519431
id3145597,448.91916485244275
id3070703,652.0111484477663
id2653598,595.3778681407518
id1823650,757.4737132349159
id3134166,415.23822005591614
id3925691,732.7436178128833
id0724523,828.8177668331297
id1384412,580.8968297060242
id2314952,535.0513263579518
id1947117,637.9495796669538
id1513734,700.3736009734778
id2834628,696.0932173289611
id3519187,852.7766413070955
id2357614,681.193826274108
id1538710,439.1490634586273
id2720798,781.8004905889998
id3776526,507.66921183069746
id2034540,1024.0200810646313
id3050147,591.9699944612332
id0827954,393.1565744380261
id0329489,566.5574057149213
id3496992,712.8200073345561
id0559931,480.1727110361497
id1486020,428.9529035430602
id1958881,652.7651520562163
id3878163,969.7868522809656
id3931754,595.2578152094285
id3434443,567.217196265198
id0242478,776.7417567410877
id2810359,43.5019348359203
id0827416,480.022526367166
id1373005,446.25119430877504
id3815035,510.32106248443444
id3715494,675.2008321283938
id2925551,677.838939907606
id3240422,670.6118657674136
id1322549,550.6725608602538
id1695652,788.1722482527225
id2995084,717.398537287008
id2077035,592.6263498013982
id2533088,361.6773783854456
id0271948,610.4485058401552
id2467437,583.4936746212364
id3551751,361.437357237239
id1533654,417.1654805815155
id0972920,655.7410947919873
id0220931,440.88766232939435
id0709199,834.0959945263346
id1547533,463.490808598527
id1737492,555.6500857719226
id3680662,840.0666701239678
id0990826,776.9370710426766
id3541385,607.7138180747875
id3758201,557.5319940019334
id1940542,470.81861775561447
id0937118,420.5279967190067
id3893662,323.5255095949735
id2308894,695.1860415332106
id1720108,372.49295057388724
id2605753,840.4316089742408
id1377989,512.3331375502466
id2099434,915.4618249246265
id2588635,415.5143718692123
id2224830,583.1357141797538
id0714579,849.4628830813713
id1913701,469.8202769985262
id1403138,606.8752138678253
id0599024,323.52501079044896
id1775905,857.5941717231242
id2982505,538.2431879060841
id1164315,727.2189108058975
id1999146,764.3812266629773
id2880167,946.4289248905757
id2541366,577.325797613631
id3636304,893.9374866571511
id2721921,593.3562651899028
id1723795,314.53263193196847
id2737605,395.00930164743863
id1083058,527.7252214238399
id2720258,886.9053419703877
id0814357,628.3598395381352
id1504217,505.3399718668738
id1853223,489.96652705271583
id3000060,573.7667866753483
id0953814,654.1389309267796
id2195305,457.21001578172525
id0563004,560.8159510060559
id2424517,553.3647253794281
id0262732,857.5696365416853
id0643273,606.9525141068628
id2291661,477.7816268696458
id3097937,531.5990476850349
id1542980,398.208637851531
id0229701,454.91920043215896
id1596635,509.9553029489276
id0485982,686.4797051238714
id1005773,383.87097475312686
id3751323,724.0801058552995
id0090649,482.66864218615893
id2046376,689.5346447157033
id2127091,470.53682814610556
id3865643,577.5507611416017
id0576819,776.307627874111
id0353633,938.4355845671188
id1861997,636.9512870729823
id0085622,863.158308514275
id1775533,703.0758192605857
id0746343,399.6229552814498
id3468879,281.6238026230285
id1117345,385.43258184038353
id0748522,535.394826857936
id0336609,309.330955209971
id1757023,814.8112637431253
id0440675,590.4956084151921
id1421491,403.0319157846568
id3495985,499.91660743630166
id2778730,573.3146701956518
id1753877,929.4479386139454
id0350772,445.7066584111846
id3958982,679.6503261461053
id2773692,481.03729030220177
id2089780,460.1342492838341
id2026754,1011.6038859594076
id2635573,1051.6012555457635
id1533144,814.2283839253853
id0210220,571.5619273558902
id1402720,393.6262570332652
id2553015,537.760742991953
id0853064,766.7953079743763
id1095366,386.4984933228176
id2677157,974.5290035116459
id3560420,475.94145295239025
id3155047,713.3171148289832
id2039788,614.4155972540908
id0251945,518.6136843033446
id2531096,642.6629893350844
id1180204,428.9436974158239
id0648474,382.52908622900566
id1204921,453.27954130464565
id0418006,915.2831701588626
id2251978,720.3994104351275
id3050039,510.28908179829483
id1580478,523.1925459179822
id2698122,494.6103534465634
id3948083,692.0846160243373
id2021386,687.2124165198209
id0776732,775.9246118596411
id3218854,967.0478186096428
id0354974,855.6395017332175
id1410425,632.770783766752
id0322360,557.7012108061764
id3760186,989.788809581193
id3886638,602.1613730949684
id0717824,614.5999791882128
id2994289,424.3326911027813
id0110645,903.1759511398917
id0162529,299.36453277956053
id1168080,945.3293112964768
id2603923,541.6755531354295
id2097675,448.7512798985462
id3824097,575.9569777387497
id1675728,946.1683448413135
id1192025,545.6887649320159
id3198325,479.9397523618189
id1262049,472.314120000723
id2426272,948.5373904785702
id0059590,502.7805469301698
id3445683,540.2776176375654
id2615814,694.2998690986138
id0128428,538.5840216991289
id0514876,541.1675692891308
id0787768,528.961110570896
id2312225,439.6343579652186
id1417478,948.4919700694772
id0486743,834.8780443310234
id1588299,782.3824619936667
id0067408,762.4147642715587
id2835836,710.5320360841641
id2806550,283.57953616568045
id3330255,341.76090777284384
id3656376,807.5920067324455
id3397160,452.22652962929936
id3169714,837.1092704345854
id0963530,477.4748086783645
id2223271,625.863155492879
id0410609,584.1114656507362
id0569284,799.380327942669
id3118215,666.224207065527
id1128749,771.554464655947
id1005534,744.3659235506361
id3299457,262.82970398054397
id2969357,1041.1635544522012
id3759382,391.3842419433968
id2787690,718.8623159987194
id0329278,604.5639353165519
id0826612,363.31348707069947
id0200396,676.4931965347572
id2316953,912.5743243421452
id1490631,821.9972034874564
id1771787,393.23607559179777
id2055086,898.968782936572
id2375804,703.5078571477022
id3467528,608.7530282153108
id1604722,670.8077654725998
id1513481,469.7773829921544
id3720954,553.4203198488113
id1032259,628.0771680752191
id1306058,614.3589676381962
id0576280,898.1172362025447
id0803215,425.9877358502342
id2716909,568.9526116006779
id0410102,235.1964884019329
id2905884,343.97973283726037
id0900362,1098.8218338565814
id0519247,511.7397935429525
id1548027,690.7151018873352
id2560961,571.9501042662615
id1850608,546.7272004232843
id0170172,670.6270519503393
id3787518,914.0973571027915
id2118363,477.22802244502174
id1087140,577.2818430855607
id2705818,690.7316642837893
id3060715,746.206128685948
id2783597,760.877733362659
id1553143,671.8173292777263
id2410597,889.4744832012132
id0615304,602.2579238621443
id1029371,580.9286909919177
id0491615,606.771325728236
id0693671,831.924662721091
id3420128,1110.7417089499882
id3391157,642.0388893490524
id1231811,522.1757153667794
id1468389,814.3721286763085
id1515880,784.9482926441569
id2454567,728.0942518325091
id1131909,734.9127450471805
id1358581,1099.094907147112
id2988670,597.9244273792934
id2939640,494.5553706486969
id3461644,637.0151391409604
id1888888,658.0583315497447
id2152369,413.9385900256555
id2891490,558.8015129598862
id1292667,480.6597226295478
id1344896,443.09389799405983
id0783466,821.2858174283516
id0798222,898.0143090652084
id1061000,978.0750084327705
id3886357,631.0445185288553
id1148194,586.9700093619965
id2817477,380.9739126006864
id0498046,715.6211964759414
id1610177,723.8676537032613
id3564020,377.65597296789895
id3029529,566.1111085793497
id0187812,648.415563521423
id3385979,701.9746055580575
id3489534,403.0451099218285
id2336176,279.87370354071936
id0896432,700.196888624059
id2325558,480.2053864811088
id1904228,669.731634507675
id0630477,620.0897098590837
id1753390,524.4683747107246
id0564658,554.7679905682935
id2641929,811.6695019240634
id1113225,667.2449278279497
id3614153,383.9331510380709
id1169694,861.5575450580908
id2285519,708.2439405839395
id2098275,369.3955061323458
id3252875,767.99021584478
id0656919,378.8773458304016
id3157370,482.0701452761396
id3659612,273.46636738215045
id0140233,547.6035968927782
id3578470,549.1282741029361
id2230311,541.1980947490084
id3752538,425.09099304597424
id1536809,691.7743452734284
id1758995,573.3894004136214
id0175062,618.3432594210826
id2636546,600.8630308263353
id1438534,765.929107759076
id1362776,404.3748873991754
id2798929,710.6748625864432
id0233868,593.917602274406
id0809205,813.2532743728001
id2591023,738.3480261231492
id0464459,553.6283765126559
id1537750,493.81629522924885
id3291722,772.7982440280515
id2934026,527.6379446853572
id1642194,315.4413434349631
id1028841,405.76143201899197
id3034923,749.5476396034612
id2875770,656.1344001423847
id1647390,520.0506220500906
id1014738,674.2974863787637
id2017996,581.6525062011755
id1007054,873.1737083191097
id2025582,905.2750139850032
id1801695,423.3526442855189
id0834960,475.18570519072773
id0059315,770.8955777198148
id0097306,626.7071916439537
id0177485,1060.3552837707862
id3576887,566.2173128870188
id3992680,380.73968491867373
id1433168,443.480125177674
id2537467,596.2687417738618
id1702094,544.469143253834
id1775453,647.4023869789332
id0837234,618.1678044741897
id2870391,712.0877081605253
id2194385,587.61613288779
id2280702,876.7734201841366
id2919077,684.7302877884729
id0900361,445.19343146444766
id2453481,374.66912305626255
id3950895,698.0541966873774
id3023421,667.1040591284191
id0135925,760.196498517715
id2211725,521.8485662375347
id2720786,552.7125802655773
id3637690,679.8609911891025
id3284928,431.1468936727247
id0157908,685.3966113426532
id2325765,922.6073546335778
id0261978,680.4283332919483
id0393258,601.6637081668796
id2138212,624.7797218698848
id3943999,511.2935917592498
id1500871,433.52117300666316
id0449815,545.9133286533062
id0647264,647.5589790977633
id1651030,1286.1555904561235
id3394302,742.1447192620665
id2985680,444.8984828709963
id0966059,653.8517369766031
id3362108,501.6927251743134
id1617544,438.0958487110403
id0923828,613.6507540961638
id3347141,491.7176581302225
id3609486,528.8064132455386
id0208536,733.5508227838461
id2845616,906.5231853382029
id3290067,608.011000084903
id3181895,782.832368253775
id3417635,496.121254487205
id3396366,660.3236036708593
id0153600,546.8816543495326
id2489532,709.9478911944473
id3095066,491.7485614725704
id0149162,746.7254728099698
id2382647,949.7304892676653
id2369275,854.645083628038
id1212627,395.0137479617973
id3779898,399.32356144313707
id2063841,693.3038521832331
id0153809,489.0783021148284
id0921863,790.9237297847279
id3865784,623.939181729158
id0962315,570.4416448776522
id3392123,453.25321470531384
id1216110,471.2850085883823
id0818974,774.0427191915724
id0126641,492.300583574975
id3558533,333.9611102793982
id2364245,820.0851050304772
id2927827,868.3970165653984
id0632654,658.338461218434
id3146869,585.8511282120179
id2095525,404.1913665380805
id2791522,826.9182125057208
id1008568,342.71414026005283
id0481021,643.9233887180358
id0458302,530.6723354990826
id0054860,688.3693910800275
id0104493,624.8932867597191
id1449573,572.9807463046282
id2706123,1058.4194983121201
id0730070,661.4220379197545
id3293403,890.3104922920636
id1826640,494.2182990629192
id0772154,460.85540106741433
id2929189,689.6907726853185
id0890583,722.2516993497005
id1358744,945.3398028287909
id2949621,668.2430814894319
id0796048,866.0103682681731
id1854475,369.0979792505975
id0008623,442.2372490837813
id0924294,311.48309789129576
id1801335,488.9909046423897
id3620239,286.0855974750175
id3266435,1097.9410723633957
id1150783,376.171762605861
id2328509,468.680226969709
id3610454,258.8311288345854
id2526213,750.0887365129412
id3733523,867.4607908094928
id2226559,1302.0872738166097
id3044685,627.2031407853909
id1930733,699.1473502860981
id0437370,749.7498059255769
id3497432,1016.6350793735131
id0811807,681.955869537333
id3771820,424.00007351317873
id3394657,606.695444893549
id2985660,572.5998745603042
id3026073,1223.3313069755457
id3570605,651.2928077557011
id3140144,526.318380420446
id2236642,462.012415248306
id3267480,651.1220038345108
id0480025,469.784758462014
id2795340,293.7808252278069
id2952099,681.8251128045113
id0517094,249.57808230774864
id2457041,652.6491341949074
id2340998,257.3391029641186
id2619072,506.0630939103852
id0470957,299.41886631046583
id0126921,613.6820733040888
id0577665,1024.6854302518636
id3536915,655.8948381785694
id0336100,358.4682261965922
id2580513,588.7618702235958
id1958486,654.3265583870219
id0631170,649.9503231246649
id3725024,604.4361418999409
id0214283,777.8909356172649
id2755423,476.28515417945516
id0887188,764.9464085685274
id0952607,509.72301864428255
id0617692,891.9592791356694
id1571570,866.8535123818407
id1305591,748.091456025297
id0294779,814.5878763015252
id0518025,563.1346264949752
id2246659,738.0396777537451
id0395140,610.3261748727653
id3597780,423.2520939935202
id3475860,378.94992002669534
id2375040,1101.2785348049586
id0214205,396.3803132762078
id1228732,824.6332849515866
id0943278,506.4048925697155
id1215492,605.8874994928456
id0630595,482.20145412974176
id0945083,418.7712952325914
id3748427,643.7074287267944
id2673732,373.33597895857207
id3187199,503.8566076161874
id1943012,656.5688416185295
id1945081,872.1485810005684
id1630176,748.504274618154
id1779028,697.056868363045
id0114751,489.03585697377497
id2154242,444.72303010910457
id1553064,831.6141868191737
id2417850,457.33844353611715
id0490625,610.9410695589052
id1340234,303.1314405979107
id3933638,495.6752945171434
id1393499,726.449301325617
id3811217,460.34833109450994
id1899543,733.2432418966843
id1997051,741.2591485608397
id3175800,963.2910219450091
id1082712,684.3037479281941
id1945436,483.225156468891
id2496045,694.721595093661
id1669377,888.244613000566
id2754205,497.34128402923346
id1962823,751.6167074688402
id2062891,740.5001702236001
id1233266,606.5361304183587
id0883704,584.482536565274
id3658336,458.0072317053997
id0290007,649.3137285891188
id3701654,541.2781238282379
id2971225,397.60672077566903
id0882921,561.913267675718
id0768581,774.3941789062687
id3475120,444.19057480238604
id0227626,960.6569422987933
id1387605,799.6915165873855
id0378553,1047.775544343549
id1768540,769.1723523807019
id3278731,760.9752365681732
id2378083,424.0641752403533
id0678487,582.195919235581
id0548080,886.6875459306914
id0755271,593.6554395692538
id1817425,783.7175075889354
id1333693,434.7656483837616
id1003786,848.7455622137244
id2063907,701.0399334831787
id3637696,746.3003750884261
id0495612,1049.2061470571118
id1610999,537.3236821061693
id3937747,735.84031066266
id3746154,450.3088239127097
id0650584,586.0061653790634
id0394322,184.26675073254322
id3222547,425.3713096736287
id2066972,557.3003862545661
id1342840,637.2562864104576
id1289199,501.45651706982056
id3780343,637.7591604060087
id0800867,811.9314190937228
id0677593,715.9646183458666
id2758066,741.4576418629692
id0967280,650.9181704286273
id0534108,654.8345486948327
id1186316,466.1033776131356
id2576516,609.650887129262
id0892213,903.9648210621556
id1451174,477.0706413403241
id3780977,544.1559548943699
id2403466,504.25706090264447
id1986621,723.5809788562423
id1936302,741.9137560504583
id3818722,582.5256741775174
id1426013,769.782105914712
id0775002,168.69293543808288
id0583772,1016.6837042082092
id0816373,479.95267640229395
id0280043,825.1565173115063
id1409864,392.0350028106944
id2970257,537.5837827562355
id2785975,527.7759107413427
id1935810,718.6722801689632
id1116175,684.3990674856661
id2656718,429.9253227132712
id1204314,730.0492471398553
id1522783,309.9199244977247
id2317168,831.9901616206574
id0304310,420.41580258393867
id2386491,435.34776272003654
id1237660,550.5850148124755
id0586343,692.1445898003625
id2139017,543.7042406491344
id3242452,573.7910936967475
id0130745,414.1377761759827
id0086409,487.6363595913308
id1136929,330.17755943471184
id2655645,577.5970737270786
id2275782,752.7920765282096
id1521499,714.9954309483285
id1737630,812.0172618425252
id3740275,787.4898255639152
id0026566,957.6286284920818
id2638820,652.0704106843426
id0603791,731.8973818328377
id2037492,472.3126613097985
id0175222,532.2805822313718
id2365272,483.42470063503987
id2726606,736.5010351279873
id1718775,700.0703539169491
id2390403,536.5309148995644
id2789914,329.96069294524045
id0284835,907.2871347334883
id2451919,647.4512413972856
id1164147,319.8515019163698
id0351756,981.767482404663
id0868109,630.5007198580462
id2218543,250.68497630134138
id2001744,610.631511123961
id3780097,503.61009188770066
id3826698,619.4697366776588
id0654637,625.6858704949238
id1162529,691.25505545846
id0344460,601.6193275379462
id0065693,361.00065703029003
id0711536,845.1861462332803
id0685283,677.1701256028203
id1181692,631.387067291506
id0063218,753.8805528537526
id2701269,860.9369904690969
id3185663,865.6683557770041
id2606306,734.6180731219957
id0465536,960.1815065835082
id2976639,318.46166340668583
id3431578,631.4454379978723
id0679677,650.0102314434287
id0068745,330.9826097015609
id0569566,686.4590322960938
id1144942,474.0976499482574
id1295857,571.7037877562215
id3323531,712.9136465384912
id1469403,566.4512084227357
id1798119,682.9923141599581
id2900255,471.57495827084495
id3345644,295.2900605418395
id2966198,231.73815913438767
id0024103,509.5520905264533
id3150634,314.6036179232846
id1086273,310.95688315638284
id3417411,583.1903152645693
id2530433,438.47799685016037
id2239122,749.4166301203041
id2050513,686.5857118509383
id2461827,804.7992818167578
id2256648,912.211864065799
id3748448,658.055708554565
id0824806,518.0439593664255
id0082601,593.5364784953946
id1350704,472.4937078665973
id2738462,667.1431257979026
id2688565,1149.5338712433804
id0668119,682.6974366178096
id3422667,712.755640754177
id1116619,640.0791198378141
id0210144,439.3981318370517
id1441664,376.3373119712253
id1915988,671.2411419493134
id2870339,858.0406255103874
id1896962,917.12337609273
id1053826,733.1390863762945
id3151149,596.8921706930778
id1000535,728.9975042254301
id1227238,500.99370420385213
id2240100,353.8492871825515
id1850683,454.0790146798063
id1291489,473.8627111452181
id0408727,457.33695927472877
id0845246,825.1443907393216
id0293807,318.5673902454591
id2259889,763.9971552557367
id2411278,714.1167215976477
id3149473,907.6074005502786
id1735804,586.5231888195323
id0500317,453.8830170994962
id0854500,777.001596524534
id1549223,885.386582864479
id1321427,683.6970889384896
id1029655,506.9718239995023
id0822599,208.42580500570696
id2556051,848.9954728558281
id2047035,705.8736156392188
id2913008,806.0504131790265
id1489170,545.4915797609204
id0220833,414.3194477557495
id2160838,224.46635923327602
id1599860,633.3482248111425
id2305025,677.1065132950479
id1137304,727.3785617993867
id3182324,542.7545801343813
id0702104,453.1392181970848
id0559189,282.17970567120386
id0728577,1284.0953988133
id2510048,1082.736900020005
id2769235,494.94874361286645
id2245081,520.6960670287965
id1929813,585.554054256442
id1291566,711.8078567021163
id2117368,909.130505604971
id0191511,390.042632245541
id0110705,697.5744806738765
id2135051,727.3230805512649
id2742108,519.7056776391854
id0477776,647.1028150798686
id0896641,516.3836588874778
id3195036,514.0549315299804
id0425634,641.0499404287697
id2060564,569.0379571218488
id2240000,483.87106129677744
id2787735,505.7456143458573
id1776107,365.6413535503438
id2210336,875.6452900013627
id3835788,750.8982090544746
id2316209,569.1112353667828
id0867571,825.402969013574
id3017446,645.4671921514132
id3736901,371.3816939808223
id0649654,620.4665529992916
id2785511,518.8983073692526
id2868461,597.4407532250772
id2291551,510.4007899544127
id1598598,904.441978039352
id1859515,952.50100020459
id3873400,766.3678534870033
id0327684,681.2462180156941
id3314157,611.3492677867164
id2209138,601.2784732729577
id1829921,708.4237449899992
id3571889,382.30895822522206
id0587054,394.85572694370927
id1243573,951.6282917372506
id3358756,572.1896960653006
id3387220,761.4494065086966
id3540514,385.5049576510988
id2394062,354.0311804521218
id0873996,518.621422165458
id1849848,651.9159913015638
id1129187,635.5121865922977
id1783007,453.78437241957874
id1958328,545.270192314431
id3697158,574.5742721302454
id3943290,412.67745610545325
id1664621,496.02086421558374
id1978869,529.9797524004834
id0089307,712.1289682011717
id1455209,809.8256725275029
id2001064,745.173698709966
id2007397,496.8748856645049
id1620675,581.8504614518482
id3572575,502.59266567128236
id1477922,546.2846202953051
id1591143,949.3778589455122
id1427906,270.07193440745107
id0726338,693.6694077010696
id1965270,429.7539416852623
id1437142,800.5834012213171
id2576255,860.6295450404433
id2291950,1021.2474247512407
id0168864,634.2627220836844
id3050793,710.0462907292352
id2538664,756.0878429580687
id0338353,692.1588745031114
id1554917,629.1983014729199
id2838790,401.12587819107245
id1972612,534.3364005828246
id3200395,620.9986598805094
id0916429,956.1500018389742
id3983990,505.89704254399686
id0138544,719.6101288276946
id2929279,414.026142599484
id1519963,575.5598730219366
id0971772,168.94553701512382
id2481939,452.96911720709
id0285677,620.4794233744234
id1761622,679.1441945619888
id0268028,577.8416522068709
id0968107,855.8637128956191
id3439567,944.3346605320878
id0432352,443.94809270759833
id3510480,763.5259079008908
id1858774,522.2327434437117
id1632918,393.7472856881884
id1578111,555.8040955516167
id1574385,726.3823765207738
id2984432,441.0055390630855
id2156426,392.4501006170067
id1123448,613.8098725291583
id2107303,667.5700847968253
id0597252,854.7469480484233
id2357861,640.0698825222621
id3477872,461.0556935367822
id0402681,369.67579338434285
id3712917,595.2903171636757
id0458821,707.9463290461123
id2029994,782.2464798838647
id1756785,522.6359464831918
id2532782,704.4699922637374
id2558122,872.2025161810254
id0498941,445.01888358216553
id2943787,530.5983168646035
id2028445,779.1145147857441
id0268614,633.5546177284082
id1422604,422.6785593598244
id2853839,754.487367558266
id3527989,322.8744906895171
id2721740,563.9510570121993
id3486978,757.4302347340874
id3386459,640.9898425947757
id1766326,821.424805593533
id3141042,606.893360752689
id1633552,587.7347215823662
id3695211,636.2716726025463
id2297027,603.1755840751122
id3549635,579.564467126816
id0234340,949.6664504522344
id3712669,501.65782777544973
id0209210,749.8184624389669
id0858373,624.6837000695867
id2623785,509.44516531746547
id2472554,412.4414159027032
id1127321,544.271472846233
id1423573,1129.4651445943125
id0799912,575.780731085841
id3006335,845.6702550383781
id0972645,562.4545304979632
id1388587,798.0000629163688
id1252139,581.0273231341625
id3778157,313.11442760511653
id3310935,629.474986915236
id2402203,495.234645527953
id3094413,446.69974995866886
id1569772,543.979645001066
id0101876,425.85587869770865
id3415082,536.1639260870314
id3592036,1060.5670789382132
id3742905,925.8512897919954
id0560030,942.1473995041316
id3241256,628.1834913246804
id0571034,682.0961196289779
id0520482,458.49336822053743
id0699025,478.605330980037
id0944386,903.848577808277
id1626679,623.1962870792834
id1556350,583.9115351660001
id1105749,571.8247449169443
id0174252,223.14292825534588
id1481279,509.92385374106334
id3585274,859.0171574111139
id2615228,381.4810010554523
id0145220,633.6077027713319
id3434800,853.0928735234015
id2545567,298.4370737137481
id0875116,478.85407374064476
id3290102,488.85000119527103
id0121101,497.41555085449113
id1001746,773.1658939436528
id3715800,806.309201624531
id3347823,1086.0404140083886
id1234590,918.9112237719768
id2843091,659.0475653797723
id3442145,550.4714308295602
id2003577,677.7756645688362
id2794579,510.76874681981974
id0333971,464.3615498995315
id1822105,508.97090104365907
id1212074,916.7998813841136
id1951416,699.7589744616289
id0130929,590.8565535809165
id2819698,515.7848328374256
id3520093,564.9556298100488
id3828184,503.76304456587803
id1336193,831.069944400089
id1112543,503.7409144823201
id1522936,819.2225263114577
id0899996,484.18093521248
id3344322,421.31489156121063
id3515081,697.6748847218857
id2803963,821.8646457345519
id1164295,643.9071791931082
id1897763,436.34207059989996
id3753170,750.9865121187113
id1515863,1107.7893320508842
id3530028,1015.4404546200604
id1692352,304.89200571000606
id3449830,889.0558048348812
id0870309,918.8724374941759
id2505006,330.08957369077046
id3947693,560.1248771452733
id3463012,446.66435250324315
id0092796,616.5340041448285
id1156550,466.2934281101585
id1056538,739.433419315514
id2736356,671.544790104022
id1841212,834.4223332380848
id0969898,839.9285292121411
id1611567,708.0790245174655
id2128336,861.497074401201
id0287108,505.13836541397256
id0717420,489.53782266101024
id0320064,745.1534955328426
id1106858,630.9250259487011
id0660744,541.2405305824476
id1894842,521.8753947620012
id3623811,655.4090045499573
id3050934,355.8329212438087
id3373736,702.4231033939755
id0417052,466.4721869016152
id1552802,626.7669644062067
id0045877,1071.255568446984
id2294431,259.26922410358327
id3192608,421.51137860625875
id3436827,764.4514306123501
id0875364,715.7000291086221
id2749887,584.5306968803617
id3856522,848.4348808005867
id2182901,497.4752752990867
id1138816,523.6907536075296
id3428467,552.6851967269075
id1092248,607.3115082728195
id2064449,733.7450374694976
id2823584,580.9452065061984
id1710977,888.4002196654246
id1363951,1283.0658770763666
id1756755,463.9124275424953
id1387720,400.43686997166066
id1028347,799.47671074066
id0032573,578.6887669727016
id0395544,605.1438718391313
id0750996,702.9814430305562
id3463697,1045.3071107704764
id2068541,845.3874267864256
id3988125,768.294257615567
id1114187,493.3295605346093
id1465095,441.2830717031516
id0966501,737.3394878108585
id2622511,592.8207000539065
id0641255,597.9811642931779
id3724301,436.6337658827097
id2455987,539.5882029287852
id0419920,764.7411026806254
id3667203,742.2759465420604
id3581637,545.1488863526947
id0915126,527.7771718399699
id0965537,517.7517938275107
id0011076,645.9627658716582
id0420306,546.802520653388
id2460696,392.62046726613755
id0385130,587.2845922433653
id1083425,724.5336764485286
id2440306,447.04106601121407
id1274587,429.50923319151764
id1109381,509.27745811557253
id3965489,353.77811446811944
id2376501,1087.7732439610709
id0416556,712.9787752845502
id3091284,724.6861762256497
id3920632,649.159472075213
id3030291,846.9831364906598
id0274486,634.3339365545366
id1052220,426.7515159666218
id3021974,769.0842154072299
id3554096,567.8247497983244
id3052943,831.6779751860623
id0369733,325.24642971626236
id2543863,498.3173739589109
id0796872,1047.3068918261943
id0145564,565.9753042864772
id2783019,790.1830286301091
id3425892,791.5970303599952
id1083261,429.5119654474511
id3086224,687.3463171171303
id1667800,586.6736123470821
id1123371,773.2270152913769
id3555375,429.71032171905915
id0729870,495.36509409742905
id0056434,792.3520320248833
id1350831,411.41151901577047
id0995694,680.2471893766764
id1401497,630.8658198048508
id0348792,1020.0361398134543
id3070408,544.5856678196988
id1947256,506.1254418989191
id0284891,625.1185067694524
id2236589,789.1097137580563
id3275039,430.92664607386774
id2847967,547.4384769057594
id1440431,720.8126184922568
id2117613,895.7880312541533
id0862098,658.8711977646816
id0470154,369.5231677314355
id0467786,510.4126955810163
id0261533,316.77345642713186
id3272199,677.539361424296
id0459523,481.80808900558776
id0429959,657.8548813668253
id1681415,728.1223313138242
id1317633,730.145457581655
id2268611,778.9093156112037
id0522660,793.956928035768
id1705825,558.0291598341005
id1700939,556.7050038829376
id1674826,758.1812864735704
id3624716,711.7420114491548
id3198651,714.498306736132
id3590171,522.8536753963783
id3656001,638.5581131274139
id2696369,843.7262779361622
id0510432,798.7849154689145
id0634703,555.8525428571256
id3236182,517.7672124246885
id0516833,643.7398048953552
id0014462,404.4368191511841
id3388595,536.2046221408118
id0732618,974.1950116210902
id3898382,578.8016048146617
id2388298,700.661258695896
id0626804,664.9088894299518
id2867874,660.9929836865892
id3588081,672.9383910964757
id0463034,511.3259577177736
id1285100,1043.1153341875727
id0338588,781.5537147031314
id3338901,556.2778727338697
id1490291,444.08560617484795
id2321473,667.3534223607489
id3969205,589.7602499736978
id2123630,350.39384218750206
id3774896,706.7747675617236
id2524765,463.14620125158376
id3514762,939.5507571968482
id0148214,660.5499756650033
id0397435,799.4724139052112
id1528677,690.3119870038024
id0261659,701.2733957909891
id1704767,417.61672324647407
id1600260,459.17759440487475
id3527778,623.7004122259601
id0104506,736.2278177315044
id3107597,302.5490546473412
id0493843,481.5930416295121
id2125081,929.9379103926543
id2766489,369.158593820867
id0542346,476.09411915422686
id0353340,819.5850856960708
id2803120,522.0142301773362
id3673980,562.1568594811926
id0604226,769.5384006780697
id2367030,659.7135656279407
id2783672,268.9028476265119
id0682490,532.8259673076707
id2016189,296.65066955542
id1254522,637.2604125207332
id0949346,573.6405640185228
id1082661,562.6144466941983
id0897774,498.27028801796615
id3944607,468.0397050960727
id2193689,812.3339690335483
id3001470,742.3723064131419
id0770165,741.490043233152
id1166294,372.8786493585447
id0425693,363.9337615474208
id0018696,782.4581450807505
id3783195,664.0741045978057
id1435464,543.9340349998314
id2005151,352.313588531604
id1813441,508.0863291841382
id3088108,1097.6452985740107
id0372931,890.7919424281778
id2182462,394.6485005601629
id2651754,345.45088164413085
id3888073,609.7269787911554
id0773731,760.1662513066884
id0134861,360.46138858999825
id1514024,416.1561051552421
id0613783,756.4439551794353
id2290000,677.2889231268013
id3531644,615.8820310742054
id3804401,706.4276882390801
id0177367,744.1878345184056
id2576211,917.7600117724166
id2955863,1031.1483298749968
id1842087,683.5126208456107
id2027501,1054.8998248794742
id3368172,716.3095861721911
id1866876,763.9612288253313
id3280030,520.1292969071515
id2634170,664.5160863240849
id3382889,337.7560663350873
id0484910,629.3326768174092
id0896547,773.034260385172
id0569172,502.532205750627
id0427557,1129.146580056215
id2422049,887.075370268797
id0909260,623.8226638824104
id1538141,542.7925522108147
id1734651,642.0676560605328
id2715250,383.44634526314434
id2423211,654.7127363999299
id0632882,783.1441925652034
id1339064,673.7804046143747
id3872181,813.2502003652702
id0325178,548.4490578127727
id3717968,555.2100895059519
id3318953,382.50088083584916
id2866817,463.9101233890416
id1199307,491.57598274623234
id3690375,602.0040644875437
id2008650,621.3122113136492
id3670448,622.5109116256936
id1875729,725.9797461092691
id0768730,748.6909841739969
id0385831,447.89754014277776
id3512082,686.2457352261932
id0936799,562.524835328002
id1526676,663.3301218483018
id3514301,496.0955526505957
id3237983,553.0154080204139
id0571426,513.9304591620265
id2433001,562.7465941159829
id0643847,577.3462117633096
id1901314,867.740284077756
id1244222,318.7053078747251
id2693063,550.5372666518176
id0963769,692.9160297509115
id1628941,943.1911349620091
id0383953,429.7556293088401
id2787528,529.4601478858102
id2464394,702.5488604011974
id3047231,768.4593499231948
id3467844,442.042558521254
id1272959,566.4873899834432
id1696579,516.2714745235253
id3880746,331.27360920892806
id2144461,805.542242269938
id3522488,646.1393265802022
id3656392,767.9599890041299
id3413347,1209.1936147150273
id2438072,614.4951480745596
id0545340,419.160349293568
id3993941,895.9078226122639
id2594372,605.4815929007515
id1830030,645.6232733994409
id0893439,457.25444001333045
id2387714,660.53043576021
id1121238,466.20836789323056
id3026928,460.7046185099364
id3980808,400.12959654508217
id3476854,838.8656044977586
id0468992,494.07469148227943
id2023473,607.0565127821583
id1794028,600.8972382288018
id0102886,829.0882877392534
id3975766,390.9862680072146
id1850541,708.2065339294841
id2300979,738.7803895587366
id1187519,604.9079105307345
id1781095,564.9709936736681
id3698167,403.35224096714035
id1902727,799.8421219058752
id3975701,373.23429723318714
id0906720,763.8534497626941
id1802707,875.0518962464485
id2116573,738.5171007875774
id3029006,541.7764669170301
id2031540,1011.7566225847119
id3827721,424.954975320878
id2518419,761.7946472915032
id1416429,664.3188065952811
id1012771,631.9704116372218
id0420890,485.4091001667858
id1086147,648.7016889786929
id1580783,530.1293225023137
id2374266,903.2682581014698
id3038164,582.9804139416649
id3167394,566.131585800423
id0141699,908.6014497756053
id2489605,382.5041691189788
id3367165,496.18396854127
id1026972,715.5059635583508
id1156810,721.3405188859156
id1604390,939.1616839517216
id1940639,539.5450873465996
id0965283,610.4044877538504
id2221978,292.5812218364817
id3449173,582.0860120244115
id2256322,466.7551371436613
id3163565,310.71036544448634
id0204344,772.1502614375559
id3278339,500.4113943727872
id1970867,441.608879443957
id3764734,612.8393247494558
id1102832,791.1933227960445
id3973500,725.6236348964549
id0459401,607.8814913014735
id0052184,628.2959056951544
id3785370,444.9820290519913
id0175276,979.5025364623848
id1447091,746.6575695955025
id0532860,901.5507099951113
id2628013,866.6675841706683
id0003490,525.6392818847669
id3983816,441.16084029887924
id2919969,879.2868159769642
id3485715,855.1873661300349
id1311311,489.6246505651167
id2910292,1017.458589924403
id3520787,721.6518263000892
id0005054,982.2982704014016
id1797576,790.7469027180928
id1785100,539.4091868669973
id1003181,449.8214524198821
id1634726,548.8382118427211
id1585783,693.1063146141289
id1401388,584.24457032587
id1061777,366.28171734105575
id1313488,747.8240226395611
id3337340,759.6433697620461
id2610550,590.0870330187282
id2022181,533.0201985463964
id2039568,976.3437303391246
id3185403,765.237319314214
id1641662,791.4237180386966
id1097627,815.6828471129331
id3553958,643.6022619210449
id2185161,481.03749184150195
id1869394,503.9922069581642
id1282740,571.1444690982173
id2765682,735.5097946331251
id2757929,763.389855508259
id1107031,478.4371474643922
id0078566,726.3779690671652
id3130356,634.9613846792291
id0187002,915.2999414919562
id2595472,498.33309598031644
id2414832,801.8348660804467
id0536149,617.6566064093557
id3930841,706.0928247118636
id2882086,698.947047164045
id0394313,576.0280367088656
id1226817,740.8001217081236
id2266839,812.0469006701595
id0075656,450.6288459693804
id1740510,855.2659804591082
id1784392,264.99321451029243
id1900532,504.03155685806735
id3109096,607.4475604183366
id1677502,501.2304448830546
id2749166,670.0286934917984
id1422112,782.0333936023314
id1656273,347.108065441352
id3824046,658.1681580034486
id1485101,588.0384677664254
id3952784,275.51585863103173
id1361963,568.9798537400418
id1811529,646.5295541439681
id0002421,700.1973145456843
id0894585,650.2034587478171
id1009243,581.1191413958296
id0473460,929.2305374705272
id1079715,529.5804821219713
id2265170,473.5118346865609
id2539754,327.8044107228201
id2847596,641.2816717424979
id0187484,413.5785683383221
id0309693,665.5650959289285
id3403612,467.7828176046226
id0126237,283.80937715098634
id1772396,818.0495407235964
id2162679,694.1679224569391
id3420617,409.34656321580036
id0296258,633.6181879213559
id3033905,836.7507866475568
id0327297,561.2336276316137
id0070984,492.92805722522553
id2850160,790.5807783697154
id3680997,742.9583714304099
id3761678,602.6749018967236
id0863226,778.7252402114406
id0437281,307.4029573337387
id2363316,526.4595135017323
id2190838,240.1380032351251
id2359074,775.6850608855575
id1909305,615.1945128780599
id2511354,484.8004968859579
id1603663,673.9529516082503
id3680216,754.9274386563197
id0483486,724.2465067413913
id2698343,438.2376602849494
id0076389,430.54417632721413
id2148073,334.7594082576284
id0347909,665.2130193729707
id2726429,647.4296408367173
id0617315,476.6459794180813
id2119363,723.0790798301817
id3020856,686.4561525057502
id0760697,507.32144547759196
id1848828,608.4318466967599
id1396406,317.09679904936877
id2995991,528.5894826757412
id3997358,704.2609156493048
id1316388,519.627265868546
id3470368,712.9570318015915
id0787146,791.0519232250615
id0150395,262.90657336267833
id2589850,843.2507026171758
id2249669,666.8232209719341
id3733163,738.7356871039522
id0153213,383.0984452313408
id2844708,506.6382283135088
id0090346,501.56074973987023
id2866618,626.6583021789414
id3660103,868.5559238105538
id1827168,585.764706475488
id2065306,307.91160346167595
id3583075,486.1334742940627
id1059560,1020.477330823412
id1949887,348.7099941322326
id2358559,942.4906064186339
id1723626,689.1443581323084
id0596885,819.1691540222845
id1116084,987.0208736901773
id1471719,669.5959527841597
id2845673,882.2840455994244
id0884810,1032.989965694581
id3435613,508.20749148707114
id2986480,758.0660477142751
id3425349,647.2039119803569
id0407759,413.87521808916244
id1406791,927.5177262632143
id3053528,348.05612748148064
id1945217,659.4803449435117
id2628718,728.1357364794882
id0050906,554.0874188316401
id1630618,750.1256652347482
id0303805,662.0476974542144
id3529649,807.7936575176136
id3449391,528.2976122692256
id3989916,470.2818848267605
id2356492,182.3469889190668
id1937924,526.3813357031594
id1257338,927.6734176564377
id1030517,918.662900351366
id1909792,762.210390278088
id1751944,829.391821737299
id1184966,792.538848821096
id2528979,665.3308390327757
id2558431,869.2636771075589
id3081184,910.8086176601654
id0922478,453.2564569829714
id0284986,433.2659894336028
id2562530,945.6385425265403
id2108734,518.2561791711132
id3270066,748.5499215649652
id0105641,626.9140142518748
id2826728,532.3008771584036
id3911504,394.24130248826043
id1250989,593.3078715288082
id1968169,555.3410526486028
id1091371,954.7842318084981
id1568344,508.80696403746407
id1272493,542.7832012547642
id2964435,910.8200628484833
id2269701,921.6059398650516
id2795036,622.5975796378258
id0704850,712.7839366154145
id2656855,435.81688477775504
id0615932,714.0789022148
id1727014,364.4978136847431
id3616904,544.1228368125154
id2502895,601.759874777469
id1595736,505.03936311417965
id1589627,606.6240303778592
id1495256,847.8736128128648
id0780861,273.885042881933
id2483995,528.9820568811658
id3544860,659.8637411734909
id3150651,181.63961583652127
id2905448,764.7775662063752
id3098350,959.1078708902181
id0440565,782.4298793685928
id3464464,552.0970394817422
id1446416,595.1398087159031
id0878959,601.753886430053
id0342711,747.9290935224504
id1312918,681.4291304960724
id2773608,464.64928701136785
id2869790,830.4010332902238
id3742033,647.2189985584657
id1650744,453.2028355170761
id1811377,438.2932740822881
id2361846,467.1185857320276
id1262853,805.9304113693071
id0062827,458.9666876227409
id1158946,679.4418713313895
id3837517,651.7644851949697
id0237393,690.2541301556453
id0129645,761.1836922116252
id3765053,628.8547856969694
id0008648,995.2078032639228
id3212948,711.9195842864461
id0672734,481.2948588717162
id0867803,646.4927720942394
id2822267,503.3062370687391
id2769270,671.5973298136616
id3524472,465.93588573463313
id1943932,565.6882173952846
id3730394,499.92603683046053
id0896232,429.81668389298125
id2414220,781.345406106286
id3695514,729.6100466874065
id2958995,387.9386171363982
id3567932,876.8291183089532
id0415715,797.883761320163
id2380040,699.1174067296683
id2960591,776.8563168796871
id3437855,372.0669566412387
id1774367,696.3883847927575
id0343916,772.7484402893356
id1791372,1173.8938122189425
id1443202,962.1912638318317
id2211400,1119.0537233053358
id3981916,729.4988891284348
id2591218,756.4833008199063
id1693414,592.4681308209714
id1390885,682.0768829439183
id1378980,707.8230225803924
id3987451,635.4309656771301
id3966479,372.4366550467666
id1675168,651.7319789390306
id2663146,643.0804067341462
id2288882,494.89521489109
id3393541,963.8722390966004
id1498272,449.43515693369517
id0228097,520.5536337814257
id1259325,737.8982504044814
id3506434,310.41293457007754
id1974374,634.022137842802
id2321234,444.3906007266116
id1011263,505.94731256913735
id0167660,531.8721627649528
id2022386,613.6728912286919
id3830385,589.5712212117595
id0948720,795.0865532697954
id1280363,1117.7787226993662
id3760432,747.6208365425834
id3444408,562.945208055074
id0500426,912.4441899089703
id0663256,772.8212346526202
id0722039,570.3853324988798
id1515455,650.319885474636
id1428749,682.7943834696504
id3712600,698.7356630624079
id1153742,599.6533144531518
id0216131,729.7552119205868
id2972636,582.0145991684388
id1736105,736.0074840690578
id2190204,758.5963220193489
id1038744,340.2692010638264
id2893054,515.4701165902309
id1267469,609.6557882941798
id1357641,677.9064608005324
id3380907,974.5618744523555
id1500468,698.46821694645
id2566391,544.0104643371594
id0390276,394.9889699917069
id3581763,525.4872129032287
id0441183,764.3993942856746
id2343359,867.5867397188264
id3465757,364.5939468359374
id3216787,667.797250429512
id1181350,556.0915207310545
id2370614,556.3314053522294
id0078808,701.8924360440135
id2008782,668.0207666261277
id1362147,486.51813068644054
id0222442,753.8961214395921
id2976114,610.1737607241681
id1690439,321.6645874014964
id2175872,635.7810560313239
id3710816,637.9490077212884
id1720194,357.51286978575615
id1713917,483.79236132683116
id2333210,1119.5863994628996
id1435681,384.1908139766433
id3886331,846.5641011607273
id0812385,791.1493588710139
id3609252,630.4895560983812
id2200948,836.1960438163487
id0541613,793.2301926413833
id1407156,676.0588999549357
id3946996,494.05836546129706
id0104100,707.5706045665407
id0195939,610.0678816885123
id2763355,368.3039078802632
id3950689,616.9971845341402
id3907615,692.990809543137
id1359704,590.9463561277211
id0393002,763.3714009522753
id2178553,754.1476561890535
id1046704,564.3645812599076
id3756669,640.1554064210692
id0758634,720.4776626769227
id0987095,567.0579922508658
id1323242,517.1036659589669
id0013498,653.2478864165697
id0039529,464.72699423432306
id3066250,621.6946025472238
id0269144,788.1227306905282
id2472129,577.9238821055364
id0577135,521.3196019050268
id0942382,641.555014835014
id1681693,431.08723899757797
id2611939,434.70876070286323
id0702699,534.3425652865686
id0918617,438.48099463660907
id0336853,612.9908881365691
id3766991,486.4392521399245
id1804388,358.3446926224597
id0295969,609.6665067100863
id0758632,751.1697628109571
id2838449,471.33618523806376
id1976419,923.0444960167054
id0585991,766.8093489604283
id3392996,825.0779173565196
id0730829,722.3215012529873
id1637378,815.809289993678
id2142483,678.9665570178952
id1221135,453.28105615284863
id3300503,598.9660968557512
id1508875,649.6706004088669
id3526296,401.78447167192485
id0776194,598.057155188623
id2929672,523.3472645110656
id3335263,475.6364230991707
id1741024,594.0641212403519
id1080617,804.0478760702189
id1626079,896.4550431391588
id0786362,570.8134042202096
id3340017,492.99565744164204
id2845343,620.7250360357526
id2310851,384.332223340481
id3679048,672.030614124519
id2925460,738.1825482504806
id1459001,773.2489123472157
id1659359,725.8330824844815
id0001618,610.0447149239122
id2920095,332.7954640097499
id2099150,850.7151971978266
id3819098,1250.8042745195512
id1865145,544.8641457138743
id2122309,542.5785892965439
id0447496,517.4881340121555
id0689404,641.1727669135471
id0504657,653.1956575887765
id3443578,610.575134951482
id0615902,684.8362107811057
id1685638,693.5087553067161
id3685609,564.4240673707053
id0578290,427.50491601287854
id2648386,406.6239804104557
id1186983,852.8648193201337
id2587172,942.2528522245121
id3601275,293.3151441709244
id0689140,561.4605990881516
id0002567,960.802085655416
id0095438,455.62473662150745
id1711870,687.9730530685209
id2143290,673.7603070379556
id1773415,538.4216643217629
id1669610,740.6040336803882
id1629378,623.7143838304675
id3406474,452.33440877343736
id3350438,809.8935486338584
id1835974,863.5782951280967
id2192171,802.4780549977761
id1314583,603.2753621726106
id2041380,583.8533630538358
id3384509,531.559103998832
id0327396,270.55326411364325
id0260581,685.8245066970126
id1887117,611.5304465167837
id0080218,769.7457278212843
id2242821,832.8805855517888
id1910990,421.1729947548057
id3283941,809.2625450332455
id3838651,626.6405447679342
id2359060,550.1211009115341
id1347255,739.1863215198563
id2147383,344.7396887540068
id0049413,793.1904031227789
id0888656,705.5365659990134
id3070614,617.3744451179286
id3852141,662.5164308323814
id1989539,301.6201202917199
id0731720,846.5543408600283
id3279475,674.5083892680493
id2647557,931.3749525849549
id3751052,740.3889798556955
id1091046,566.2132249879728
id1424239,871.4001099974422
id0391151,342.6124601859633
id3908607,459.9864677702077
id0549578,935.654212992082
id0810690,466.9233953718324
id3642890,1032.653265415887
id2881447,449.790847725971
id1664055,456.1714304871365
id1380441,766.5943725268129
id0745249,1376.0274113015896
id3183918,815.2722901084112
id1689214,755.3862090697368
id0799121,522.9266143950288
id3102785,736.7191395414095
id2918575,770.4142695503998
id2709234,993.1070183749388
id2025450,658.3774632231333
id1716062,717.42610808421
id1572831,578.3164421742412
id0848228,766.9505754572617
id1572509,617.3143014960667
id0402816,622.9684895840468
id3399465,754.8009903231142
id0283995,788.2504909673631
id1029267,591.7025463681905
id0857151,378.8749872823061
id2733705,390.72454071206306
id3615706,760.8353844166922
id0059640,338.62615466187503
id1257578,775.2830745151541
id0412251,665.4362779771615
id3911486,392.2441885879941
id1793900,348.2928657740069
id2492248,601.5402710785364
id3217540,617.5807963123312
id3257337,770.7188506888019
id3494273,432.8839626795601
id1648342,569.917170442807
id3877287,800.578544051428
id0823305,1289.9602387883692
id3121852,412.4848967611027
id0332668,556.479205926805
id2863310,618.2389558884413
id1136637,452.57576318241587
id3857933,678.1115152994176
id3674508,528.2187300091032
id2934301,651.9833795194294
id1841176,470.3735053688912
id3303210,772.6675374663519
id3956208,460.8767129479964
id1052151,784.8587467783452
id1963106,670.7456062623323
id2138484,608.7932631809041
id0572357,320.0061648369895
id3132584,514.5701590036903
id3598199,936.4332836306419
id1617484,491.32128149853907
id2884318,829.0945600490082
id1203500,700.8198024037042
id1054206,321.2091514101956
id0705560,594.1771931563874
id2057736,618.5319416776973
id3816828,628.099350575771
id3895268,546.4103390904669
id0593495,840.5267088672088
id1209452,613.9952847021424
id0246871,894.7169019247991
id2408000,543.4876567068162
id2530120,565.545995509808
id0418715,515.3277196921754
id0525573,436.6193669346484
id1692841,795.6999190642705
id0973609,353.13311806761806
id3726359,552.9978912347136
id1595835,466.4853320934132
id2499190,432.3654529874131
id1785920,788.1996763538132
id3014289,785.8962848644352
id3733573,352.36869196160126
id0204651,630.9723204598439
id1855930,554.5872760756087
id1842537,384.18794620189857
id3038857,635.4011932947886
id0536839,507.5015524661256
id3355618,454.41932300982575
id0592045,668.1435662208178
id3357353,608.7662123399937
id2262032,890.9868900291088
id0538762,654.0372069895158
id1689851,764.3093386728881
id2979392,669.7329084298649
id0711736,797.852478115814
id1210457,487.4254978657862
id2250128,448.3006725524889
id3074990,534.7904590654643
id1978025,602.8719917363971
id1167105,559.4557710261142
id2511721,954.4523451915261
id1091008,506.76672255629666
id0904067,330.53653114268707
id2704892,394.1676507172766
id0460616,639.8673342877895
id3228123,816.9367272637
id3221882,333.93361648779205
id3921822,534.8851371973077
id0212440,570.3411812252284
id0020783,366.60207873268695
id3442570,491.37412960988354
id2585621,845.2491027461623
id2082600,463.2653650084331
id2188806,674.1859983685181
id3517520,409.97930833025583
id2126016,981.3981502657149
id0643196,564.3739616617877
id2916546,841.4589832651222
id0755623,671.3599437882116
id3857312,661.6733358753376
id2048371,436.66056735811827
id0131477,515.0534638890143
id3732451,559.7968229295166
id2951841,1112.1520624605141
id0185923,547.7048874553136
id2685992,643.0222747886852
id2380837,435.97844307874084
id3778784,637.7508825276583
id3048245,358.43713044919883
id3033237,728.3825019085206
id2822067,741.327090087643
id3857843,755.5269230423002
id0492673,870.1001922525246
id2670549,825.1018468458599
id0224984,826.0197199756378
id0692941,694.437441590922
id1342353,816.4950453570145
id1380008,276.82865301962323
id3639410,406.638324936429
id2627972,998.7707927465499
id3368096,548.598465577474
id2753366,433.90898807754155
id3828501,641.8134156396212
id2333473,587.0630494473517
id2080176,694.0645508252193
id2504470,902.8757229359863
id1596831,798.9938349437493
id2814722,850.8644067641444
id0892148,585.5193191730115
id0711913,789.3979568885198
id3045035,485.95698112832207
id2779935,365.56724619881436
id3740873,442.9544510435312
id3824678,694.4690642690447
id2808772,473.93702905155794
id2787155,520.2142544674618
id1019023,700.7173893382326
id3755487,694.450579035184
id0188093,616.5901848876491
id2349066,678.9516109943356
id1960811,670.7723959508276
id3143691,409.00148958481583
id2300705,239.8879964419897
id0349904,699.4443382400173
id1099513,772.310162352147
id1140148,939.8518031567532
id1260971,484.0602208098767
id1413732,475.0531155776989
id1137455,739.9142670181694
id0258073,577.3308928066577
id2081831,959.7432897498529
id2945591,745.0601253836705
id3729394,803.2480663895999
id3848007,631.039138768347
id2278265,932.6141764569485
id1090746,334.26270272209143
id3262751,310.0990444574868
id0852461,1024.2814003802134
id1729608,752.240627198146
id3562496,737.916841521099
id2262952,942.098338724129
id1557301,696.3533321117847
id0119885,781.0465500640641
id3404131,440.46533741585165
id3773337,886.4883889125408
id0789892,560.3595984630543
id3273519,394.0739850725579
id3991118,442.09601850696555
id0717039,880.884417167405
id2903596,344.3744427098619
id2463119,600.7929890659664
id0354388,389.27196379840876
id1493258,1006.0283115463083
id1850118,629.8848636574842
id2379754,562.2968843636079
id2366389,458.6137978066326
id0535040,656.0085657788537
id2130046,431.6093676273204
id1965036,746.9041187207226
id1576753,798.7145825945253
id1017675,378.8080902732039
id1059447,323.7491965390736
id2729762,597.4264380824337
id1358553,587.6097548225431
id3196198,701.7291811258502
id0758286,1133.324711746417
id0341691,741.2618594522163
id2445601,611.706565255767
id2118670,400.3115497216981
id2859181,629.8292761689464
id3871582,885.6978651995971
id3271303,462.1164463163508
id1516159,335.8527280272004
id0710082,631.5147078049641
id1419773,707.93780837063
id1928363,472.39999235528853
id3452902,554.7345413864758
id0179703,532.3183866782867
id2436627,353.5303329081263
id2068802,314.89661138196857
id3392688,897.031480411283
id1584084,695.3706360029898
id1878007,729.1792984544248
id2646451,867.5912332619946
id3605255,640.5109992494038
id0533415,378.9913090978948
id0733434,753.3361490853433
id0741954,824.7785245370331
id2375163,748.815871376683
id0944079,648.9489773555246
id0744637,991.4683628185085
id2500477,634.0698318055026
id3567671,589.9734582193691
id2858363,538.8836472763537
id0227829,866.4787303516345
id2288490,338.5579819318804
id0763303,328.56815300116654
id1045784,1028.0998495418041
id3094614,584.9569538242263
id2222743,685.2215520891274
id1247937,477.46306084722335
id0936964,991.2866040184814
id2872747,567.5643414548729
id3220036,308.7248218072492
id1707408,482.9673534162889
id1401261,800.9409755107715
id3122069,474.3829045725009
id2383383,601.4058073819834
id3369006,231.97871305183915
id1779041,599.4928482057951
id2956661,768.0723940259019
id0193989,617.1081407854821
id1172704,984.9329828872479
id0829590,597.2519670515036
id1291204,680.2931381492963
id3368832,432.23822814400074
id2496324,734.2115748516333
id0032165,577.9132016939623
id1748286,683.1069911165863
id0003115,716.4538010606087
id1501797,669.1829200500275
id0508952,547.3900123256186
id1911802,625.1516527154463
id1188284,592.4618691144065
id0551340,557.2160419710609
id0191568,726.3036813408623
id2749945,812.0420667556094
id2229226,525.1722313576076
id0796318,496.4152606339363
id1176708,1048.7742160573596
id2217549,444.0594307497239
id0350352,436.3721272904517
id0001385,656.5722118403294
id0880722,397.8832372134038
id2508572,586.1640691070781
id0146711,626.8585323906439
id0211713,484.7360600876237
id2814013,583.9855868929451
id3331315,699.6785577660619
id2651817,496.8505316315972
id1572099,838.9323642484715
id3376163,453.8352555759949
id2214004,587.3025508310178
id3223868,460.3673113337016
id3342131,790.8792238308682
id3208235,432.32663514034203
id0095122,609.8899488726742
id1882006,773.6248637028463
id2096165,711.2485927369922
id0643521,509.5041084724768
id0863696,602.1932407977923
id2470918,637.0274270243673
id0707890,753.2988215234151
id2076817,559.3930931572809
id0366304,630.9203513414665
id3933166,695.091003750605
id0723717,305.45009864698756
id2420297,796.0016850781109
id0931737,649.1656971990838
id1890768,537.0052985209775
id2135203,545.8853610355172
id0250128,664.8252364776258
id0872149,554.373451527755
id0140641,941.9168182877931
id0363981,491.53907389402053
id2103772,771.4348609627192
id1146013,438.48080576864373
id3819052,866.1009347073884
id1730595,681.5695430878523
id0448683,614.6126483456466
id1221244,572.7855227688971
id1207281,1063.8092705272795
id1980115,503.9203165890902
id1987823,352.4195479015379
id2280072,541.3888069482894
id3007125,404.1022193687066
id2204459,796.9874038583567
id3850194,570.7332070888024
id0448773,718.6895925193613
id0856529,893.679682913656
id2564642,446.74202852812766
id3862777,739.0794421764732
id3067947,576.2147835477584
id3034944,27.500877254948723
id0701022,273.9063300103241
id2166504,1224.072519066209
id0248518,502.8385406099708
id3506169,692.883352402503
id0029476,451.08788780086314
id2855146,715.6709919878356
id3834297,809.9254956973181
id0555130,599.3977488855467
id2771874,739.443076988107
id3030810,305.48992405256877
id1385860,586.4032324026106
id3125860,633.7429829328194
id0582676,722.2314697863849
id2038070,605.5131967353202
id0926539,662.6217870167588
id2867375,898.3962306146053
id2893352,675.9140263371592
id3266761,195.86561865244266
id3657409,925.5619213929067
id2056818,492.40963232565093
id3657110,662.3158607856366
id3148414,778.3613612887111
id0452911,372.8267366211151
id0206848,756.3142184032026
id2061394,478.03545533704636
id3789727,818.9145904989008
id3388354,512.8316754846202
id1663214,453.646717216673
id3035290,660.7788078469375
id1738767,585.3359386597261
id2235699,599.7251080776097
id0764224,601.1475933666109
id3902489,815.7428031356116
id0753637,810.8061262614547
id1117724,508.1929843915808
id3697149,237.09972062310035
id2509196,444.38451850279137
id3848527,681.6833570554338
id3056158,686.6246278463188
id1911185,223.87718648767444
id1416903,675.0651356719535
id3994542,829.7519163453769
id3830918,667.8526020376268
id2257332,669.5521087863026
id1612986,677.6053250172243
id1840223,874.6233589866566
id0224907,646.0762683407995
id2755002,776.3258560866836
id0799334,595.2888426090232
id0588126,443.31191653696845
id2819165,582.4846776591286
id3365646,877.5210284014919
id1344108,1296.0972657831376
id0594110,586.6954630180279
id3895672,567.5776002125059
id1030655,672.5999936646164
id2021411,665.4398980326155
id2742045,511.71000780627753
id1876400,506.31939310506294
id1919551,563.2541705425898
id3010168,804.3584114238146
id0154519,984.6504388793045
id3486609,442.13382940432416
id2549526,792.8641589574237
id0699483,881.3559757803579
id2156608,382.3653577063858
id1214222,529.0672144063965
id0102402,844.2501873674674
id2681875,674.5292246532292
id2152303,866.8941918372298
id0534988,797.1453690113078
id0058745,688.2809566206713
id0516017,598.1241432674686
id1299860,774.5166791923986
id3954872,505.5716397558881
id1963449,687.4584111100432
id1523111,500.6588106090314
id2068449,925.531103714132
id1506899,330.9837097205594
id2484019,431.17721619024263
id1264799,309.38045350825956
id3222702,548.19134980398
id3202578,421.214007661725
id0365885,602.1668380867591
id3036849,351.7891222434227
id2356510,750.54185642731
id3653941,734.9977918445446
id2446146,564.79237221248
id3034051,515.1923464610559
id2703006,206.55663244551508
id1432536,495.5422212337716
id3530668,846.0701690849561
id2991041,826.9154681736659
id3716856,799.6249786356738
id0421462,853.8196089541794
id0357775,1093.1855605460084
id1822974,478.6790205944104
id1379709,342.3339606991068
id1103473,470.34737833521007
id2824538,334.59020067495544
id0712704,865.6754258368981
id3388490,659.9388057510517
id3620935,535.7185042644725
id0901209,837.7078101231987
id3774871,777.7945429001519
id0193794,648.6107582038553
id0251574,810.6012829063126
id2607098,422.0906218761406
id1064590,520.7665433842452
id1674458,520.0416680062158
id0500610,833.6186081722279
id2222872,463.57347292495547
id0253140,773.3324315588417
id3748936,434.36946999823164
id2239089,738.3571871607697
id0474809,562.7392755069163
id3647770,718.5710729545294
id2161308,576.3359654298812
id2086933,871.5950088199219
id3406793,437.81098162143337
id3059471,576.6898942305625
id2300215,722.34994148236
id0920486,884.7966084143019
id0530796,343.61379178745443
id0111080,611.563953917086
id0432901,551.7509523223905
id0072529,482.8993739121694
id3389887,367.6141945669529
id0257767,656.1961295987917
id0831915,754.0887106827759
id3949272,559.9160260340213
id0558683,732.099198041327
id1684837,367.0026243868466
id3386497,402.999815175886
id3278216,676.2158819988899
id2201136,777.0235047868597
id2263701,594.4880666812934
id1459621,832.6585459417595
id3833467,585.8611893319439
id1523756,598.3673514624929
id0874453,559.1449797545973
id2970355,505.4610568905596
id1086537,686.1059197454396
id0608716,750.5090736685875
id3178323,762.1746739777058
id2527344,638.5186419420262
id0716595,760.2606668500812
id3154750,815.8508570995037
id0323556,758.3454245044721
id2176457,384.71828001055576
id2711597,580.6818452153166
id0804451,559.3530202560753
id0959747,658.2865669768756
id1334176,669.360778390189
id2551936,852.4853088689921
id1183364,533.2834429078189
id3373765,471.2258961066162
id3495583,284.8758035724264
id3817666,831.5381392312947
id1586618,669.8729848268812
id0072408,677.8462260882615
id3617341,529.9815637741465
id2386565,564.3585598783546
id2153276,845.3093169182998
id2743466,693.0663002544684
id0777889,651.5090343713422
id1241720,403.8717588332378
id0554651,669.72237194739
id2964981,1005.7610683506203
id0203955,634.1068893945791
id0254820,559.2454172553051
id3147193,550.0741262475714
id3014484,674.0086187020099
id2543855,778.2820825474952
id2582250,746.360089964562
id3254802,824.2297359243206
id3916450,777.7510377312132
id0423753,658.829225243732
id2745017,676.1827986409587
id3937668,597.12513077188
id0447914,293.0796427099591
id2886888,711.0469422508975
id3468251,433.54975262883175
id3901758,1056.8306392137565
id0415853,612.5278265547363
id1046903,629.7546214594494
id3730882,520.7614550458677
id3421424,732.9621214732558
id0800256,818.0320276384807
id2361210,627.7271245545037
id1000750,632.6238362332913
id3679943,452.43044029823903
id3949362,387.2593563824979
id1783739,637.6603322135686
id2438439,548.7218696090556
id3078064,786.5155884762479
id0010838,1140.9186786159514
id2149473,356.61901602634174
id1782003,531.6565074843618
id3614585,572.4938450861936
id3163793,509.936449133646
id0273029,892.5894712023272
id2659944,924.9710253828537
id3736268,756.2866972506391
id2267649,404.98210597438776
id1773995,1019.943787622825
id3048408,477.915241323244
id2982472,643.8546113344962
id0209013,583.9240930350783
id1563029,840.2721183162151
id0285406,545.3682581115418
id1324399,617.9348791703967
id2693297,675.2618628949143
id2532760,383.50949932385066
id1888413,877.2790781984701
id1434057,587.8103141699646
id2803688,541.220594409939
id2983056,434.224437473402
id1802110,755.9178542379905
id0586682,541.5221191197572
id3236530,764.9192023128695
id3682138,488.0226613933991
id1021407,473.741162866529
id2851962,488.34141238295626
id2461641,440.7893522060041
id0712970,817.9577759138521
id3097088,552.0766788324692
id1921090,932.1584322368235
id2025029,424.9473748433578
id3377966,606.6218519972863
id1363660,709.5339342259508
id0574107,467.8126164491577
id2710583,612.3163303478967
id2005535,627.915861291961
id0180589,631.3710183703815
id1643088,388.31740749710997
id2837650,628.5960612503869
id1043194,408.4106519511901
id2983923,616.2263833409703
id3758100,507.34450988092664
id0671892,507.9856721941644
id2022912,404.452875367054
id3141184,619.3220188771164
id2288209,782.993770331709
id0136221,300.2133349947608
id1367369,629.7162164218825
id3987628,534.8257775170174
id1257422,925.0672543113108
id2587663,929.1116200544086
id0030444,412.6084213869597
id3142057,476.21347285430227
id0765408,556.48003551756
id2223096,630.4456031912227
id0689933,683.2875527582479
id0219425,197.94909554210102
id3365820,461.16248567845696
id1678447,704.3085371848492
id0279059,708.3612616926563
id2012514,612.7888079562265
id1945641,501.0141229133407
id0033187,615.1214350601728
id3455279,585.0387013944685
id2404961,527.2266943648846
id0677467,411.54824226356595
id3567058,494.84738099611315
id3790715,438.96787926397826
id0724784,663.064328372082
id1682262,608.3605331594262
id2007534,542.0319877324893
id1548992,665.7991314789349
id1500924,489.26173593649577
id1977834,596.3104853044632
id3810540,510.32802291074887
id2007890,524.5574095884026
id1055740,722.6823004825569
id0523449,769.41174498504
id3515113,378.2466319029478
id3970703,960.2143370236364
id1301413,907.1787812792338
id2622025,816.1306694724403
id2473666,544.6081086970082
id3105434,630.9277335757087
id2176439,491.79425385126854
id1540336,363.96103172597464
id0162803,564.6488089818657
id0811245,460.56720782837976
id2062289,580.3421524319233
id1242549,610.8070800293308
id0335569,324.184947253722
id0961067,743.2658789442319
id0720821,438.1905556177453
id3792102,555.5938020048284
id0162504,439.121477562716
id3384816,523.4105498040201
id3273129,790.8624042906989
id0722618,692.6898300532049
id0965867,466.6843742019141
id2187742,625.302767278968
id2632799,536.4315732868163
id2962354,315.1982925100647
id2316058,604.9327360391336
id3130137,722.2946859817648
id1802656,619.279267394391
id1106452,533.5072186520317
id2635489,545.2044877458615
id0110476,591.1324125452488
id0356103,488.57304465077283
id2083838,667.0340623326508
id1347128,643.5945468735247
id2706590,764.861973493089
id0708584,614.8627465101956
id2859235,534.6644824775076
id0487415,432.54315596285596
id0162439,1035.1609154150449
id2081841,1024.5541022497678
id3752470,561.3864684842194
id3297672,517.8808556775092
id1770877,462.36932211522065
id3361561,626.9762710946217
id2541167,888.7639308741803
id3014356,482.9707757066585
id3553282,853.0370949514889
id1621785,491.08313020663616
id1134706,731.0152533582547
id1725320,545.9427770037914
id2824650,566.2133756422636
id2628203,712.6973467740404
id3643357,830.1738243504788
id0680607,1071.671298379084
id2883765,588.771091875541
id3146550,769.7872919096855
id3672932,400.7952134199476
id2268516,693.1590093520217
id3677237,554.410796116833
id3633892,533.927879595537
id1381256,807.2100534979752
id1883457,767.8672881445328
id0022672,659.3530962028659
id2459122,806.5815502907167
id3591105,678.197695448837
id2943076,402.9264754286479
id3826113,820.3469441588389
id0289468,808.8361325938406
id2922336,905.37075492726
id1103744,475.17421319322364
id0264863,801.1719914773907
id3321299,428.2141104222214
id1583833,937.9213098415535
id0935016,715.9269330094336
id0186614,1340.688680352946
id1067781,724.448672181666
id0829120,726.8377599363826
id2313114,408.8156319741461
id0077571,569.4545069224263
id2297608,606.1324118339195
id1375375,650.2648353479929
id1031937,625.1072248607792
id2994340,383.64017072333763
id0314362,536.7916839417095
id3523746,549.0941737158461
id2595369,792.3404779642806
id1101039,854.6810674548033
id2592951,636.7764488395476
id2223399,566.7676753301122
id0926715,767.2459080854982
id3485258,534.6868466743348
id0462002,674.9397493700417
id0258807,678.8751884873046
id3909018,807.3559861139676
id2810140,698.0412266606043
id0764907,695.8154591967174
id1224074,521.6848294185744
id3156585,709.4204030982743
id0024178,462.8866975888258
id0576060,712.9661954930139
id1511912,642.432924505443
id2701310,706.8617035501677
id2209766,827.2836431167348
id2696912,718.4049075119292
id2347715,498.317999030604
id1607247,617.7180705923867
id3046786,546.8254812170702
id1808928,305.08055671483993
id3184570,671.3702131913607
id1857920,637.1726005930404
id0497915,693.3944429829573
id3683512,457.0631698979138
id1265788,623.8234600367107
id3034669,598.1188669440031
id2460622,849.4692043514378
id1789566,732.2470536467586
id3483646,437.2930086161003
id2417170,289.2240725672776
id2222292,573.4272543265442
id3439426,1145.9825159085149
id1612704,766.2294912815593
id3131489,445.1349506692026
id0066437,463.2444487097687
id3486080,460.93166915370693
id0298820,286.3740114037346
id1984136,453.3409435578866
id0121072,654.373821202113
id2019959,470.4435212412271
id3616115,809.8260476188002
id2571354,476.66549488039607
id0181702,587.2913960731664
id3790618,602.5764463080394
id3269198,636.1405638430573
id2657020,637.7211170089704
id3484427,382.21112311854273
id3212280,172.70366118907978
id1972618,292.8421121399918
id2039294,417.9846294966405
id1963095,424.76700140360884
id2304092,461.75836217506446
id3718845,881.8694677243333
id1187124,871.0991193600757
id0349991,892.0854159544169
id2403891,586.6058722461083
id1597301,769.3099349325568
id0925837,634.7667511495371
id0312263,280.8313028979356
id0558759,522.7586089974975
id0727784,954.7757596532027
id2795249,496.7459891571954
id2686408,834.1061013560574
id2815647,632.9662894514474
id3794730,762.1351103571253
id3677425,810.7749977999194
id3045724,350.8340845207278
id2252462,832.9692687552202
id1856577,442.725835263345
id3750398,694.5261574837251
id2217580,904.3229477882087
id0240913,603.7784902355698
id0952172,624.8244419944882
id2590639,616.1974199833148
id1992505,500.9011015036621
id0350609,652.9580458221055
id2787352,679.556703571139
id2919707,858.193675034659
id2757172,824.7612263706386
id1727594,581.7306740175125
id3869989,348.6080687135712
id0968316,534.2011213509126
id0132476,481.27289049307
id3227797,1109.7965686464731
id1999272,711.9793350616421
id3827281,309.29600873941695
id3389826,1079.1075781584043
id0384671,640.5139388509388
id1025372,685.3223518909068
id1837731,665.0096763795981
id0208886,324.3003936465426
id3189067,574.1275234168628
id0945304,791.5923743582235
id0636431,816.7592877699295
id2341673,870.0292836199424
id0188406,615.2745935233639
id1054281,414.5036212763525
id3931733,693.6479024429926
id3636363,646.7933881157383
id2546711,526.5987381393074
id2654157,418.4215298951927
id0522155,736.4093959872878
id2612140,273.22516313450654
id2986483,995.90488971629
id2617003,561.5615843861837
id2263214,641.7755295070482
id3871240,690.0249082910863
id3876444,401.12902579242575
id1553880,490.44847999307297
id3077267,561.7165930046865
id0738026,566.9733191427188
id0903808,601.6775616520199
id3289746,549.7468962513776
id2453618,755.5410809615918
id2819455,468.2502377338332
id3062181,487.4065427745703
id0093096,260.22341181725056
id3126013,712.9458876655331
id2438184,448.95455662306875
id0875195,899.9234697074137
id0898955,665.4986344303748
id2057151,1156.4930731328745
id3404671,468.41151203943974
id1755209,496.9344537345506
id2179754,863.492928745937
id3787692,238.59379656805226
id0128743,647.7785731543398
id2002936,915.6011129125626
id3002124,910.8924032173055
id3404577,950.3746844131609
id0041462,460.00517690824654
id1982647,746.6181356329972
id1292208,572.753707407753
id2516866,971.6413770017739
id0940861,336.9185459083567
id0962187,769.5992221528294
id0363836,715.0892106453547
id1278066,821.696142254053
id0962523,714.4532861262105
id2535433,448.13153239019573
id0113325,392.0060692079432
id1228356,457.01567255713854
id1762083,734.148069348774
id0764267,853.6440196239669
id1445244,477.8271793709988
id2260351,413.361860511781
id1329461,543.4348076270347
id3362043,596.237194578611
id1050066,651.1515846691435
id1741809,378.42332787527477
id3854389,685.5786574481026
id1596719,1074.0582035728312
id3742963,395.08226180774847
id3753777,468.40165428345875
id2066220,680.229722103629
id0272434,722.4433708568968
id3421557,993.0389579549096
id3579922,696.8689416686229
id0028383,411.86823329883276
id2706938,535.9632205243726
id0601800,526.9333460796744
id3664224,347.41140032467894
id1915724,471.2830922040773
id1840344,867.2280178125875
id1817431,446.07029853546373
id2533730,663.8367265084694
id3840669,244.2516618009194
id0700616,401.5754282561848
id1620970,719.5811603367164
id0482800,464.28285417154603
id2223094,760.8492159200167
id1733805,450.8140034900579
id1514712,372.35833780310156
id1858415,579.0927186371092
id0447657,413.72567455017554
id3028833,361.32020453914015
id0111251,551.5006358212199
id1625801,697.0606480962743
id3040032,578.8546125858791
id3874730,595.5145081053606
id0941199,438.89496816420467
id3751992,752.9170229003339
id2410921,853.8382487083342
id1034671,320.79170781783927
id2777459,591.327154077525
id3254906,794.97795535716
id2406813,683.454996119847
id1650409,431.9243732389194
id1228240,503.150555112692
id2321528,578.9779329933426
id1086883,661.7797645537023
id0253264,697.1742199306334
id1552805,863.1750531731077
id0247431,585.1885387097543
id3120189,636.8911408436708
id1896580,568.0587998875602
id1337096,804.9941387733362
id3657829,621.6169860665632
id3445745,760.627366289876
id3718564,625.2992478137406
id0081111,634.8040116109386
id0106022,685.6196084533498
id3768979,692.0653332197003
id2878194,940.4444517337788
id2105444,706.0759142332987
id1209356,604.5747114008223
id3372020,588.0115445941414
id1517580,550.6528646446009
id2337347,991.0553515542688
id2925189,501.2005735908746
id2990625,343.9607525728375
id3092787,995.3640186246915
id2085282,591.2681984052671
id0009646,684.3309276518748
id0259839,560.0673484671702
id1601066,697.8174883732253
id1732346,619.5854021943852
id1123645,533.9778274275603
id2680029,836.0768507110336
id0264219,364.4198626550811
id1101247,840.4356467368609
id0288375,842.7827066559785
id2526788,483.5925864787853
id0611791,714.4966258993355
id3516301,589.0594763056224
id2586627,866.5507365241434
id0236452,585.5507932188799
id2280810,813.5012768808475
id2797733,468.9243173663763
id2073893,789.8385644311759
id1629525,543.5139178933338
id2433967,331.8820773409299
id1242293,719.53857905672
id2963938,430.4387918650034
id3465342,576.5753348340897
id2249747,571.2669200603701
id0281981,542.032449042156
id2038081,271.35250940393377
id3850421,571.5713108244447
id0117686,593.520375403373
id2196949,515.2067792761185
id3670826,417.7292200305494
id3515099,394.3970133894532
id0775423,648.8426153220217
id0555609,531.9993033453578
id3068434,782.9646813518973
id2214784,536.0959266468442
id3303497,142.92164451488213
id2233855,712.1845793174826
id2087701,884.7948758803957
id3938530,271.26044719253383
id0810744,462.48631961501025
id1619831,344.74148818528
id2841654,465.36965356259134
id0023285,555.7382632248397
id2034395,808.5558558431826
id1875294,843.132145945076
id3552854,497.3926064604381
id3392216,567.1924489734499
id3656180,706.7788353358384
id1097231,634.8282799072799
id1091768,829.5055791781895
id1486759,285.9851358256992
id1921558,241.31536160614215
id0401434,710.5564679239621
id0871615,752.3844703066724
id2680761,590.5583976421906
id3414097,454.565156004677
id1678414,801.8199305577616
id3167410,547.5275720239771
id1679255,644.3701652678261
id2360353,711.539973728333
id2302555,747.2179933862758
id2642362,567.8426859324027
id2130936,478.1279163035435
id3613092,1028.2662551481385
id2971297,763.1157220895759
id2045047,692.930321523584
id3179683,785.8632965937469
id3378051,744.5487351016836
id3184492,446.69089604665163
id1756186,267.6114654314571
id2792446,799.7540871984163
id2026453,611.0094677249092
id0151045,768.9512576972049
id1869560,661.771441056699
id3178275,905.8466830413109
id3178091,608.9624488701453
id0625429,746.4137283355213
id0885779,574.6228404334565
id1475549,743.686334002643
id1780912,628.3295233246745
id0825846,338.7395057739524
id0878036,481.59457054655735
id1279629,745.1339056517675
id2446348,232.2084128321892
id1843249,888.1644050934328
id1289035,360.05725088500435
id2470912,660.8109577545843
id2747670,482.8980042244271
id0017366,677.6859172700272
id1856174,440.7313029782637
id3145101,406.5781378341228
id1709270,659.1264029157084
id3644667,722.8466463007435
id1293645,288.28790229721847
id0710155,431.276276576753
id1085521,782.6158563662643
id2410465,543.4424856971659
id1782761,743.4000535638171
id3375609,550.1291105402946
id1992615,663.2948680049949
id1846516,675.2369731593536
id0083278,633.4283937456688
id2064728,637.7143199905022
id1371166,517.9604672581247
id2294038,523.0869021650275
id2750911,254.8374435813876
id3585444,557.8817618440032
id3693342,723.97859667193
id0299326,1054.0931263526902
id0042376,477.67880701081435
id1655578,530.1416666480503
id0312450,761.4059046346017
id2376914,554.379254262851
id2111223,715.9353959278938
id1608428,666.544069779863
id1663072,795.7752657005017
id1903928,721.5551842801547
id3350810,683.3285839388753
id0675085,611.6885495814596
id3807586,501.97587437772944
id2615329,612.2431097794537
id2353028,1131.5171655384488
id0009061,1065.3225134559784
id2530032,754.2455422083049
id3304119,592.1483098303445
id2088268,623.7904702288569
id3378609,618.9828122119943
id3968534,1053.429613946285
id0757790,795.6660394361598
id0898046,722.0969124685555
id2375561,209.13586740514035
id1072916,508.9389744502956
id3366933,472.13217606858524
id1119187,439.17794767544564
id3021636,863.7441432748782
id1799928,474.7490540518591
id3028721,623.9941382491326
id0748663,485.73437416984075
id1559425,875.4541460469603
id0206129,917.0167483411421
id0024880,870.9856114205309
id0744823,547.6716998019151
id2003905,683.804590250168
id0260242,570.1799778696036
id1816912,578.7928688460219
id1632087,795.1348353147566
id2135445,655.0368134831997
id3499895,363.1213827788593
id2204863,715.1065591804265
id0240242,730.8243195058527
id0917968,494.30698156271177
id0086783,547.5713953953743
id1058597,555.7590681795403
id0260159,497.4547128173328
id0331873,626.6412839512344
id1120424,498.8207859818071
id3434753,646.6553361917767
id1632960,784.5287047134013
id1111042,714.0704434353522
id0442528,428.553049261069
id3611265,473.6440248685924
id0565680,706.8314768105214
id1106644,503.99852215814127
id1286840,580.7850654807326
id0761108,663.7280289442587
id0801338,509.1118019100424
id0050456,865.637988960215
id3285597,619.721469019386
id3642540,555.7423386554137
id1326914,805.0279437486298
id1536045,954.4513520777751
id0648393,544.5810032806079
id0449591,547.0817924672149
id0234440,871.2572816221594
id1610486,461.7747390671848
id1103199,676.249259065356
id0712448,358.31874709056785
id0087243,554.2498307504658
id1145371,604.8343885775648
id0872011,771.3589748347578
id1383798,673.9908538708761
id3438983,735.272105296394
id3352277,811.1154519688332
id1245718,591.8829872419449
id1939659,560.0506087796653
id3548823,556.2315870929258
id0580087,505.6392870324554
id3190431,443.7415503494006
id0244893,673.6263632672657
id1025200,565.5292280501346
id1047551,676.8781246713951
id2229747,501.8871135884533
id3918212,658.5126319104377
id0937954,693.0959561876405
id2012254,601.8311057734397
id0068662,877.0480155463949
id0518814,502.02873713761494
id0875110,917.8421169464673
id0080273,683.9791378234465
id2829345,665.7259906750244
id2843230,708.2425507474651
id2316049,434.1162378881389
id2177498,635.4417478502243
id1394641,529.2719144090115
id2380560,427.24825474304436
id3241187,758.0045813555223
id2093884,243.57878645579876
id1444249,835.3220151897357
id0104571,733.7475215752692
id0652917,371.0518370140027
id1441289,702.1715081490115
id0376469,660.0681547206934
id0003967,572.4637470058144
id3605395,426.4764436919261
id2654560,664.2547240348259
id3075585,658.3612539634985
id1500129,774.9063014997748
id0838710,839.3882597402375
id2918115,645.5917071274582
id2936365,860.33725803456
id0585940,297.2703326011875
id3759625,913.264662303434
id1954294,623.454530766705
id0062842,929.5790376248136
id0257590,557.631118869106
id2708211,799.7630886255571
id2316895,650.1324769243079
id3119335,635.6148175663454
id2577296,624.9912018965971
id2411141,539.8573266261344
id2293432,808.6331221880382
id2954711,589.4378022898501
id2731018,616.0356616861476
id3353403,826.290061685032
id0984485,1005.4161736893333
id1237931,667.2592206102039
id0722302,815.1999682883625
id1982202,789.3841527573408
id2247674,412.6013744050886
id0595215,414.17961921709514
id1044688,553.5923201229393
id2978902,753.4443921675381
id0590344,590.1666370430822
id1506166,492.56889695137363
id3045098,866.0561468580688
id0841442,350.46080617016867
id3595095,608.1126032651762
id0775716,571.2240203861757
id0581135,636.6986666189244
id1129387,593.9936045045249
id0671056,297.1532753774672
id2134882,640.6687084927783
id2350080,829.1801624148749
id2871324,628.4719177605857
id2253477,481.3520191934662
id3854278,641.0366809068448
id1841567,667.185567451851
id0799695,608.0167574732454
id3307613,586.1840703314884
id0879713,593.2169796186137
id1591639,449.4699366802831
id0741420,459.49850558697926
id1712398,633.7969209177114
id1152951,697.0151245311503
id1754284,673.8089732862636
id1520913,1134.917041548044
id1890261,649.4018790361746
id3389180,636.6292894380564
id0976938,535.6523399114234
id3369469,725.3598566263385
id0568384,896.4196512845592
id3121495,510.1551261005749
id1727607,1022.5482849491622
id3374937,716.4717270574417
id3202363,712.633902459977
id3440690,630.3095216630918
id3086893,554.6243991141678
id1702717,950.4546209345352
id3226782,707.0969143608306
id0166864,604.8035408136187
id3855672,512.698836249028
id2935728,663.8485864436853
id2440193,671.2720476499658
id2418171,977.4128900509776
id2466635,535.3677718817007
id1197763,577.5063162542565
id3922503,301.0389082908175
id2707676,993.7396790846327
id0377383,692.4740245715188
id2646072,714.2706413915326
id2555724,448.2783686891349
id3176396,622.3661199007801
id2457349,601.3035942372508
id0463905,456.10518758809116
id1368821,621.0926501345698
id0793436,751.5878036344898
id0050869,484.2385158712559
id1461362,607.679284759746
id2470667,449.51574740035915
id2580334,408.0614758945582
id1773613,501.4490083922866
id2274706,423.49487008680234
id1266110,631.7770535566932
id0554535,877.6852094623996
id1590895,430.91499018794684
id0742358,574.4130284866409
id0086366,546.9103211870437
id0101552,617.5015181949576
id1616503,710.7428984453376
id3758393,760.0762449032927
id2706768,518.1773095458758
id1363147,738.1210241394252
id1976235,744.0660994846065
id3390517,610.0834210961349
id1071118,735.4050525058047
id1825850,877.5670086873424
id3050173,791.0484549959791
id3071809,918.1065530054607
id1655872,474.3699720420567
id1323216,580.084444934777
id2226759,621.5387456425098
id2586189,708.3004677919106
id0432380,541.9844371723218
id0018193,769.8158008058051
id3779405,1179.061372159014
id0076976,412.23966851523414
id3074325,402.3791849146689
id3984678,777.5527435405285
id0576865,686.3584501221462
id0697076,978.9745926312622
id0172428,776.0835525160222
id2258523,518.8003446500601
id0019373,593.4438225916391
id0915864,802.2334906613906
id3640418,298.07456962291747
id2469937,628.7569247519973
id3492285,680.2663452151643
id3319070,443.6081207808371
id3895229,817.7243703817712
id1354767,771.8701656220452
id3176958,560.5783939262127
id0703266,535.9624581892347
id0824172,435.93084271538373
id1954677,610.3744766927504
id1289024,818.4464393528059
id3279961,827.3812237023899
id2675475,223.07399449927078
id1323777,737.9091878984664
id2382778,599.6445091189689
id1752032,460.46339417391346
id2227932,403.0088629625911
id2450287,877.3306814239902
id2000078,886.3979696866579
id2408226,677.3431822396248
id2413540,728.1012430467574
id3648281,735.088169947774
id1352885,591.9850236804908
id1267909,344.27311254227067
id3226346,889.2518902130041
id1237828,302.53231930925017
id0188414,596.6008084724286
id3188699,464.51958458274174
id0255345,800.9756545554452
id1043265,664.4301930867202
id3976180,369.16580648157844
id2455394,362.39659634466307
id1152817,764.6847366783786
id3897133,687.7885225241534
id3247447,491.70996895189535
id1820763,555.3253763335383
id2639083,940.348413189598
id3947670,625.1524171968357
id0225293,451.1802485987135
id1403731,736.5951016256491
id0895389,489.3619165298648
id0593447,582.1534191069487
id3467067,555.0142805992907
id2549067,185.5458488144316
id0840989,561.050010542317
id1269253,531.6023529760417
id3500562,759.5648321279779
id1440529,643.6823480635628
id1726401,722.6691412321877
id3212646,635.4187781551491
id1437045,723.8219540603876
id2416380,1064.0785641184123
id1958100,690.9864860479759
id3140430,527.7435289392209
id0832549,852.6798445569876
id2823700,592.1105530965737
id0172351,530.3411635309825
id0320428,400.7673619206569
id0705117,591.4868542420023
id1082660,411.2943260462096
id0107844,1082.350162614715
id0564014,425.0160905067466
id0990011,523.5773990544163
id2213469,518.056566914849
id3930321,560.0310403808387
id3717844,693.7177991547286
id1264983,782.5788690416849
id1740474,1058.5199275350203
id1381013,532.8477883181821
id3849332,795.2423740665429
id0047819,720.3538758016724
id2430987,480.83885818016046
id0185832,628.9598535341112
id1019884,319.55750463934714
id1908132,852.2573848310005
id2572816,427.9010790223129
id1284939,809.6452054817618
id1556287,518.1388812480159
id0370597,592.1859386345535
id3809179,609.3700885697419
id3975636,597.986259402614
id2593274,937.8674240249519
id0315933,495.38514933143654
id2905967,720.4208105792208
id1755732,992.5392017365326
id0989656,508.9776145325248
id1264306,680.8672574840333
id0225722,389.327737679331
id0385466,806.9769420194979
id2663900,628.3967974243603
id3111750,397.14822912861047
id2200063,924.9740685267003
id2275735,765.0558704494258
id2549713,702.0157023454067
id3408588,592.133536051905
id2221447,860.9169742137129
id2739170,697.3963345431798
id2848931,507.44328229736976
id1923548,659.7126793827277
id1184974,582.7541117900292
id0586512,593.3198505845467
id0163512,392.03835401456996
id3016616,816.9129350970102
id0675635,697.6099855039583
id0946107,681.0046003710254
id1248206,884.7878629014592
id3637273,470.4686608477726
id3551560,1008.0533415215308
id2554033,600.1907575222002
id3940725,646.6689775364179
id0805874,978.5373592646174
id2698013,837.9665887987849
id0904672,338.1296913049194
id3469234,474.1509678521846
id0900052,681.6472322586718
id3610914,948.1433768350104
id0121428,739.9206654385035
id3039810,542.6691273810625
id3751692,541.8392778333765
id2316417,748.6136804592018
id3907330,729.8156874949243
id2286640,884.2848171252103
id3951835,594.2938035599919
id3638584,654.0045261970872
id2223765,527.6774622880846
id2034044,313.0072954291592
id2353865,754.5283046422627
id1607986,896.4760026997761
id2916268,447.91416948897705
id1300076,610.2860787425543
id2156970,535.8324907111855
id3764082,407.2973001579933
id3068819,500.12309822316746
id3262728,783.325151384897
id3816521,686.6002486934142
id1330406,524.7245696509243
id0679961,840.3991227931426
id2218368,497.59731075755997
id3688478,629.627979521135
id3045767,544.1660053191804
id0909835,777.8682538412006
id1764449,655.0232148318303
id3558311,759.3408420024423
id3821374,790.8620391858468
id2071482,875.3236448558685
id2373341,549.7738842997134
id3812173,553.3563253368353
id3986330,804.1510478363773
id0770624,431.04599903304603
id3564541,680.0437464035945
id3014846,192.27015209483557
id3411358,920.7944836812287
id1819999,481.96017646010307
id3940911,297.4397947314772
id0044227,464.9988992004069
id3969216,1031.0664199559203
id0243984,441.75875105789163
id0710206,628.6521275292874
id1160468,817.4915061036096
id2834820,613.283766110483
id1357424,562.0870199179893
id1181062,420.6863723025513
id0104838,510.84947102984404
id2345733,723.5041405512527
id0145674,497.3310536189917
id0832020,840.6983936028362
id3064138,449.1599690587584
id2903079,645.7956560267376
id0201039,318.22241428068423
id0600215,511.17716930373433
id2589072,877.7419611955082
id2186441,430.9366801062616
id0300340,470.76679406041853
id2359618,600.6638234466103
id0870197,558.6623209709362
id1648371,605.3802460273955
id1327376,868.5107789878708
id3755205,755.6933250150472
id2802397,1113.3368536563828
id3533706,693.0314034193558
id3256715,646.2190864240354
id2249025,721.3240715141036
id3628137,422.082121117244
id3286706,501.5190370666654
id3221795,545.7300554967482
id1837565,677.2191287204397
id0618180,642.3458027610479
id2123154,685.4311506504009
id2081968,740.0203850016296
id1211578,722.4866667321605
id0991159,880.0397886748723
id2435417,653.9598086915122
id2347517,679.1850793350551
id3125407,452.3361496981659
id3752190,269.238130542264
id1661774,506.70126851046444
id0758566,346.74008859174154
id1376889,618.8462861384753
id1851067,453.46521619074144
id0934209,569.6472031368173
id2487533,447.60672033210545
id2587521,462.71165781800454
id1670391,713.581035692304
id0028791,699.8763429432656
id0580708,463.7507450455645
id2732027,470.8066972116285
id1572572,781.8510505521508
id0594838,421.3634155324685
id3160476,674.7043902222204
id0438382,557.9265809940256
id2454882,533.7186993964922
id3100931,885.0307620781539
id2949327,803.1243624992958
id1512176,767.7686964304016
id0667772,854.5404097259519
id3685527,826.625016563764
id3697581,560.3243013217619
id3618685,770.2263685903549
id2849732,543.4817252599358
id2933027,785.7537791179781
id3784279,666.0576488071583
id2017601,865.4039553716985
id0714266,557.1046512720251
id0616875,840.2678817296935
id3330950,600.0261926559061
id2489750,615.1398975339829
id3656825,628.9498987870357
id3690585,990.7278554623796
id2253409,571.8999349557089
id0718527,585.5489892219035
id0949932,838.5540753985056
id3302914,632.8209653272723
id1242893,512.8753297926294
id2072482,227.76585855269653
id0657681,432.58420860924696
id2409133,560.9719829845719
id2049386,267.632137970876
id1856328,554.1492708247299
id3201077,363.70314393189625
id0393903,603.1662712278256
id2117589,565.3213788485438
id2716917,563.4287034121705
id1474255,781.0085835735363
id1963884,490.442111126478
id2233142,516.162824461055
id1718870,413.5262395313863
id2653419,1146.9886069201712
id3840447,745.9465698490004
id2047836,692.1207842989352
id0892627,117.78852533071115
id3127046,1111.784162600696
id1629427,751.6122310941023
id1134270,407.022131342385
id3647331,563.2175369473854
id0741860,481.42562588851763
id0850391,720.0108689583637
id2380010,617.0817409603919
id2343124,404.06338016396063
id0485478,655.3909503319743
id3576029,375.10185988419084
id2624581,562.1238299612256
id3668680,632.9071306203974
id0662017,652.497436698716
id2960331,664.7565466427673
id1238436,522.3372360776614
id3461256,577.4675091809953
id3402943,578.9703212283007
id1810535,721.6613157480803
id2187656,502.47596188193563
id0132057,460.4978957200558
id3511363,951.8091260690517
id1348873,483.20502020458264
id2901854,1079.8333603214485
id3722789,482.12964373780613
id0808330,589.438936663019
id2596082,490.80234672799867
id0459042,639.1731121692261
id1235705,733.0466235215966
id3902164,774.6185306657984
id0731722,598.3598867005451
id3366211,575.5576560719493
id3904682,868.9343209600858
id2091496,598.8939907424932
id0076711,688.7020179221513
id2938095,606.1015450938448
id2028402,890.801473038195
id1159078,742.9419738855938
id3948383,753.5926371752969
id3600156,511.6526297122333
id3743204,617.2121922438392
id0886734,404.4706540404672
id3345493,624.5932882214858
id1686789,479.3162751446467
id1244269,711.6668806693151
id0886641,695.6915324618382
id2652430,524.1534779187201
id1885110,900.6003349338214
id2575868,399.4716733895192
id1971049,888.3452253382698
id1661741,295.3990544415833
id0948686,627.5531522537766
id2748974,728.0011519278129
id1698986,506.47945245652625
id3882828,395.3183800808857
id1372972,1133.9950505395316
id1082331,681.4248765895364
id2812388,645.9201242339223
id2894025,821.5985189431823
id3941576,624.043530422293
id2695431,612.6847031212973
id3439400,456.63988161960555
id1621922,692.8538818928453
id0069499,764.9358991259587
id1326666,763.208526959835
id3802209,943.5509398334401
id0791025,477.6505581129433
id1187559,732.7468655604052
id0604146,513.1201609017296
id1342456,650.4757176705864
id1635711,159.59035970302637
id2210917,731.8083152752611
id1939667,703.0271898681975
id0547368,388.9051768968018
id1977908,569.3378442274387
id1061382,443.3623685471332
id0514654,327.0477960842299
id1229322,1127.2147674862636
id0764193,682.8784749942371
id1476903,586.3911295176359
id1427778,597.0492828917604
id3016496,298.63879478365357
id1202344,537.8405326015697
id3075952,519.1585032587182
id2421950,660.0439837109185
id0490761,494.52011262401606
id3485600,661.0599132546334
id3172690,915.1265131198755
id3404737,705.8370283253618
id2173429,720.8082339526618
id1512777,242.95077695893255
id2710452,348.27795150260505
id1448052,421.96300284587346
id0426481,327.18743753023557
id1517924,742.4886530460723
id3717395,600.204818463079
id1193142,692.8969450198507
id1827752,369.186650585512
id0660162,498.2082589470394
id1442380,849.6143874614205
id3113885,297.5086109104979
id2961163,520.4326862995874
id2745448,724.9497175860823
id3807496,497.2048559761413
id0561683,479.1936598017333
id0032108,715.2982526441465
id2273618,592.5169725872249
id0209693,589.6274724166108
id0676142,497.4161179175558
id0087868,840.6924014232013
id0526965,478.59186151717347
id1356324,410.4319907425276
id2978045,933.8989690355638
id3773242,670.0933852341532
id2054736,475.33449922764555
id3249366,596.8639647349505
id0095607,372.00972784339876
id0897590,852.2331765719437
id2824329,486.2212871129303
id1836422,537.7696313936439
id0101406,547.7932594541181
id2530589,606.3420768061591
id2066515,484.8804496012719
id0583229,628.4238476570802
id2417209,471.8683051815229
id3327115,725.4332020026047
id1355832,316.28939617772977
id1444733,542.1577060423804
id1865271,636.2073738013631
id2986127,782.6969867659145
id0879695,452.4389406095444
id1189746,317.0369881777132
id2053991,677.3355110102423
id0294101,805.95765071845
id0786418,814.7040716102441
id1471857,540.4054491045838
id1101743,305.13002613847624
id3696039,471.66561342886297
id3221920,781.0482666346678
id0983647,668.3314751224553
id3442486,514.1617054219956
id1347582,753.059207195387
id1974763,912.1908276172863
id3919437,551.18316313974
id1104279,390.4539845825151
id3403611,755.8971725784154
id3066034,715.5743151369854
id0711488,444.61876131193696
id2618903,530.25935332119
id2103655,662.6472472363097
id1993217,528.5716719089231
id0287541,695.2262246651201
id3845846,816.8392073371193
id2605996,669.4763646331943
id1889866,623.7111757021501
id1090726,1038.822466538554
id2681077,611.2267536893803
id3835956,254.45888303543572
id0889170,447.4296298572103
id2361819,979.3783845046055
id0713231,752.0706122081316
id0211573,771.5065163323736
id2369501,296.0057572628019
id3697817,680.7129268865008
id3314020,451.46946359453375
id3110517,633.2553375826777
id2677370,952.5526679532447
id2057484,460.52229846425104
id2593556,306.2342212308537
id1993508,924.5501641216176
id2123759,532.2938913362572
id0735726,690.6147821946265
id0691025,562.4847636487057
id2410367,586.0105061163599
id0983082,464.0104902888837
id1176908,750.9259415812221
id1657758,597.4581804023771
id1870644,656.9899393771351
id3860921,489.6726036336723
id2051122,681.0236782683761
id0603679,611.0767084119252
id2224498,396.7457959702573
id3494394,732.3163037700875
id0654211,466.7666416740391
id0364594,824.5144221616364
id3884689,487.5475347439731
id1000896,684.9849863550239
id0407075,439.55002963181875
id2833049,876.9704029590721
id3408074,404.64215481367114
id3368514,607.9320136158276
id2645109,546.958270357182
id1703239,460.8107141783409
id0477875,732.8468582429255
id3656891,411.013143287938
id0816180,627.665788020102
id3836446,931.0263712136774
id2848706,540.3797218026489
id3237382,481.2324276596477
id0379063,581.5550559510352
id0725718,451.64982943241597
id3120880,560.8098148610034
id2861740,414.98108789760624
id3722905,544.5041329117645
id0401519,626.3337983343729
id1467419,451.7126538762468
id2525626,536.1841582155181
id1021973,1026.2480323370503
id3687974,818.4662061573034
id1866580,766.5160735554103
id3239640,978.144799523873
id3567438,677.9711118201369
id0747689,637.0877368262235
id2970539,793.7940219313416
id3320158,397.03952695798813
id3930253,876.106784805849
id3990038,755.0627682298459
id2330097,510.27988564531864
id1529321,560.0556338230416
id2480340,649.8168814735936
id0552113,531.5291202156438
id3949680,405.98228807161325
id1283194,742.8857966777238
id0494066,753.2612001300956
id1890788,766.9579586115013
id1356720,550.3189679789167
id2186587,602.2963592823229
id1780556,584.3656044238351
id3477097,633.1887443716021
id3888345,458.05094841713765
id2500133,595.1421324562937
id2448702,894.2680803255755
id1706045,430.5727358115864
id3546164,390.0976867099979
id2922136,1038.30400971276
id3625301,381.2379647959313
id2981215,877.2894178378104
id3841941,714.0979544573106
id3315816,705.8674278709617
id2254039,674.5417821509004
id1223993,617.1180456329251
id3944719,622.7257465209267
id0736031,542.737017515067
id0339170,326.42383100258337
id2445737,435.1529700991683
id0137951,662.4635132363215
id0305064,577.4635084011926
id2978949,726.1492109929677
id3216444,378.9226054242845
id1149330,483.96071148523134
id3264084,525.809557247932
id2899885,650.9049797187563
id2682438,588.1906994992881
id2447640,777.7018647586904
id3573108,555.6196198677075
id0200970,658.8411341108986
id0208088,579.5594095312032
id2238590,365.49356886454024
id2998622,463.4358080901376
id3147428,445.3430786917575
id3106725,508.4790692480332
id1701231,820.0011623430448
id3977654,610.396664458921
id0379191,694.119186313663
id3811587,735.137708053853
id0057019,683.1643036335118
id1956395,610.219313970084
id3960085,257.13512199231695
id0717381,571.0716043208101
id2446633,715.1746456493338
id1890300,907.8924637558058
id1856963,374.76051791806725
id2652064,684.0905030118303
id2371191,546.6761251860755
id1067241,697.174579140397
id1216643,626.4865150794841
id0177858,801.0167533810651
id3561283,559.0197027782166
id2585472,373.8210636463816
id3794379,1031.2860673288249
id3745290,677.233582858165
id3767298,419.9960745667242
id3623013,479.0987108981156
id2410437,384.58415860307093
id0850361,540.6370601682904
id2641563,585.5798982267212
id1749498,313.8544936978823
id2212499,569.964973626155
id1344241,653.2961588404132
id2478323,311.56486918778666
id1331569,270.020070584721
id1203602,547.7007352366655
id1250518,635.0956777859878
id2162305,532.0854329402108
id2437615,993.7900979376603
id0179621,345.5027038158189
id1660233,442.1432041263247
id3268263,497.89843171375685
id0736762,376.04956911502694
id1027947,542.2249071882047
id1597805,460.2842375881101
id3449677,712.9506976188833
id2087146,470.8580792104461
id1650776,722.8262959742043
id1145640,682.5243458352344
id3355616,672.1877582088722
id2689605,787.4222814599328
id2565504,596.0846484635904
id1712076,547.3395696041398
id0307243,283.0518461266009
id0473069,516.6268944767303
id2238127,770.878948671418
id3799343,468.2532032981909
id3616319,374.229828900834
id1040633,504.15258986082443
id1799458,583.6605318786434
id3580544,824.8681873260152
id3457918,682.6930811187443
id1319118,811.2794984911021
id2264759,579.6299651343035
id1367131,1049.9039826308212
id0216897,502.48195790744705
id0905118,306.72091802886666
id1223884,580.1540912220673
id3599324,450.50719870950184
id3380263,687.4357167057033
id3625582,788.7675155951077
id2939441,965.1360919686124
id3714260,1023.1582365797292
id2015068,705.998446363119
id0810961,820.7396185577204
id1160488,487.02846248830815
id1323444,597.9334022450481
id1277637,588.8676073562658
id3765258,280.52335905817966
id2058157,839.567176729533
id0251062,746.3047706540158
id0163150,236.43985301065425
id2161889,686.0281883234746
id0417886,579.0636837161609
id3118773,619.2779484692464
id0181052,674.7518109317186
id0936719,617.7872046682985
id0440087,412.3318610946531
id2581656,764.7215853675648
id2754201,1329.101705415948
id0658410,591.8585764848455
id3435085,518.5950892653613
id2466602,651.5194449162816
id0004942,1113.851463320796
id0550251,708.2410194447373
id3027812,871.4543501658552
id1631683,857.7024726862579
id1798949,650.5886801455582
id2400466,515.7927998781904
id1251211,669.5105573931389
id0794627,746.2827941793525
id2026815,735.8537407585856
id2553098,632.9206967388099
id1677229,468.8150153590199
id1419560,853.4624420419109
id2156701,554.5356523210554
id0450073,995.0336917298085
id2998285,504.1270979062209
id1963791,445.5454585247313
id0183300,435.7884394312949
id1290500,427.2822319619197
id1752205,601.3869968508707
id3330165,729.2882618518629
id1089229,697.9902543747502
id2428947,788.6511971105505
id2199285,641.3031342801661
id3524368,776.7399842781788
id0028074,767.7250143715123
id3802325,617.7242789057221
id1232946,266.9689311190467
id0016656,525.8336051349597
id0803529,1068.049504549421
id1072767,786.7933461004233
id3009330,452.86654841307933
id0488140,997.6626730889914
id3379674,583.0545031896338
id2323329,550.8878861123382
id3792335,474.3037604909183
id0315137,916.0250537912491
id3087116,476.1245069794392
id1016656,539.6032617467183
id1571653,637.8354261987279
id1820048,555.519099543049
id2960849,1031.9837224410066
id2645323,507.8632570013202
id2964122,882.2574434361328
id1501922,466.659918336093
id1522451,526.9614298664742
id2455324,792.3191683016398
id0808192,1150.221345666321
id0532734,705.3191497927049
id1842265,780.348591628335
id3133683,457.8852860410806
id1304627,561.6927825528247
id0696729,556.052011568857
id0977054,549.26477058215
id2699016,526.3799986317846
id0108548,691.1309684990349
id0943186,493.1659653949144
id1413976,914.4074216747026
id0389257,443.9116387248019
id1043547,1099.0274590056133
id1789604,702.4144986465681
id0987559,466.72720849712067
id3808146,343.82517090137884
id2517992,498.4626258728756
id3162639,766.6245175322639
id0600042,846.7880194430659
id0138073,702.8962820163472
id3978693,689.9651228514645
id2740910,710.7439035717906
id2596159,814.3006387891269
id2272634,180.3456903516731
id1983499,401.9280038635104
id0796592,752.5422361038334
id2738289,988.7392131484585
id3654984,612.1149642718383
id1038817,778.0969480597222
id0445877,620.7018082002799
id3572539,434.6036354444728
id1978544,608.1767491430777
id3280783,665.1060664988335
id0321520,558.6825799371139
id0464709,643.9206703951515
id0042350,822.3919194036382
id1857000,557.2687711260571
id0643333,551.0112152107703
id1040794,533.2351515516698
id0070234,413.1172801873811
id0947249,809.1931516278436
id0556944,614.2871720314301
id3136590,546.190178566727
id2314026,523.9463581648378
id1904909,627.3833081604533
id0521588,624.4510763043374
id3390595,708.6795244372648
id1141054,864.7889838418939
id1837312,742.2437381982105
id2857460,513.159102656784
id3071464,522.5247725463687
id0940323,635.6526848476433
id1762977,460.21377010227775
id2919603,437.2656237241246
id3686345,886.7506067598216
id1875349,525.5794979561522
id2372051,819.0569639270346
id1165807,763.8610636333193
id2812933,703.0256166957389
id0364928,738.694063995852
id2635924,694.3427464786375
id2782206,450.1748952931784
id1182106,574.3537903799959
id0153535,705.7451352798804
id3732238,683.4578699925814
id3673324,533.5296236305019
id1382947,735.3760976169029
id3746230,577.0185073022001
id0979206,436.40987853308195
id2954764,798.2527256457789
id1066198,671.2435609443705
id1631113,732.6727806826816
id3415017,650.2532226508214
id0313490,674.9255851695785
id1884009,637.6315473349246
id0426840,679.7858408894487
id3197217,625.1519478980224
id1286415,562.148613674864
id0217130,601.162060604891
id2186232,587.595986539829
id1899864,378.5468074775364
id1713969,621.4382812058877
id3409859,733.2591595940596
id1622657,743.6047065919819
id1175464,529.7096654837534
id1565649,1134.614551888885
id2681695,803.6281942201144
id1109330,466.277223654333
id0334987,681.9563741849175
id1177611,750.7034764628623
id2039646,526.9918146084036
id1548633,649.2967265439031
id2783896,577.4840124371326
id1142364,380.39257140464986
id2525124,483.92987454094384
id3816656,622.4115942322484
id1170138,727.1626628991202
id0668249,964.8310367301103
id1576265,668.2831150430466
id0966024,663.1338425318256
id3535384,399.0692365656655
id1281818,406.18188035073905
id3942473,362.90696745900703
id3651002,659.5274436661182
id1644598,734.8326367814744
id1603549,244.82311774974363
id1976377,589.677488015065
id2553866,409.4514827278794
id1081065,494.5523212848314
id2770053,498.3487155996787
id2122428,417.33519368659637
id2565181,861.279632696776
id3980503,241.8977404710082
id0771459,532.1575400644793
id3207089,959.7008370959604
id2988035,1255.8364984720197
id1084108,944.3394690599148
id0578171,690.793241828121
id1699727,675.035567863528
id1080294,703.8044006293691
id1438110,865.3569934050371
id0790949,473.80826270334376
id3641463,451.78843619826614
id2044547,406.3841092359921
id3376899,351.64809843800344
id2403524,676.25660325072
id2183109,742.8463787766291
id2376894,652.3849196770149
id2227935,398.043193700803
id2278937,771.6882304514386
id0063709,615.6104813106642
id0845653,617.3132116831865
id2206306,420.5356177928212
id0101992,519.029885356063
id2131227,442.78782059261164
id2240483,826.9712975678867
id3101548,633.8302650336108
id3689919,762.0015563124591
id0907789,742.9713547694591
id3642522,493.77449010717083
id0023431,901.4917455668228
id3731761,531.9304772975514
id1479045,450.0654739878411
id0153704,571.3445204867816
id3803774,840.4938110740411
id1143216,349.961457726522
id3814120,789.5968614042246
id0019836,749.0103607203978
id1130634,496.1990956269267
id2910825,1183.3025539909763
id0371309,667.2911496634772
id3956356,694.6628615678088
id2245284,605.2176982670459
id1894050,1267.9649742357271
id1855535,427.6933182781517
id3429191,374.2604374944297
id3359812,413.39701160882066
id1124986,734.1877836778867
id3911271,698.5535380628769
id0286641,614.9356596799931
id0323086,789.6709196186404
id0619922,708.9078726797287
id1364130,655.7871574387902
id3613576,583.0171522317742
id3345780,765.8438539886237
id1800854,575.9652994914499
id1848200,745.8630842450414
id0915822,551.9808109458556
id2571359,665.6448037118679
id2093202,464.65438596548796
id2375625,820.8820870859298
id2691561,485.8008774255084
id3157198,454.2182099534722
id1974458,558.3909694815351
id2616820,945.3267628742349
id3871542,851.7514960700454
id3252787,651.400976162794
id3071644,703.575877380656
id3164482,820.6600698944593
id1464942,460.5983757457809
id2816771,1087.3477486417773
id3721347,487.18891115106027
id0804352,545.6214064569646
id1779526,549.3105936208854
id0329399,781.8940592092173
id1072218,904.8337524221337
id0339241,828.0570554476859
id1710387,425.49418612174725
id2073812,559.5544517679642
id0319872,562.900551564683
id2008282,737.1851038790123
id2770617,632.7397875484204
id1487724,1023.1057413760122
id1960165,319.5922600312819
id3335785,569.4430105713471
id0277974,597.8949273056968
id3221964,859.4061360918968
id0591300,588.1881124495791
id1942911,269.1820051399158
id3395920,708.6295601457389
id1007821,439.98845190493483
id2925826,775.9769510281285
id0126220,776.7968146690374
id1958848,670.681416417243
id0845069,550.6227371006704
id1450766,1042.400942576524
id1183407,367.05833146666714
id0917464,1069.772933942149
id1002558,691.1035535487633
id1671327,661.915157767611
id1961073,774.4204128752682
id3912547,570.6142310858856
id3533054,495.5407324835847
id0850046,768.9881786067499
id0897212,635.4603443044346
id1903593,438.04908190848846
id1702570,353.2166789104503
id1458628,405.7973713679106
id2134427,618.51428085373
id3534801,379.87061865635695
id0643264,459.5307986031204
id3206271,577.9312569308266
id3476572,430.4769093603983
id0461550,547.1144612150347
id3783717,671.8374311463381
id1604420,462.9334283711091
id2316024,553.8187124637695
id0892358,398.87313952068456
id0893659,630.3129844231652
id0333706,660.5757767578904
id1062218,799.3290602619546
id3033724,744.1055522788807
id3975585,734.0576362020622
id1534387,660.8971091231223
id3349579,446.34641166035493
id2044438,562.6374706545621
id0383193,667.8517949678542
id1369728,374.41987222390713
id3730961,404.4061980502938
id3040467,307.837140228853
id3405671,673.7925512745662
id2269808,558.0621404183307
id0755672,705.7059756417607
id2987335,826.2566256289601
id1904128,870.1505069627675
id3151501,471.1129495362164
id1514948,175.38880509288825
id1854467,620.9818814340156
id0895227,1239.1791917245048
id2723579,1022.5249417856852
id3147719,458.23699519767666
id1420987,664.7395508818863
id1593276,386.80912527925057
id1592812,589.4448131803591
id1491967,360.7903829900083
id1702696,352.4531937049158
id2601377,648.3017106404134
id2958636,496.6045220057551
id3016896,629.9382556708604
id2692711,413.0400603315486
id3150237,355.37598623181947
id3031990,279.62808023566606
id1517479,829.9581808178593
id3723845,696.6319798919144
id0393140,779.129130838413
id0005106,771.5560743295213
id2272416,547.9595575933555
id3995677,708.0304297124887
id2634016,307.71733219152395
id3166330,661.6551517514418
id3999195,456.50134809782605
id3024986,481.65202315766015
id2422810,703.5975800107101
id0057642,587.5050846305999
id0051329,816.7071900240353
id1863325,554.8120513094275
id0980838,777.2467169447627
id0785697,874.0432504915807
id3257892,514.8259815500056
id0108692,736.1472685863974
id1598374,809.0543531544473
id3343548,541.7168966409397
id1097014,636.3713536613645
id2204035,747.6021532598467
id1692386,616.7576596923317
id2153493,797.7257354236375
id3846081,723.2824303632724
id0413843,340.8566916623441
id0130367,636.6205163623773
id0482219,761.6044020994134
id2618756,437.5721144559576
id0071999,881.0036894152657
id2682513,486.70211494204284
id1555969,477.55967947447533
id1618934,453.81665408976806
id1276118,939.5972595213814
id2293944,648.9521252146736
id1979457,878.4458452288328
id2738058,526.646516049641
id0977486,487.9258018122914
id0235502,537.4288395587819
id3020057,290.75895384816175
id3853473,506.6464388702987
id3136280,891.2449293834209
id0455580,605.653809748509
id2196500,1222.5971133968003
id0788389,490.53157220115634
id2025123,1015.093332484111
id0881743,271.61264912130196
id3488774,590.4398586025911
id3819232,554.6544362022255
id3208546,331.3675928458422
id3274058,608.1954996512613
id1837970,563.8461069419812
id2302726,506.0295656992407
id1283493,817.2615564855848
id1352525,698.5478234038357
id3943617,892.5820071282716
id0524070,849.3554570279798
id3113139,616.6832091335102
id2777576,559.5750822658766
id1984459,582.2856665308515
id3792741,750.6446738869972
id1735592,511.8534003533115
id3544021,389.44454744229614
id1935673,308.1582800766705
id2083898,386.33406350002105
id0551212,643.1388771335181
id0318571,589.4353634660256
id3083736,865.7401247003179
id2403788,864.3890555559843
id3837323,470.2734102387188
id0867908,967.7904783072827
id2301642,745.0648858967471
id2243387,394.78418147558966
id1908710,461.0577584902701
id0579131,737.3435041296129
id0642420,597.5562466190287
id0737778,677.2513705608981
id0384584,548.0018642956339
id1922254,552.5712422113464
id1991837,937.7608692690178
id2771428,634.7641369017095
id0499664,483.8550953264654
id3841451,519.6041072500288
id1853079,649.2655109323772
id0290727,280.08090458348335
id2837757,631.0288174996017
id2681185,691.371730079236
id1998157,672.8451880280132
id3857824,497.4447360967552
id1258883,327.79910641959617
id0280065,496.74111370726564
id2721588,1029.9585317076017
id0282421,466.70224788658993
id2172195,857.59215765272
id2722099,592.6556771224826
id0191171,411.7313172464942
id0334742,401.848263070246
id0328743,650.7645546623123
id0951406,522.0607182368481
id1323594,488.80066265941787
id2596642,471.23279396829116
id2396301,468.7179338876367
id1948349,550.8316181926389
id3436285,537.5445680579343
id1580296,685.9198375246077
id3941676,800.3987974312043
id1260847,487.0945795219901
id1837834,418.5096931493834
id2649246,514.5929640900316
id0404703,541.0176924514502
id3773524,604.0785237445887
id3862432,508.38882698292156
id0865372,552.2307578772129
id1918509,959.5846183623961
id3867557,667.1597440753372
id1534637,685.4973988467239
id0983322,686.2343970331204
id3593293,722.0732675872946
id2371094,107.41664743903421
id3267505,773.3831793443165
id2888778,1073.950893087352
id1623841,526.2619296874458
id0827448,248.99658944461217
id2382295,568.2896985910415
id1777743,582.9653905400697
id1476086,235.74088266417496
id3278885,604.3476614435052
id2731344,508.62970224896213
id0798014,401.191884152045
id1566304,734.3285070294597
id0611208,504.7839161050218
id3904062,571.9300743117981
id3505256,912.7049865491732
id2928438,481.9061838154211
id2917122,701.1440178237717
id1031033,422.05838303065883
id0136292,761.34042557316
id0655765,613.9759704642595
id3428363,644.1563948036932
id2289352,729.2249926020387
id0960741,664.5430737729836
id1864571,988.3218138870401
id2825597,489.17005515758683
id1034865,662.5717781160823
id1254903,320.3948674613063
id0469285,234.78043228599896
id1089593,698.3570258989078
id2743157,863.181207393205
id1752376,524.5033305872212
id3706215,538.5640545704025
id3507958,523.9784010116265
id3207488,473.7111378198954
id1727967,529.2936927704541
id3392761,415.46294374724187
id3196936,611.7442856535124
id2193182,771.0152939528891
id1592761,678.1967665258724
id1858972,677.5112814920788
id0211875,767.9088444213724
id2483809,920.4067682519094
id2610658,437.7322606808669
id3550124,490.043027645588
id2919550,594.6325848162278
id3016644,719.9062700374166
id2392113,798.7047768454462
id1715985,525.1624519507199
id3281476,984.4959615377899
id2662798,405.35024826251953
id1000332,728.9925220054771
id3086877,552.7375552385554
id1752158,413.9881629272444
id3585718,261.7547220377123
id0394502,805.1551169592386
id3860263,642.2360990388348
id0689062,260.0638662137536
id2606351,553.3754000022598
id2589121,674.1213954878865
id1682233,831.1497030789474
id3437225,588.8065078068291
id1068407,983.9022772668029
id3539184,488.1278522098644
id0996962,795.216984855032
id1424089,779.1316752709898
id1044142,1038.4354115057172
id1726522,619.8386289984186
id3009519,719.9404112310485
id0174410,554.4670910267791
id3588642,411.63535619739196
id2598606,505.3960523643726
id2822215,597.1018756813112
id0570361,525.235080954252
id1949633,432.9391719873773
id3068562,449.2224549369104
id3557359,603.8960531971369
id0434333,628.4838559416153
id3220796,648.8653907830507
id2654724,438.29960133599985
id1707481,564.0564761388954
id0917234,428.99765418680227
id1949624,576.465834495539
id1793770,491.21686607665225
id1704043,395.9807707565734
id1608890,473.4814723223169
id0830950,788.69430138672
id1797024,623.4612037953267
id0859569,1041.2903065970247
id3652650,914.1827003012165
id2882479,937.1883687455255
id3001032,733.2078766042629
id2575365,779.791148409719
id1955487,846.0642062827623
id3435092,762.5962708018959
id3411362,703.8649296938687
id3692187,624.4097719732713
id3536561,588.1325531458899
id2013717,612.2423528145263
id3799841,500.5045001268418
id1095906,482.2297177199214
id3020552,804.9906590646401
id3053835,593.1848271238648
id2328208,568.734610452106
id3221584,565.3191324859783
id1296185,851.5559298648574
id0613859,596.09694247464
id1715568,685.7444035317446
id3414503,685.9211077406335
id3606788,425.3824993739928
id0781067,779.6628643350552
id0789331,510.6474704390226
id2230857,713.1180097404167
id1456134,748.9383183293952
id1554546,943.359997421524
id0206422,377.34418501389507
id1882697,440.7392083875871
id0684620,530.790117739616
id0469382,942.0343240262561
id1950918,469.20195900106984
id2132032,815.4943654591244
id0508879,907.2901485825565
id2416581,826.9634042464485
id2085062,751.6640221322064
id1801781,757.3504735342956
id2687942,851.115771567129
id1102628,771.1809846028899
id3837355,597.601726200015
id0363646,476.88829245335046
id1824833,628.6391136060479
id0132045,705.095461765177
id1238001,1055.5887810935708
id2150443,666.8433985107713
id2156346,934.1704780240821
id0043271,540.6927638458125
id0444006,505.6232357359503
id1376950,976.9593282800631
id3356431,607.4946066194556
id3453737,663.5900595822455
id2754550,492.5631151670937
id0927687,562.7759933651689
id3493697,619.2570990290559
id3859564,649.9020049748445
id0267801,779.1409992763375
id2698677,663.9396038776779
id3341926,431.63380738987485
id0705770,647.5133871211381
id1811839,268.5415765698164
id1629691,563.3619576196261
id0347598,395.0767065461115
id3766916,661.5300293632533
id1428665,848.4227303521468
id2011036,748.812793469479
id2399116,525.5967706179765
id1750142,680.6056404470544
id0937089,803.295603442643
id2445655,683.2979085271435
id0749736,375.8025784486283
id1163723,1007.9382737137711
id2254318,662.1145454946536
id3536972,750.2450414106195
id0548238,757.4769043522716
id1801216,593.0250546241077
id1631034,435.3294493871977
id1621787,278.3873109470977
id1955535,733.4798799412284
id2396169,505.2819591390295
id1307760,600.1010657226429
id3690479,750.8977734341692
id2253542,642.8899920643189
id1201301,357.37444878205247
id2606438,371.39009879785726
id1916514,427.95529030540786
id3132429,937.6322972274422
id1417368,583.0902262068087
id1607105,871.8048991754977
id2729536,726.532819302971
id1733184,530.7941881457846
id0256024,790.471009793133
id1788836,884.0436826755774
id0309011,532.5763117560631
id3050397,609.415133237458
id1709413,1024.5659684932016
id1266373,416.63384916168286
id1622316,681.801621421007
id2139497,510.850236794855
id2304696,165.73831550266746
id3572192,612.4746736347976
id2897485,922.5654836669273
id0301225,575.1258795004602
id2328029,481.1624924160651
id0932080,432.6908206976655
id0143390,53.45820032481514
id1581463,657.6206618709653
id2348957,811.0501182540344
id1809171,921.1616429890144
id3321590,428.6073371695652
id3306502,323.5445963969243
id3210045,474.9344719496241
id0367316,1053.788582256734
id1959958,696.5031962952413
id0538306,1026.1010944565046
id3501601,357.9518728815984
id0859303,704.41295203977
id3934990,532.5931327391985
id1964155,336.3980107820299
id2580570,553.8884038432714
id0312382,530.2618752993304
id3405078,520.6518056296843
id3106950,779.7379534188215
id3955930,796.807233446791
id3097245,746.2846327836928
id1139409,870.5362124497157
id1324406,527.7380763106864
id2088148,674.5175194925591
id1613694,263.4824951054116
id0669335,918.9065488255027
id3031966,558.2935229263481
id3072998,630.7748800760967
id3522816,667.692787886879
id1249640,884.4643403350935
id3433340,691.5991011855448
id3976625,766.1014205991539
id2399333,475.71355993538845
id3807724,678.5912043414995
id3237230,697.2014318182938
id0982481,738.7368390310204
id3403496,545.6944811852414
id2998748,675.5358847252243
id0640038,495.66168409601113
id0268512,746.4485551272719
id0151015,481.1888317953458
id3069228,767.6002181272858
id0003643,813.0226023378577
id1226235,994.6306027976983
id1779220,785.2310573329668
id0501654,652.7545055705543
id1917698,740.2065089980158
id3603538,737.2995974107912
id1662397,1182.7022459069506
id0236061,377.0599763771618
id1783351,580.0506629338682
id0564486,540.8958016286895
id0190648,691.1721395444667
id2412667,654.9576839707003
id1008672,661.0398206286835
id0079150,630.538379914641
id0918487,517.0883911071129
id1848429,688.5051458024683
id0655086,681.4382567710408
id2181408,960.4911941295229
id0059102,417.68487345483123
id3989739,526.2817630459379
id0409076,681.537977556516
id1781493,587.7713865252455
id1298493,586.8219519459402
id0622970,544.246032140835
id3426463,607.7537667191514
id2162081,260.25077700521103
id0365503,724.7844327606338
id2800190,1069.5142400174989
id1759691,572.5197268179687
id0078964,620.4060929479331
id3675051,870.2414976989186
id3180042,495.11419395636767
id3172393,628.5543086157666
id3470460,827.1874804798477
id0883423,752.5246954495994
id1308817,575.6789702628143
id1389855,700.1127501874007
id3421062,476.95548485178074
id3618122,644.1445016494079
id0627106,663.2157509715208
id1104206,650.7366118389527
id3264886,830.9325459968412
id2962210,982.7310792611056
id2210595,820.7870280570685
id1589687,607.8238044649887
id1756543,958.9385469066301
id0465267,812.9240882137574
id1520308,446.62602685116644
id3580506,665.8752859892978
id2255003,592.5111420743565
id0979923,863.4216827943358
id2217780,455.87802878333474
id1905013,307.5903579937343
id1150362,639.7353106276396
id2319286,829.186192988416
id3973707,539.4903266821365
id1277847,743.8278867935205
id1689055,469.3474839222076
id2111082,617.4241719181373
id0957273,555.3553918434153
id2176844,315.6146766972257
id0501301,509.8139721590961
id0501081,519.4509060857158
id0541375,543.142006376878
id3083539,581.7487302687013
id1096958,485.08689910245215
id0269607,1035.054406084842
id2693660,704.8140335484463
id3293630,342.96392933435646
id0029910,284.0209737498126
id3298928,981.14470920743
id3348243,848.553811043612
id0295085,619.6349765520464
id1715772,716.071195134374
id0152053,449.2237381689658
id2652323,847.4627330376542
id2480674,891.5791696543163
id3791702,469.79062318995847
id0377920,966.6203612861166
id0469699,477.49923783637456
id1789558,627.0273407943223
id2058192,678.2048837620717
id1465239,575.9669506164273
id0567888,812.0960605826752
id3397465,762.7891708516331
id0655494,639.3788835420581
id1253965,506.359140374593
id3748170,458.36500939376685
id2115628,904.7160009643028
id1627841,729.2204573995331
id1316964,562.7872336480287
id0040944,732.9021219991774
id2056159,1009.4968984411408
id2936769,825.4779400230167
id1193280,326.9645926398191
id1379068,623.3978582897532
id2362513,691.6723190097207
id3969005,440.9463686619493
id3089902,277.5224557335938
id0189274,555.0720526785119
id3402427,830.0698961009415
id2019361,767.4777382131452
id3856252,880.2434929203755
id3494673,605.062248145696
id3756545,388.9664799758566
id0969857,582.9363718787558
id1747798,441.6512405642546
id2223924,751.4011492786681
id0884060,651.4969896153923
id3746637,482.79760125895956
id0572234,640.0737164537156
id0179732,538.9963024282328
id2534291,895.6849692604532
id0390640,621.1084361953222
id0364418,489.3633858103901
id0540017,752.796162411515
id2098549,545.5098081211282
id1959523,501.68551297262076
id0201824,425.50549218742816
id0990267,808.6314486920328
id2282679,763.4225070720033
id0162995,558.7579468494663
id3849803,728.4447447949541
id3864962,812.0834010136035
id0661042,665.6092771891647
id2935711,926.5791490672436
id3238112,1076.5249453281647
id2665321,850.4248450825729
id0825675,591.004127520404
id2153229,551.7404557165906
id1767248,583.2366233857382
id3852722,597.5902172366615
id3371207,694.4305286033411
id1417638,747.3595856117366
id2147455,693.3467213313249
id1913976,385.0224344897953
id3438259,846.2523933351276
id0184090,833.1861740872604
id2892212,645.7748812098213
id0276896,696.309656131687
id3225450,476.28785275994426
id1684890,533.759382680408
id1179256,841.2746477346657
id2898273,647.0722877448115
id3105824,1119.9583694062947
id0591174,608.0332993246033
id2939879,579.3967618684745
id0203203,729.7352464179921
id1035669,652.9550383246819
id2797770,657.5501489669172
id3594179,639.7033258915379
id1230772,1217.4921876503442
id1253431,736.8478361748017
id0815922,578.0785206501714
id2373144,600.025001655763
id3095286,296.0708997386751
id1259012,517.6186601226952
id3634408,663.8726015097919
id1494977,643.9272192100999
id0441998,882.429692645775
id2739650,603.1186508279324
id1868258,596.1769374563468
id2598526,840.9687767247489
id0274306,655.1476445643731
id3425075,785.0815147858292
id3159511,608.7250910056786
id0583092,667.1880990274366
id0818214,599.1272564866459
id2377851,382.71101675480656
id2860457,1072.2196761892153
id0383601,699.8018514213405
id3316872,699.432816919675
id3480498,797.6024186319842
id2205100,740.7949012170433
id1593952,604.2162793607835
id3501053,551.8949353698744
id0843043,534.3626582208746
id1549107,658.529531778472
id2430061,497.4550929428872
id0975655,802.9734550495953
id3594214,572.4805763807631
id0680174,836.3658754030282
id0342160,502.48227124866276
id2668352,754.8267737350986
id1047105,733.9952013011971
id1650774,627.1393053190927
id0037209,692.6963007693918
id0593705,555.5462801001601
id3656304,413.501995398123
id2281317,690.271029117564
id0067146,748.2290509698374
id3881658,846.1849213209124
id3886538,992.166078056028
id1168285,528.7894691352657
id2428924,754.6446100833756
id2676207,657.8022995874073
id0823389,788.4440210323719
id3085765,519.3781014029597
id3592264,732.1787271293769
id3477560,622.2984608621703
id0751813,548.2225061835405
id3293838,605.1915652161792
id3748288,816.7747633854485
id0548490,561.1362351676025
id3421315,773.2246818032442
id1166820,613.5580257321694
id2097458,662.3503330730962
id2775756,823.0095409378156
id0881430,783.1207557581274
id1447600,548.7519766537749
id2366009,484.86852520799965
id0116982,470.00634186373776
id3537375,574.1183290354151
id3245219,509.24524295816536
id0565312,662.8109577460783
id2104007,861.0979828183348
id1387676,725.6467902047413
id3240698,475.3286534885686
id0185672,761.1842661541151
id3772371,458.2845452123027
id1138822,695.4836593777524
id3166856,753.557869303235
id3424172,814.4827138824461
id1289813,322.0664889099862
id0501198,730.8787904583044
id3299382,491.28598765308385
id2743152,337.50824532675574
id1827645,619.1204824698442
id0187208,892.2800561560622
id1437854,630.3248517472933
id0252311,709.7774267055723
id1490653,572.9731122792159
id1244817,415.8277335210733
id1012868,1020.9885266924525
id2009575,593.9050179580456
id0774374,367.61674624903026
id1824769,445.4505397010855
id2382920,503.9181851731971
id0499041,335.92619229423764
id1300090,550.0653108689474
id2748774,562.1621539330729
id1355117,527.8161391992269
id3996644,582.9018670718518
id3449948,526.2309409770083
id2028401,390.3368411751512
id1718707,506.5265227468783
id0713902,752.1943399911479
id1749162,857.7478452668122
id0534830,541.6593051074342
id1163091,875.7364397475609
id2377394,555.5273586493735
id0517018,587.3080343679914
id3301818,1045.356666009127
id2229768,279.91439997224313
id2323060,376.53133435248753
id3877191,292.4895050330099
id1133164,649.4532467652105
id3542904,648.3828726947391
id3544343,618.8301184844829
id2330364,336.0385377069654
id2392556,853.5260194506393
id0222872,883.3233500469651
id3105360,699.6109769639112
id0600145,303.3352338850633
id2523045,871.3161870873237
id3324198,831.5997230739955
id1136492,820.1165459171117
id1045865,544.4172427285879
id0073160,697.1228685347108
id0081026,585.8885613597524
id1750642,408.6048079871679
id3186501,483.1464717043359
id1187920,522.9607940019797
id3331580,481.3108026375718
id1244815,649.2908396542061
id0419717,719.2978146907008
id0246610,371.5262761569111
id0801208,579.2318414341913
id1362141,598.05353986248
id1580306,286.11224429605454
id1869125,561.0929928017921
id1470601,597.1331516414705
id2180385,466.4549388099777
id2069127,597.5210788789709
id2949342,602.4241193697856
id0842808,362.25625895287044
id2947334,648.4260798764586
id0236715,475.0939669041859
id2065038,591.5391660335306
id2281074,840.7313530597813
id2412253,446.12829598971865
id1954862,616.2947100994822
id1260510,442.1340469396142
id2800840,581.3708407498016
id2795464,262.75028410333323
id2963193,792.7040818409045
id3353328,837.0659015681744
id1921995,884.137959080484
id1243613,838.041173412625
id1859166,516.4038247410263
id2139343,524.7782193492496
id1430747,672.6525069324881
id2532204,718.2623183423397
id2315215,1119.0371956110412
id2581451,606.1818950216208
id3793611,973.1705369408463
id2894660,394.7528413315432
id1273900,261.407082080273
id2263934,612.4084181693811
id0499948,576.4489044594799
id0627416,488.51053794472045
id2495290,986.9347530881777
id0187936,764.3641179831042
id3917005,696.7407304679302
id3156985,594.1340635439052
id0242924,691.2430644243417
id3179481,859.7162394152034
id0789224,593.1940413430973
id1689897,722.6383734817226
id3023493,669.7053182411488
id0218279,829.609655305655
id2244378,1096.3851492529193
id1476178,1071.029039871961
id1658906,450.28283909419287
id0612004,400.7623005128382
id3003084,625.6189132380804
id1260728,610.0243938837972
id1634191,626.2846980870354
id1742294,645.2747597764074
id0033904,724.5777151546885
id3056130,819.3901915113902
id0390668,1000.6454261369457
id2843893,910.9634581159079
id3731095,723.1657147293654
id2332233,467.5183168603839
id2112620,501.6408191682743
id3820846,760.6694632208264
id1940222,709.7103814014373
id0602591,528.1486699641629
id2997214,419.9703479871406
id0257003,414.0494560228469
id0520510,1077.8961647894723
id2509817,331.7151101414635
id2065753,548.5340782788242
id0778221,673.4680235108044
id3417637,468.99041547421587
id0533146,396.0973306608713
id2384406,515.520087444026
id0503061,566.3302905776209
id2482922,569.0580524753681
id1234816,667.4950645601027
id2941353,568.3509000784513
id1010320,637.589756099463
id0564230,618.1692885498223
id0105752,883.4886529570241
id3839858,510.71994178556633
id1299174,843.3976510660439
id3795644,674.5728373274644
id2084635,424.0231102055607
id0942123,434.207505516154
id2035109,671.8854719804879
id0372963,742.3569656819514
id3632569,727.7948518068707
id3287869,633.0482772122625
id0951204,504.42339149745504
id3257998,454.92566975172406
id3093914,680.7872184316507
id1186093,961.2428530573325
id3165037,306.49213908223396
id3322450,839.5491302291798
id0552665,543.4594143309249
id0163691,1027.6048414526806
id1052200,389.3159476262796
id0484274,856.9345796529431
id2055032,577.7693827498266
id3546348,517.6737587849299
id3230092,722.4298390848242
id3511152,209.89933677555373
id2456050,1262.1228473724411
id3242769,812.9828468697484
id0703437,459.9870661357979
id0495202,728.5068912824345
id3033544,620.1570925953118
id1927275,1008.0119381682797
id3878587,329.1596890368436
id0945199,580.0980988445265
id1564661,458.930491396338
id3717409,1111.9693996638284
id3655721,497.03439536765507
id1654931,491.6180465739188
id0246730,365.93208189639114
id1374807,541.5414703308721
id0481920,592.1299184576728
id1669132,966.7628805947743
id3648363,715.57146015616
id3806158,745.1951085140536
id0940446,606.8727234287347
id0057486,832.4305476179821
id0340824,408.12527642649184
id3360780,394.64581656368426
id1380872,498.055782594902
id2218440,594.941618654819
id1789016,657.1861611457922
id0322844,662.9999327030528
id2724605,439.2351415646443
id1919826,531.2449731027998
id2443692,578.7972231031823
id0621501,866.7223678575889
id0081543,710.0883899590909
id1530460,598.2693824100094
id1022336,730.0195675227025
id1231783,590.134841451459
id1951062,644.2460471802206
id1191466,556.8640047924061
id3372735,525.136699124652
id3566136,521.2304127700054
id1556716,703.6645703562008
id3314433,792.1059650372894
id3717331,481.7076357660857
id3022437,711.1707796004638
id3030213,701.5692125778677
id0797072,969.5291452648352
id2956991,559.7080428565686
id2326128,687.2843793459256
id2258315,636.8725392097159
id0788214,619.6641930967087
id2158041,532.6741257918777
id1690053,563.810445867454
id1550367,413.39510515068247
id1270857,834.095151856165
id1511500,800.8801917858135
id3428794,645.3092056965255
id3721271,940.4106073135074
id0412781,526.8827097585898
id0254260,569.164455239588
id2913782,159.73507160102307
id2746400,781.1971702844048
id2458601,724.5008998717609
id1093418,572.5816771428251
id1462554,516.5866296764297
id3516056,830.8637106664268
id2029991,351.7480920277527
id3527474,384.46218579738206
id1279228,809.614102458426
id3090986,769.9214298958135
id2182094,506.4220712637831
id3263261,528.0167312456146
id1469172,553.9607691722763
id2072415,825.2978625773152
id1026907,635.6203483363274
id3101558,568.7438619878856
id1004096,986.4649181770519
id2537285,850.837380554329
id0219904,618.9883311323415
id3363233,502.7018787975027
id0713423,694.4890733290397
id0952532,187.27003794345796
id3943361,636.4060371126449
id0299860,445.91755378973414
id0846824,961.1990649677449
id3749253,604.1353371502096
id2407706,651.4999066217529
id0602890,323.0648713439911
id1425440,758.2626393376743
id2917743,580.4763421500667
id3934607,543.6782851178843
id2084049,534.1087210771126
id2696835,784.3385794694019
id3047125,609.6316526227525
id0705106,389.6700129805607
id1833146,808.595984891812
id0406826,449.94640424695837
id0559962,643.5220178853958
id0917133,1097.3388615492568
id3474958,613.1590055725071
id3999986,470.296835673184
id3275758,469.0439396887267
id2112302,540.7645428571362
id0081237,987.9343879206998
id0894901,450.23906004628606
id3654103,761.2618435861781
id0560365,804.3727740938041
id2547122,665.1096630399663
id1931869,773.3196477102153
id1367759,630.3866329409963
id2768931,397.1706888966555
id1844053,650.2224439660308
id3459341,492.2017923016229
id0828986,580.1872720704937
id3767024,739.3387277204074
id0548333,735.1983127577464
id0238275,565.4285474274341
id1301540,749.4345683522131
id1837494,435.52364242486925
id3237024,561.3831539687341
id1625705,833.535676509157
id2192027,486.4735039467566
id1746979,653.7909862086102
id0680945,578.3137933716845
id0967688,427.4766137132354
id1520286,739.8008066989146
id3580465,553.9663847384332
id2019222,707.7814002387217
id2797693,744.6077159023291
id0369850,481.6628386393772
id2486341,729.8597737585521
id0776092,595.4158987722484
id0499270,721.3215061815871
id3849255,601.1503244508177
id1776295,544.3365169136429
id0973973,1117.9322244489906
id1022242,938.7329462496051
id1049957,546.3137333334575
id1048750,744.6494981257606
id3743304,693.4944441673442
id2441571,450.8612887885388
id3880125,383.7991602134137
id0902168,1001.7401089917478
id1494527,1024.1614096017013
id1832367,456.03859824972807
id0989532,785.3379737529809
id1458760,642.5332460899306
id1087057,422.91751760172167
id3630342,631.9553247122274
id3749286,553.4852632135634
id2355414,667.3014344250039
id1454927,388.94788594716243
id3982477,578.2281029257415
id0157501,776.5903213066529
id0889218,754.1395965694038
id2890548,489.2040399579281
id2503557,548.8925770985752
id3376879,391.56547148047406
id1730869,499.4334693050312
id0981035,570.3214453815996
id2707017,425.1633226682147
id2085991,686.0111430066553
id3133421,806.4707357458994
id0592332,382.89915904959054
id1008350,331.48312769554235
id2487999,555.8156256521263
id0504556,485.0019084539602
id1428324,719.0568038216145
id3883548,585.6885559088992
id2167039,614.0398874049058
id0003457,716.5770305241048
id0743956,568.627434127863
id2774377,461.83122500717343
id2469445,675.4394500074893
id1649611,350.7538257663086
id1512167,859.8938674901518
id1263186,541.5722876121098
id2426533,587.3301512635255
id1961056,741.6629320481381
id1894147,692.9911733543086
id0724482,528.6694208421104
id2191993,586.7513806847235
id0873384,644.5588290632829
id0002852,655.8787796121451
id2512544,682.0886355818509
id3990869,504.5545737350225
id3782269,493.27923878737505
id0844853,808.5049448722929
id3937247,673.087693463492
id2384154,511.57533578481184
id3597085,430.1310489574969
id3735134,557.9389405450995
id3662979,762.840154320501
id3614655,868.9784323699778
id3885109,980.1832476905125
id1688687,626.8732619104743
id2104093,563.267788800293
id3466392,670.9372904252036
id2610383,661.14697957068
id0470465,653.2701953520436
id1882860,740.1797020711382
id2721238,737.504060645192
id0537580,529.1779933690038
id1919910,655.0453584837927
id0930143,675.1132230061844
id2877682,934.7251526073215
id2858107,690.2147136176392
id2991631,641.0709548936724
id1196924,771.2101557689363
id2132356,782.0220834337624
id3531573,601.234789869649
id0944859,810.0594152105804
id2752965,1270.7169262698735
id1914382,636.8946051233565
id2646443,812.7782881080394
id2472881,387.87365218696306
id3413916,1061.7901723756286
id2693338,853.0794300569951
id1195529,648.4162045884115
id0239551,633.3357397261716
id2944660,663.4494754757849
id2888023,569.797271682046
id1876647,1316.1619996730162
id0168342,481.668793494873
id3455896,462.19764328336214
id0359049,514.9218071683939
id0717071,479.40146568392726
id2032387,528.3948007239819
id3474429,1260.6096613407879
id3840366,824.8822292767728
id3074511,353.621577324025
id1577680,769.4427898595851
id2011553,482.7018691534641
id3939474,717.5395463631002
id2532447,918.4783913136828
id2123466,802.4783456540973
id3058907,1011.1739267168603
id0924807,824.0488534552235
id0203774,722.9197519524644
id2502810,631.2107498983897
id3022276,690.9088030985969
id0204979,546.5405869755807
id3250724,900.3444490747661
id3202375,685.6437489988043
id3202488,476.22043410536173
id3998554,587.2651385464984
id3331117,428.6923385490091
id0832043,500.6144182180749
id2806025,453.46389096116536
id1386168,540.0543993244959
id1470417,596.1586271902876
id0452766,590.2315690970672
id0757729,797.6720391991214
id2475197,772.1386521273655
id1434008,1012.1035551513748
id3014576,971.5046511447783
id3585808,685.145799499587
id0493665,693.0482081383558
id0791292,763.8234256741962
id1352396,578.524161136629
id3083470,475.1002831305681
id1244373,478.438857822023
id1434636,474.47517449318855
id0121518,697.8029233865317
id1135696,893.9172565640914
id3209776,481.7364748361428
id3563049,690.5383632035887
id0328588,650.6769721713415
id3226519,982.0579097242002
id1123208,516.4265507566296
id0652913,297.6658786071341
id0921903,598.4404273531565
id0286572,558.6534750218524
id1674100,481.88425296417813
id2761135,550.9491056611901
id1396166,1076.9580484467785
id1798076,396.57176288412285
id3830141,643.4448036070329
id1799996,644.8509347219303
id3111727,669.85688849013
id2346129,719.2989945544383
id1233577,769.9803983850858
id2084564,719.4475877282989
id2814343,572.0818112540007
id0667697,855.2961101843166
id1470108,727.6128656541468
id2098032,474.1596953257127
id0860860,658.5568028015647
id3097179,848.8601058872559
id1576031,577.6692024320682
id2166510,638.242621878748
id2282344,592.2451811917631
id2688981,617.5740187492386
id0648938,571.8960398585967
id1928041,739.9289791074958
id2035715,727.2118483745467
id2368486,1209.5419839046804
id0877539,777.2311175133451
id3559291,448.2296750130691
id2462512,579.2114281014019
id1278332,670.6665583481496
id1217216,598.4083017357605
id1828578,578.4138171000358
id3340847,533.3783251592523
id1950446,593.9064097767524
id1148412,417.9746067415
id2702466,914.460513663265
id0827798,504.6152646542884
id2153996,987.1284198465602
id2380747,443.09835507964016
id3385944,714.9412307142073
id0374769,708.0545097186612
id3184085,559.5331264804245
id1633425,1042.6423262090057
id2416041,738.3150302493218
id1354697,593.8197744328213
id3359239,776.8347712183707
id0331967,1003.6118917592572
id0160449,607.6224269067097
id0302763,201.4440899370276
id1169173,701.159177925201
id3214627,483.01440068155097
id3483926,706.9408051814795
id1996288,714.90423007382
id0704685,685.5179630233151
id2541671,816.5276665287935
id2156237,672.8828320825305
id1121966,464.69439488024494
id2722045,326.1202953948747
id0404139,790.2059708522744
id0399664,699.9343976984247
id3669167,569.6201620949062
id2157669,389.23121552568364
id2240292,434.498649190098
id2094642,525.3912454086812
id0911831,807.0455598737183
id3122785,486.546356519673
id1301461,820.5687613344584
id3558115,502.65031153389555
id1459606,1015.7681210384451
id2287044,676.1736069608685
id0718222,352.3146398460508
id1114235,545.020003443833
id1384249,686.8009527351959
id2219274,417.53415532627616
id2590206,689.3395937803595
id2158211,584.7720354125179
id2289399,351.6009706479911
id2100192,795.8012954667292
id2954127,646.2051971080458
id0437266,605.9809757091409
id2512259,634.6022992866555
id0052782,863.1183350690976
id1713543,564.8982810359103
id3895659,554.3814842802113
id0839270,545.246275986172
id3962227,835.5844608427212
id2517282,979.0625322172793
id0079578,652.6975847091961
id2883641,485.48250952651017
id3016492,410.70877872180967
id3990292,1062.890583618046
id1307231,282.192793686534
id2829141,610.8039937704068
id3231215,707.2226687892846
id1794423,932.8731006231679
id0771318,862.8022166081367
id2422982,346.8102190853583
id3674350,227.61129227301282
id3317396,365.4807263905557
id1027877,302.21073439638207
id3961513,620.9512196140798
id0593143,692.5539435803774
id1926269,577.1086864363526
id1889133,841.4775798777707
id3924503,543.3813094681052
id2611594,501.4939767875014
id1367602,779.6952710663145
id3281984,598.3832077647178
id3981726,741.2156678407127
id3858874,544.7450799679826
id0913006,380.3453411445321
id3754234,889.6133982904598
id2455409,758.4308006722061
id1254786,763.5978984983575
id3381128,678.0976784789234
id2093889,761.7404213134506
id2749918,565.5274328082631
id3629797,671.3070315609119
id3802737,411.83375175953637
id3710540,387.96618777043733
id3976908,514.294697443355
id0160092,747.6990104833832
id2711528,580.2076056664673
id3308917,585.6923719321308
id0408439,285.2222280458644
id1009153,709.5958076149745
id1132115,156.21719780047772
id1677618,850.9760749493557
id1790478,608.2682971338619
id0639874,486.6077074288669
id2416795,570.6926716275391
id3925501,500.70467338076435
id0641059,328.28489960165047
id2570800,551.3168154683706
id0406059,716.1023148126674
id3078038,716.186703072857
id2408158,867.0708111998824
id2502727,860.9871093285736
id0576875,623.3900109931271
id3756579,534.8591235468261
id1872901,805.0270176892884
id3634613,657.1697942937432
id2426690,712.4155816546099
id2535338,488.46373919125443
id0333335,664.9019691035943
id2310870,472.184629727356
id0551917,747.7405475915023
id3840808,357.9077713637383
id2192277,582.1825751342608
id0272087,518.1541044079383
id2638263,762.2520579979315
id0912674,330.4092210380531
id3914825,528.7595762009406
id0042130,434.8423712545498
id0472277,658.987797589177
id0687451,704.9016337092198
id1581936,602.7663341067603
id1559567,322.8063248519334
id0816722,418.2961917836377
id0674443,610.7465348158003
id3864967,783.4888916234503
id3223795,774.2080576220351
id1011380,346.7563138981522
id2066606,479.2935866026226
id3623264,1069.7470178550645
id2641569,351.18030577732003
id3367147,577.3087955838178
id1091589,571.372224688721
id3678900,426.2268886202337
id2423712,653.4558073386052
id1310674,649.2595851760326
id3267154,465.8556812269441
id1431128,679.6122843696568
id3718690,561.8742915179765
id2923419,624.7296945369806
id2732679,482.65769473342266
id2725598,603.1742547753272
id0386598,395.0534400740497
id3863339,704.7198738019059
id2198834,256.4026018341136
id3190261,892.8570657848079
id2855738,854.962739861819
id3075554,563.9481167937361
id3669399,492.8100672202337
id2074691,657.8221302573421
id3325348,629.8103560892484
id3206282,775.8793615880076
id3723409,723.6466832805472
id1965449,785.8178026004232
id2610023,390.45825642641654
id3080049,589.1311454684371
id2616730,629.0359221203006
id2705064,523.4529703408367
id2384721,600.840785136581
id3998234,946.0192444122387
id1796632,468.59641514804474
id1022727,768.8114983034558
id3095123,859.2827363339283
id2166099,430.5154903454814
id2655343,678.4375041442684
id1550460,270.8366295638929
id2254744,910.0562263205061
id3432320,607.1899410112705
id2418877,487.5615380886482
id2242121,537.8376074647543
id0255253,427.7463672930051
id2690958,685.8840124867199
id1046144,494.56656655648834
id3660291,339.48650689585054
id2249780,686.9183085625177
id0307138,566.5138863988315
id1605650,634.5803514009189
id3101411,772.0914845190374
id3534394,534.5619527163269
id1980121,450.99293123474405
id0843114,588.9063660611663
id1758231,890.3195174342048
id1831725,565.2215748551604
id1979401,520.178830815558
id1816347,980.1311000859688
id3353300,662.3896706517006
id2557605,671.1550515717921
id1095179,538.7253482200639
id1869273,813.138579451755
id3132085,1076.1349474807707
id2943439,709.8169557413345
id0808465,640.9310816998434
id0747165,634.8276623834957
id0420123,709.9581907098857
id3205796,776.1582627514416
id3797013,430.9291828095512
id3273958,1111.5067893513483
id0385069,654.1616103550859
id2307346,672.0271024173496
id3806485,301.907110887109
id1612091,557.2627845178228
id2643667,578.8877174916232
id2862046,390.731471831505
id3290860,658.5392545655242
id3549836,771.4406598495739
id0352974,698.3889699395227
id2660057,607.6150671658438
id3106710,923.4246942840291
id0387390,554.8203858417717
id2110457,547.2534601881702
id1193666,594.8941110235907
id0004780,476.5091019449344
id3784821,386.9081550274154
id0261696,767.6903210868887
id3759766,605.0707933047346
id2235348,565.0741259461995
id1092754,645.6159261892632
id0779623,480.8280289156891
id1480639,453.93095336577323
id3063376,467.68525193240845
id1684841,609.3762083463595
id0142384,478.733199808971
id2638368,320.18279294672016
id0521684,816.5206784303795
id0926108,449.9852349152516
id2216016,603.5945601772049
id1779365,512.3607300609707
id0454367,232.0516195395689
id2626700,910.1819575686817
id0257586,754.2685250961426
id3961825,680.3763698846104
id2499617,555.3140990680132
id0156264,501.92841637487186
id2893144,370.6603185902264
id2958404,742.7318442573066
id0533758,308.76330797694504
id3048714,654.8144716422332
id0174431,870.2166186624421
id0173282,780.9213146970585
id3840347,507.12319499919585
id3942712,705.2226449040687
id1734915,659.767163450966
id2153634,855.9032156317751
id0533294,345.7171781031318
id0390039,811.7841208271476
id0034347,783.9706894117003
id3752553,673.9793467580221
id2868616,803.4376956629014
id2838240,590.749841213994
id2867392,712.1100189808894
id2755337,660.9446546027358
id2665880,978.869273240001
id2203956,591.1474825452162
id3367506,670.8818170909076
id2712460,886.8020922271414
id1269069,709.0348948408789
id2844300,459.4835738773277
id2449825,666.3626792783025
id2611398,799.6401131161201
id2481094,631.6733600233572
id2466058,628.4033420717149
id2717281,835.8960543207846
id1023129,557.7909651141679
id3446943,242.6908716648862
id2283570,977.3569694493495
id3350620,620.380515558143
id1310649,706.8842908703319
id2896885,642.2765478354645
id1779767,599.7927034579491
id3506371,576.7518025179655
id2691842,824.4486526969721
id0163026,519.5727401348373
id3067737,400.5305933994824
id3103113,579.618113787883
id2650778,510.0714386360576
id2577080,489.95106638497464
id3229021,464.9444923441901
id1157262,452.9165590357432
id1339192,679.7513865091761
id0620603,382.1510426683829
id3214959,671.3753406443841
id2386697,655.7078221417445
id2050185,354.7942416325609
id3589757,676.4268781109911
id1694302,469.4114438798208
id0867243,723.9420417908204
id3063312,619.9432296408917
id1030866,563.1537004141661
id2820389,632.8324112210546
id1687771,1015.8069386957144
id3869093,411.45280138028335
id2844016,747.771657994436
id2013816,877.1657689798653
id3609512,638.9012067469205
id0807188,580.3953821909158
id2870054,498.85054550845473
id3248189,598.4911609695836
id3029608,457.2699802638127
id0958980,680.8802937066199
id0129415,710.0538188471793
id2361476,918.6761437549219
id2281187,766.162750174466
id1167464,578.9466061947551
id2831765,463.8028982191282
id3704144,763.2870099291653
id2597968,642.4621731882845
id0748324,599.3557063615897
id3046275,682.2395576119186
id0749458,786.3751850046748
id0668399,531.1466492126383
id0326111,703.7266881064735
id1352998,531.0441411286172
id0169361,476.7141917313936
id0900900,814.9175249565718
id1055716,565.9300250685098
id3250819,647.0890711544503
id0182324,881.5554732467339
id0731335,699.4577649590065
id2650262,720.6559373369171
id1279681,333.36429059494947
id3622049,607.9405172275658
id2629759,496.8910774226994
id3470360,578.7662338115655
id3399435,599.1789155377596
id0899997,721.6628374928329
id1989623,414.6148371764249
id0573317,544.8624439592618
id1269365,614.0430577710408
id1795480,827.2022439579331
id3677781,689.2446694264362
id3124474,599.7888447714322
id1143690,461.08854237952755
id1906710,529.8345708634116
id1090100,633.3080288230669
id0330864,897.5937909380433
id1658646,305.78683664091284
id2809980,600.2713519372312
id0777312,644.556437702072
id3500312,571.1978697966761
id1350672,608.3183031229288
id0186198,412.64885304485085
id3463126,631.8471647493515
id3553920,745.2020964840508
id0819598,1191.21799784807
id0623218,450.1486185350879
id1271978,409.587708811562
id3244575,336.55356387165676
id3165917,546.7961641147274
id1301041,772.6914094933173
id0437453,719.070265230414
id0314624,571.0140544745674
id1643090,476.19805486702376
id1473619,403.34517022631417
id2945325,592.3276414132093
id3733302,231.64523449164827
id0186349,423.68117721707824
id1835192,835.8585261565672
id0383949,475.7385216033108
id3181109,808.3913477724498
id2516630,837.9951247579373
id0101282,657.5599796000839
id2622300,446.5433887426663
id2637913,582.938915183919
id3034919,967.5708065963013
id0393831,538.8763444446843
id0838546,822.3337583867407
id2414617,403.32394612284327
id1867725,604.5551671573093
id0377459,460.32851976109464
id1332899,673.0984842207906
id1973770,493.5567265910826
id3174799,785.929034177005
id0547534,480.20447125723354
id1003578,953.8938689119897
id2550681,476.82419159768796
id3661255,490.16304417878695
id1071612,592.4124048218115
id1606805,724.295634804154
id3035890,712.148399392387
id0373293,627.2048365936915
id2484143,930.9298868852843
id1828213,746.6864913508357
id0962249,667.2049761259678
id3035587,558.0957711655533
id3632113,681.5656790085225
id3325308,454.30307241124245
id1192348,668.8487612681029
id1959448,668.8385007980079
id0230119,809.9318436626661
id2093802,540.8447697472533
id2463916,593.1177146090425
id3129374,464.89727738039994
id2298081,653.0807341811488
id2874385,809.7913201531845
id3463938,562.8923192582762
id2556045,748.8091943879176
id3936621,749.2047568009165
id1093137,608.7138476181466
id3699030,724.2693981800539
id0308361,435.590308922139
id3603336,546.6971427445808
id3534709,689.2218507282621
id0617610,737.978123668618
id3246084,703.4450288175352
id2577617,761.4219955168923
id0812707,726.0587387989835
id2898247,529.6395675503171
id3115997,553.6449996590998
id3060056,883.3067860579664
id3767116,526.5713402426858
id2121023,467.8270044060116
id0791806,485.31600262451224
id2308379,480.5764728321389
id3941706,384.7804503934633
id3431035,564.8360179346497
id2268847,624.6451926741606
id3056436,575.6165137891342
id3749082,454.84346262688035
id0093654,699.1084568351762
id2274200,555.6387183508414
id1379111,844.7089059386643
id0248263,661.449873072666
id0641675,552.9017275252806
id3678312,668.665423093465
id0425208,1045.7838983288127
id2334542,906.4040227797707
id2992304,378.16770930126387
id1090300,685.8905937945951
id2165959,609.7258547290114
id3348355,425.4379485399642
id3441121,734.0344145349353
id2082550,790.9161668817435
id0638080,804.949259706519
id0822492,392.5415036572672
id3208391,690.4204408774082
id0669875,528.3248086396543
id2801192,575.9911549045075
id2572710,534.1914916261284
id0168299,739.6764789695471
id0134814,617.7158344113647
id3579185,373.95710784000175
id0275156,857.8257128123895
id0022723,429.33511554393124
id1360182,543.3483455101054
id2460786,499.35383880738124
id2946590,522.218566602056
id1816049,509.62516952048486
id0485417,700.2277043367196
id0319495,499.69980457723074
id2900386,870.0262256489395
id0733625,505.8899034198406
id2909017,442.49162900148997
id0695212,499.6458553233564
id3756071,442.62479319237553
id3722745,426.3585008346715
id3899091,428.6141310642668
id2564147,791.8390179998764
id2670226,964.5962256933304
id1773028,823.5706091384764
id2745333,474.96156004240277
id1971792,570.7677747705357
id2027553,733.691742600806
id1589617,637.4828123784488
id1806829,961.7060537942863
id3060249,706.6691080875307
id3949636,545.6826284100853
id1680573,559.5640874804104
id2965284,655.8143187854919
id2295505,544.9886602099684
id0061543,698.728797008281
id1323391,744.3228797673399
id3602192,849.5812565975373
id0986225,906.5508961799701
id3299052,933.8858074266069
id1335269,664.995027515518
id2032037,640.8099737591165
id0077248,983.3221933627261
id1689025,695.5808772600627
id2875255,459.5959591626754
id3908588,410.8455466932768
id1951729,468.67632681829457
id1839113,352.1666822305282
id2563510,637.2504664171748
id1851524,448.7710405565523
id0596283,757.8598950881255
id0997388,398.59181755819566
id1108592,787.0917475844838
id3320652,535.765688447581
id2891115,504.6430407330204
id2147494,734.6949758349266
id2945752,701.0254651794137
id1664415,930.4501890952342
id1574841,542.5264097840551
id3196502,450.96467668936816
id1245475,613.2965403084212
id0293045,291.3613595852147
id1959372,647.2687576185574
id0842133,678.8050187340551
id2481976,592.582994259104
id0804162,233.36431053188934
id0503538,465.2703268633083
id2135407,583.7454376440504
id3213497,707.5339152552502
id2088028,761.6527915881627
id1271265,444.694586064188
id2482022,881.6833333202017
id0013202,736.2725273767215
id0450716,795.3936430164956
id3249408,363.65928297732063
id3293656,367.7337614932841
id3616278,339.1622569330274
id2903735,471.279517801138
id1977926,1032.2497492926107
id1415677,759.9085270443364
id3403524,703.174642514924
id2341360,445.0995160939444
id0711329,624.3866744977396
id2700529,842.0997051031289
id0771626,508.03739345141895
id0544521,453.3603018416197
id1525963,695.9175850774067
id1751336,571.0231891075885
id0624442,581.5138910954629
id0571675,941.91381872873
id1210524,1015.3010134419466
id1047169,698.793228186809
id1013051,789.8153193272473
id1811756,521.4676140597456
id2433002,858.0625127883671
id3130981,603.9245382864796
id0146905,847.1354231050143
id0488860,645.3502696820094
id0386006,379.90781412567566
id1349280,742.0079066920838
id0218769,532.69749752273
id3738194,686.5552372540883
id1155442,249.04518132350555
id2751666,613.8377376210802
id2328759,369.5455505330002
id0751548,613.5174155237925
id1257604,419.11540856495077
id0936668,782.3639374310201
id1052125,876.7894916556464
id2667533,988.825349961852
id2068245,824.3961365242916
id3435017,885.5478428636593
id3442852,444.8110171468732
id1221574,872.9921435165477
id1450130,589.3628072386266
id0385327,658.096627751716
id3613077,604.9376717125738
id3057643,558.6788783562329
id3681980,831.4150291320412
id2536019,811.3471424776711
id1588829,548.6411885612039
id0872137,717.9846753593571
id3884211,811.7708621501796
id1583576,491.7432026349726
id0524491,590.5806079054666
id1675702,674.238165914148
id1279157,662.7135497964481
id2619320,741.9765691018263
id1729100,694.7064387751489
id3458271,707.561331690169
id2575255,572.2739355772248
id1537149,651.6657393414273
id2869005,473.6288513982288
id0457242,583.8515884880169
id0329674,497.9926299248777
id0279613,904.076105765544
id0627179,509.04355481688776
id3138774,493.97538855067995
id3044373,740.8836775762114
id3724417,223.3928747861059
id0366772,483.63694382972403
id3806395,627.2323400021758
id1682834,506.8257956869065
id1671254,292.69286573322063
id2552117,502.4173154106409
id3413269,804.164643226235
id0065285,502.88229932831416
id0606592,658.3352416273909
id2776915,1008.8310742202683
id0281022,852.0877857993922
id0505440,1065.6507846140073
id1460930,1040.1696735452956
id3104208,682.8131351883455
id0977708,691.4978268099384
id2060070,792.9310204635692
id1851966,859.4572113080769
id3646988,402.83983222753574
id1482730,545.0298263485204
id1440263,490.87059905789806
id3020768,657.4292344598681
id1508157,779.0401177135969
id2902224,357.9105450904241
id3594825,474.357431138937
id1366442,598.6106092566991
id3821229,1002.3779572825549
id1490635,742.1533827330219
id1795465,819.2672397656711
id0121652,885.884036712141
id1772408,527.5452867823913
id2053084,804.3952317796378
id2289854,616.2304312602269
id0670340,782.4045315587014
id1114550,689.3029317406916
id2830024,1010.8007370289187
id2708243,445.2909925080529
id2331761,793.0596448755275
id0554328,681.4208064703769
id2715559,560.842135828232
id1430319,750.6479864863995
id3207222,510.66726968881545
id3810905,618.7529209713196
id0076973,888.2419310730241
id1463530,844.3536891738192
id3039331,634.9725445350647
id0285781,906.5309488163863
id3719543,538.3322998042834
id3936866,215.8711124455924
id2869296,626.5440333730717
id0146188,842.3390195754877
id0299325,443.7256691299925
id2715993,565.4123070028688
id0397250,516.692754776689
id2002894,697.7949987459965
id2801024,727.8725416215792
id2299430,1063.8031562614922
id1989410,504.9653376161977
id0489431,531.1876430410006
id3962864,512.5793520124315
id1802272,416.4528151353575
id0786195,658.3407569593303
id0816020,100.40124551268711
id0109125,660.7810702103319
id3756814,824.7787649769829
id1361943,811.5269932740227
id0509431,724.1867261330112
id0384337,353.74367168506024
id3991515,553.5843097046376
id2652449,453.9806763987016
id1042278,1217.06667095135
id0249070,500.5538447832179
id1100001,473.19826048445356
id3303363,576.5251520925067
id2684049,780.4750884340115
id2581746,820.9735514324028
id1878930,868.676155936693
id3735342,773.0499410908916
id3778153,607.6294220299338
id2831077,425.4060932056711
id1749734,549.5055894154012
id1278568,913.1306212231215
id0238645,519.618982836504
id2419014,703.0537334744967
id1924646,655.022468756557
id1413254,625.3393205250983
id2212419,149.47890505562748
id2893092,299.97530820143743
id2611066,590.8394076382608
id0996432,603.3879549395589
id2525131,740.7380689388082
id2489792,805.3553967961154
id2622561,812.869514429875
id3505448,499.86771130385955
id1243637,599.0464455031401
id0912482,648.605137603386
id2634868,569.9861365735844
id0165478,440.6495360877066
id2462575,725.539489064315
id0016018,931.2162692229978
id2822493,856.2315199918812
id0888908,243.90560787023094
id1442944,536.799572968886
id1236221,386.4467429259875
id0466908,500.4457744988897
id2916732,515.5334851489217
id1708854,499.5223771446389
id1295041,467.2745637285311
id1768918,444.28008952244716
id2614516,267.64724531989094
id0549981,497.98024872570284
id1743162,796.9604393133633
id2484752,422.6641187203595
id0537863,546.0975266546274
id1646040,506.34045819344425
id2545725,526.735630837907
id2798110,564.657000840681
id2298788,736.8056003439517
id2695358,631.8363557535638
id0978179,957.1579359930101
id0554263,323.9532641472788
id3854487,825.5509021900288
id2107673,446.8651730636971
id1328174,697.0525139325642
id0734004,770.203114311825
id0505082,786.9445417400494
id1947258,518.3184322635752
id3791169,480.07274783567925
id3153045,586.2405068755181
id3662898,698.097634378527
id2499100,659.7834122903388
id3088057,559.2702944117253
id2212048,550.0528624451424
id1218832,556.721148750322
id1308812,426.9954047880248
id0763766,798.2717826888263
id1988181,563.7783436911343
id1724381,702.2080804856298
id3031307,752.0409829028875
id3156791,510.46890785918237
id2147206,523.8922074558637
id2550854,711.9822432862283
id0882513,684.5648577544509
id0059046,406.47359743183523
id1958861,362.936087443483
id3453589,503.6344415203031
id2671101,475.24668653673444
id2454909,617.2969267432253
id1850196,531.806719382785
id1268617,446.525835880872
id0262683,849.0378327563317
id2128520,620.7411496160606
id2806125,672.924637076748
id1652266,550.3587303250656
id0784066,473.2131274082452
id0995231,266.52328703674203
id0455486,1108.6290417740386
id3674045,523.2225276794538
id3424824,528.8383455851252
id0294995,720.5132975116677
id2268254,1038.2968416705
id2537839,574.2803841597236
id2522457,416.8491778549341
id3928143,312.22424888592457
id3527006,570.1780977618329
id2156772,592.2642385054204
id1503971,761.3175612770591
id2833552,797.8257379808028
id0305260,865.6661573751561
id1560724,471.8686271247516
id1201071,541.0181265208518
id0736523,479.20198880890894
id3596435,791.9122403755613
id2864090,638.6553104002301
id2828934,636.5886536675146
id1525044,589.2688671929824
id1214039,747.3708699270835
id3991049,710.6625939617542
id0110260,420.1174680430777
id0702677,615.8981979319246
id0969880,574.3887041358356
id1081306,491.9526974860703
id2234711,583.8998746536873
id2423550,688.9641986706532
id0224260,836.7413456586555
id1747185,687.7987554170883
id1571855,764.4821004398871
id3419244,638.9000770176397
id2197993,732.4666114665396
id3306623,471.1935107192708
id3696648,663.6305931443959
id1005615,355.1487213381463
id0222296,394.6497037144567
id1317069,347.49359948007725
id2756398,755.1137348022522
id0388132,919.5256460229164
id2892186,868.1346672271372
id0548497,508.17225954065606
id3186529,549.7030076722408
id3195628,575.9204432662874
id1254974,366.01414685045324
id3378927,495.3176388807312
id1180922,830.4503949360442
id2366934,645.8885239632516
id0388008,762.0369255991934
id3516995,323.2152735966214
id3872370,543.894734463295
id0626500,723.6663347965297
id2021646,500.4683341523641
id2367318,595.2654650295824
id2880189,411.70299581408955
id2293051,616.4386286750818
id3693548,339.84716301261346
id2933738,741.4617867223468
id2973202,500.4895030417209
id2483437,686.1724552617655
id3959425,444.6637462364527
id1814938,1125.8224015106662
id2350679,473.6226018507389
id2438282,522.610934645079
id0726959,431.45229209273793
id3703976,730.4757052973251
id2269233,505.21038827641854
id3558922,625.8753730167667
id1610365,923.4371282041413
id3001179,717.4467120685127
id0732236,1187.8426196514092
id3815023,649.1783809517749
id0822248,569.5100182423078
id3404730,1005.3797045092924
id1673215,601.9271587063212
id1987734,588.6331299192532
id3715785,697.9024262269829
id2061422,569.1633224821986
id3894633,535.0206001139544
id1289073,634.218460064169
id2865346,590.691178850036
id2936902,734.4776581774006
id0905484,527.980047343288
id2393096,555.5793220899485
id1064951,811.7871925931921
id1708467,244.65490951710052
id0996349,676.5430523216505
id3812537,489.8000409027735
id3284707,673.3934213840646
id0981953,866.8219722819051
id3126311,447.3730463493178
id2170427,769.9394160901035
id0441126,698.0510251009489
id1751725,683.7497856181669
id3677070,665.0507388887698
id1080706,646.6969309877612
id2163684,837.9458883585585
id0963034,410.02680345384067
id3322353,286.9964823742935
id0963661,569.0533478302212
id1667787,396.8428131085973
id2496433,602.2156441904127
id1986723,584.4407573505055
id3745762,587.7773683177843
id2119884,800.6476421218414
id2903387,484.5144810066049
id2458159,432.1337960068893
id0280951,788.7542603626109
id0506073,752.2046469914056
id2050357,719.6068745165416
id0466516,742.4625919577462
id0719228,677.4064407648551
id0764811,1013.9697097004067
id1741536,1014.0366852233577
id2731531,452.50113738550846
id1433155,555.9682925123413
id3909610,491.69132758539695
id2394577,420.13107165564924
id3050119,605.2282128461972
id1661576,580.38357211252
id3455863,482.4571372684684
id3127361,602.1690643023007
id0291503,296.00896403496324
id1158256,501.5703890644965
id0965205,606.5978906569406
id1884171,719.7605391898126
id0041028,771.5851943514276
id0545150,1035.273102799076
id1606429,766.0347826935371
id2638810,958.5479883617803
id2808188,630.4568385020351
id0341429,121.1347152643995
id0283182,441.9125547782643
id3702122,520.2591858098821
id0877606,551.965287167336
id3725484,640.7552698713126
id3287999,984.5204218129927
id0396220,769.6538389968943
id1988752,847.5204377981933
id0904965,508.93841211653853
id1039470,500.1539293146582
id0780934,713.2596378104022
id1938926,375.8770432253585
id2960383,886.9666778938785
id2658649,575.2508314244463
id3570588,535.1280261492592
id3231363,636.4187183245159
id3012251,734.9627389303937
id1835556,487.6211410266661
id0285935,678.434514748024
id1244077,528.3554084753512
id1058463,547.6119536905894
id2046665,677.6228722474492
id3248733,622.431792501143
id1801160,687.7090333374564
id0882555,283.30653073689456
id1597586,556.7758370568447
id2857266,965.9231349383605
id2332850,662.2866220206259
id2795373,681.2554978479546
id3456526,651.6315287786335
id3137840,771.713135917942
id2724629,610.1698334652762
id3226004,561.0841477388959
id0087840,1100.7314893106313
id3821852,785.1353194701317
id1327848,798.2023624315912
id2613724,849.7942732643714
id2020003,1040.9554377528439
id0386382,665.1650894040577
id2761253,1122.865918151417
id3166801,863.8904022051094
id0009861,658.4062604483327
id3032427,396.89140914068736
id3377310,549.8433584448256
id1759058,940.3261701794524
id1055889,745.22031210769
id2685444,916.7166052341187
id3995856,1032.9676405705393
id3109608,943.3698100355805
id3276851,497.83197251911196
id1589562,845.493167597495
id1818108,947.1002049245504
id3171879,1139.8578655582787
id1322831,845.2727368264417
id2385968,992.8148615951194
id0428293,1279.0485001019158
id1771230,960.5499548741769
id1356493,811.5837181450694
id1697217,883.908104764861
id3924725,1212.8133868578382
id1668665,599.0750356639934
id2828589,806.0913940190011
id2249961,1087.827743496177
id0048152,719.847255614563
id0754626,635.1229887390424
id3506480,893.8092578234483
id2528612,629.563682255814
id1251042,493.9081488608529
id0324582,405.5043942324313
id0264295,845.8981141570816
id3495862,1203.8459327655323
id2028006,1055.769485579477
id0134317,1176.6461785371832
id3827321,804.0244633633484
id1506713,810.9923669044625
id1468208,891.8098770002524
id2827246,666.4537646961057
id2445915,897.7732284648258
id0726898,1119.9829790778685
id3623239,780.2777654239758
id1251947,834.4245597324885
id0148825,867.9934825102935
id1660800,1167.644531601162
id1347794,761.0289236113373
id2265870,521.3498143839753
id1854858,601.1718144411667
id0476586,859.6349023758762
id1983805,596.9706365761823
id1229064,1002.4024197652986
id0499418,958.7265099567061
id0849478,909.5672463537193
id2461026,956.2998285835213
id3183988,694.651129126862
id3304406,997.9967520218229
id3373761,457.51375742253424
id2099917,768.2388623975768
id0179569,1239.0084469445135
id2236092,1186.7539602557329
id0381310,979.6507334476574
id0694582,820.882673156645
id0975257,623.0675953600935
id0002339,860.2454041338776
id3468504,851.8731504783248
id0482432,1193.015072883382
id1043596,429.6886533750379
id0999495,640.3988603805713
id0066278,1019.1678253796773
id1672252,1216.3851281992831
id1158491,1023.8089341315128
id1845016,572.0264245945519
id1650464,755.7979366325992
id3986174,780.2040902219965
id3861699,644.8257172208737
id3536630,586.8913412950029
id1938198,746.8762528756426
id0304412,724.9378312754875
id2919333,793.6152934565625
id1544081,1035.068505501856
id2837917,711.4625013989186
id1083696,769.6662282410562
id1753881,865.4999024086788
id1649654,1147.3130139797966
id0848652,687.1725030648166
id3786348,843.0702428723287
id0817333,741.9979275361995
id3721041,724.9129716950762
id1326341,1147.1795126054326
id1088430,653.8418637192598
id3576349,668.5681626269723
id3180864,841.1395145413628
id1057874,1017.4918116959013
id1378872,1026.2405725164876
id0962069,874.8720560807628
id0764931,803.0863959705715
id2432013,1157.3711403957882
id0047848,600.6415737578076
id0927449,465.72593784867126
id2826160,1310.1756014971863
id2260634,674.5239361839223
id0541501,1079.7119307586315
id1423601,646.0155497875016
id1996168,1034.0381371470562
id2810219,803.3392362567035
id3677211,536.6560933206763
id3979901,1020.8782928058354
id3327154,1211.4171158468037
id3839032,918.3532756151587
id3396663,1059.5155957348966
id1846369,710.3712995472775
id1913052,684.9335130801119
id1000013,1059.5659269178125
id2108593,930.2537454100695
id0253173,639.8368256912449
id3114216,1325.2301220101422
id1753366,1081.6807812168865
id0030376,942.3983013358585
id3583246,706.5179445014685
id1435693,887.9763030332207
id3818512,927.443117854179
id3494534,842.9015212269001
id3220978,714.355486485171
id2572210,918.9553737589125
id0391102,1150.313597995425
id2235245,1180.9563744565867
id2163814,759.1230127580238
id2624378,788.4328188422065
id1968170,1440.8837341716185
id1668064,1193.4759422507905
id2374992,765.8010508801963
id0470895,981.0497756913832
id3993427,1224.9464232596683
id0284613,601.7349504470425
id0402510,557.0834050907919
id2666943,972.070623416328
id2298318,754.7366367383295
id1007527,1044.233330365767
id3928578,1019.5351845314804
id3860615,1014.6015028147137
id0353392,841.893604917765
id2678532,880.3005582286312
id2603933,861.2993775106867
id1251099,778.8234240506293
id3709972,766.1248280001421
id0550333,568.8801494428914
id1444955,879.4389355471353
id3273733,817.9332680041371
id1328862,960.6299948707111
id2351556,756.563506072932
id0871544,1016.8487333305369
id1927469,1088.0155748985355
id3679171,637.7750097597248
id0035660,479.0524160105688
id1625525,487.79573847015104
id3386602,1303.3447609414186
id0367657,648.1419624370035
id1182453,825.8303491785101
id2860278,463.35826130394395
id0797692,1088.981488890874
id3996472,1040.531553050304
id3478767,443.17408378772024
id1360061,593.6874624408218
id0780195,505.06294603653396
id2583983,619.5088434467298
id1562028,470.90990080839134
id3253567,756.4002545354971
id1260099,738.3948179359746
id2787426,730.0144225048646
id2132039,908.8917508250335
id3642486,309.40178291186027
id3708154,503.73696651778954
id1999416,951.103261841086
id1899360,828.352166683125
id2131364,991.7149683326674
id2149885,1188.4001076363586
id1314242,818.3866254885903
id0279375,1028.798859057688
id1200531,1057.5776809096121
id3958095,714.4261323238464
id3831572,934.3501652534287
id3375373,674.2800719910296
id0139282,885.1666622698964
id0135157,613.7642429837887
id2255521,558.6824235600349
id0858224,641.3488866523492
id0423685,994.0469530713124
id1304188,652.7357189531391
id0243791,860.4532002884924
id0839038,840.5559915570228
id2931156,598.5183955884012
id2465532,679.8140051300877
id2268759,538.4612637956635
id1723966,1195.7189700743522
id2486941,1095.5500293375792
id3558961,534.8824941818547
id0905142,749.931225944272
id1473745,490.5102111212582
id0564126,696.3795784869384
id2311811,673.8917984168429
id3688594,631.2344347726481
id1706148,1159.7551311577809
id0860336,596.3608467975062
id1738471,891.9285135616284
id2038480,807.5931309097286
id2579510,729.666236818576
id1988337,823.0095118924384
id2275019,553.4431614203978
id3174407,828.0784407935695
id1762700,573.0970326140995
id3726784,821.9973229207071
id3699197,1456.0311948635106
id1094939,532.5055861734047
id2209278,812.7599033584055
id1190412,833.7360109029638
id0235650,861.1118563900462
id3294339,834.2048168346523
id3215279,641.5833787814319
id3966745,443.9884407557522
id3397144,778.3788452712674
id2282343,654.8352714994313
id1067159,698.6550538445422
id0301333,852.3594935027693
id1380738,1443.7796076107086
id3762073,1216.214351654709
id3686895,657.1712951885386
id3634417,825.5712175306154
id2488065,620.508374029514
id1411612,850.490528291726
id1844004,1092.9417526384084
id3590487,615.3930225343171
id2055657,724.9543039140221
id2831290,625.7146553131929
id1695517,583.2867330601808
id1204592,976.1447479765836
id2408366,680.7542052299228
id0026984,460.29624201652325
id1018685,511.29863048735194
id0400767,842.2588773855914
id3953548,769.6023440865818
id2243285,698.4462615965756
id0939487,682.7705213258478
id0274709,987.6363484386774
id3177961,1063.455664071671
id2829716,398.3362204962185
id1944196,1030.5076267540976
id2714687,879.1109290606505
id1228230,530.5526042713611
id3921575,863.6015018543994
id3875712,677.3865523925051
id0462982,1058.3464445884863
id1034441,755.0895205234963
id2794913,106.96143030431388
id3796135,847.6515091753568
id0623097,980.4613592823042
id3649497,745.8295677766762
id0650848,800.2509120063421
id1846404,288.1767936656981
id3639079,965.613734149323
id1291221,736.6817628358484
id2821366,1281.900156442558
id0979226,1002.9835423800394
id3081799,674.8618542344053
id1588170,659.9487113501724
id2535523,819.2564413668193
id3559861,1002.351787708425
id1041682,634.2027658280385
id0006824,764.1178416411033
id0014058,757.9049901666908
id1640774,549.4655764717909
id0792444,813.1195146799187
id3080418,768.2276856375148
id0036068,1184.7620913133594
id3708194,910.1494811421105
id0744652,933.3566202228333
id0240002,784.9605076976146
id0356278,894.0879696913489
id3796252,546.4652626373594
id0595446,865.882898160197
id3686230,674.052743694798
id3877385,362.7247086684822
id0256230,626.5575614662914
id2823618,850.3370151977733
id1986422,853.4286411376637
id1860684,500.1803407362394
id1298873,626.8618639054317
id3614187,766.7405334494242
id0447101,830.5377654617314
id3459418,667.1325212040095
id0677080,1008.839640761104
id0873206,884.3315769860933
id3335039,1091.505945351526
id0327774,898.3454416257171
id3396772,1101.344687821394
id2004613,548.0719913461891
id1858406,788.0246143357648
id3160122,539.0763288714895
id1572202,616.3743015930196
id3390155,1018.2678426127763
id2018809,769.6119749218223
id2761304,973.4165706439794
id0186276,607.8536315641662
id0705848,996.4014730957872
id1490613,1017.239481362639
id3658837,1040.509875435927
id3091951,873.5575823961938
id3696212,946.3618800954247
id2869591,774.8853206709084
id3409081,849.1463380676281
id1081947,1061.711862512409
id3418396,740.5180171622106
id3189630,771.3526024861058
id1358764,929.8692797080105
id2183982,770.0575865859912
id3247444,1071.249622231078
id0790113,750.4542237580589
id0082224,1323.0460716298512
id3179816,1100.657649648174
id2099151,433.56476657635454
id2848537,963.0825090512886
id3560005,566.3837941902618
id2016552,792.0162677244307
id0883185,962.2515401552087
id1214067,1433.094109927016
id0172253,859.343163230199
id3213100,904.9571737850259
id0596691,1030.3922975254834
id0095802,458.82019780204575
id2657406,798.7702583116783
id3750481,873.3140509717413
id3468467,931.0956193876991
id2698450,352.0904248235939
id1575357,752.9751437917362
id3218983,816.9713788247116
id0340689,832.9884811680757
id3610015,1135.388886585697
id1978787,991.9514976179231
id2238488,809.1784852082457
id2167682,820.4329999762581
id0396810,264.1295003557138
id3808524,569.4392201433527
id0088357,1038.2759674894862
id2759277,862.5276678812412
id2754525,951.2364250539455
id0923328,809.8147175128438
id3660878,528.5971603386167
id0882183,759.109969803926
id3210132,862.2020716170589
id1198655,872.108830979397
id2197800,967.5569761594994
id2983144,867.2374029908838
id1849221,686.3442174080386
id0418754,1074.4683621107774
id0880007,828.6680652462472
id3781725,633.4952334725712
id2685816,796.5257217331381
id3943139,1040.078891066914
id0144116,1153.8516116091716
id3704447,1092.8378635707554
id2787580,668.0027057120307
id3688390,738.2777150106631
id1057450,759.6043566409339
id2652504,481.2424377169488
id1294027,726.7204076191189
id0340081,716.273277205454
id1429066,898.2086978183561
id2004943,719.299693225381
id0810808,511.1964388043857
id1811565,884.3911258446011
id1538480,650.3937536339946
id0910199,553.5201711210984
id2564692,548.406994997885
id2489340,770.5465843378195
id0934333,196.12963708868864
id3158609,1269.3877433635735
id0323687,771.2442034462886
id1214573,1129.6953593019434
id0362879,847.1730106884844
id1387690,676.7287642871241
id0567017,778.2882140394422
id1467277,715.864556106683
id0378853,634.6697167736058
id2941637,934.6239082283777
id2768370,965.8228402629973
id0573118,737.2329499375123
id2466466,816.8728745134114
id2897643,955.4429820536325
id3579043,497.6819615587607
id0059688,724.2379702808607
id1501690,1246.605567208389
id0049127,854.082780579622
id3917290,1053.1977718680978
id0270658,1152.3865126848746
id2363159,496.4211047489519
id0495081,1072.5544613791312
id3329559,1146.9832334839516
id0486232,1017.095850148564
id0202767,416.97223394102355
id3349486,710.9713739593473
id0059892,719.6208891378164
id1201401,1118.7890833080332
id2122211,832.8632638427512
id3115431,390.67254941023236
id1053259,767.416597550461
id1002678,590.188650307332
id1773725,1047.6796534672612
id2973539,720.9426880597822
id0350526,745.1887449386734
id1729725,1140.6765826587439
id3073604,900.8208009706317
id0814942,811.2832263908363
id2437843,515.8531998129255
id3662056,799.9796951381305
id2536255,663.3506485897894
id1672701,653.9591128433837
id1452493,829.9158920763871
id1939922,773.9121194417928
id1103249,741.9632111636805
id2267957,936.7174399988081
id0669101,722.0696690613172
id3198543,709.3906609662654
id1860765,1001.9872395935744
id3596919,876.079621875698
id0301184,809.178767065197
id3734170,691.8765578551086
id2841702,993.1094018605904
id1461333,861.9900544238832
id3151500,748.0398092260892
id2775134,987.8371543629653
id1628646,1155.4685306608474
id0486674,528.8051350563137
id2225003,913.3427204631557
id1874576,1054.7075131103643
id1853000,519.1465398877535
id2328157,745.9628562235672
id2161993,900.0020113012172
id3763070,1126.3694439620642
id1620038,689.0147954301514
id1763035,764.5097549481308
id1588712,930.4106872883929
id0099699,775.5186231458903
id0585774,879.921860746372
id3833402,914.873519501155
id2930189,735.8808624629891
id2930169,815.8179973112586
id2807480,779.5117795680729
id0160409,594.0767900833057
id1629663,592.3131604906669
id1630106,1107.5372901262542
id2837714,780.3621810020983
id2477624,817.5072027129821
id1308947,1017.985910408692
id2649629,928.1054029938339
id3759895,962.6721648375039
id0072679,472.57537004289145
id1819322,700.2303870433965
id2699385,1002.905772385684
id0572099,980.4958580319096
id0100639,782.3205980448898
id1972383,742.4679636629269
id3249642,704.8418244753889
id3846379,891.1247842314513
id2639829,743.5430104062722
id3006530,1096.1951714872596
id2182274,740.7968405128654
id2985197,668.7203588930814
id1952680,805.1790201305997
id0320920,500.21360953179374
id3928658,786.1988009277995
id3985088,319.5697190579164
id0472496,606.1627027789583
id1747182,593.1293496171616
id3677718,677.4046177538023
id2295674,705.7474838298075
id2558941,852.1068477155727
id0341248,566.7821154499567
id0913992,686.0780817849682
id3930460,740.9232745871506
id1834923,598.7330963858144
id2396898,707.7171572950369
id1822472,937.9966804708073
id0799239,945.2847910400535
id0843148,1315.6823558056449
id3715386,974.2449380919064
id1143115,1051.300808066754
id3021881,1108.2331434798962
id3353857,575.7250069046579
id2007667,781.6664764845926
id0220854,1020.5489253877288
id1865829,674.7018208336568
id0411736,594.3024816396361
id0810788,1043.8648662748376
id3561008,1010.2612736177712
id3356978,845.1580854360216
id3926574,682.1728025570035
id1273739,870.2320343064843
id2016058,665.219496009322
id3166333,565.1442600131672
id0905405,479.23900506736885
id3165581,518.5615662953142
id1858064,802.4368193573424
id1994133,923.6001297511094
id0485710,924.7147487242855
id1197187,839.1568304722134
id2917112,1232.4025714996174
id2040374,1071.4714813618718
id2789450,508.7184073188856
id2405527,910.029228162822
id1635831,864.8855949245723
id0061348,649.9087604727519
id0627644,917.3527230610204
id0030823,768.0102497785848
id0328450,1057.2896557071642
id3185131,720.6570476840928
id2492023,650.5558995531654
id2026580,624.7628626053862
id2524142,754.8288886821956
id2735485,1168.966960301142
id2921745,503.5202347040859
id2046830,755.9634751484615
id1115357,779.7822806539526
id2738925,521.7533306526993
id0405597,1112.3638892458662
id2571653,994.9342088841929
id0973671,649.8622473854388
id2125285,465.8809794483815
id3315444,546.5094131745961
id3044279,888.5928058726107
id3948418,741.8507607479911
id0086436,952.432398377708
id1932648,944.3926029325953
id2465650,616.5078447015408
id2730603,979.3300778039625
id0078039,360.4432273322398
id1429133,988.5279589596435
id1789747,1037.0861945008903
id2847468,537.5698630822296
id1057152,748.9197585555027
id0790962,1008.7362853028342
id1450644,307.45900958617636
id1909040,542.5964294030674
id3941986,862.7578931707071
id3585551,871.8501869460245
id0262439,609.1893471283207
id1197428,413.6827498898542
id2047698,968.8242184751721
id1965847,1001.5793532848593
id2566236,996.7303310525658
id0066329,972.2062984706864
id2961686,1005.6526433601134
id3495603,1255.9352578387445
id2546496,901.8115333972112
id2982069,709.4342190632838
id1347873,613.0589178765334
id3218179,71.70606128064786
id3590954,819.3381261585266
id2310296,785.739259612717
id1345342,940.7675325487553
id3608022,999.6583809948324
id3947413,841.0506793155259
id0999285,721.6680406570194
id1966757,895.6136634071963
id1121330,616.1627608632399
id0724684,333.1357024832367
id1585995,876.2905844332345
id0805406,634.8896454017337
id0428584,577.6390736272821
id3423003,557.8101807339272
id3083669,1233.964728770156
id0489685,698.9909697440555
id3979992,926.8418154868315
id3856247,722.0353323055297
id2725400,706.78608658629
id1479299,503.567755929237
id2302448,1192.0922951874652
id1906735,702.6105306793522
id0855299,629.6467808297001
id1191593,1075.6317579621486
id3114056,1157.3709089964323
id3415172,878.3194654345099
id0316200,1175.2056020331215
id1963075,798.5009813034023
id3971743,775.2663433836937
id3293629,988.6151618615328
id0898160,880.4820326449393
id2905754,689.540799367542
id2111923,754.0740709496886
id3163312,805.9944809439337
id0334994,874.47779731939
id2408734,1053.64370379667
id0618991,615.3984610179992
id2875082,1300.0468772940887
id2589838,658.9444407132427
id3097478,597.950492159449
id0623845,998.5136493873124
id3916281,736.2667300875
id3658893,480.5374317226557
id1978185,837.93340495258
id0270663,759.3600409494534
id2720967,636.8223744896702
id3391615,933.4907540144269
id1222618,494.42942718177176
id1279795,889.0536384296705
id3342022,913.9795674400248
id2832463,859.6808793319209
id0902920,1046.1084789813447
id3006713,967.0035500545297
id1438390,962.2122051364121
id2026001,666.5953879484176
id1151400,591.9699664439523
id3264786,520.385790624458
id0417346,612.4448577160899
id1137921,549.5650040533121
id1786480,1004.5705748255958
id0350479,547.2369605974538
id2699503,498.2619191447123
id1201587,693.3907033820662
id1816935,634.7416991284106
id3295634,577.5253364293533
id0564517,997.1029189519976
id2320100,881.4609020486474
id2797066,371.41548431464173
id2261907,1023.9170782207475
id3118544,698.2425882067818
id1692199,939.1493871393777
id1229850,1026.9736245646654
id1254607,761.8244424996019
id2593709,910.3345991971481
id0541332,1237.191195992166
id3839609,520.2319485803665
id0582786,501.9962734988753
id0205290,1100.5410788131055
id1368759,1027.3730785558896
id3183247,803.4130624966717
id1363358,652.5150084184728
id1507942,1042.0136739202753
id3266789,802.4474758993705
id1825908,886.789037396541
id2863247,827.7172091005891
id2642257,613.2305236812242
id1077119,653.3496389758113
id0129612,1054.9042119771377
id0787402,1009.5218859159557
id2042563,562.2122921234262
id3830711,923.133742463668
id0756168,780.4331383638445
id2284371,683.5167996056736
id1388960,769.5648044228382
id3491672,707.5124672909527
id1139911,972.7277749925404
id0492496,793.2852957301533
id3134643,612.5795944093463
id1051128,621.7643885051971
id1268776,914.8115340057224
id2627273,878.9086393139524
id1313061,886.5361437557106
id2213068,944.954343352104
id2567642,820.8158911858967
id2867710,1091.5794250101997
id3213239,705.9402460536979
id0820000,963.337468393007
id0260392,986.19560133073
id2057547,942.3858561616582
id1219103,704.8205350559306
id3963396,815.2746716869508
id3149264,607.5139948794449
id3423476,762.0903651147488
id2148665,639.8553213249731
id2269077,662.6240878386383
id1145727,848.3516206666467
id3879194,626.5318363087883
id3693607,1006.7469661899648
id0885207,685.0740921650606
id1317520,829.7427215336854
id3127927,548.3647323028331
id0039223,883.3774909474434
id3543206,877.3516714794287
id2710464,961.5174857943488
id2260514,702.3751880519567
id1587774,1071.2997873541142
id1601592,896.0447755093135
id0257331,983.7778283883978
id0064465,1048.8844845393755
id2062807,691.246439195066
id0155460,1004.7919827993153
id2635163,974.9026019519711
id2752098,798.3682982943004
id0957603,594.9558034717287
id0568120,699.0523456195813
id1220912,397.34597236185056
id0273864,420.63169916618006
id3443015,403.36108510437066
id3175547,910.6693600085626
id3314517,780.7167532715561
id3110341,712.5859476589301
id0224605,267.1581439927421
id0228491,848.2068719191727
id0818067,598.2516382735137
id0924500,989.2936090761333
id3490014,677.8542039923927
id1571200,810.2479204758678
id2699041,865.7694185059515
id3593487,954.2318554420453
id3707252,1254.1940673080637
id0877902,824.558611752983
id3170298,1210.0090342734022
id2578767,954.0342036320659
id2539333,836.0226568103352
id2433975,675.5232785836215
id3014724,995.7208478490312
id3396698,353.9362437907509
id2008097,636.2647770970207
id0200193,930.3808064468994
id1601909,874.1830046165596
id0446326,1084.68287869201
id3055193,749.5196642350293
id1372659,607.6450495856163
id2125912,846.7238758249679
id2734440,1088.4417425030956
id0322955,934.5295727020152
id1621379,879.2895284077357
id0487190,913.4883139867437
id2082194,996.0117893442002
id1265929,1048.115184929909
id0702010,853.5234608911614
id3861052,924.2842385002515
id1960930,992.6262633608441
id2705357,980.3246990926889
id0036377,1209.3699015352274
id3511975,686.0195407981519
id3373116,948.9005957884892
id3648549,874.1164317576796
id1934051,873.6066670897058
id0614352,932.970635990073
id1938071,864.0051881723801
id3803003,1062.0546804351238
id3963834,1017.7977286773581
id2917660,506.4155805091442
id3060796,672.0701642740929
id3675517,819.0269838782463
id2362716,634.600921623346
id0486480,410.66196196060866
id2936604,842.3561071432549
id0528510,933.7248099167247
id1540724,956.3395033745389
id0257758,819.4448770087008
id3783603,982.3892402962185
id1186496,638.978107860416
id1533042,700.4634514802333
id2799183,929.7771693588547
id2109518,627.6191737145117
id0621521,1077.505201809181
id2198905,1131.9279664176681
id0830825,760.7250095870194
id1545885,550.8576419985147
id0690149,889.6839184529441
id3256984,226.27466093524066
id1228808,722.9181462114589
id2173471,431.61668951496813
id3231726,1291.1399576234205
id3792754,960.8227239881272
id1829966,475.8214614284698
id0864366,1032.380814139872
id1176646,897.33502099406
id0809932,1147.754527186882
id1180596,948.6361015920712
id3067880,777.9185564950054
id0102448,578.8411987707829
id2207891,756.1150956580125
id1677939,1153.1381628253184
id0098339,323.5638380193376
id2525683,660.3433042119216
id1744110,1010.6503407036745
id1507799,429.47935187503583
id0467829,575.8138767287965
id1538012,1029.3259843134415
id3739022,791.3271369003344
id2516425,704.6788404514223
id0152890,771.1850521447401
id1510804,971.2930088125996
id2864795,955.6188017736791
id3469086,299.5580061241791
id1447008,572.3801812141667
id3029717,946.9102031023696
id1739802,895.9059625210973
id0308947,977.7266398534629
id0072890,385.80623316591783
id2442124,974.3955415164819
id3494523,494.7208706542504
id0097068,884.267305571145
id1539706,952.0112583682551
id1828555,1043.6631443665435
id3633898,980.6613467877175
id3705658,913.2225048026909
id1690740,725.8793009154165
id2690581,525.6528430166994
id1537165,908.6478023692683
id0922031,1035.952482708279
id0275812,750.2932603421361
id0135315,823.5313422573488
id0387001,491.929735628667
id2931275,999.1193623647239
id1062849,958.4839850882112
id2760680,776.0887469739615
id0134098,957.7862951649608
id3917479,709.9592242173387
id0850302,525.1698698863673
id3116877,756.439288898008
id2177681,536.8094875299544
id0481497,696.1790596596711
id0886963,624.7847331836174
id3442076,646.4606655546588
id3156397,637.8835713388513
id1398894,898.9091017416496
id0196276,702.1364532348003
id1350614,637.7284489818139
id3841864,855.4069521828169
id1908788,1088.0962694349103
id1062570,37.6525784018417
id1322844,742.1140110825812
id2310956,762.2178650777909
id1109213,754.9839877959639
id0738965,1020.5638806019371
id0010277,560.2110432487319
id0566529,1032.9329419576195
id0861953,883.0230436952779
id3340409,532.9523343912967
id1916246,653.7229417863266
id3467517,684.0441020621387
id1129917,538.5930532500055
id3013400,599.9569277707611
id3351131,571.7159623513459
id0436001,785.3321773560654
id1545857,901.7942849086396
id3509854,551.2635801545738
id1468275,964.1683992421995
id0797035,911.4279124221347
id2575942,765.3864364824858
id1554014,958.1495201903053
id1059001,487.3711691314955
id0965610,684.1346521957639
id3156677,805.5464358530637
id0946130,543.1979864132634
id1768107,760.9314544940523
id1269975,796.5933211043447
id1348760,833.9326765820466
id2622362,1169.9228820053422
id3367378,1071.9937143323593
id3224154,938.1787766728141
id1515631,955.4121356369694
id0153253,638.6834479597755
id0378647,896.0660795775904
id2837601,815.9865451333351
id3251732,953.1611682740644
id3774764,1170.1092460527234
id0947228,366.2477228777882
id3840498,658.7961766993722
id1257993,1104.9868759884066
id1889276,729.140822884149
id0958540,809.3525053083698
id1339097,811.5141307886648
id1423397,1142.5682098094762
id2447692,765.4673466438969
id2049380,788.4331283029461
id1456970,834.8061173873351
id3382323,445.8383817979949
id3573476,680.7732530453383
id0778611,515.6223009588033
id1415258,643.6846945524846
id2771263,1037.6397061427313
id2396058,573.3687018955957
id3305742,757.423154271084
id2750766,1035.1782145640968
id2381904,873.3132607584836
id3311513,1360.5325801447893
id2991484,568.8261887798986
id2492946,604.3595309221814
id2101970,792.7962918450801
id1552365,729.866223240778
id0106123,684.7240134354579
id1343767,851.761819448433
id1020728,922.1957947602792
id0175180,1078.1398088547678
id2372589,980.5021853324735
id1028122,808.5626937333944
id2566010,1081.1021365378404
id1695161,1001.0707489971496
id0553552,884.5376961703903
id2063161,535.9921643831742
id3796105,945.5772911627108
id1960656,1042.2702877068946
id1954510,1021.8843476797825
id0644638,995.4227772263424
id3911228,823.2383669623533
id1392326,1174.3153139066426
id0161699,890.0335187320975
id1008716,837.9383342645568
id2078193,818.7146134959474
id3243826,894.3837935835968
id0352199,329.3725279271701
id1629016,723.5053164175476
id2827552,790.7323585390175
id2027809,532.1138079215638
id3588551,752.3372896940527
id1453450,1035.1266601004634
id0293788,561.4918556220939
id0933107,976.6798653031814
id0789021,515.0830908809079
id3323940,1034.4270050827326
id0194773,863.362697914803
id2497405,182.15888520949463
id0347686,579.553499302182
id2023161,741.9189400610827
id3391385,813.470223872203
id3421392,1052.3723482796695
id3667093,1078.089222510017
id0231190,989.0742553634831
id2998536,743.3056339205132
id2863366,1111.5790244973712
id2616979,822.5440822403046
id2458460,815.8608634450136
id0858667,601.6134738316232
id0759784,595.9122244061895
id0856386,676.2054409596424
id0702586,589.104590415802
id1592449,1074.6030937855053
id1480045,919.7372243812807
id1147598,1047.709203636852
id0996993,617.9683099425957
id1224906,699.3232352713366
id1439181,591.2641100248603
id0456752,721.1266779877478
id2100083,857.4682090996295
id1107541,559.037345346378
id3087403,717.7594844573754
id2712551,591.2207507736206
id0656665,447.80158817894704
id0307294,782.7121790257996
id3597464,709.5568085750668
id3823253,1343.9027004277734
id1069928,586.22201008432
id1348341,915.0929518733449
id3719518,729.9754909270277
id0184955,1086.4297842595802
id2818123,820.6360516969248
id1738153,600.4977147808769
id0768527,477.8329626325794
id2649582,905.8421844930633
id3323318,870.6291370996241
id1036869,955.3458574022874
id3310466,1322.634563750663
id0765761,728.0953000448158
id3762098,1066.1700515652376
id0022909,619.9820440105282
id2939094,771.4735589154094
id1399021,918.5855845171944
id2214728,490.7455181550127
id3804919,869.0829219767144
id3850170,721.5282802077171
id1360420,533.1944330315347
id3917170,702.7876340919694
id1467488,889.5143067679351
id1264465,658.0394210917451
id1043886,763.9419016841954
id2274832,795.4958154779548
id1267297,1271.2842966053345
id0416872,753.1313607634155
id1920893,958.4075362517451
id0515587,838.9611093647203
id2958158,866.2491672733946
id2517376,733.2971028187342
id2213684,590.9479410803356
id3735743,837.4010846349894
id2196956,412.0544361604762
id2664104,674.0980642780158
id0048064,883.9360536517113
id2971666,607.5695512902718
id1298458,522.6669938803242
id0733441,1419.4805031383444
id0762049,887.3890057567324
id2292759,706.3059765338728
id1832908,649.8184461117497
id3725007,936.2733469379932
id1853137,885.059537449275
id2352323,806.1496681752852
id1260950,999.3372390493053
id0975169,955.1653695063214
id0169514,925.4674407699997
id0376753,787.8620470739985
id3920174,840.566835455248
id3502639,759.958936224131
id2563590,478.33467886058315
id1946504,586.3400874555268
id2305382,798.5129183673375
id2452685,761.9138993322523
id2888196,630.3007190735685
id3114413,769.5130174848757
id2473877,870.7145246094796
id2276973,932.5303086855662
id0672083,1193.6381760440124
id2468773,737.0702998797361
id2662385,934.0861890975244
id2402065,878.1017881742976
id3337069,877.782542280933
id1284813,680.0119132728804
id3588307,888.1186778542692
id0831315,771.9187965615143
id2164655,546.257522610169
id1673093,1189.7276963263375
id0247700,800.9751453654898
id1130473,670.2207912022748
id0078575,751.407297974389
id2482774,967.1099200633485
id0774857,814.5170215608036
id0072203,566.0896442587191
id2993471,821.6035537022982
id1225265,479.81111869333523
id3779712,619.5467415404923
id3992166,538.3836991281701
id2610522,633.5219477830767
id2312844,817.5341838848018
id0277888,751.6414570684909
id3939871,802.4053066211085
id3818122,741.5537448616201
id3696011,973.0388879239176
id1808808,458.72569602599356
id2086275,1070.2638779848198
id2487379,1106.2705822144471
id3949278,859.448678629737
id1898254,952.1221089638781
id3269594,889.996071859974
id2399711,878.5257272001368
id0287685,502.13371508895125
id3212431,1042.0322358109772
id3203024,529.7608757427951
id2185438,797.2369742281372
id2403346,968.0278617517531
id0266250,1026.798464609205
id3480468,832.0255683211483
id0568575,739.6192872391847
id1925404,940.932001217451
id3811739,744.9464349151073
id0546257,1008.6990156132536
id3706198,965.6340988677446
id1926959,1136.7365839986533
id0615168,892.5154204582088
id1012584,692.6154854655133
id3560665,788.5036504841937
id0730150,1020.9932057321362
id2487113,734.0185870932604
id1322890,767.2465136085002
id0908372,730.467893713898
id0689943,960.9686020583431
id2055765,891.4154390499532
id3910445,959.9302998504453
id0962689,510.65048639961304
id0708729,794.849142226134
id2665362,851.0532207754105
id2616019,649.2433708630781
id2922388,922.3080536862375
id1731118,822.9806754219502
id0841944,848.0856083613597
id0858248,430.9706747771574
id3800946,529.206870136158
id2530671,462.13455309574914
id3546343,784.1416018075536
id1998920,851.3808478224751
id2762210,907.124237349799
id0536389,1101.2571559864523
id0359010,502.095277366162
id0904768,741.1242632717476
id1994071,867.5449680738884
id3046935,807.7549959507917
id2018400,626.7345328833842
id0452019,935.5278876589052
id1555949,774.548474719689
id3439190,757.4595995929177
id0901519,664.4642645318792
id2866722,918.1545484468278
id1992727,838.0694859983705
id2895242,734.175621672562
id0038669,1030.3256857202973
id2784470,928.675684634384
id0826139,502.46149506453924
id2901786,912.7038086730969
id3086503,1004.8499795490419
id3122708,895.4838532487552
id3568925,778.589355578152
id2082572,1254.651154861474
id3636721,435.39416791881115
id1074789,794.2936674589207
id1757535,198.27805168096486
id3407143,800.671342469053
id3241442,340.49816743205616
id2717035,558.5564402995533
id1128343,1100.9514229129095
id3902515,946.4968055791281
id2688005,691.0875812080542
id1412234,661.7458851406136
id0246110,663.5249406889493
id0014758,619.3348622058572
id2872049,980.8139401869632
id1468552,779.6392119732278
id0685042,818.9826951596874
id2799396,900.4233919896365
id3265496,854.9924290694754
id3992817,943.0573147982772
id0488611,904.5018495220123
id3581581,796.1397480767794
id0571871,822.523924387646
id0476284,860.5012706147018
id0021271,876.0624103654502
id0416174,889.6355084993405
id3286639,1019.4606910462703
id3361401,882.5206824195884
id2817334,826.619831203642
id1807246,561.5911256053718
id1255601,979.2286764423786
id0994568,614.7890171587707
id0516840,917.036052166577
id3173746,662.4932378971585
id2659564,912.0612219207724
id1427307,875.5011635112177
id0970626,1246.6725482524123
id1832113,1011.5665886323261
id0518644,794.2886704976951
id0966163,1032.299035855094
id1730912,283.8636407114508
id2313478,773.2433924885371
id1650052,1030.29464681867
id2136955,783.6062436008066
id0490204,1059.2448925067447
id1627253,733.6148952117528
id2584415,974.1320787559164
id1195270,866.2688164128302
id1901493,1068.0381246198663
id3643623,778.311679291875
id3982676,791.1358154485027
id0131794,683.1648952689166
id2165421,988.265225789961
id0625309,447.01562372288305
id2750783,746.088120914888
id1814455,437.69434514493906
id0582875,1109.2455382106573
id2956919,416.9620917383867
id2198825,654.4900680442063
id1356970,414.6578080360693
id1221546,1047.4041697186412
id1405517,1020.6104225099043
id2999172,736.7097190076502
id0676925,647.837830283894
id3778011,884.5873549474728
id3251610,763.4246952956279
id2475690,1065.0578359955116
id0957702,483.4728604294679
id1510249,945.4648337264242
id2646456,757.7867295331882
id3506812,1295.7745108449603
id0065952,706.0474893514753
id1728396,645.6412150413959
id1045866,1063.1271201580553
id3711020,650.5443179027924
id1530713,461.2258990598206
id0968241,1170.3075241477954
id3807372,1079.4459785474544
id3197455,868.9972074004735
id1574563,883.7998730458025
id3012532,1000.2516472937207
id3053614,390.8831034462271
id2527520,829.3443981422652
id2951930,762.0196136210244
id1138004,959.7151645809547
id3024506,570.3203352451354
id2432432,988.162484720524
id1251630,964.2392144859919
id3270728,852.2823127206025
id1466389,483.3813514612756
id0426860,946.5130379365472
id2910334,581.6023050187054
id0954734,808.522682879466
id1199216,947.6193264223001
id3778453,623.2291245712239
id0885927,842.504076428272
id0812345,617.1898770942358
id0826701,703.3201088797615
id1884905,965.3156027640302
id2590447,904.698706074596
id1703344,599.4191754325739
id1205338,1260.2210577199817
id3683015,736.1468557674114
id0903630,693.5077866218345
id3314293,656.7212166877856
id2779887,833.7627046683294
id2832216,890.1883820930309
id3161165,1138.8911377581753
id2830604,981.6829623568054
id1276779,599.5930449605814
id3425501,684.8193525591618
id0582684,688.3221194596204
id1261400,683.642554790215
id1414764,1300.5102432633726
id2451525,1103.2928106043669
id3232790,1033.1380619911406
id0320720,814.395396320474
id1541108,690.7901887456762
id2401710,674.8272849027916
id3527704,697.7219453351563
id1347409,898.7563581587659
id3115447,623.8993821231261
id3067894,1020.0906626747676
id3686955,385.0995142454935
id3056150,1125.9296990703351
id0822161,856.1708154001294
id2086191,975.4146818434724
id3320491,669.6767003024848
id0311511,1115.271108884766
id1003257,867.4012697938339
id1100260,590.4233060465887
id1098052,762.2415004742454
id1257236,584.5552675004891
id2845920,640.8696580287852
id3282666,363.5815295503718
id2653917,862.3494468294293
id3109527,648.7634893438388
id0204545,779.1554201193079
id2881959,1022.9726647686748
id2176204,914.5609819047781
id3720364,804.1873606406527
id1598023,971.1551312102755
id2112913,655.4427070507643
id3785717,794.9376874701093
id1349566,403.1696193144666
id2967586,390.33157453490145
id1616314,766.0190124254218
id0432424,623.5326621462976
id1851301,675.8338046312438
id2412239,510.8671749904446
id2055667,971.4283288963105
id1586857,912.3381004108883
id1119928,836.0133807431341
id3357991,963.368131067888
id3392462,692.2611806156303
id3293404,184.70673994240602
id1893981,696.2543414460486
id1767381,988.3547228591947
id0330933,1256.6603190406406
id1671270,582.6375281876547
id2508114,1049.1226585952813
id3981570,927.2992590562803
id2788783,678.5610242809167
id2957156,934.5646841823584
id0379398,649.9825590952886
id1438417,740.2437457371559
id2027717,1071.478416291954
id1019738,949.8923727065572
id0040121,992.8010849910445
id3949545,1121.0885407865487
id2065862,870.5194392972643
id0467997,834.5683833427594
id3715967,382.13542082987146
id0267474,767.0108880634681
id1632509,1036.857731300772
id0153971,716.8539578386137
id0415743,791.7936444506146
id0061350,889.5712589763282
id2591961,710.1874298038009
id3389874,1017.300420258476
id0268305,914.1187432808368
id1723803,1052.8108029678901
id0392943,751.5355572584025
id0961526,459.51155023801255
id1292715,891.3347549340712
id2027445,965.6275435267844
id0669583,728.2122757809783
id1284089,954.5733746621784
id1241428,689.4367785853755
id3272635,713.3116524228037
id3414111,601.8715432153169
id2080568,1027.0507980340847
id3612722,743.1161473365203
id2553506,985.689139971009
id2567997,214.77695301773045
id0233317,728.0722154352211
id2930076,389.47725025032446
id1850031,581.6154147238598
id1714757,869.7988046801989
id0755674,605.4922870973394
id0478143,621.6378565287648
id3376490,855.048802825744
id3135457,611.0360746441373
id0004703,649.134869069784
id2123611,763.2061182360287
id1649965,766.3476570899684
id0765154,864.8998520030746
id0457947,789.6196523285222
id0661646,513.5000119987493
id2193300,1177.0362522313624
id2894555,911.2553578607016
id0652001,625.8682672214377
id2009074,887.2748325830253
id1421668,928.9947596232622
id2366853,916.8716208586874
id3446350,947.305355844117
id0568982,1046.9052597755638
id3508760,672.9871875165974
id2650448,600.3291725014227
id1132691,689.4454400960291
id3860846,986.2435060692827
id2045393,368.8474495721216
id3376659,855.7232145907221
id1202198,886.5828278887059
id1962321,816.6771139961794
id0681645,521.0337948787868
id2065881,613.3652461652342
id2478301,802.6240462355239
id2100415,952.3005521196332
id3640044,748.4723975613721
id0457474,973.1003910930887
id0501035,1019.8904902921233
id1076707,722.5584544901315
id2764339,700.0348272187732
id1111927,443.2879965093934
id1836412,748.1285424147928
id3998657,512.1653396573068
id3981548,834.0904628897521
id3820866,812.3486058073868
id0371133,661.0953253464644
id1219496,584.4248919205141
id1004449,717.9876627266904
id0713993,1009.0576706519706
id3949978,823.8588075719438
id2044417,1115.3807626830671
id1160262,425.4465053326866
id3377390,621.7004809374075
id0036270,875.2660641382761
id2002758,819.3813308178719
id1980473,959.2205621061341
id1678763,802.6333307412934
id1942649,935.7675102487253
id1466897,846.6490379777252
id0054852,742.2994244882838
id1994155,861.70513495485
id3439085,908.4914124627358
id0648715,735.1495458885714
id1767169,971.8868862509471
id3172251,320.8337318214637
id2460211,755.9858422201698
id3321341,647.5345050362165
id1139493,951.0624089141518
id0068928,1265.7051719321623
id2651919,824.5131185824351
id3975127,881.4898041786253
id2361947,1040.2404960302654
id3838300,1051.494429149251
id1548760,888.3983503338327
id0447822,675.7428789718497
id1564947,366.2122673093396
id1442767,873.1645246125717
id0326888,744.8889641794327
id3384035,583.7301718602539
id2985603,936.868887934293
id0927552,650.4626312389638
id3324666,812.4026055587976
id0847627,581.2700709871665
id2600930,370.7377629852757
id0800592,644.9656259426156
id1965488,618.9270795392027
id0727948,562.410924166829
id1553844,710.774917703851
id2729257,1091.5683528941206
id3204580,785.9331272001926
id2765805,574.570334471566
id3640554,929.1213121713631
id2709476,908.1943769746877
id1362300,1023.0713265668217
id1027869,610.1392357901417
id0921226,955.9540228450875
id2760571,710.1271670621649
id1163624,636.1336774525653
id2167531,1097.9455388825245
id2653794,715.5042581377157
id1247766,498.095504374536
id0995043,710.2836133428648
id2227535,1202.529975267173
id3318082,929.918701606672
id2651303,925.3677834424564
id1281617,1044.848411652379
id1644479,492.7747694696597
id2875426,1238.6804779947809
id2416752,637.9319581402907
id2897711,889.6755163795833
id2554393,725.8210028705458
id2785985,612.5201016992058
id3207103,1257.2191894871423
id2413702,682.3069200718803
id3906533,101.76023920088278
id1153728,948.2841902175728
id3657195,304.5231795453655
id0219415,866.607852512586
id3526806,612.3883277976873
id0426324,1167.0624868585667
id2219800,887.606022606735
id2389659,678.5081166694673
id3155099,382.9244103217774
id0476803,857.482847087052
id3370281,896.309546493123
id3793050,781.7854949504728
id1798165,890.2974399678234
id1604789,786.0950030706274
id3102304,781.1971450661031
id1036729,839.825464942986
id0157435,642.6604956522453
id3180327,678.8527462593502
id0587555,1070.7867121141412
id3789957,1102.4602159411343
id2485644,653.6111826453017
id3611599,966.3207002956598
id3150597,697.3855239560594
id0053985,1015.5942261859019
id2609108,802.4151466480508
id2829172,864.6141757283225
id2410440,711.2030231418311
id3585997,1125.1886365175144
id3401512,920.5916418878471
id0191047,559.7367931054766
id3260246,881.240558276977
id3947156,880.8742577108982
id3757776,685.5274722915975
id0832953,255.93258211305533
id2309276,810.4992807029007
id2251113,856.0439524108544
id2564716,622.2159953929361
id0265334,635.7569169714642
id3989008,682.0116378800326
id0789135,382.97111142676135
id1590756,563.8760114776993
id1756648,453.8852451831802
id2589141,1153.211076220506
id2061403,534.1800982346572
id2009620,1006.7378510580443
id3074087,1027.9582122716456
id0278382,1200.0147069414688
id3387020,1139.3474270443144
id1795390,471.8089811640244
id3070139,651.1467232115164
id3207000,763.4189988671274
id0458578,522.2214042838607
id2003593,1173.6045533819952
id3600437,696.696324078102
id1518156,884.689897607393
id2944973,821.4969530227642
id2974644,547.6971957410461
id2951665,828.4923459750137
id2508447,418.15737475864756
id1680013,997.2377531326699
id2097039,613.6346549330365
id2017966,537.1399992182578
id0816374,848.0658239965578
id1863491,920.8006945478072
id1811878,1297.1734373085624
id3174879,951.0446678553325
id1798455,982.3568847264122
id0907502,577.7367188626629
id3580328,590.9254360935779
id0130508,1177.2243133387713
id1866812,912.1718911730112
id1655804,1117.705844997308
id2120282,1145.2719529161602
id2332848,901.4319094100599
id1614835,653.4551937351561
id0268495,974.0705918061722
id1167160,679.4256746680221
id1186046,960.1605089789124
id1201064,705.5618073810158
id1047482,847.4585341177789
id2025752,1053.5885047838738
id2303103,1016.3256710973103
id0852981,593.8327186045169
id3387078,1017.910688446695
id3423858,668.8926337222945
id3754933,435.6979569059298
id3399823,617.5997466755249
id2569984,862.5716362605602
id0676832,779.058881808611
id0164387,663.2158300942497
id2997400,612.8354481924298
id0102128,752.580660746947
id1676955,817.6394603102117
id0460252,724.4609844483591
id1373521,479.3069644404229
id0282508,997.5146990525309
id2141624,863.1090936990412
id3814624,676.1302941223285
id1066952,733.9280297024962
id1793875,987.9587657372525
id0954987,876.4860550659471
id3297084,684.2552492171152
id0291012,1009.0370136278599
id0053581,811.485045132723
id0823715,1064.670072816512
id3116082,682.9099099931283
id1728607,707.9902947212757
id3344729,819.2448789100418
id3895434,615.4129851313601
id3479430,956.9602909381847
id3705586,470.3996134157209
id3498977,590.4865018229465
id3413886,621.7846005219703
id0533265,1094.5610678111725
id2432498,1111.8739339899596
id2906558,614.8813168983196
id2788625,973.8255859559214
id2189717,1094.8852602441225
id0111290,1147.9679563922023
id1713075,757.7375931857182
id2295518,640.0625541219988
id0617476,520.4379632708936
id2032724,902.4265938444123
id3601167,656.7350086069087
id0050191,654.2186963399665
id3806590,978.8351288472194
id2674847,1162.7446278279124
id2316179,1122.512714893314
id3655609,640.7468368753346
id3730895,1014.8639029170998
id0169553,694.2743397753736
id0890712,364.4483445839037
id1672896,691.3641084365601
id3269948,878.5466090024765
id2293010,995.0120599147463
id1062021,1026.7800540162605
id2437855,653.3597611238195
id0346648,680.8336842472561
id2111972,723.1665640726507
id1531741,921.035761662639
id2375087,1158.3415278013065
id3025931,828.6926634602141
id0629736,913.5740816168988
id3365518,248.7292155205259
id0169379,906.0545146936953
id2346351,807.1619102196527
id3378098,657.4465262645043
id0563060,742.0269267243419
id1315756,155.3380372470934
id0685585,988.3856679866211
id2644620,1055.5534509593926
id0148223,731.0733534453138
id1167972,868.3289359698111
id1420012,891.0848396038072
id3028830,534.4725391229154
id3115943,823.7814689019991
id3750971,901.0867175008394
id1524320,680.3104570430287
id2352112,887.5093394230124
id1590462,832.2756863411225
id1594614,1052.0721764015918
id1482618,972.2366110181184
id1982573,739.389389809326
id3226532,1124.2870303918758
id2393936,762.8219500289962
id0005214,728.2581993730299
id2846249,896.5633651495563
id3190832,688.6518992029165
id3849208,740.6062495757591
id1791284,1013.8578850934687
id1848660,761.3465895070931
id1738083,394.0941435790221
id0055546,619.7335813845926
id2485821,666.2058113370675
id3640448,771.3818628096766
id1428426,519.6096780305337
id3258448,735.9616389368193
id1947400,487.95837782529617
id1152706,609.2377092261061
id2746754,985.3247327521585
id3980447,341.92941281148865
id3952408,751.6286250800364
id0179291,687.2608926434579
id0678414,448.42749131630745
id1342075,1093.6306000369102
id1682991,853.7148922711405
id1650037,494.491966911244
id2325041,827.7723373356281
id3265642,856.8044856941483
id0982826,665.6308644749182
id1174228,912.1792525206461
id2962065,884.5637063828054
id1503345,1035.8389316525686
id3545604,1376.0614369663956
id0927688,1155.0115667230416
id2515352,936.5841581154514
id0811146,145.10531595966202
id2291993,1006.0917726691725
id0804606,733.0574853124249
id3856862,966.1498232337657
id1821650,843.0625896080254
id2672520,911.1928281146735
id0930498,318.1205988415054
id0410996,634.878121339477
id3892605,769.4643123701544
id3009884,940.3207067997491
id0429425,913.8016161818377
id2031489,999.5545955380218
id0220805,708.988191983259
id3838355,955.9571026814913
id0218649,1050.600429490319
id3943880,730.4405181092851
id0729911,888.9773622125734
id3719472,647.9229529641337
id2685120,1177.5728401545211
id2064006,753.6306175129292
id1398065,1004.747448537473
id3229176,779.957251025368
id3326773,742.7394795687969
id1659048,1145.7862452092315
id1179046,804.7961750369483
id3334241,983.8580170256032
id1494952,703.0450365482902
id0008448,696.0603789877033
id2707618,400.12259493101794
id1326743,395.6808452571713
id3025142,920.4419770985995
id3403009,885.9011646253111
id2084032,987.0679067397085
id3764596,939.3921547069332
id0385569,441.2963184112142
id3191877,1091.8654949919778
id3044421,807.3536795970251
id3104850,710.8571821096627
id1278692,977.6682323966097
id0834911,615.1918732297744
id2317265,796.3709852036925
id3723404,956.9817702199829
id0805049,1178.9615532678538
id2478729,996.4244403531837
id1727488,1018.5243027374063
id0008784,724.5554469497409
id3546720,788.574317992491
id1833129,765.6151224054457
id3440441,637.2123909773036
id0602336,515.4560359999232
id0165131,1065.7020782841223
id0223030,788.1728610283162
id3119804,824.3457819912574
id2013468,948.422565104426
id2704321,894.9251288069948
id0652976,818.3641087566075
id3258528,709.5802579560109
id2521818,865.1982970173543
id2704451,581.7331315637489
id2013722,669.4337841643262
id0521707,840.5089004055314
id0604306,772.954881720544
id3316803,943.61376444271
id2534830,1016.9477899495652
id3014113,638.169876632496
id0117085,698.4959888602448
id1437510,830.4942737993218
id2198194,770.0548372453351
id3945028,776.3065496457814
id3871710,1130.776407130137
id0656592,984.1156782417952
id0461021,722.9032901453037
id2038538,846.8399525701755
id0581053,1186.7930429783387
id3354399,502.3245223687552
id1453253,707.0067777479277
id2244605,934.8839668324422
id2955853,632.670744088723
id2642876,650.9203934502993
id0997605,908.4249740344037
id0809106,1011.6589302743165
id3313138,863.757224201819
id2479185,518.0978331295926
id2402293,786.9511589409796
id2629091,1002.2652046330813
id3460125,717.4736739346099
id0350998,718.473979960906
id0957883,716.7728469952652
id2203499,745.1803479399994
id0630594,1012.3801910233918
id0616418,649.7590125280257
id2879917,924.464946470026
id1045025,597.0985708784718
id3270824,813.4743676121853
id3871629,890.3611897486628
id3795988,940.4593817553813
id0773022,1131.566678614937
id0390415,603.6546716416576
id2960282,819.4252806855607
id3289709,742.3674272622012
id2119142,989.3734025290349
id1942566,1105.6913921584055
id1187566,1051.3492942300118
id3790213,522.8576453669843
id3944144,625.4380685995144
id3432186,1144.7961415901145
id0349599,851.3174201058691
id0178278,373.1714358092808
id2463373,925.7443001073341
id2732059,671.0069380650131
id2197711,516.0034531491235
id1410377,781.5400299832131
id3015707,994.9650729866112
id1055741,732.8297769811243
id1316098,833.7583196163035
id2012665,511.4308332051264
id1512551,946.3855492771933
id0069847,723.7546157763437
id3618948,976.6217687199667
id0638642,581.3558463141937
id1950639,1367.9080694806948
id1197196,243.71080342365593
id0031918,781.0181599317641
id2447114,771.8656430925424
id1390689,604.0977576180829
id3561873,376.77022982467463
id2779957,787.5551907064529
id0438547,1105.8775254078666
id0060444,810.4902794876004
id2560599,669.106171329675
id2076637,440.2117047016866
id0997363,944.3871969409741
id2572157,1074.4976905545839
id2257757,1155.360499733101
id0413794,1128.398090273538
id1971199,879.2957462197105
id3844962,768.0660108374116
id3085963,836.9170661745467
id2925899,716.8439180245223
id3005914,973.2923798575424
id1101797,767.8610931042151
id2601053,472.5495339349371
id2631983,1078.3180084858975
id3443853,624.5836938368841
id1820180,587.3453423719868
id3731435,762.0978181926939
id1623927,659.8052882276514
id1489180,982.3244420982855
id1211235,1351.886399752719
id1978190,609.9418988050661
id0265778,696.1718691173364
id1161413,686.8693372538684
id1344845,674.2112170840292
id1998690,741.920588116255
id0986178,660.4581243027033
id3618170,754.6349875998847
id1563764,527.6863822797036
id1329524,987.8377356049904
id2305494,863.0446671872203
id1731087,994.4473458412798
id2418070,814.0479516368981
id1410553,878.4307926775165
id0908907,942.9343398292825
id1307200,871.2227855790663
id2921460,1043.4431094731592
id0468637,979.8002583665226
id0088891,733.1966832713612
id2659322,498.2612484071741
id3564727,881.6901625715088
id2324536,319.9220062651032
id2864861,719.5548357340779
id0580100,1091.8141541519276
id1955176,1025.0816806028681
id3366453,701.8189658234896
id3886308,597.3215441695428
id2398353,817.4276630760208
id3769464,856.3866822267588
id3432817,869.1719625789863
id1898686,1032.206345972762
id3537777,901.3111706645764
id3507784,1110.1981452337648
id3872170,562.4308599825342
id0697124,546.1338534169819
id3808990,1302.974373329896
id1746985,777.1997609338938
id2271354,976.7568011134714
id0993623,581.1574820191532
id2845528,965.4810298501551
id2399522,489.8738877269434
id2586245,729.1900787766957
id1723372,880.8164650631925
id1510591,894.1460577344496
id1576801,397.87628353560814
id1848129,505.8945618039454
id3066777,743.9628409994984
id1941391,740.7553417199008
id3032231,953.015110285147
id2596638,566.5025112204687
id0242165,586.5321346678222
id0169676,747.232491319058
id1461820,334.14364526020927
id0287924,759.0612315188228
id2912124,678.6029785685026
id0688676,821.0068074521787
id0956875,685.8213022591503
id0087902,1310.5334368246924
id2947124,293.8032503689293
id2568497,881.9514436008167
id2760455,788.6488571789602
id2880636,1153.0985741475681
id1711857,1004.4617407511162
id0291829,744.9461361264059
id1275022,1102.5840262856448
id0562659,655.7263145760126
id0147726,872.5892151853817
id3061024,894.2422773470167
id2683128,1080.5742938977212
id2200243,904.8577367608706
id0422255,613.2327636141466
id3290200,1102.058154555707
id1381683,522.1577202564956
id2388757,1213.172734479917
id3955760,1143.8337151824892
id3813159,656.8230912100895
id0958749,1190.4956029245
id2224542,995.9767660518544
id3040646,822.1386575144022
id2657831,798.7586715169524
id1536570,769.5731294801427
id3699625,692.8400952646252
id2727852,1234.6488647214746
id2523163,700.8055046656167
id1429499,767.8462855551622
id0851364,807.1317161459158
id1850098,363.6651038836762
id1337127,878.3962134484491
id1172185,675.3675321477971
id2733247,909.8251043534954
id2038346,853.4238706401314
id0869866,525.3025148101228
id2677920,696.844793458304
id1532730,927.3646816328958
id1156614,761.9082629068292
id0345359,787.3347745822414
id2506664,809.1003212797046
id2120463,782.1499206499403
id0006564,588.1315909996614
id2824609,824.4028069453539
id0616885,712.995198370541
id0668978,225.22796515581888
id2581676,1077.7955371052317
id3340742,634.2452346267729
id0749310,308.50025697714665
id3535175,966.4566841200482
id3714246,1053.8383724303346
id1665122,832.5004351200188
id3071021,577.1408308753078
id1538221,691.8819053403641
id0186347,841.2508646123463
id1276011,1084.9361282107054
id0065429,643.1487430120184
id0998112,730.4852084924987
id3046981,942.7028117682652
id1987311,855.479018101255
id0825794,773.0922553084226
id3055975,1123.564206118416
id0044136,755.1049074545616
id3347892,842.0264532365635
id0226508,1138.6956855061176
id2074480,899.0811524654035
id3718177,615.4157605464454
id3106473,727.1724340644726
id3371731,656.5664551295607
id0489428,539.9883773540218
id1715447,611.8962472961629
id1637659,38.04244103646703
id1814808,792.4312889894461
id2552023,695.0593995526865
id1172333,679.3121607489362
id3262696,986.3519681836752
id0702161,667.9226499066519
id3933203,412.82057306607163
id0737577,878.2426433200543
id1749606,924.0659613538752
id3919288,886.1249485153394
id1187562,1162.014268154249
id3925393,774.4860360488532
id0189169,923.3311192803455
id3324058,1152.5349008321532
id1915702,714.088950079892
id3987730,858.1563991993463
id1515014,859.0465064109511
id1553581,868.0534598111169
id2006405,914.719912233746
id3479432,506.2519581831572
id1846422,909.087264941369
id1682621,1121.701007138075
id3368211,957.174194391279
id2220760,1146.256018187315
id0400225,575.7567693213258
id0142819,880.109777138024
id3357103,577.6458166554106
id3837380,855.5332448305688
id1906645,280.78994235880856
id0303838,732.3425067547474
id0260584,944.3272474735072
id1383197,584.4990030616669
id1765191,687.2207415882779
id3785773,994.0846784768432
id2313511,919.20205656198
id0468750,755.6472036824752
id3654283,642.5104544912427
id3740507,585.8917436372795
id2353170,877.2240734461451
id1235866,676.9275922903666
id0876001,622.8690693542476
id3317663,926.0475228861253
id2083612,538.3499980234621
id2043549,892.3540329330029
id3405428,1045.2335222668385
id1718115,679.6236563743662
id3743865,414.25642808465346
id2459890,820.8888756722822
id1866762,739.8772816377192
id3662461,675.3008867791693
id0862224,787.1242156966644
id2797840,562.3849973519531
id1945871,987.3230980117355
id3281583,596.1599866904793
id0058157,659.9643540555704
id2310683,1226.9029158737828
id0193725,649.7837757114156
id1549380,642.7643060488986
id3033906,601.7018203249525
id0828198,876.7919605191647
id3385295,969.4737834236153
id2780280,811.3765054188748
id3546072,774.1878839584604
id2951122,699.7321848873313
id3280526,967.3327112326189
id2003587,1010.5933495238538
id2301013,693.837513995555
id0890333,858.3893264569833
id1190727,498.83568162089813
id1246220,1030.7483375198353
id3652773,905.0001308232268
id2508263,534.6086117848737
id2920518,1265.5830774579852
id0635940,778.9570903206767
id3187628,783.1901680667087
id2757086,798.2706478702853
id2871408,662.0633471677846
id0092245,641.2667879153487
id2155445,1013.2533696880196
id3399756,739.556603819563
id1025038,1090.4802044879157
id1470065,487.57872761875234
id3737631,1193.588636514927
id3425573,881.7307405467812
id3066430,1033.6122031413352
id2235436,591.5330221888806
id1662874,658.6711417259677
id2667919,878.826424652694
id2605109,924.6869805462007
id1603391,940.7416219140688
id1030945,1028.2980733734184
id0285444,636.0725700598173
id1866997,844.8143261004257
id0657090,548.9702452469169
id2974935,574.8458558632522
id2767716,1107.9328611554645
id0340193,401.2950035679137
id1790614,1011.8777326732735
id2499942,838.8799363622974
id0504533,877.2079475686036
id2304135,862.864189825401
id2809455,722.5081094046684
id1195631,508.8416887126487
id1142861,523.6889145443906
id2710041,460.86542593604753
id1780988,598.3302347485743
id1908092,818.1852632739971
id1661273,827.8757805978182
id1699467,831.2674282128684
id0116120,998.1752231540034
id1573692,795.2565611641908
id1976581,933.6466171837272
id2833263,922.2686230216473
id3973163,761.3169262555281
id3262792,875.6239531795737
id0562960,1110.6443190033629
id0452701,1072.1617334888676
id0004611,915.719448303345
id3008372,255.93257837561703
id3860558,1166.3029923148881
id2564635,771.7701171205722
id3075537,1091.681632660184
id3405570,1355.997157425722
id3740722,1358.4321575431425
id3362215,828.3111702157203
id0859362,1232.3316301812597
id2540910,733.0582524095144
id2418682,776.6687003199769
id2781278,625.8281142211497
id0397023,1255.4628308282413
id3714865,948.4693932991034
id1690968,350.6724147703466
id1401092,727.9372631203123
id1017250,876.4722404902941
id0375061,731.0680405576146
id1659265,687.5297859802819
id0646353,848.2938986962628
id2610469,888.7595385594714
id2216881,1000.744159248236
id0269713,996.5098000381277
id2425028,874.9650827222117
id3865111,640.0748430874232
id3430482,797.8614421528152
id3516174,1086.8758608877029
id0529605,1104.5441552570855
id2781394,812.8523129585946
id2447357,817.0925395491518
id2425566,541.4393732457081
id3764135,814.0674208289752
id1638636,670.5701562942459
id3185400,1185.1178191966123
id1498383,570.2709067998209
id2180075,522.5835899829339
id0169350,599.0862626128455
id0482463,827.1223998563657
id3558655,851.8092158960039
id3989487,708.1099742603803
id2430181,694.5558829542073
id1639726,407.08141175574707
id2743356,484.7880307066778
id1163790,977.7073796327978
id0696867,849.4835736127733
id2024105,569.188063745476
id0474603,942.8250393409032
id3188325,506.24284148663094
id2467874,930.7354132120896
id0604019,999.9548461283691
id0865723,595.182925695614
id3678023,856.5932086619198
id2820549,958.8302016153019
id0367361,1005.1096736763833
id1063279,1235.774032760115
id1695367,546.0330664851422
id1146058,1009.304103132447
id2553447,928.3348554386034
id1632564,912.7226597711683
id3093290,750.9373514950225
id3695619,1091.9224045244955
id1680648,534.4815551624753
id1602124,685.1391051300591
id2006792,996.3403754479804
id1014909,806.5382106874315
id3172170,538.3368085529758
id3253284,991.3438887148848
id2928821,804.8092518315799
id3072042,374.7356624059044
id2989063,900.2205302882877
id3356223,1101.8959107956591
id2552502,868.6471377915663
id1195812,1072.0123631650172
id1961114,1122.2710750702088
id0230182,896.5984098150948
id2180230,810.7366204598153
id0407867,638.2095640608198
id0663919,987.632534191855
id0689391,723.9183423466663
id0238383,642.0509495172668
id0993294,834.5810008630409
id1895006,849.8045239484868
id3330606,889.068061733864
id2762115,750.3740020803488
id1284627,1020.0621378992902
id2019479,616.6930017562246
id3407406,1167.2066895738928
id3004820,521.2532777172854
id3426453,1192.0539726938298
id2339375,1041.928568105471
id1703956,923.3933268818014
id3391024,795.9430449481382
id3261057,954.8630505460719
id2976083,667.6336934626562
id2501478,752.0772681581967
id2023832,762.0417758186154
id2141229,378.6452968058304
id3008745,570.0544118491271
id0227148,1029.6518230444296
id2785408,845.874047084395
id1686927,877.5430650516613
id1179498,972.3511053850432
id1718002,893.9247879632625
id2184015,724.8038980541353
id1153356,817.5265769565865
id2462884,614.9145663925681
id2566734,598.8593890201137
id0575626,1015.6216366453599
id2441849,1062.363529979078
id2317943,784.8718818601333
id3337012,621.2071869679875
id1135157,740.7854577221676
id0167085,822.6911265112361
id1490080,797.9552144351945
id1916357,1052.3519189166145
id0454507,701.9275957827344
id0497728,757.930037704853
id2182246,721.0181716089307
id3539183,788.2461762634643
id3288703,628.3774759653263
id3767687,916.869207316936
id0618509,864.5024319829373
id1881769,573.8209741991034
id2616079,823.3764371211412
id2854168,625.0396416791822
id3873234,756.3587711058733
id3804439,653.7408207084177
id0657658,568.0787634168425
id3227131,1045.7868006057467
id3087090,822.1990307232278
id0515470,985.2292514805528
id0252566,985.1465043449157
id2754498,908.9776872865401
id1474554,599.274366151067
id1699805,756.6996680780538
id0674649,858.9069114899066
id0539854,909.097698188013
id0990531,803.8748654008416
id3108657,423.7659012655702
id3343108,1058.562555780306
id2670160,590.6075581541212
id1742666,857.8700831431313
id1259810,889.9846813712481
id1821509,691.8896340858684
id0212179,722.729647059504
id0453397,878.8856733574104
id0657891,1096.198211538643
id3172172,977.9001146395422
id2673717,1027.5281661287888
id0716966,1155.5522176608858
id0695162,1189.4903921801472
id1770794,1164.5702120719561
id3605755,319.86615365233035
id1755497,629.115699931339
id0631533,708.7724070674894
id3155541,33.576512349071386
id1075547,862.1080977051148
id3594671,891.5813023042205
id0783842,774.7657781529205
id1057930,880.1482175574829
id0620421,736.254088381324
id2470478,506.5488649268104
id2791719,931.8719726737729
id0342800,944.3145954216551
id1589054,1059.2360237583655
id2707722,861.8901888032818
id3534730,662.9832675425685
id3021890,904.6238773219518
id0170358,601.3658184156368
id0166152,875.8977983444514
id1947172,983.742749237892
id1684071,810.9263308181532
id2598907,537.609684354484
id2452842,716.2394982889953
id2315812,570.3111622730785
id0758306,615.9810229595928
id2642595,487.45643946726085
id0034248,1036.840847707067
id2791921,637.4341529461423
id2909214,950.3171143780935
id3504718,809.3596264030035
id3733644,719.5710429452823
id2465082,941.9291593334698
id3752455,649.4565096657021
id0626964,487.4514905643628
id3976378,1079.8130812805193
id1799391,665.455994222114
id2310826,786.4206596015889
id3323527,1009.064218091303
id2321312,1096.3095263580672
id2023108,1072.7702063470663
id2990266,715.0035399441919
id3330194,907.0211875158269
id2355297,560.9670906231754
id2064936,1158.3940514945336
id3547354,810.6329285044404
id2100586,671.8237695216429
id1501938,635.5508598073603
id1008522,788.5939542168758
id0721645,518.3275760564128
id3381585,775.7841988927047
id1152667,934.9084724805356
id2581433,583.7974168774574
id3183318,908.3961250305476
id3241643,801.360852288229
id3819455,588.4382241802831
id2484873,829.7335950289001
id2761352,400.91972109699
id2163149,625.9406517651782
id0697338,534.569831822957
id3944070,823.6648909882604
id3428414,894.4225741089036
id2246134,1100.5969345211781
id1601722,1153.582518984763
id1462226,402.8230777760839
id2374704,871.1291622491291
id3556010,995.1526117398536
id1102498,717.350364988465
id3507184,655.072303077389
id3889822,929.9356196323876
id0089674,755.1818664906205
id3793165,926.1916892028569
id2918125,1060.7481961040826
id2286105,1162.3818705228623
id2923809,472.95275797591654
id2108075,515.0153381826766
id3404937,904.8835857207793
id2342413,799.6285592961068
id3385894,1004.160058604513
id3663599,842.0061137324132
id0931084,978.9533552602051
id3462112,1029.9100620265306
id2274598,844.1673443438756
id0562247,882.4871488977891
id2064462,870.1132402921301
id3565381,639.1663233986009
id0497109,646.6668705296016
id1517579,544.6501974651677
id0967424,1054.5472303304643
id2658413,987.8037655172255
id0572778,719.0499117138748
id1547905,942.5909725621268
id0936311,918.9640806059814
id1837060,882.3633471967689
id3078352,1041.0226617576081
id1780656,1005.7342056023087
id1390161,861.7901851669048
id2110437,474.6217305959634
id1292154,1087.1745959626628
id1800443,1210.434767506139
id0699864,873.3120205148306
id2994810,1002.4599105765592
id3649378,757.9768817145795
id2417593,1091.5563546757314
id0122900,895.0157849082981
id1436459,1022.635720496061
id2176403,1013.2826861056262
id1995731,871.1482777632758
id0378951,816.8716776643224
id1176005,725.5023825221907
id0261586,600.4441636572693
id3909586,1140.5325520381004
id2366210,1048.1368918140001
id3530872,703.042144405362
id1413070,640.9537515663421
id1279947,1009.6135712810843
id3108958,1090.3979602852378
id3021532,700.9899803897395
id3492542,424.68888064724007
id3906921,903.6921251724189
id0023943,845.2298290601275
id0856809,748.6379569369387
id3218532,606.021724816178
id2932879,969.7546712613633
id0479909,991.2673359023687
id0182133,963.1086168048738
id2680494,649.7957071130917
id0887783,1001.7664734219003
id0406186,822.3489225114839
id0093985,690.7867552918165
id3081642,1002.0705647574821
id1327609,1015.0866205152621
id3244077,1011.3219024299171
id0967057,750.4449029798038
id2944517,634.5450795837824
id0367204,912.7890832505341
id3467503,866.6307494929382
id0014246,1029.2938760716831
id1063983,753.4694685473405
id1304582,442.51000191026645
id2077564,731.4210284429261
id1157646,961.0244485286862
id3350466,838.1483375016791
id1625710,582.1648186276842
id0574038,898.1872615459638
id2002846,966.4430078058422
id3521689,689.1944200720187
id2945099,914.2730657871523
id1340547,908.4643838555481
id1277334,736.999234993044
id0671616,599.6968967838054
id2855364,1187.223329382461
id0364525,758.0726338858328
id0576921,748.2706290448922
id1406047,914.5756022076929
id1747741,561.5240471560419
id3509763,880.410340551859
id1354077,835.2872466928461
id0268957,968.8351771109119
id3397398,474.8021213077571
id2950071,944.1759724504666
id1723444,883.0169073325012
id0488050,886.9961546601274
id3565967,999.2815812205744
id1060606,493.8920051770108
id1931141,924.4800424462348
id1162284,474.66420988526295
id3923387,962.0195898249884
id0299118,892.4852388103606
id1765721,722.3025501344632
id1273274,1218.5201522238333
id2974944,848.7982299203131
id1612794,599.4021273176538
id2064976,642.6219460001253
id1574152,824.4090885394994
id0304839,835.3794573146914
id2056338,783.8245718113886
id3564339,1122.5567504760468
id2258614,1089.5485898588456
id0393508,661.7358822815258
id0695652,1069.6518259918103
id1219955,956.7093725668836
id3441959,794.6907464680316
id0272759,965.2454993020218
id2658627,1138.1904319688567
id1946750,736.0261022079713
id0941930,673.9436466167647
id3828411,1094.251223972757
id0848763,719.8410153810515
id1715509,768.6068672865715
id3962734,739.5055306249272
id2084456,707.1210393050255
id1415277,660.9328460811977
id3728792,1071.291962229585
id0151452,667.4247699484575
id2823333,335.34466044050384
id1592716,743.8067277423473
id3439106,1168.325993180169
id2768093,671.1679705784971
id2461412,698.3417856839719
id1110957,702.6637384499469
id3454893,730.2880601914492
id2348442,561.0637703255045
id2898868,694.079329286078
id3419569,1305.194112356307
id1125997,848.6230920552234
id1563368,915.6895455157359
id2075723,574.5152344868372
id0630909,565.06967126978
id1508322,880.4155493189145
id3275190,465.1629404458711
id3342378,850.0723456903589
id1399323,504.40065313347947
id0435764,816.2547546302106
id3841612,874.3147126342582
id1596394,463.5301979858142
id0150713,818.7221400184927
id3739314,799.489361137052
id0435664,966.4876334982008
id1015943,319.0003909048041
id2075278,627.3018533821155
id1069246,1113.6192371384436
id3453399,1075.6857354727254
id2893184,981.0543512588674
id3049497,907.1443069414648
id0618488,1268.7987570651726
id2046683,909.421945801221
id3202721,775.890772947206
id2533807,865.1127787278539
id2440964,417.04260901504875
id3887294,642.4602778437993
id1028879,1255.983989501283
id1038114,801.4603190641358
id0163221,554.9982640544191
id3820599,658.8265248812762
id2332759,596.3775434264095
id1342260,1109.9486408838677
id0139640,454.68122462435673
id1590022,527.3558105791788
id1710540,594.8959475208919
id3963680,747.9478980195074
id1395652,860.0050434666565
id1789915,953.3172742231061
id3139132,898.278258642251
id1564695,745.8377509973448
id0174140,854.3887716654832
id3882536,844.8928859381708
id3009783,948.2768455309143
id0807193,963.9466295755037
id1603879,834.1238246813296
id1013157,740.0582244751206
id3333220,590.8806644678386
id2984246,512.6313256553454
id2986821,472.3434350892994
id3562266,992.2973078765316
id3495651,474.8018365767915
id2026555,814.3913923842883
id0698849,728.5850960186384
id2134691,1146.0142762188655
id0702012,853.8584827210569
id3615332,754.6555210469052
id0892248,968.9169383477508
id1026124,849.8261023504472
id2621002,757.5997933216266
id3466349,265.5381182299197
id3749164,958.6192545606042
id0339143,788.4498417624077
id3162471,881.8412921186638
id3613739,910.1300059214437
id0897441,990.697721626802
id2089720,861.8250769211305
id0146026,790.7902833252504
id2062712,731.942580439716
id1478859,1008.9964354590488
id1084530,921.915938525448
id1603910,904.3918634050406
id2839061,614.9409360724533
id0918828,701.3412472636618
id3017135,1053.2214849310253
id3066732,839.5067051532886
id3748681,633.2722214309094
id0343716,1161.3396714074431
id0593212,1034.7234522923466
id3266200,524.0120617100616
id2349356,526.2836701216434
id2543228,822.374673374637
id2042102,778.116847296056
id2242287,1106.5210510344498
id1020593,1087.6398417682967
id0821653,1167.9757422015805
id0052256,398.22510325602116
id3695290,968.7081483732638
id0950235,1161.443342367491
id1467428,575.1034166755957
id3721313,734.5358767305721
id0470264,652.2036172791409
id0174408,824.0784388945991
id2641173,915.6246648908093
id2599289,793.6628268864931
id1483277,687.3953165666836
id2393583,743.5702382298181
id1760480,977.7894489167937
id0823963,749.5691234944073
id2101958,818.1369232770871
id2817885,804.6453769531045
id0359885,741.1263036712288
id3035412,849.1341266482189
id3268428,922.0518567252594
id3345245,756.1585238161821
id0505129,973.7171395025865
id2732851,645.3783951029995
id2377305,813.9086092622392
id1711877,970.8422359404999
id0605649,786.5592653508395
id0059815,803.0717845902248
id2632008,1117.3561098022865
id2081356,892.4444714156303
id2248097,827.1307812021961
id2918932,875.3880189216376
id2336913,753.353626579736
id3930540,677.4750121392126
id1933109,973.4284648097344
id0367004,821.927387124627
id2813680,944.8096662405461
id0328383,830.7343585159316
id0388601,492.04187103220323
id1018496,747.9210051681306
id2204288,1015.7218009237884
id0732147,461.14282182083963
id2074419,456.27294566429777
id3631157,976.9493371977144
id2619327,788.5985225792556
id1238008,922.096720171076
id0758757,1033.6545557544425
id3554270,1089.8637552757555
id2794414,865.9365055202597
id2120983,778.8035765092188
id1749160,652.2607020163557
id2195150,779.3869421059378
id1489479,505.95098742597145
id2993192,613.9245507501508
id2808763,903.8687557419605
id2529531,781.2213250707192
id3234796,755.4693737017316
id3980177,753.6491417783291
id2733426,882.3943675341437
id1888590,731.9835818193993
id0075079,602.0128901334367
id0336084,1026.4181880180295
id3288213,1290.292277349022
id3650536,845.995000856973
id3742813,690.0147714300456
id2868447,1053.2501029991197
id0560368,998.697211706218
id2544793,728.5801629964235
id1081367,1210.438012595304
id3752123,1031.2721101605362
id3225804,374.08239365323374
id3960770,790.4781758865005
id1288369,769.174878451992
id1026920,835.9676565740309
id1792470,954.326545447303
id3892766,341.4243452056394
id0521248,922.6497924707983
id2195580,824.4793802395751
id0263825,722.0881489297634
id3456113,895.4867745767094
id0060546,776.0263501680463
id3102492,973.9631215152295
id3030363,867.8242188200381
id3614522,816.0464904894185
id3485326,592.14890506686
id2691192,885.1839505385698
id3709274,821.3884071127334
id2862952,879.5066661276744
id3977735,206.53827578812317
id1358935,596.7032756761115
id2748611,1100.3107855896735
id2664090,981.7835888834438
id1918293,874.4848099706552
id3118434,902.74377355134
id3130021,800.1355853483167
id1338866,1184.2850292256492
id2326012,799.3969234340877
id1252780,701.9496504252642
id1938228,1076.0596894218193
id2889908,1076.6320234714497
id3905758,840.625725343656
id3171946,1071.1603401157138
id0963070,1071.4081636378771
id0577429,692.7655084681418
id3791651,842.7517553035038
id2577799,1068.969484099201
id2665148,818.5575345265448
id1989873,630.9162833588765
id1531625,892.5396817595135
id3966367,844.394147555305
id0238649,922.8705512153201
id2058884,883.8645938440884
id1870977,864.5654252432993
id3690487,66.12811811887504
id0531308,810.3203860805872
id2582038,782.5522033430245
id3874888,1159.2790718201582
id2742295,830.4939107761007
id3607018,486.8481758850192
id3990854,761.3513406651346
id2618707,625.075440240933
id1553568,575.0593010729232
id1023326,586.6247023724825
id0596625,579.8909738871827
id0726788,728.6286209623228
id2942530,840.1287584453559
id2026732,911.7169299696113
id2415760,827.5370570444861
id0842440,746.7481838831624
id0122726,735.3356557892191
id2794227,927.7677525988172
id0528530,822.2064961141176
id1743519,334.9578326498223
id2646199,1110.1886977757358
id2959375,536.5584191255183
id3907078,933.4259841895913
id0001808,1146.8801024374402
id3094511,757.8089437291109
id3401667,438.97485223066093
id0389581,986.1039044027087
id0096822,608.7473046706488
id1557047,883.0736949737286
id1785809,867.9827792370254
id1285104,1261.4186154366664
id3534806,596.0001741942939
id1156817,988.2735812914601
id2070156,843.860321276164
id3846798,869.8550257640687
id0363450,742.8411924890826
id2148148,688.0927853732449
id0460054,771.8050671927066
id0042370,656.8012715309733
id0603086,882.1041209283972
id3110580,913.9578609748979
id1664519,673.1538451083247
id0533394,517.7323297853911
id3208025,628.1085254760923
id2746366,495.59737551898525
id1457215,919.9242480135495
id3100812,566.6739161699595
id1905499,355.4614935343109
id2706282,1007.6073715075344
id0128568,989.3223854310077
id3247021,928.113224728556
id1159024,808.4644739512386
id1327371,651.4577971539051
id3106602,681.1213063596875
id0698085,1218.6193325906258
id0225284,537.379872564611
id2181011,613.1214386879244
id3000937,817.2457099824397
id1063260,688.7798884068328
id2951582,938.5204522456925
id2058465,760.1287372189256
id0521602,1310.3178229437274
id0198297,634.1201576445098
id0619155,822.4279359226449
id3860883,531.0856204752926
id2083511,837.2642394130739
id0075879,902.5439437408305
id0432784,810.2248359313801
id1356242,880.2685321777885
id1658555,664.7311012275851
id1480293,762.7059548768714
id0703211,853.3594140823006
id2235324,627.5582037482473
id0103679,588.0993965918889
id3881260,633.8198623941576
id2199498,773.0234830577018
id3260243,701.1951854137625
id0208288,552.2872873697414
id2923244,888.6904863353033
id2459656,493.26787507180984
id2280330,972.9000656817899
id2834117,563.7757471689687
id3752334,538.4545241043628
id3345187,473.5053719704613
id3958766,757.0482585903966
id3215475,906.8153752999484
id3438909,882.3349141274468
id0916025,975.5003891950468
id3132664,976.2784411579269
id1674296,711.2223541394478
id1429927,963.8061841273718
id2204774,908.6652315389697
id2614447,1026.977891218457
id2051727,975.9807387531276
id0480056,791.9075282607366
id2360450,875.4784081691433
id2663644,1056.009103781583
id1013121,1101.6627594717354
id1438186,1037.7884505518068
id0607198,698.4836620938388
id2397760,959.5208528946239
id2193802,728.7506907420707
id1683305,1260.9259054861177
id3689522,567.7331162858275
id3530032,578.208183547837
id3728300,991.5902746650381
id2069286,910.3806995352617
id2983074,797.0500015293286
id2439852,686.7184023296296
id0955982,737.5122992724768
id2358171,884.995349661885
id0655112,966.9600977858744
id0294022,887.5787090703913
id0467745,673.8220658648906
id3783357,624.6368932652576
id0120290,61.083238395368745
id3629865,636.6665381918145
id2524079,780.2215215307592
id0523841,659.6639013157222
id3175913,732.549943190795
id2260951,605.094402681126
id0780619,624.4214609917608
id2099033,597.2761744004453
id2308517,1094.3062891779164
id1213898,1053.0465835139787
id1259581,742.3739379202932
id1393925,1232.2128269478849
id2212235,667.0093268556695
id3347952,763.7679510099236
id3289604,823.0172705294683
id3323942,821.2017355835802
id1489484,870.9372541906096
id0960349,638.3561119345788
id2001225,858.563303642311
id0617958,601.595832927295
id0075804,838.529694216963
id0258953,964.5429651214173
id1393770,893.4319225954875
id0400621,985.3983727648263
id1458134,892.2519065153708
id2340402,785.0679120886356
id0990640,305.05925021412804
id3618832,958.0058542208876
id3841187,765.5109802030197
id0291971,826.0528156213404
id0221176,885.4020152677942
id3158932,1109.4584454071785
id0444412,429.24984864602055
id3449889,992.7152358746021
id3020976,828.4337562047829
id1116479,910.3536592243482
id3060776,230.76254153226972
id1119203,594.0073561201636
id1955907,1166.8236118703323
id0954227,1053.7473234217305
id3270420,566.8849973937085
id1268741,1190.9680827246468
id3675613,473.15614951445514
id2166203,1039.6356822250443
id0014358,901.6895573294454
id1065762,750.818973077061
id0139813,986.1418703331946
id3593103,657.277158918705
id1928596,756.5122700786043
id1167763,753.3527173345865
id2297656,741.7950471693787
id0440170,930.7292597251812
id3207475,1199.4443643198274
id2985327,895.6740817500286
id2244905,1077.535659436283
id0294672,508.2531762981511
id0383442,248.24262000065323
id1673438,991.6759210682959
id2543637,417.07296666994955
id0481433,583.4924071640542
id2574697,1039.8732291947197
id1277841,881.5290595979922
id2672673,760.7760693824251
id1455457,1090.8067467094818
id2053845,704.013043172048
id0430653,681.2580517563152
id3343013,814.965125209822
id1255395,934.2082243494383
id0455071,871.3117074152226
id1741998,972.6607519602962
id0724888,800.7175110225207
id2606539,1067.2692611641644
id0477241,1173.975460758956
id1610812,611.566456052221
id0725258,427.93621810967073
id2530468,989.9376785678663
id2782846,749.3921958145238
id3839466,1205.1996571127195
id0311628,1187.0364969434838
id2478823,994.5675076861264
id2640482,408.5092233601577
id2718581,957.4146646403577
id2793505,679.0259193014173
id2408675,841.3349598600296
id1687457,1154.3226304359803
id3392302,578.6947948079026
id1676171,556.5342593129418
id0492056,973.1283815360138
id3056541,1000.4621961386937
id1908631,596.7914173199493
id1193833,978.3960866659633
id1380778,587.0587212950952
id0831317,650.760423653951
id1220173,830.141752703369
id0095671,418.70127880384433
id2407181,598.5696019414933
id3049452,721.1936389383444
id0558183,530.2449866633923
id0327471,1134.174374711535
id0169962,972.0036935898047
id2636958,505.9313319315317
id2261709,728.5348959728988
id3929892,410.87026377197685
id3542573,685.2523791427161
id0875511,539.9156142407752
id2218465,743.7759855322668
id3439136,689.2457667738
id2584824,895.5583443334766
id0057102,835.4931127840849
id3883379,864.4680135862062
id0834541,928.6928334810854
id2837110,862.4869747635979
id2475280,480.52800241558157
id2339247,299.0313992053416
id0460914,338.6441709234709
id1243216,764.7935727693925
id2227339,791.1021533181323
id0726536,722.670830651499
id1241109,782.3529810287151
id3187667,456.076146894835
id2261000,816.729563996502
id3304375,844.3649849082317
id0290696,719.554351314321
id3583691,703.6605688105518
id2655737,1026.773469190842
id0731375,559.6668739470666
id2246647,1027.7043472089786
id1417899,918.4642456001028
id3601343,1021.3064610669069
id1588915,934.3374002365936
id2454589,811.0916983709631
id0864461,790.4543675347425
id0299431,815.8234678453045
id1279867,679.3892361722046
id2079100,944.547862264593
id1312311,854.314160613323
id1786393,860.2446881768835
id3817213,774.5644207637756
id2489720,525.9486620176971
id2284266,808.6132235082848
id3292217,895.8186236315366
id1825073,625.4668763059618
id1190347,801.085206574634
id1371278,963.3977110344459
id1426971,939.9343939171565
id1704705,593.062532931129
id3129593,775.4909143087584
id2762728,739.6776309862213
id0152460,848.7837941787337
id2444186,671.2429449041182
id0455812,1078.844423750541
id3037474,1118.3194339185732
id2557393,700.9292854370647
id3090171,1131.7622535041253
id3025533,574.7564836619068
id2698574,1058.7149565314785
id0247262,603.7667420829101
id2193786,106.01948940802153
id1533290,876.8762622413576
id2176678,823.998523898894
id2748035,701.7946953253854
id1109078,671.2711830929786
id2375621,1095.8740084075678
id0551843,1258.6494428808817
id1044534,855.8502003081493
id2817859,721.9115238222748
id1925687,560.2938101848771
id0889661,1204.3563014825108
id0296980,821.4782655590275
id0513491,1082.8397553461414
id3328637,1070.1909276182023
id3612224,1233.1463034961616
id0213895,1034.9750032139773
id2293383,866.5733572246501
id3827619,760.8986122554622
id0573064,796.9850602561295
id3489723,573.5327848266195
id0066379,1170.5645834106886
id1871623,591.4354126056279
id0507369,906.6578624636865
id1913358,609.1844103356511
id1191757,680.0427996006941
id1946910,853.8566139180323
id2096056,638.2929194064743
id1518816,854.0867142803609
id3081841,710.4233688064312
id2431274,618.5762305753574
id2329999,721.6384640716336
id2041292,691.9796629538893
id2554150,1004.3352299906314
id2251048,747.8537083318766
id0194485,659.6704397842394
id0070107,891.5193007527087
id3546111,733.1722707810035
id0657717,589.8081483022398
id0617875,592.8756218916351
id1526207,530.9802780714379
id3081270,990.6796855747265
id2108252,987.3391873846545
id0519502,560.2106125391547
id0308119,622.2985324198536
id1203403,723.1836243410111
id0567402,718.782581942938
id2777951,798.8245991783573
id1048375,630.798300270924
id0700767,1086.6571460416712
id2570991,896.7746238392402
id2875429,697.8693542175807
id2578514,522.1034318309256
id3497338,1033.4215492661167
id1950065,1281.6297379153468
id1021941,1166.3374563739571
id0088768,797.54662965303
id1706540,709.2919519194336
id1906085,509.71856671931744
id1276375,461.02774321326535
id0747399,729.5646904782336
id1409715,850.0664934668491
id1627513,365.5692569324449
id0350384,881.1147228803952
id2827747,927.4558859982294
id1589598,697.251914531061
id1645096,1146.3755430567644
id3462793,999.1390545380066
id2924717,759.6115100071975
id1278777,722.796829812393
id3994472,628.8166002006026
id3579311,565.2139143762565
id1107766,746.3787836878724
id2191817,564.195405329457
id2387896,897.68843576835
id3978159,1014.5956711302783
id2704769,1015.4825030669031
id2884925,637.2474921337566
id3206849,927.6265890228722
id2245159,812.4355013695894
id2589944,723.7488457323794
id2955812,641.4613431626649
id2245005,800.8273736409203
id2146389,983.7046756867522
id0017608,1207.3581973619905
id2647003,490.7219548965163
id1603933,1010.3201622887335
id1803341,1167.08563629659
id1279670,1135.4539571092773
id2958242,896.6974103345246
id3094932,683.4018705961623
id3312014,746.1045225075446
id0122611,629.8615463332834
id2453965,1024.6641273116456
id0511739,818.7688632786637
id0327757,1021.6504148213913
id0800042,860.8487207029469
id0802295,1011.0886131224462
id3263050,534.396122272929
id1630168,1062.9559286830206
id2343331,931.9835986515974
id1650055,1040.872077567122
id1548826,544.959000407574
id3397613,867.579859723368
id1555518,941.0743847290304
id3953781,920.0169817768904
id1228081,617.2946829357422
id3531120,655.9694173881309
id0268625,259.78814863185335
id3410981,818.9889567308132
id3879786,1084.347034320839
id1051420,903.9158675444119
id1496788,560.163632762577
id3140805,670.1322740528973
id0013876,462.28052585012404
id2630998,657.0245602471184
id1165967,1224.8419992491322
id0236091,885.7154281180228
id0594579,973.5515694119317
id0914952,992.2719817105317
id2698283,712.8015501041361
id2771629,893.7840958376866
id3183238,998.4301542142409
id1072685,728.9793985702892
id3372105,941.4332295109989
id0790048,863.8375155420348
id2789393,904.7154107387701
id0123060,917.768436981704
id0646366,815.8950703726877
id3029193,771.7280992902448
id3960306,792.4142262878828
id1208918,557.7113022494646
id1330154,928.4104923295248
id2120178,827.2315010585879
id0433641,790.5814997480865
id1417486,1048.5784136762543
id3296385,867.4351986185811
id2304804,1110.7338158549533
id3920032,728.2192057903584
id1822000,1004.2656634279512
id0937770,800.7252227706214
id1504115,1092.461443009106
id0532416,417.2361245701854
id0152856,891.9118767304617
id3320536,1153.6395711970795
id2120383,988.862011349905
id2855840,753.3792213252201
id0048534,485.2060226711482
id0998362,758.9996904103115
id3966669,926.78076665474
id2136785,695.7477410470445
id0260550,765.4671312183273
id2238344,965.7009952179787
id0119529,810.981677467943
id0786668,1003.3964459765838
id1677593,1219.61294640088
id0756277,941.1174375263079
id1811933,488.01290515023993
id0638445,850.5563644904566
id0145986,783.5038627529821
id3762780,793.5780877488756
id3078740,725.141789718859
id2154925,711.2443183689668
id3547913,592.9067275747282
id1831435,543.5903729677628
id2210836,331.7241733345983
id3955857,1068.3043363764366
id0244421,630.2519350839955
id3230359,755.174294331491
id3623427,1043.0156890370608
id2751337,764.3737573299809
id0895276,1068.4565051012232
id0556378,871.6590205922522
id1111690,714.9273194431997
id1694478,733.0071594131963
id3627851,1126.736632527062
id0714397,1145.2911760513268
id2572632,684.620840397982
id0906173,920.3144014674838
id0912208,796.1689056235441
id0339400,481.9031458654587
id3020537,667.896352325654
id0736766,738.8972023731164
id1038471,808.9915199657505
id2479253,538.8555837630415
id3522451,650.7674226625223
id2728407,720.8254367026328
id2277235,946.6253044900182
id2506148,1052.8051493272715
id1798128,1056.60716546671
id2912804,765.4258392702292
id0316750,876.2132365298302
id2149739,77.38863635951506
id0907509,847.338287871274
id1422111,495.6347918248914
id1602088,960.4130068641463
id1269803,1334.9136373262966
id2922032,981.6101679832125
id3639615,665.5485729352126
id1199623,832.1229947809097
id0473930,281.3844106088939
id2806536,1103.9479577717386
id2435171,915.3474914760637
id2021220,716.512408307834
id3439837,590.1030076414789
id0683299,738.5013466609305
id0260238,837.0300991044519
id3768704,1063.4508593853598
id0017745,972.4786899406964
id3390965,545.9542548709111
id1505529,826.8302833730056
id0278520,763.054586709453
id1492565,679.1291482591178
id3760752,803.647865273634
id1134828,626.448779916636
id2799544,645.8419940043576
id0767164,236.1809741222471
id1257702,754.5581076071096
id3248547,967.1191595657656
id2692028,875.8437315611969
id3816176,906.7290322122105
id1905689,979.1091952004851
id0322236,856.5121001486922
id3399015,793.5701019650278
id1707152,608.4632737364244
id3381073,834.5027830012492
id3806471,1066.0206763201793
id0846260,812.2785129790366
id3397537,1251.4902678554042
id2088418,901.7101505644217
id2687165,987.4881034697522
id1260472,763.2193553829413
id3416091,794.1897997837001
id2770669,652.5053297058752
id3155817,837.1423052020684
id1001884,758.1713779105506
id1193585,786.059511207501
id0629828,703.870284090366
id0668271,805.9132714589606
id0148916,841.6572437838687
id3818584,492.8027089177544
id0409355,873.7952516226206
id0185452,1052.24053607425
id3715647,918.6232525939556
id3079509,1010.9668718689156
id3833916,939.7576969361905
id2246760,795.4003127726809
id2261159,737.47805673483
id2705059,814.3607118249669
id1459676,963.1727143112719
id0466914,886.6345418912917
id0115367,259.9275322427545
id2722098,536.6829709220735
id3252460,774.3162980630808
id2330367,573.1394769667297
id2061374,655.1944729442807
id3162982,659.4184204791418
id1509932,801.586784425533
id3104221,1026.671627793495
id1783442,824.626674947742
id0385731,637.9605667851014
id2394424,992.2315424359462
id1806044,669.7324922784619
id2824490,671.3679612056956
id3265699,1215.098227950122
id3985023,1017.4427397016949
id0517860,551.8184031738552
id2550966,486.33756893117
id2989178,732.6564849598869
id0284729,695.4009970368085
id3398594,808.5037286520679
id2941380,944.4470855057276
id3673169,923.6028329032257
id1285458,396.3114534520713
id3384707,432.4049613376463
id0062168,939.1896349002501
id0528830,750.2698726162669
id2537503,1019.4503125750198
id1216042,816.5044742822895
id0065326,816.2426857174149
id0375117,942.2555746746477
id2863461,994.8304395303137
id2806242,611.6597471074132
id1288950,663.0252215483788
id1972859,909.7705112446164
id0169149,789.2904788419265
id2309508,793.1792465044674
id1195985,736.2124109651082
id2197842,972.9622847044843
id0673157,791.8033430629031
id0944053,1148.695597488347
id3281001,605.23047827727
id1399795,850.5268697476539
id2356430,883.904288506451
id2075540,487.7456981592099
id1096547,1026.415530974657
id0077533,1332.7803908902383
id2393341,1051.7344561973189
id2317916,865.9038138104239
id1404025,836.5064913181471
id1789932,1083.7634279796582
id0785517,1066.9882524935047
id0600477,872.0012110704552
id2127110,1017.1612853283681
id3587407,564.9291387318519
id2217957,541.6745762833867
id3664508,790.1352773625433
id3885308,949.4731603495212
id3707895,638.4919039233869
id1741938,699.2718930601367
id2342732,1140.2133486803432
id3371266,801.3184445322295
id0265129,493.4995699276448
id2278316,758.9014224401759
id3616917,771.6249770919469
id3449351,1124.7441260088838
id3307304,768.3576030270921
id3466900,1238.5238246049114
id3275766,904.7327161108226
id0806505,597.3559970264854
id2844611,1011.2098025206548
id2853985,767.5695201728636
id2702525,1034.8307177339905
id1613887,935.2560623669492
id3026166,535.1155612291334
id0994239,590.5680513227669
id2108446,701.6877387240755
id2641800,597.7259757277571
id3732636,973.6144635967411
id0480736,632.8563574578623
id0916004,821.3549831412165
id1824494,908.8583795830423
id3203725,403.0054774820838
id0730707,1045.2103728879342
id3943510,689.041688119837
id1965686,601.3315737517363
id3667468,778.3026431187835
id1903846,1069.4353971258283
id2857300,681.4807348132948
id3221900,763.4479937832489
id0864574,787.3110240075295
id0387254,858.0557344594813
id3898796,712.4714229722737
id1375850,725.969046097369
id1816356,1384.8630538149212
id1742071,628.0891565958686
id1245701,663.5532583688707
id2238276,991.1868675625116
id2089290,860.1931364584939
id0342854,412.6193658874783
id3415784,1041.0579861653875
id2737033,934.2956255252412
id3084922,708.3644338609517
id1517062,902.9495632858936
id2486702,838.1341070972423
id3465516,1144.6501074603614
id0571784,1092.654636187488
id3030628,860.2985852300156
id1864061,713.6936159405369
id2677977,610.6693345768421
id2019076,998.47959261644
id1326385,787.6599367318191
id3582036,364.3497109927274
id0314768,681.0418511213013
id0500598,993.7772524908922
id1354535,623.1574198950012
id1767081,750.3599042668505
id3533158,733.1954591895109
id0881179,870.1069598467174
id1561692,322.39520113361255
id3277195,724.6366141194615
id0148062,821.2790509051177
id3683920,1050.6306536283053
id3587297,668.220755229476
id2857858,1019.142687068473
id0538631,779.3060954155811
id0531554,785.9504791586975
id3640013,762.5603407268007
id2059851,939.3066994309316
id2383153,675.722941123149
id2423665,809.3409895240186
id1291137,409.3987944896638
id2100454,571.9989647161663
id2110193,939.7853257564904
id0664421,1032.1779504277106
id2982731,880.0767811893542
id3337605,1222.2098610265534
id0004213,746.1207185720364
id1772525,1121.1388170215541
id0929739,950.1683998802386
id3910905,1081.8074650944222
id1627729,764.4687579874411
id3152913,843.0980293990712
id2853052,930.468614897733
id3970029,781.0813092488477
id0381403,918.6537468215453
id1288937,954.0512012249835
id3391910,1102.4465260662464
id2897564,637.3080626474782
id1999176,837.9128986921
id2261354,1100.0703857896924
id1551192,1056.1551099835858
id0374741,673.6247709086493
id1275432,1056.5605491977974
id1926700,745.4878312755595
id1322531,810.9535314603788
id1041269,875.3674695252431
id3131091,761.7231161562312
id2523131,1091.691544503374
id3205133,1008.5979818472122
id2228661,683.5684002134445
id2632335,325.55604031323907
id3041853,1071.6852859624596
id0775366,654.8018763607668
id2388164,749.0669419855402
id3319156,1116.1535424243377
id1276285,1021.6589739148332
id0928754,787.8126947625209
id1411317,485.9570256494201
id0756391,986.749086586921
id1826992,848.7738999611828
id3531961,591.2702570625984
id3625706,816.2411327621073
id0166101,958.4583498315432
id2996860,629.6422634758297
id0291076,727.5002904984086
id2483724,623.4861663605753
id2385795,947.4551597462269
id3059778,1011.5751974513128
id0572514,1177.041314189043
id3004942,794.9264646217329
id0698724,1018.0967228628404
id2725282,1054.1085040615692
id2955896,992.8424061127362
id0810403,410.5509409747797
id3884438,992.4573899833
id3563287,718.8235045696483
id2224532,920.6120670018088
id2509886,847.2964891632479
id1128411,189.59434572136766
id2596793,909.9002472064641
id1990523,397.64021778647634
id3703469,482.54776144077135
id3519837,948.2011202868766
id1476946,1180.5059492454016
id1462509,1032.4673642678365
id0302955,601.6911261455803
id2789548,1267.0568780046626
id0905777,990.0551606374447
id0572856,953.5267056243977
id2135041,785.3812285902945
id2238436,925.840272632665
id0842160,1062.6798513448848
id2415967,1171.4594896705955
id2835552,608.3189703239179
id2087588,909.9493925900952
id2379413,533.1081620256934
id2541787,718.5906772265452
id3648792,878.5354702908111
id2232772,891.1573918962946
id0814481,612.6521060079839
id2286792,558.0002689777423
id0110714,1197.1761992637075
id3314909,875.6162907964634
id1995645,793.1819117309981
id0377140,535.4801207337387
id3350375,562.8599095157687
id0546012,1062.4523302093105
id3072800,787.2993047776725
id2426358,652.0936706193842
id3390609,1194.6438503145894
id0097045,1276.7030608455873
id0719087,934.8255436471909
id3732819,766.8175730230428
id1358095,770.8266473009786
id3297702,1201.8533350868763
id3632732,644.9429270758213
id0726734,597.0692893494703
id1086539,863.2114194093182
id2116550,812.7693527901354
id1332305,812.5449748429363
id1231857,890.8059764347609
id0699778,736.4723064050195
id3782697,764.7791590821216
id3289953,615.9648249212927
id3902943,462.07255075762134
id1537677,552.6103514513647
id0899184,591.3413639261138
id1907104,760.5399350617622
id3404873,754.5246746694032
id1469501,977.302878315658
id2673037,897.6748607702638
id1520864,565.2900401816978
id2281678,894.5214082129837
id2428812,717.1749599204686
id3048241,946.2749645602961
id1979816,855.2765177433782
id2857543,630.591670854338
id3483261,582.6604535936439
id3483006,1103.3162415827994
id0722404,621.7554909600113
id2413816,433.31295633823834
id2011616,902.1772194184451
id3916010,1009.7752902795133
id0772826,907.0401588899018
id0022076,476.1202505190976
id1661117,703.1267574950654
id2718333,1361.3136770445883
id3628610,638.2311048336204
id0080473,1033.7297220946066
id1538893,889.8885894763104
id3980749,806.3859630790515
id1233516,825.6565794696553
id3943752,406.5897958788851
id3804888,706.2028930158087
id0598412,698.9285623281156
id1924045,768.4245164471296
id2055920,908.3176061256248
id2689732,806.6317760084074
id2095387,1051.4021652646272
id3025541,1051.624332611742
id3448383,1131.4684197990605
id2431656,635.7385974011726
id1419731,873.8301770948415
id3223916,542.6268123856554
id2141481,512.5715298044435
id1696328,726.2244484103657
id1893052,402.9948342997977
id0879579,914.6816948899825
id3296430,497.24519948965207
id2256818,1013.5207668098858
id2455015,773.8009497339646
id2635046,1200.0987964247633
id2079149,941.9663519076281
id2998136,1056.5043296167416
id1243527,563.0370740178531
id1054776,782.1449091152929
id0794834,916.8291563611984
id2868600,860.8821647040526
id1465386,687.8653305275336
id2710345,735.1682976359324
id0084397,690.5083300705523
id0634834,513.0405225524643
id0886609,875.7807565989184
id1387850,678.6071881704039
id3732786,878.4537521865512
id2059775,452.4063400886628
id3039109,654.7741202519604
id1178798,888.3081469487527
id1544973,661.5865299391614
id2583083,449.3063954295676
id1264222,931.0299966988697
id3360260,806.8155055409944
id1997020,976.6539411776354
id3002097,548.8810334952209
id0670610,645.78545670526
id3639304,847.7086080571188
id3514313,715.325044709488
id1373292,817.2351858354673
id1858444,755.475075494768
id1121850,902.6621440328522
id2319767,998.7335968338474
id2131513,1352.791836385802
id0827476,674.5270946613873
id2416274,940.2069582240547
id1432053,758.4995511386832
id3085627,912.1390591723996
id0906271,725.6077401987286
id2333444,529.8850521274263
id3968643,794.4967693338353
id0190469,953.4908023403003
id0419432,738.4228227215922
id2367972,769.6389082944976
id0410740,1008.4365259396407
id3981025,851.2435313783924
id0060029,832.5078627798084
id0122055,1142.0655232520007
id0599331,1111.6046951313958
id3413215,904.6012954711008
id0747159,603.0951958366788
id2976969,408.6064671670328
id1207974,706.3765619566339
id0544496,799.9140497900166
id2035422,1087.849722166336
id3087536,927.5163155424808
id2434627,791.733238165554
id3683557,600.6735980466714
id2492665,826.9044617668172
id0131161,958.4500149869903
id1016430,632.2282894990936
id3588242,797.7847276479434
id3595613,554.3305053327142
id1956210,744.3084080169548
id1515060,293.2233470521797
id3608644,969.1587137128935
id2522853,1064.7175956991566
id0842904,790.9512242129414
id3388900,449.5138373031494
id0875826,643.7562188191212
id3458048,795.6785677271355
id2502253,1095.6399246700698
id3916129,668.203716601348
id0120567,609.9890397892489
id3127323,685.410393155803
id1708765,398.22098705190666
id3532809,336.35886845664766
id0328529,762.2046704725391
id2410337,698.4243686059282
id3046643,1041.8507725776744
id2844178,409.7534954525101
id0649663,1246.5623258206958
id0125136,845.3170542863095
id1962898,701.134555966762
id3778119,783.2397652473753
id0844815,344.44137138658596
id0772011,408.48493923595754
id2761073,296.75448154495155
id1891700,871.4348605269323
id0427904,717.6456564980546
id3242049,718.1326509107097
id2169253,637.9157179692077
id1831193,837.7768231951936
id3799103,972.2122723206144
id2409541,540.8530824712851
id2043266,870.3789854746947
id1324818,568.7108136987218
id1759476,440.6697487946507
id3391776,697.8180877801343
id1698864,971.2610386972206
id0205295,758.0131479014601
id0142074,968.1609555642715
id0229674,958.841754675191
id1291769,635.493855482303
id2142585,842.6802245236034
id3500143,372.460125206136
id3332818,462.31840517208093
id1311897,928.1777504816512
id3485878,913.4631088186693
id2110269,592.9151615346423
id0325695,969.3468386494161
id2673607,795.741677711957
id1028797,880.0935685507659
id0015981,1037.5198945310449
id0595682,645.4936119751445
id1977259,927.3712612119973
id3335763,1018.6523508047072
id0799150,938.2903440829554
id2076692,998.4763104066946
id3058228,529.903849751335
id2630838,823.5378054328532
id3446515,973.6600692552506
id3636784,973.4731089034424
id1439496,179.29604245983523
id2856482,831.6773014418959
id3810284,457.07437826233803
id0717149,809.6288786268844
id1133686,541.8269622078881
id1115734,769.9240692403292
id1575787,930.7926456790226
id1204039,937.9332404554892
id3068617,765.4308260943275
id2593062,1127.397180394291
id1199187,1224.648483046115
id1331842,1142.6750306664844
id2922485,593.0729002574969
id1104969,1076.3853073506664
id3169654,462.20470834503254
id0117962,702.8128350632942
id3265324,1235.9175826478245
id2522254,687.165967813032
id1467479,630.5892238778946
id0976801,687.2359710883106
id1151741,685.3084879920066
id3630356,914.6030431120298
id0439203,719.6304649581206
id1328745,842.046869845056
id0518614,880.5997744504659
id2065903,879.4580101126519
id2668818,700.4233746803446
id3971645,938.185176657632
id0746781,1237.2617088136326
id2144695,837.7063490988119
id2205589,759.6954761519054
id2278425,758.2692333515482
id2970400,762.9018698190205
id1078010,1034.1137017602434
id3942689,508.87055686004834
id3775305,536.8916925144346
id0454571,778.7587523876273
id3742000,1007.9262768017535
id3916034,1027.0910423203754
id0107889,928.0822755297085
id3341337,458.4326170108835
id3019447,1177.1776456758348
id2745189,431.06227042780614
id0299420,818.4716932282603
id3790170,483.5656878371527
id0155336,1088.5939120844828
id1758210,1063.8437847612183
id3136915,896.5493244139032
id2732766,857.6820973053451
id0731298,945.7016486111246
id0316942,1250.5730379550153
id2892609,617.9464180128244
id0588708,745.4794731250763
id2996136,750.3571821001716
id3403985,693.7364115237535
id2431605,1102.2574122062329
id3219453,852.8660063854246
id0678886,749.5150769790442
id2776194,1085.244131295126
id0458294,914.4331164817562
id0484815,1061.981480249425
id2761496,722.945584439073
id1199808,620.9455540334425
id0867609,704.5833221255187
id3096730,975.2812617348047
id1306283,980.5071768837201
id3727527,861.3048010372445
id2863661,600.5952968434135
id1496149,578.2021166820625
id0034996,918.9535175043493
id2148978,998.5632737577032
id0396546,666.6042916486813
id3597355,371.0299723610619
id1540029,867.2266984808633
id1713856,842.2940801477625
id0755162,1031.5572731366751
id3297526,640.4001862453208
id3885089,838.4991946280062
id1292008,160.4832779685537
id3765298,980.3791159668368
id1379141,590.7618646050951
id0409520,697.630604460132
id0057983,1057.5481939511621
id0302148,395.1736820791522
id2414813,1039.5073920676398
id1066005,537.6331765327361
id0500275,899.4170773405469
id1457305,450.0909417968305
id3960427,854.9156951442305
id2268212,714.0528903320046
id1015733,1091.1437972822057
id1580210,852.1933319429602
id2916453,449.33551990011205
id1011053,713.1242351678674
id1101240,790.331719753819
id2517454,698.6460204012297
id0780511,528.5668259934578
id0678975,947.6745956643324
id3096417,696.9675963339762
id0368689,877.3809199339642
id1751688,1062.4944458574073
id1065819,586.659449123741
id3778953,975.5033324220126
id0395209,1189.9275194211693
id1674131,711.9928615628309
id3042145,677.0173825042676
id3316452,893.1873541610208
id0524609,966.784766245335
id3067887,929.119915738221
id1887225,1291.4832966410409
id3606990,1079.0267282699451
id2531828,971.333257277586
id2463758,758.2176182968644
id1604213,1113.9058106396585
id0392674,797.8635913234369
id0535669,741.9663057341861
id0796920,761.3744798339033
id2074273,980.8994907162223
id3370066,1175.9344683639322
id0768857,975.5478093531902
id0697836,727.4557608609579
id3421005,942.7831943124356
id2760209,758.5581725551679
id1680952,463.79688894462527
id0818895,952.0646965659656
id3612180,644.7908802148638
id3369145,479.4749180799914
id2718892,654.4647825840361
id0027756,792.7039436507426
id1490332,790.3741367323805
id2805017,507.50633077601
id2747323,638.7185965915271
id1315590,701.5855365081243
id3899174,725.2836904009279
id1713305,306.8171289224383
id0164556,1081.1339997336252
id3197499,631.2161401895286
id1583911,1413.9241304484226
id3910310,823.9322459651
id0572687,633.8760166226708
id0699570,819.8654652305718
id3534497,908.1998179128545
id0795685,857.9871920546835
id1859056,589.0357786418243
id2962943,985.9182261115924
id0505968,465.5600258245502
id0657191,927.5984591612206
id2121776,960.1272023750903
id3418378,1256.8491692112664
id1278451,754.4132905498464
id2054753,1204.6855976740492
id1644900,1181.5782705620472
id0875638,933.6442891448715
id3054362,719.9623121033156
id2376932,1021.1101003292245
id3253665,1196.257660662553
id2416117,1079.3561672542357
id2593180,1051.8865842686957
id1700833,1060.3991482635654
id3017021,612.6949234818777
id1621819,1071.6390439537283
id2714999,492.9201281311073
id2394670,1079.099673678353
id3263244,810.5607821177884
id3526570,833.6405106715715
id1670141,1299.1338778794968
id2081998,1000.5540171890651
id0779577,734.848757864314
id1987083,1050.5516126422067
id0256683,682.3358440040221
id0997806,1035.7839906180036
id1131170,1024.4374897920848
id1142211,971.7390491408911
id0340529,671.5095183552501
id2588594,1139.7419794844182
id0231419,876.5282367859528
id1723771,1012.5484336949307
id3296616,885.2478165296372
id3334371,980.6026826885884
id0020127,741.3042064262721
id1953385,1240.2224610119147
id2018346,936.1811408482181
id1171059,983.5691561167775
id1769468,817.7641497324485
id2378072,1125.1137191519817
id1207979,605.0546670272812
id1786961,1098.2132614846919
id3074165,1060.4596395012804
id2714391,878.2950523736488
id0033611,1052.879279683268
id0585688,1059.6657806560484
id0184335,1040.3542136050974
id0411201,705.974763891783
id3742591,1034.015341625209
id0163407,845.8616362063417
id3613036,1109.7827084329274
id3171343,508.2059981250037
id3208501,509.04395049961016
id1426521,403.13517069786076
id3637619,994.1373737885435
id2997546,1011.6505363810945
id0882201,509.2790966963166
id1420932,953.3167531952116
id3680067,910.1483810880336
id1182818,1216.3918425037382
id2786495,655.0962504992654
id0834712,1381.6458232927994
id3754507,975.0997437136737
id0464201,974.616421520649
id2172771,1068.8528089459544
id2243757,1014.7162190377926
id0937196,739.281046391438
id1915265,1041.5829894324766
id2262202,764.6082033307309
id1577515,1042.366941875212
id3495669,971.6270411780325
id3477654,850.7704608632398
id3454887,654.4367908778543
id1121010,748.4021846362673
id2736813,1117.6335613863705
id1906979,1069.8169276018946
id2311075,894.3358106586983
id1919299,670.7739198602007
id0545258,519.2095479940241
id2848204,1255.345528341501
id1480000,568.5685654836483
id0686078,1113.0997759660945
id1240603,1013.677127159604
id1107931,1096.840775388131
id0013825,883.597481497383
id1746609,1165.35735966573
id2255090,982.0061483184857
id1204663,880.3739284614311
id2981079,810.6313875554376
id0285499,918.4196618309765
id3712579,1072.1022639541952
id2807006,784.0652006231371
id2043589,910.7701907523543
id2369574,1300.615831884084
id0790573,682.2084742236706
id1961617,917.9342464969458
id1867671,654.4464449314677
id1334597,948.9073272579902
id1092160,546.483512551549
id0676853,844.9614654624096
id2370823,1059.0809744691446
id1290987,546.6252324643552
id1129625,1133.1188232397562
id3207801,835.9943673731001
id0343805,857.4149710622452
id1303882,973.4121077419694
id2574790,958.4307603218133
id3893621,882.3888849211821
id2304077,647.060053074589
id2156826,1120.0734918317748
id1662835,1168.4493628579557
id2897974,1018.42054897991
id0532471,697.4000917527002
id3440305,840.8679402448491
id3676402,1171.4858179271525
id2330304,655.4050236856231
id3912788,762.8245029589979
id2176500,980.0372206465968
id1836135,1054.7786043873045
id2342189,635.1768726443584
id0641351,635.443975623598
id3924246,628.2995465531255
id0301015,862.4175593947734
id2442792,978.5549952707958
id2835009,982.0146144685953
id0729509,1095.9234221166175
id0987633,903.6517930055038
id0663771,1169.0343781797792
id3120010,1032.2915389809093
id0157888,851.4168083541333
id1816763,457.63005226884013
id0252455,1126.705151840392
id0814823,591.8961038221472
id0608030,1108.4563604248342
id3875304,948.5091240493838
id1994107,884.4821640581356
id0241502,1433.91864428077
id1320928,692.9263264047592
id3727363,930.8787995857109
id2202684,649.8671068916731
id1766628,639.0947892616684
id0721940,930.0342960524941
id0965442,1052.4565841464157
id0732646,921.2415453571346
id2466210,1051.379449041725
id2837705,1053.0545389330284
id2748995,889.0069043505866
id2021520,1161.4690575216293
id3089293,710.9590672374803
id1443933,1312.5094855005425
id0647915,1387.287160574829
id2044287,727.280054299309
id3404380,1351.1035542161906
id0294614,737.5912902460215
id1294358,1193.6473288530115
id0267131,984.1898683703429
id2775878,884.8503619240113
id3908583,846.6638639688094
id2894044,629.0684888398996
id2534246,1022.3275651712347
id3428158,955.3279967518016
id2687553,1167.9289507803207
id3032499,926.0516299335496
id2914865,857.7293004525478
id3090043,1299.594276076499
id3453132,798.3843218409775
id2795533,885.0462275239076
id2425063,1035.3883657871
id2883696,985.281668184118
id3471554,852.0026817484041
id0065880,638.1454624380241
id2568051,1178.7687628951276
id2490142,1288.1858162347219
id2809172,963.9653369408808
id1131394,834.7331082453456
id2240141,1118.396282568286
id1819805,1323.840515314982
id3020128,1174.3927974801554
id1713465,967.0750508561426
id0554682,755.8630355275511
id0597007,941.5483532177051
id1780873,744.476660918563
id1624546,1187.757794901481
id3191544,848.9259566565365
id2035006,1231.1481675136179
id0487912,1343.8320745747856
id3012999,885.0368645788469
id3076796,835.8500464206844
id1153687,822.8232576858653
id2914646,1300.8263063992308
id0805741,832.687493800084
id1405568,1109.3536390894087
id1267570,567.2024279881044
id1370981,1039.401387747697
id2104507,887.7083922820709
id2093041,1214.037070553058
id1836631,1182.008100917587
id0971925,941.0303180054133
id1099913,957.3116325287581
id3659368,1232.117158808028
id1694011,1146.3898889031775
id1697832,1022.6929528045416
id2230901,1225.9024731861946
id0750081,1018.7486395013569
id3451216,1318.8540036713662
id2041769,1122.075282251549
id3711542,1089.3029918559548
id3187623,1222.6454140244539
id1342998,1185.8742078716548
id0896909,1003.9202309118701
id1179102,1149.1329434428394
id1297255,682.7621010094465
id2384584,878.4858085388153
id3863085,1401.63970047391
id1743749,730.3198955565204
id2542682,749.5798068620717
id3196772,1193.9204948248666
id1133914,1307.2092553181885
id3471823,1257.4895849244235
id1317521,1317.6896237734477
id0534113,1198.7079791539497
id0941873,317.80520938247525
id3008957,1019.5069251514834
id3558227,1227.247371957972
id1656317,1049.7399606099796
id3819079,1062.0224313259496
id1768089,982.9502957405007
id0404493,1065.8559502941948
id1047696,907.4361418653097
id2347418,525.1168474817042
id2864823,1389.87392659656
id1426285,1114.5606878252522
id3530437,931.8700144655669
id0641868,1026.8999629878156
id0921690,983.8998039412631
id2118215,1148.791185841514
id3111989,1341.0068743223146
id0608886,1306.2392800058315
id1451854,867.881949732113
id2813054,834.9506727989759
id3903750,228.65739075548456
id1633910,1067.7249710546218
id1978850,1320.989325286732
id0104957,1087.9001027114912
id1086079,1048.9088999399978
id0216572,1397.6248014834716
id3991516,973.9541847330034
id0610514,1249.385925806758
id3855004,1277.4867653983142
id0166748,1147.2942821957047
id0125286,1164.4424214635587
id2597819,1188.1436147052866
id0180991,1177.3403746873646
id0515655,1012.8786860297437
id0090855,755.4504222051287
id2127830,850.2538678857159
id3117255,1121.5464635603785
id3281969,1082.209176448436
id2186387,1356.420141574802
id2014024,1200.5361877094672
id2010079,1342.734330928105
id2758608,1082.0257787195126
id0818825,1191.233070173842
id0870230,1299.9505091927285
id2040287,1228.2098350513118
id0544982,1243.6861175055662
id3042899,865.6070128022728
id2363847,781.6715374932752
id0652644,1090.2646831007255
id0875133,951.8016656160494
id3741497,1024.853510362854
id2719717,1030.7731603787886
id2299164,1315.670817093027
id3600884,802.5471728606555
id0316211,871.8522202781655
id2451543,1207.7201278895043
id3933102,1289.7824929534713
id0918776,1036.5109709219184
id2260487,1034.8838072937192
id3985103,1113.6183303444734
id1479225,890.4208748679703
id3932541,1128.0574194393485
id3884813,1193.111107177546
id1511123,1078.0811249240799
id2313661,1100.9299766431382
id3202866,1042.5753746673347
id1654812,1268.002688264058
id3976398,1193.6965896086122
id3582117,1360.3865410773737
id3614975,1172.1235952772493
id2701600,1096.087070028287
id3998467,985.3439704517879
id3286469,1426.4611978594053
id1635860,1347.9175808775262
id1142079,1179.9535176017612
id2302778,423.6260878526463
id3184156,366.41826998006877
id1263609,1200.4085923618513
id0392270,1192.3981960341866
id2264085,882.1925011248758
id2280216,922.9941015729963
id2267344,99.5739357834905
id2063508,799.2816528330209
id2231872,1146.8854366498192
id3983311,983.1026218263529
id3982261,1139.3719705429144
id1343696,837.4991462480067
id3451180,1049.5134483033726
id1613910,333.41651708315067
id2943622,470.27078120317765
id1679367,1163.2737737489106
id3950207,1026.1230534480997
id3522641,1027.7229695709295
id1073641,1128.8536431076373
id2295782,1257.2733892620859
id1541678,970.7147439896235
id2766607,1054.3865262231434
id2551114,545.7223425304513
id3997473,1312.2219116316571
id1724075,954.5101545942666
id0318321,1231.8209421162396
id2160726,1294.6488390006552
id2519251,1280.8511783602812
id3658053,812.4719765819191
id2758279,1067.4743743674912
id3332339,1145.590292894084
id1627775,1466.65319603648
id2515734,1269.4081654151587
id1032680,1115.9393756727761
id2194271,944.8027403859012
id2437465,1044.6876846826108
id0139530,1141.6813367763234
id2073502,832.4455589352972
id1300264,1036.241343186528
id3618912,1148.8603839046134
id1305003,981.9316776113533
id1215963,1126.911464288921
id2158869,1196.5419000913416
id3530979,1253.8941607851289
id2836080,1105.6016904123037
id1304095,971.6888892777845
id2641239,1038.0194049480513
id1122704,974.6425427135244
id0827816,1259.945039977407
id3763586,1245.2519261221182
id1638868,910.7637428024955
id1798427,798.7638512379407
id3213281,1211.9080475037601
id3230807,1460.692975061314
id2544515,1064.8009746208131
id3809557,1251.4537063149814
id1064150,1060.8983309635848
id0129646,1061.8431909704416
id0096522,1020.908764778957
id2632811,635.0360288786035
id1577247,983.0201039486498
id0497562,1073.81331117806
id0849520,1214.4410588765454
id3315793,986.807806003791
id0666797,912.6749414522086
id0313424,1157.4067793154395
id2125308,1032.8552635853182
id2864881,1205.4756078760363
id3996392,1168.176240239225
id0324936,1327.5396611108454
id2563850,1046.707069573384
id1269100,734.2506559401265
id0385856,1128.8030591784886
id2171614,1351.9853467295359
id2951384,857.5061677443921
id1430068,721.6629429864843
id1362521,1187.4906310544986
id2956135,1008.1570138519736
id3854992,717.4579208809769
id2066816,1404.6931876246808
id0361896,926.2431192728976
id3390986,882.8214894388901
id2323598,940.0998418335515
id2732363,1108.8140969783185
id2344618,556.2407863921479
id3170081,1302.764122662299
id0138649,1246.8590140350136
id1989549,814.7710435043927
id1313574,1075.29598581416
id3971287,1326.5159436865513
id1969010,1035.4533964569537
id2223983,744.4723143111423
id3872960,962.2060674168873
id0824560,1198.819762536911
id3346800,1039.733755491158
id1723554,172.6804616732849
id2778020,1107.2601673995632
id0405469,1056.8778171829008
id3353859,1300.1869343575752
id3418874,1085.2668370809502
id3220998,1296.9497355953713
id3146477,978.2790349849823
id3428086,1086.5599090713072
id2953489,1361.4145465669353
id1393870,1202.8531741793945
id0018722,1286.401973868626
id2952972,1089.8499154673166
id0226227,1260.039367697812
id3066843,1342.8872666311058
id1549196,1158.9589850010793
id2548163,977.94579359186
id1116843,1228.337882989955
id3837192,1276.2079684830394
id3118258,1260.3936158866366
id3583822,1252.753108599535
id1292870,1102.232856340269
id1654041,1097.3233618373715
id0574287,1148.358132455672
id3770463,1095.4714733628837
id0750528,1300.8880925332721
id3574234,1224.5610765639378
id2268089,541.6022469003348
id3748014,1224.3233813454115
id2118931,1047.9775274471756
id1680123,1299.9752996953805
id2621863,1054.7198979833527
id1699430,1150.8722972325481
id1391129,1196.7416212010767
id1559716,1348.3025887983636
id2555438,1238.6024975988737
id1969055,1470.2875584131164
id3361627,670.8932620200384
id2846675,1259.185805386128
id0687715,1395.5899715062335
id2921667,1112.1685977024065
id2820853,1269.2615980197943
id1531995,1156.9195895444627
id1009227,1454.011223215826
id1652478,428.6873393121651
id1543607,1162.2952429493305
id2722127,1390.8597184852645
id3899016,1266.0331784894606
id0244310,1292.395646667119
id2808996,1416.5943117944144
id1437919,416.94261447779587
id3621400,1421.695559400047
id2735653,1272.9115142941298
id1276154,1124.110802090968
id1923209,1182.086924070987
id2028644,1347.5975235524531
id0818207,1085.8264567069298
id3629814,1077.579494401189
id3402425,1283.6603553918458
id3624083,1012.4054837035378
id0330520,727.9564713240487
id3649720,1029.4355061840633
id0972614,1210.2336396293492
id2472585,1263.0899404500494
id1668019,1031.3225964975925
id3060009,1500.0651931814634
id3246717,515.718197408743
id2373988,1144.0167052161273
id0211228,1127.1298369074323
id2013898,1410.937853607922
id1167453,848.545816177371
id0665562,1264.051322379069
id2180744,1124.819838965118
id0358677,1361.3278070948854
id0022502,1193.41908781904
id3226881,1073.3735574334826
id0281959,1311.0611273623822
id3454592,1093.0389797740152
id2131452,1017.9475962859703
id3983130,1446.9059169910372
id0134372,1034.5930212070111
id1049336,1089.3647759910516
id3221579,1354.871712318429
id0286250,1470.8044302226697
id3100715,368.0002334587257
id3237761,1296.085173186634
id0898371,781.3348489717281
id1863499,968.5253284991821
id1440762,1146.8597453870598
id1564993,1090.1760590514084
id0972962,956.4333518727025
id1056337,1102.0569942300551
id1161717,658.4703095266824
id2635311,1037.138655510992
id0795342,1130.015911709264
id0095622,928.4662839792707
id0153836,1060.2061520537331
id0741392,925.1351270426537
id2281858,740.2378970079018
id1698499,1105.3582127388277
id0627090,1359.1771707084442
id2797917,686.0796470840646
id0718769,1430.1145821548994
id2080487,1151.4144408644834
id0600771,716.969688090239
id2107449,1111.4159575268109
id3618371,1166.2889278573425
id2374639,657.0513680954666
id2496287,1139.3836190980828
id3006078,779.1532902772268
id3039830,1199.4930487716797
id2810347,1059.5588531396068
id2008958,1118.4191180797418
id2739632,1158.534839906765
id3872400,1179.9700714323021
id1796492,1267.7810513819006
id0414010,1098.4029928944208
id1818336,1224.8081440234878
id3808526,1203.38475706325
id2448070,1160.850174834726
id0969204,1343.464203957615
id3337102,1283.9583246959667
id3108746,904.6149804991634
id2112857,1364.3726732808511
id0709978,1110.872659925848
id3820366,951.7499638239663
id2189940,1245.8954275372164
id1177989,1099.0139779526191
id0988406,1279.4567087551902
id3619662,1271.1367682145717
id0757025,1133.1067490347127
id3708371,1257.5922365631832
id1046916,1308.1052039574324
id2669067,1191.7761531404772
id0530939,1281.333198472539
id3348918,1012.4754879894364
id2916923,1326.7972088995173
id1167229,765.048136415309
id1790365,1134.8162621926533
id1361284,1132.7509616855473
id3248349,1412.4580906427987
id3164943,1106.3141843022124
id0534849,1200.3395902680165
id1128084,1235.387676629323
id2927272,1117.6077699634354
id2385092,1016.260152780202
id2845527,979.6948208448964
id2476519,1240.320102563045
id0838201,1134.2427445212463
id0589102,794.0127127368322
id3478777,1254.6642648486106
id1241025,1154.6876845852273
id1453706,1147.8519586429056
id2776481,1274.3682412262988
id0704994,1028.356799518761
id2282420,987.9940138944944
id1109936,1225.675052559277
id3628186,830.7218890571332
id2101326,1079.1108247543277
id2060916,1107.2297487763872
id2687974,1174.0510366079154
id1176280,1115.0697171306829
id0879545,278.2247697024828
id1688514,1399.2114274464548
id0041013,1206.1785284850016
id3393452,962.5546482228705
id2399799,1061.7306362258769
id2236181,1298.005081150134
id0752264,1439.9569516049078
id2646850,963.1300488362734
id2796186,1160.1861288119544
id2866798,1025.599259801381
id3217111,1083.8894391310141
id2231377,1486.1728702588957
id2567003,1035.8623245694687
id1567796,1182.2678261212307
id2522057,952.7642316649288
id3875683,1225.504273727705
id1825918,957.9912025638504
id1862921,1374.0774876325322
id1630285,1236.2813887454406
id2234683,1052.5503534017794
id1946445,1175.7522907228515
id2160442,1171.8686312200778
id0685893,1347.303974033627
id1948025,844.6509769906893
id1083396,1415.1718820894353
id0221431,946.0768255465027
id0318218,1010.79904770564
id1804993,807.0442752589151
id2031420,1033.6174983450974
id3950907,1209.998721057903
id1005967,1132.6265930948664
id0625975,925.1256020303921
id3547889,1170.20967443421
id2470808,1064.7814904801842
id2115376,1128.425014962134
id1007989,896.440566986386
id1178340,1246.28692488347
id0513389,1318.4306968166386
id0232120,1133.2210750095585
id3753102,1151.4002396473259
id2623070,1047.0000747992613
id0538508,1356.1035227699492
id0872968,1365.1143051270928
id1003428,1124.9899706369497
id3468409,852.6721683368959
id1488844,1261.5862539404177
id2954938,1187.5620074499584
id3949312,894.9367638541747
id0741543,1240.8054809721207
id2499573,1162.2427210327498
id3830911,1246.5568400910174
id2539010,964.8044250716
id1540187,994.4825173789455
id0164787,1222.030385099305
id1733216,1319.0778676327088
id1680224,1249.934598060833
id0031578,1094.238821045599
id2402376,1181.2078047772432
id1899327,1301.4786416593274
id0073612,1226.0166806897196
id3852449,735.0737696588827
id3759545,894.1801217922118
id1426469,1150.0430197523729
id0893140,1152.0278298547767
id2418875,1279.114573715875
id3222827,658.8257391243159
id2451723,1309.2926824003487
id2420052,1095.7778501178348
id2558105,981.8977241677105
id3693220,1341.710838295429
id2801648,1196.5884223263283
id1923954,1080.486205598391
id2160379,1273.9814877930232
id0312876,1231.1993967336946
id3770460,502.9974968054112
id0258725,1156.9602382882533
id3304566,1289.0549887576708
id3242606,1041.7837657295263
id3516521,1308.3051658906077
id1547985,1175.6454926095137
id0469783,1182.2154679851424
id3885658,1279.9253489003174
id0533254,1109.645958635501
id0285306,1165.0976055317788
id3515188,1401.8561953940016
id2390493,1149.8522572898194
id0390749,762.0520336956529
id2748642,1232.2525902948637
id3809742,1190.2375774833629
id3207217,1040.2281999352947
id3542799,1124.0665632120886
id0747936,1317.0664369927931
id1289877,1244.2114992625927
id0214033,1542.5610827724165
id1511738,1213.449281142226
id2381787,1134.5448812123634
id1867766,1196.6373076267555
id2504573,1101.8325426871638
id3548161,1244.0134490774592
id2145764,1347.5066769129633
id3002496,1113.4245638932148
id3486743,1146.813384648473
id2162445,1176.9873669123044
id1599792,1065.1120881525644
id0002001,1121.1703128730676
id2360707,1097.0695577940614
id3775238,1213.8645106896777
id1488756,996.7149478158738
id1801288,1211.4927590875693
id0048153,1389.3834397897479
id0572873,1103.965047433057
id0655430,958.1905480243267
id3309833,886.5753583419765
id0075395,1151.4877802722685
id2787145,1273.1856666830486
id2025272,1292.9866431534888
id3034173,1238.9884221920586
id2559706,1370.037119986517
id3303688,885.1076055668975
id1944265,1154.1019808912865
id1018014,1257.253909170549
id3424030,1192.5507976509482
id0243844,1176.7059727392805
id2626277,1400.8078573873963
id0796453,1074.086578984723
id3894225,1338.4993387577679
id2334989,885.8583183376247
id1097805,1098.3065757457362
id0279153,1088.3821686530193
id1111859,1239.2627490624907
id2655815,1263.6433717495113
id3179388,1089.3658274789361
id3600639,971.196377229877
id1556025,964.2537542136104
id1418074,1205.7288945482446
id2465329,1268.143500786121
id3155349,1159.4791894080893
id3065424,1113.4567695650612
id3892133,1164.1454867000832
id3766040,1013.374244479763
id1011915,1118.1258912481605
id2019683,1298.8672328520192
id1572176,1474.2071599568249
id0111406,1015.6178291304678
id3609862,1135.3812593185169
id0583691,1345.165579095466
id3072404,1180.650659426247
id0570097,1195.4426199281454
id2730899,1043.0305898282884
id1547993,1413.6633652344487
id3217409,1386.2081107126096
id0202464,1246.5958514753038
id1653279,1342.4124466872481
id1731245,981.1298875773007
id0596894,1455.9587931883161
id0236667,1212.623396653761
id1117138,985.7148603579008
id2621643,1484.686475317949
id3139213,1288.3200638478
id0331611,1159.1155781274124
id3658454,1252.9563002083553
id1389736,1192.6997394007278
id2972459,1176.222767178586
id0062031,1122.9875875719106
id3096877,1226.5335655214076
id0942330,1246.6774106639143
id2703932,1245.114101792808
id1748704,945.4681335539507
id3904172,1343.443151411508
id3373447,865.4215012515151
id2098101,1130.49196543854
id3888883,1022.1609880379232
id1077015,1406.28937098519
id3863837,1307.273307596119
id2951561,860.0088639165026
id1929007,1069.0415113728334
id3364718,1043.1775455228644
id3824878,1368.5828531688978
id2649916,1151.656247714131
id1926519,1007.9796666583425
id2550789,1228.6834053502994
id3021034,1381.4494739891288
id3025171,1284.9060264426826
id3174723,1356.3420651554873
id0697892,1265.7775411305104
id2932638,1370.9162293441395
id2000496,1352.3560549462004
id1898284,1147.0836364486229
id1579749,1115.7357517989587
id1635353,1420.2921099800544
id3034079,1240.1804892146736
id0900333,1366.733948292253
id2588981,1360.0250007930058
id1396560,1270.647680249644
id0488318,1037.1953566938237
id1289487,1289.0073121439384
id1019482,1226.3682013519813
id0489907,1204.9939939688666
id2727678,1287.757723486272
id0691684,138.9057005788339
id2658365,1247.4590639980433
id0012186,1054.9886407492113
id2945972,1415.682681132882
id0464458,1150.570103589654
id1794677,1455.83107235877
id0903147,1143.2539670181122
id0440790,1304.3071509083732
id1771245,607.2083176809452
id0492853,1292.3287984218036
id1835520,1193.6989753393307
id3684685,1056.7338912146242
id0096219,1179.4365811609325
id0195631,1143.4410621413467
id1490615,874.5769962236018
id1322284,1051.149831402499
id3229185,1367.445997403216
id3113110,470.97295028197095
id0190433,1144.6570641834346
id1636547,1066.7589333007904
id2351924,1166.0002012156126
id0552350,1205.1803546629533
id1785385,1264.870189357912
id3936704,1253.4475559240834
id2175867,921.9879838640899
id2785201,1026.5640280654707
id3254774,1229.229496753
id2480005,1172.1063401764518
id1192900,1406.919468324306
id2183040,1116.6738563715553
id3358851,1308.5645382604348
id1403119,1255.6902143336717
id2375475,1402.334929136019
id3393006,1130.9489289698686
id2751044,1105.0170576968287
id2678436,1237.0910451624984
id2304859,1462.1395421678735
id0274290,988.9547527715704
id1261371,1257.9314771254633
id2656350,555.8919252685768
id3143781,1253.56800718171
id3549267,1173.420573106916
id0752161,1312.9894423944531
id2557008,911.0863883284771
id1950416,1221.7275136293827
id1278859,1078.7986144547308
id1885859,1148.7174784439521
id3544565,1259.995548827042
id0569626,1158.1720804994445
id2512041,1180.830761063364
id2822811,1119.640200026947
id0325671,899.0023286438465
id3081424,1008.5187153877421
id3031122,1182.1392736247828
id0925428,1234.1592258781889
id0404050,1455.7701805050322
id0326035,744.8183153010087
id3030244,1003.4355573514412
id0034582,1372.076112950945
id0586412,1322.3374003183867
id3689295,1201.4812931937765
id0768566,1261.6371630366666
id3936171,1139.884341402926
id2682959,1420.2485807504793
id2794723,1310.2327678393196
id0995900,1209.0362987023766
id2248623,809.7754651422655
id0083551,1263.738685428535
id1927342,1434.992931811826
id2983810,954.699273508726
id2635461,893.8702461114414
id3604035,506.14757288377166
id0362094,1482.0440865012724
id3896522,832.9338097795822
id3703468,1469.301728880971
id0121951,1097.022557553477
id2000447,1163.8668643269343
id2533230,1255.5869263441846
id0813338,1183.0158887087546
id2462862,1009.2253406241163
id1310842,1289.3398280680801
id1004456,1123.914349226573
id0624447,1267.127905791673
id1909863,1164.0571426737715
id3146028,972.1665912387881
id3160308,1101.1061425341236
id1192958,1151.1571329900073
id2675045,1529.8238043276103
id1463610,1238.8473247297889
id0894677,1228.8434889901828
id3375050,1241.334954632086
id2040942,1125.0449578739315
id3278649,1293.5310419796153
id3965678,1160.9341088424774
id3996886,1488.4536001840381
id2396914,1206.8221898647785
id3738237,1243.8338996641207
id1072300,1156.469904264466
id0563929,1219.0572811756567
id2272173,1311.907382124198
id3714506,1153.7759535304488
id0744255,1269.1643140208053
id1028554,1109.7942280904292
id3072479,921.446713420437
id3100477,1317.0365722616868
id3698797,918.1238729106688
id2157850,895.3796304910841
id1559024,1114.7024681577282
id2534582,1091.079849486598
id1842187,1336.7433508024762
id2193987,1246.9473923156982
id2855547,1124.7555922392132
id1816365,1455.7643585639762
id0286915,747.5969157743434
id0215531,793.6417648467802
id0151427,955.5953214557679
id3166075,1103.611063160412
id1818648,1083.4560497614207
id1433048,1284.5457493511783
id1266337,1407.1552392526535
id1148720,1145.3173683630318
id1825977,1271.7785328845878
id1792311,1127.3579719447182
id2327454,1038.0920256101058
id2675017,1159.4680745420997
id0774314,1226.7059759918056
id2549740,1292.2734555764837
id3360558,1349.3657620707568
id1160906,1121.5568153128534
id1683595,1111.9843480429581
id3860628,1561.5261057930827
id3490727,1245.0736645858565
id0513310,869.7802036121649
id1518675,1034.1120675720883
id0356350,111.4221550813399
id1589374,1230.885008485694
id1894224,1290.4104182525837
id0712065,1204.6976925818788
id1676212,895.0229024654847
id0135272,1294.2421740702234
id2300405,1317.2061769881343
id1658509,1361.1463469787939
id2384615,1269.9063144171091
id3807216,1448.7646718464428
id3062355,1061.913581051381
id3536976,1213.289124727523
id3898909,1172.2174369219435
id0683741,1296.7671319409058
id3784674,1437.8042780642086
id1063543,1072.0221039193277
id1176517,1350.7070741051284
id1848134,968.1959555310511
id1666571,1222.0341152505664
id1787561,1057.394847810218
id0210831,1329.8805068628858
id1350311,1301.259223710616
id1492084,1153.198364351287
id3453783,1076.0151845724538
id1588398,1560.4414156261444
id3719949,1178.9595029388402
id1827225,1238.973615374009
id3453149,1366.5434901542721
id2405824,879.7825552482527
id2374176,976.1008508791083
id3775822,1086.3882992404053
id0610028,927.4659316986349
id3998140,1299.3168287518704
id0163620,1134.6291849360193
id3575078,1085.73318331436
id3256876,1434.1338948911996
id2897572,1358.0211107126825
id1460073,1116.517049727338
id1774580,1377.5710181017923
id2814039,1158.8867362366032
id3414187,1103.4635887251657
id1196704,1095.2122963697027
id2572231,656.190113387222
id1729466,1258.28043765591
id3108967,1032.075871028141
id0787501,1040.652528915296
id0284760,1394.109721580056
id2459887,932.5439726539361
id2634943,1224.6253463418186
id1527155,999.5680922443507
id0961216,1163.4773294664
id2186123,1059.2670613156351
id1889338,1157.4246422842464
id2712708,1120.0561874633847
id2907493,1084.5962258014101
id1686176,1172.4765058939502
id1281914,919.0151149080413
id3104064,1094.9932187392094
id0386766,1065.687670865008
id1755206,1373.6059566280335
id1205436,1439.2110849522846
id0187441,947.3602705175726
id0023275,1173.2526522550907
id3020684,1384.3759706417572
id3794157,1129.564948022435
id1092998,1225.173671790627
id2917991,1251.38606542157
id1807726,1306.7138749674925
id2074928,1348.1030178644505
id2533013,963.1047687143025
id2660634,1028.0904307388769
id1947710,1069.0890773054198
id0316043,1176.4933907086302
id1817131,1178.280310318598
id0878930,1349.668671326342
id1272500,1259.7901065034373
id2639682,1241.2988343058748
id3072035,1371.315387136938
id3281837,1058.6737937612907
id3314095,1125.33939687029
id1200367,1417.3913425001033
id3276909,1034.0411816824999
id2290531,1225.0004050894543
id1456204,947.8364921714037
id2259873,1454.1652889251068
id1599231,1198.0071308571446
id3400008,1283.6950509563892
id3650963,910.0424070915662
id0429499,1157.853609065964
id0752951,949.6053983671662
id3571052,1351.8843127682185
id0369590,985.420364437174
id1601848,1082.3981357647754
id3886528,1096.8270464091095
id1545958,1240.3483766861896
id2171966,1289.3127955442997
id3397615,1245.7969802848372
id3623400,963.7761613882077
id2990787,1096.003244179454
id2662354,1298.178187155667
id2336743,932.1228595608891
id1897472,1169.546184597951
id2731815,1078.598911907467
id1171662,1131.8944131542862
id3061347,1093.9116584382507
id3079291,1238.9199598562877
id0548459,1187.6456445833815
id1924132,955.9427928814575
id3083388,625.0164055727353
id3360285,1314.5561510547043
id0766287,1307.161365198527
id0730871,1303.2332022703395
id1189406,933.0207720666518
id1050620,1394.2507603365243
id3467159,943.2515589995777
id3951980,1298.3254169979866
id0974782,1268.0940317972106
id1664404,289.3763370653538
id3851592,791.2958446242442
id2910009,796.4123955949144
id1469981,1101.373122867679
id1351672,1304.0572776005868
id1106019,1188.217562424232
id1479915,1185.5760618474371
id0893429,1218.0340233713464
id3163262,1236.4486136286816
id3608700,946.650898680171
id2020796,1114.2710229352936
id0002208,1193.047991305856
id0825934,1072.8009479671985
id0038707,1200.9104485112596
id3594290,1276.4011916427305
id0863794,1150.8015870555255
id1936776,945.1147619826045
id0040869,973.2111258212584
id3235508,1171.8590223844242
id2788712,1185.3210036610412
id2908324,1110.8466561944801
id0400793,1124.9795029884162
id2667760,1105.9752975548563
id2686917,1177.8112270637007
id0383487,1281.5034134696975
id1028215,1412.1744183832857
id0965154,916.660650146693
id1913200,1249.3463788383895
id0187877,1430.972799927835
id2404059,954.192254585538
id1227887,870.2424316191668
id2725510,1229.7533326377143
id2848065,1205.1843732157918
id2325980,1351.6140802840303
id2634794,1173.952975398129
id3130656,1162.5056558166148
id3945322,1304.5696646826314
id1398394,1245.6551948000827
id0470092,845.0855133052746
id3463352,1226.5351398392309
id1785078,1154.2898800127048
id1759559,917.4787572231215
id1250502,1292.8366844509121
id3250648,1368.6403210942233
id1546166,1516.801067563323
id0270389,962.6481653710878
id2373725,1085.1566652644897
id3783235,1307.7717708110001
id0236010,1029.0493370497736
id2281560,1458.9365485788946
id0436331,1301.4668163027886
id2239504,1289.2445660847595
id3052824,1174.5818455130739
id1989949,1346.5911616401597
id0946030,936.8180497227615
id2254329,957.6489732848944
id0503901,862.0449875863162
id0649734,1314.8332905171674
id3917363,1202.8213481917578
id0064753,1241.3236668302877
id2915727,992.4103204418504
id1640118,1200.3064246039685
id0426138,1361.3695894989673
id1889593,1182.1684678264087
id1230665,1292.2256531362248
id1651796,1329.9953628863775
id2795810,991.8484393465366
id3740475,1391.2216974501916
id0458610,1172.2121061741673
id2417589,1253.5045926651314
id3184649,1175.6434724421238
id0886200,1034.8530805720375
id1085409,992.4000641635695
id3944361,1233.2332620819595
id3329875,1297.1889899225982
id0129054,947.1876923871462
id3476632,1011.6230590461137
id3279601,995.6783837626583
id1289263,965.5785624288565
id2069445,1341.7554961205155
id0733549,821.1514089145869
id1306654,1284.0746315478493
id0950040,1036.5011174793692
id2975244,1061.443107943374
id3445251,1210.8387148327035
id1309379,1221.4099385765394
id0286711,1046.6429936125955
id2035464,1348.5846700167192
id0646727,1221.5286335477974
id0399821,941.6641617510103
id1924191,1250.018149523772
id3391903,1158.2930920252024
id1751252,1240.8814395541363
id1920576,1102.8321712539794
id1757326,1209.8973004959641
id1296299,891.0909789579649
id2586975,1322.5967167101342
id3878442,1194.4312383341917
id1327151,1221.7469235787025
id0414778,1268.3253211541091
id2420157,1112.093666942086
id0908603,1473.5749974018295
id2014280,1198.9197478762208
id1947210,1266.8844921444747
id2757214,1386.733908857184
id2119245,1135.3237770239564
id3879207,1086.0115869421995
id3197171,1255.8261714035887
id2979995,1377.4643562359772
id2086453,732.9743319647175
id0881875,644.9642964127224
id3133209,933.9013195290431
id3496834,987.3575647933923
id3782260,847.1531778316736
id1079747,1347.082209741593
id2056544,1323.052303886704
id3931173,1372.4166195921275
id3682624,1185.7518711960183
id2031899,1143.2325694847925
id0710154,1210.9633146091705
id0808026,1393.4653267117649
id1422749,1285.3533971538436
id1337063,727.3061949942005
id3518529,1184.7145798371305
id0358917,1445.7818024268313
id3760101,1442.3997566826667
id0342346,1347.1485439517246
id1698390,604.1110300447764
id0915756,1237.680076692974
id3779410,1101.6946898443657
id0191752,1187.7963064416515
id1601036,1438.0775683649601
id1567956,1344.1313321240511
id0794768,1391.6510896464697
id2943298,929.1021324207337
id0140992,1212.5223969313847
id3830321,1057.2543743270942
id0368459,974.2846450788189
id0269768,1445.4960960839608
id1017437,934.6627758254492
id1537073,1142.3045504442714
id1369163,822.4528036518124
id1120679,1007.3662385124239
id0449601,1044.3134094230888
id2650883,1281.38535745385
id0316495,1139.8210034517815
id2905026,1102.3672866973745
id3328044,1314.8944506342518
id0965363,1006.6743739566383
id0870794,1408.8986357271137
id0345078,1351.0940059172417
id2800309,1227.685324442989
id3413912,1243.5782359107543
id0558654,1403.6653569633365
id0474688,1242.3121898561114
id0430157,1453.9954444147404
id2891869,1296.4673355101386
id0174052,1039.4362447808358
id2889222,1144.3907157911456
id2102504,1081.1869123896195
id1905449,1264.6054997648241
id3278345,1354.894540883414
id3083302,1265.054184381925
id3899111,1101.507459810579
id0936486,1155.935275745634
id1744545,1183.830279246325
id0204871,950.5338039704113
id1056465,1078.4819267919884
id1809557,1381.97992293643
id2828604,733.500610910918
id0936848,1221.059879262717
id3160372,1250.373386339778
id2976460,1312.8285796231623
id1558402,1055.659501749832
id1650756,1344.2094395059828
id3075594,1439.0898512958727
id0341357,1379.4923445384434
id3626974,1031.340901718354
id0808505,904.0477056608946
id0681453,1259.4089948263154
id3212517,1153.3001137318242
id1835237,1052.1342324957416
id0011659,845.2158550729072
id1504628,1428.383734120275
id3860660,1230.1674124292383
id0134566,844.7865066683579
id1423026,1494.5017490203227
id3781041,948.5258662962187
id2690696,1213.2309855812252
id1662169,1183.7575934545916
id3197317,1127.7253697413134
id2830866,1021.4286054540937
id1679274,1076.6169101550756
id0174035,1316.6633169920656
id3669919,1545.5166054270587
id0824252,1335.0750867666718
id0957337,1134.9964465890248
id0459224,1110.726495522889
id1769933,1146.5979405115986
id3122510,805.4949010770105
id1909463,1279.194723154073
id3645804,1104.4070156201162
id3808693,1328.3075271428843
id0979811,993.7631555025682
id3340605,1248.0992279842842
id0377988,867.0044672116913
id0096749,1050.1860305332948
id3554690,970.1904127080195
id0416027,1406.5049567977221
id0241062,1314.2624901795625
id2854142,1275.0638618410617
id0313638,1133.9958418819376
id0604782,955.7662549640678
id2992294,1428.8319500946334
id0030479,1171.3454200279396
id1088478,1213.1325106813456
id2315408,1061.5443646129802
id2848768,1129.894110082707
id0768735,1243.6398573696529
id3241755,1146.753541437334
id3484297,1097.0953927448172
id2731947,1433.4303199181097
id3286929,1430.466816410349
id1555251,1028.9208423134614
id0487143,1197.3994069515531
id2473386,979.5328389825987
id2988765,1390.0234090255312
id1901346,1123.199574955232
id3923034,1424.5726277555061
id0080723,1324.2750286696564
id3144600,1344.0090175559073
id2431870,1190.2317432262703
id1080855,1051.292641915742
id0595077,1126.5786888579155
id1087786,995.0956605116735
id0571878,1450.0642156340991
id2024851,1372.5932232065866
id2566434,1226.4491887448512
id0144685,1237.9934310158792
id0107732,992.084944677793
id3541682,1440.65213292952
id1981559,1375.4092392271752
id0291357,1006.7063018589199
id2994503,1282.4430403171596
id0280809,1329.2537359432654
id0809107,1147.4778860222307
id2056717,1164.8842386844785
id2017123,1169.8233630535585
id2201463,1314.2527837229568
id3557237,1211.4481870034572
id2013332,1270.9170395782664
id3559120,1071.8650412334657
id3712788,794.3961699456262
id3930367,1436.6350531062858
id2474489,1218.6685810624783
id2277849,1229.350934763919
id2368410,1306.9364086325527
id3653041,1238.9405133284647
id2687625,1276.4949516934782
id0525768,968.1038679322144
id3794539,1275.3552031681013
id3180975,1410.4332369476692
id1061876,1223.1371000317613
id3933150,1380.1685643864053
id3855478,1235.5271588755597
id1544463,1047.5059327545525
id2036714,830.4931152133403
id0371002,874.5503729855665
id3894345,1045.1342463779072
id0284870,1193.6698580232637
id2421073,1315.4666802836364
id3493327,1277.1539279951344
id3948053,1328.4229271097058
id2004253,1339.9753367765609
id0991570,904.0439646421909
id2971390,1292.0376989220683
id1092531,1134.4000546573443
id1837326,1125.5255726927624
id3177816,930.1197349859888
id0189877,1121.524113958238
id0249904,1493.9159623391604
id2074701,1086.1269536552047
id3483315,1058.5738523238922
id3276223,1096.0975308105014
id1868119,1263.971416181628
id2257180,882.3868121991143
id1786202,922.1194906472055
id0777462,1263.8911805868029
id2146022,1083.8557146559367
id1710433,1214.5333917174958
id3691064,1498.2776743947334
id1344705,1253.4677229065207
id3970076,1328.693746239176
id1654678,1027.8974962489401
id0491941,1070.2290833562452
id3289325,1292.3920081693982
id1338367,1308.941646859391
id0480440,1078.7398982345198
id1711530,1125.0653710134702
id0124794,1053.963233306233
id3525136,1240.0231532413095
id0594621,121.55600893983782
id0419237,1006.5228544870636
id1486529,978.6241288179224
id3777900,1362.354778672418
id1604359,1328.9847062530357
id0434357,1326.5313189899275
id3692550,392.79297041151165
id2930338,1281.9993243870265
id3503221,934.0458727823099
id3261861,991.7521236507733
id3258652,1272.080644871219
id0037351,1324.0088108627917
id2994840,1077.8025956715096
id3376754,1027.6601001203242
id1812795,1085.1721267555938
id0668871,1313.9613898020123
id1334485,1265.0823493997736
id2548645,1170.1572336678182
id1179314,1058.461012222377
id0207478,1212.796330393093
id3686634,1408.1331768675184
id2074031,1041.795254726134
id3894058,1176.6375632019108
id1052822,1294.6189401168167
id1351240,1256.676899873671
id3823614,1413.261694827894
id1991815,1158.8916786290358
id0442149,936.3501679847369
id0838443,1478.2720135962852
id3483186,805.3168093575024
id3347203,1285.195894646938
id0442632,1200.9486504414988
id1954448,1253.228621698394
id3815777,1132.3522517688214
id2807675,1497.8192220931196
id1345122,1073.1394711030937
id1853133,1065.5511210449315
id1471104,1221.4551977364588
id0364895,1281.045978762831
id1020285,1308.6193359424983
id2405058,1377.1233672110009
id0706113,1399.7876558227351
id1568617,1341.786785647697
id2137479,1448.8038274145388
id1694683,1175.309415324235
id0204116,609.3135118073952
id3107056,1169.8623099548047
id0870116,1191.0184637992127
id1528033,1433.4405101615414
id3716681,1052.463226935083
id3636155,1110.7789868830268
id0268007,1133.2040847211733
id3264694,1260.905306141439
id2165652,1449.7199675132456
id1186886,1103.3880307456552
id2342507,1457.3204368213162
id1839459,1299.3059297330237
id0106999,1104.551761610129
id2115636,1069.9840738064393
id1828582,909.0518636404091
id1480009,1255.3817978510972
id2858839,917.2709862761894
id2454479,1290.4615510614572
id2858946,995.7976850771021
id3998766,956.7019323303363
id2583326,1017.0612001840508
id0378237,964.3205448026932
id2130709,1066.203926952874
id0315145,1324.4952961456772
id1427131,1509.2850397842342
id1911160,1346.110792433582
id1246494,1216.9175819106251
id0413683,1192.4806874667067
id1117721,1065.0034664566724
id3282473,1179.678459019747
id3726957,1276.6743957021881
id3138776,1035.8266703697348
id0608878,1262.9420854096086
id3289663,1082.0389173475467
id0058883,1375.590185114533
id0908508,1313.9451103928739
id0943405,1164.1299262271884
id0278606,1439.2935262692204
id1910793,1247.2274610552724
id3837262,1275.0784068224632
id3348224,1220.7736037032014
id3175157,883.6945875744188
id2066089,1229.346639236154
id1883525,1029.64353735671
id1273030,1129.158104386422
id0867710,1083.1537434114384
id3628270,1143.9408995834945
id2631199,1081.6768719390684
id0174491,919.6797080280545
id1812618,689.1922090293976
id0243643,1080.6067909407768
id0348319,1413.6791938829906
id0903200,1124.9485526411315
id1297063,1076.7527688784955
id3637906,1392.7548871123497
id0008548,1264.1236404159372
id2496224,1185.6901003641979
id2573505,1289.3428062074906
id3620196,1179.9535176017612
id1404416,791.6614064876168
id1484470,1373.1853510069668
id1666966,1239.0405760131612
id3269927,1235.833810690327
id0570833,1488.5636625181226
id3314369,1328.890551776142
id0735994,1154.471330371166
id2306535,918.936592014056
id0567716,1438.387412923184
id0594305,1332.3717312551773
id2585309,1133.7289123683963
id1417642,864.0311212932556
id3201490,1381.5985054374967
id0246900,456.36434940521946
id0417364,1378.7787156833137
id0710522,1274.2900391728356
id1040789,1278.9540189646495
id3775898,1236.3052773957286
id0991036,1086.8620815006707
id1844052,1126.5313673685132
id1958170,1291.529179320644
id1550736,1236.9228052713472
id3479532,969.6897588143539
id3209326,1155.9639763666394
id1356639,1301.2291464648968
id3910325,1104.428530307077
id0078153,1150.930912060793
id2976826,1182.5098635849185
id1991128,930.5987697911052
id0177282,1601.9698348297934
id2816613,1065.4554095476951
id0585058,1082.3350807039135
id0775622,1293.3177303018342
id1187119,1341.8710534354802
id1426475,1276.3263314311691
id3108745,1281.8693934116513
id2831439,1262.5512231614664
id0517452,1236.5430821487378
id2506611,1175.0882268849932
id0958814,65.25537306009481
id2862380,1338.0625857533275
id3599272,1259.6296833893766
id2798320,1190.087606091787
id1453893,1156.3725532604988
id0631197,1235.858025343345
id2277185,1097.037474986692
id2929378,1135.6624540960145
id0750220,1443.838817458846
id1136317,922.5201747116187
id3059925,1361.9895781843795
id2519883,601.2758717404084
id0012771,1018.0607064432816
id3484019,1362.5560724121071
id0270566,1272.7226312617686
id1912935,976.0300935195347
id3279321,1132.6736607140097
id2606712,1176.205930279927
id3966504,1310.6835474137602
id0344701,1219.689979177352
id2310231,1212.4270747051291
id0544484,1275.1416924086507
id3327441,1190.6628032919377
id3889702,1317.2617192929858
id0269267,1545.4674506458787
id0793432,1301.926522174262
id2385156,1248.1910716664854
id3870548,1166.6321123892706
id2646676,1145.9531631057312
id0256027,1347.1702677367796
id2693286,1202.8304976283148
id2448958,1219.49349247427
id1013177,1320.7850311430907
id2076477,1358.321817865068
id1639378,1307.9846282408926
id2450813,1384.138510946441
id3461950,1334.0687034191658
id0422283,1263.583231729731
id3467620,1252.1409475196278
id2215851,1174.4309081718754
id3819538,1082.4674877765801
id0759482,1109.3863208220853
id3891578,1025.7910700148361
id1788106,1090.3607828927993
id1053942,1451.3690061261175
id1639308,1436.8382062449868
id3245969,1280.6563104908028
id2278792,1278.4423401342485
id0012300,948.9036562123907
id2792195,1277.1807400741932
id2668646,1209.5966556917508
id0284196,577.5699112113928
id1910147,1418.5205529396637
id0158620,1047.834059729347
id2804337,1490.7785196419968
id1603205,1211.0417646683572
id3417925,1227.5248363279193
id0212496,1227.477489645295
id3122602,1109.7879458820528
id2492281,1226.9812228565431
id1363799,1011.3434645028303
id3743690,1374.1335202766213
id3763697,1441.3054906627137
id1890097,1099.3906146654451
id2836396,1091.6264032040115
id0857443,1480.7804063251663
id2181257,1292.7758585918823
id3084240,1017.3572341867907
id2897457,1176.024872446843
id0728788,1439.5493326389621
id0407216,906.1203903801973
id0883772,1260.9740437569374
id1129557,162.23951692999162
id2112618,1198.768336134907
id1221630,1098.0861551174705
id3611416,1139.791761903658
id3696128,1151.541665405289
id2089916,1221.3173960148656
id3062609,1392.406849812349
id0620436,730.0849513820865
id0662893,1204.4348962121699
id1665605,1054.0591261433847
id0888970,1188.9962110017266
id0697634,1282.110061085242
id3490383,1150.5306733024477
id3734890,1432.296610833539
id0741575,1064.2333614625911
id2407531,1206.530126662318
id0845240,1123.4674350399055
id0327623,1475.9784987409419
id0327960,1267.7130270093055
id3661329,1003.7710601307591
id1526269,1399.9436361030291
id1549188,1086.5341962084783
id0455076,1253.1546714082438
id0775588,1191.014179552021
id3034897,1369.755124341826
id2321168,1291.3338081046813
id3001680,1068.7675453133909
id0564767,1092.1757365329427
id2153547,1163.4224984500636
id0110867,1346.3803421658743
id2381364,1361.3312766502117
id2404378,1446.572480431353
id2955591,1093.5308595857045
id1148651,1074.925011396084
id1572910,1358.4104472487772
id0305824,1001.9555617796047
id0186271,1000.8026126250303
id1582961,641.4968856969257
id3845479,1406.9294458786314
id2336092,826.4986145313686
id3498804,1107.3022767008385
id1547321,1159.200587124268
id2406708,1000.6518545471071
id0222793,1387.3339471102452
id2489357,1094.5189819419395
id3124289,1037.3483877547108
id3137822,1349.4149689340447
id1008416,1374.5067524533144
id2592375,1471.7274150377084
id0945275,518.4621064313149
id0251486,1135.5700260570488
id0393775,1365.9088804032049
id0090566,1149.8959464543352
id0244123,1413.3710705461144
id2254100,1003.8927308231284
id3869322,1223.7074925487073
id3354606,1334.367491493888
id1347541,1373.8658130463207
id0757958,1003.3180464127487
id0305214,1431.0765717967583
id3350882,1324.3496428902145
id0677489,959.9429412154998
id0196700,1223.3701748243893
id3606952,1049.6251111613976
id1482440,1105.3261080846048
id1019377,1055.6811371441295
id1790368,1066.2647051726058
id0177548,1442.6265731924682
id2096861,1327.9091834188291
id0903259,936.009528510656
id3774814,298.0288388278914
id3612173,641.0276996947061
id3917181,1262.5932510218324
id0657775,1442.6016920649497
id3363033,1087.8703394087954
id1207037,1312.272642761825
id3498608,1442.752171099114
id0165254,1072.1433092573905
id3889239,1323.630894597708
id2519556,1306.2428848318054
id1976627,1260.6835812441477
id1942192,1294.8413379094907
id1282726,992.3646257721772
id2395356,1124.2843793439793
id2910308,1271.4290075010624
id2487174,1151.7086597133784
id3466348,1091.7605309379935
id2885486,1292.6731049176922
id1827529,1156.1985953026622
id1069273,1039.8021196982822
id0365375,678.1965151155571
id0344922,1493.2297105349796
id1464207,1401.1185298516614
id0731537,1211.2570970896882
id3260128,1066.3903153661713
id3870890,1381.1828767608326
id2301169,1206.1376317101892
id2428520,1174.849158562577
id3842044,1108.8856039306388
id0883838,1376.5104709364175
id2559699,1328.1035470419135
id0692078,1175.0367535615455
id1458139,1203.961825811637
id1465680,1391.1582469876096
id3055865,1065.5756821205778
id2127501,1301.4824056389946
id2345026,1239.4928697264347
id2964650,1409.2298736371724
id0851287,1087.221674190767
id3026700,774.8579805912915
id0615895,1449.356949204808
id2245697,1522.941603193056
id3385185,1182.3243433183702
id2631052,1413.4763358630223
id1567896,1310.6633993603334
id0866687,567.5411851618509
id1706794,1195.2389128169984
id2479061,999.6302849865422
id0566994,952.2683206649307
id2844403,1003.3545297810502
id1645514,1273.1367309916175
id2053630,1379.1343257808703
id2862944,1447.031211721786
id2125840,1213.7550311876894
id1114904,787.6420594068302
id2740857,1259.8187445592448
id2779445,308.68605173093374
id1306357,1508.7815337278894
id2942736,1303.480703166978
id2548701,1327.7143983604976
id1338144,1132.0964169516956
id2397482,1225.7172372816644
id1649366,1118.026839352228
id3536615,1257.954074209994
id2423206,1036.3231254057696
id3666644,938.3992181162389
id2728829,1034.7897818022384
id2121021,1213.7123852566783
id2839377,888.7799466536657
id3639242,1174.6478939410383
id1796680,1213.1916940993176
id0255161,1238.075346624663
id0897783,1075.6303323588115
id1313351,1300.6028241978636
id0784333,1165.576947916622
id2852968,1466.241334479155
id3422456,861.6723312251947
id1722686,1413.951795917328
id1173563,693.06909002028
id0991753,1224.8933722051647
id3648231,1287.0231557348272
id3280997,773.6490395687422
id3005903,1433.5987231682088
id1724128,1165.1782974308317
id2669045,1072.7365157646695
id0021850,1387.9459770182605
id3532164,1354.8312611514161
id3475148,1538.6427923964873
id2686939,1124.233897416293
id0354117,1002.160555175472
id2120644,1529.3809702065455
id0748250,1298.2952455475909
id0711464,1080.5138526334729
id1859067,1353.5252700117535
id1581448,1244.1559864210406
id1551721,1362.8125610128227
id3544178,1270.0594304573326
id3658074,1155.5880315597105
id0038658,742.2329561292519
id1635186,916.7406616961937
id0837450,1332.6339215127089
id1220280,239.64212046423071
id1434911,494.084550490579
id1655710,1481.252455427094
id0187991,1347.72626250908
id3374942,1063.728583144958
id3019754,1260.0625232604543
id2216005,1030.2716353457643
id1105035,1176.4286779838233
id1470141,1440.1659854475677
id3458260,1404.7430605132413
id0101707,1426.737356253961
id1753560,981.0798993921243
id1964475,964.6555019555026
id1806703,1241.6246497606626
id2216896,1044.7266278842667
id1623943,935.2990169100997
id3379059,1260.4421103910083
id1724660,347.4105327549609
id1789412,1145.580941716123
id3694934,1243.1467057902205
id0618279,1224.0731518199552
id1369296,1133.9504622203633
id0696025,1298.238672091925
id1337306,1139.102605759426
id3824174,1165.7464087529993
id1398670,1058.85221672238
id0169215,1387.8327082191342
id3301194,1137.5169465370957
id0673107,1067.9186044778648
id3218580,1361.399553083926
id1166189,1077.526223990479
id2213849,1080.2543842356813
id1168070,1163.6973611692388
id2987193,1263.7824674000794
id0469631,1290.8738595264194
id1932427,1289.470914787965
id0796797,720.6882801923025
id2443121,1414.367764599712
id0866871,1221.946358756305
id1126555,953.3900929413918
id0112312,1377.37532254174
id1818714,1319.0259180537491
id3908008,1262.4446320639133
id0854636,1145.1354086804
id0778899,990.7000640726625
id1780381,1115.798345370939
id0902791,1135.8945660240654
id0342358,1141.8472157431397
id3701513,1103.9129099549473
id3157535,1297.581994753017
id0940213,1058.5039673699378
id3657839,1155.15691183242
id3767529,1251.192741605321
id0147186,1107.212443944804
id2323623,1100.605213650673
id0474046,993.2456939993438
id1218132,1317.9058289130073
id2686895,1264.9423071206722
id3899239,1588.7381698441939
id0432449,981.709987306392
id2133529,1330.8558635391264
id0825839,1349.313928745339
id3284705,1320.7284746795813
id3582445,715.2196350100694
id2981441,1372.826425165484
id1374463,1248.8925131205294
id1671369,1008.2873799298832
id0624943,1233.9968321518209
id1451706,1257.377088507863
id1621889,1322.0330122864907
id3085573,1327.1318559856857
id2640335,1259.0731057387434
id2568700,1100.087532476491
id0037839,1498.9402569088427
id2079751,1275.2076305688229
id1530864,1399.2887547862622
id2023893,1509.7527363348393
id0035190,1090.7165293085825
id1006203,808.0975008798825
id2617745,1443.4158618528409
id3534680,1252.8078286087164
id3767674,1203.385908703975
id0135106,1387.7338626717972
id3536987,1007.2067961637658
id1126491,894.0543880930902
id1153909,1416.7861627662953
id0122444,1268.9419250434266
id0463875,1338.3391095474167
id1113882,992.3157132366244
id1002422,1302.8208084450223
id0246582,1545.3342412272632
id1318017,934.2100396334881
id1074144,1278.0399775226279
id2745763,1174.5883797436825
id3855230,1449.8187590903733
id1868442,1166.717865095774
id3888628,1426.2838477206856
id1242775,1367.2429357419735
id2760393,1252.5508492766955
id3469652,1035.783945050897
id3203084,1296.365753437224
id1303086,1277.3844160566496
id1546188,1159.8812247567694
id0346017,1342.9338246825532
id0649881,1149.739149821925
id2042515,1028.6401095604874
id0968978,1131.435375613965
id0910170,1235.2100024962776
id3984185,1039.6989679496137
id0627086,1004.1063711586612
id3531098,1199.0091232445236
id0185006,1166.0068689341413
id0175833,1234.4019482865965
id1578306,1219.9513354388425
id2470003,993.2618083076725
id3141054,1331.6315661072404
id1833183,761.8127721411033
id0962532,1188.8085288065092
id3158730,1101.8793239004026
id2160946,940.3713190794958
id3339360,1251.188529906523
id1961570,1469.9122965552644
id3791816,904.3156390869937
id1264621,1286.1700039787793
id3657593,1118.8458674709511
id1250303,415.32537973039746
id3428526,1250.5589556882012
id0013741,801.549447713241
id0949817,1179.3918195348865
id0856173,1344.870224611372
id2417459,985.5335697230287
id3422853,791.3362640193258
id0268779,1154.6798518926084
id0984637,1240.3383245120003
id2131153,974.6473668481361
id2560522,1150.6315356247392
id3626973,976.4129218224186
id0036872,995.3840549206936
id0643093,1076.9671907410254
id2603887,1295.4981480643132
id3090339,1208.5407037392868
id1268920,831.1543689854839
id0704775,798.4973899075295
id2753792,617.7191016747703
id2362132,1049.0841314370161
id2759197,1232.028798911408
id3227676,1230.727540932691
id3906913,1286.8309006753186
id2014866,1060.8605279595515
id1694848,1141.8700278296208
id2085749,1137.373252795901
id0062380,1100.318637832417
id3625092,1365.5046115446712
id1998935,1195.9173119048598
id2177950,1085.3864709560921
id3958712,969.5966292201127
id1540484,1025.2090519785834
id0891509,1026.564381808496
id0482560,1510.1106778293401
id2718674,1431.8087575738457
id0338060,946.4433783235005
id0040043,1487.619046319969
id0020426,1393.8062860403513
id1067886,1160.868528186061
id1391504,1094.3073778728563
id3237246,1263.2426372473594
id3170665,1397.8852132094576
id2449118,1144.8555859383882
id2019760,1491.0562163102525
id0858052,1082.6674698878157
id2645965,743.6506507661022
id2121687,1124.960522932536
id0134961,1125.719132385171
id0658265,1270.9832451898178
id1324279,1005.0568847974508
id3754650,850.7235498390236
id3598231,1296.344489896881
id3859659,1105.833130919581
id0475669,1482.68337647029
id0193542,1105.6111656899352
id2839501,1206.3264474700352
id1363997,1083.65281909817
id1882575,1433.1420930747065
id0260788,802.9519411318597
id1730799,1469.9191620146066
id3359329,1190.3859428212145
id0095041,1329.581356034404
id0917569,1436.716501985705
id0729346,1010.1958632888891
id2477992,762.5859816017062
id1687070,1188.3873363401044
id3904598,1224.1653554104034
id3409095,1076.5816981316202
id1935477,1206.1656704861405
id1280673,1108.2040392413414
id2140645,1210.3010183352212
id3606550,1144.7492752669236
id3166576,1262.1890013784846
id0266293,1509.6193641698785
id3573000,1368.2578659604178
id0096954,1049.8628569390046
id3421970,988.4032133577394
id1202195,1218.312929397288
id3002047,733.7811272500755
id2472198,1353.1346355318826
id1860140,1418.9457239149679
id3283314,1233.7457204889895
id1776347,1394.7938186781262
id0076882,1399.1392996387003
id2361150,930.3566504668786
id1423328,947.317991134061
id2270105,1105.6295683671815
id2487366,1289.4652066277624
id3965864,1177.5289847340412
id0011990,1297.7166248695971
id0360866,1211.374064129691
id0254645,1220.6270001610894
id1378166,1215.822744086657
id3024373,1239.3791287777406
id1969168,1275.9909653825364
id0876728,1329.5242498940029
id1089048,1250.2464762818972
id3828749,1216.4089633682047
id0237671,1475.5435398299192
id1114720,1462.0624304374571
id1171025,158.20545654554658
id2307250,1300.6275380896338
id2580220,1185.5466056588211
id1787583,1446.4141304195712
id3416415,1396.0626786529642
id0814727,1211.458839130547
id0468820,1142.4521225264432
id3916013,1309.8417477556766
id3158346,1263.3279164834667
id2238323,1239.7298660605509
id3496177,968.4321926887591
id0137170,1006.3866833830349
id2006589,1279.3028695531798
id3442172,1031.5877636782084
id3268005,1267.415518425365
id3682305,1322.1409676111355
id3086831,877.804690352104
id3285755,1329.5556499716167
id2735981,1292.1009209152023
id0019614,1433.215618841874
id0170810,1171.0373599420661
id2138459,1306.514141452833
id3143820,1358.5383990901764
id2795204,1372.9935157469924
id2215691,935.1649290939673
id3127065,895.4635301218325
id0984761,1544.9422478822548
id3031623,1299.8137342757188
id0201357,1326.8088991537854
id0389544,1463.1198765237516
id0856287,1180.061169532423
id3613338,1185.854232352077
id0906079,1265.4781782079015
id1808787,1361.4721553773359
id1964429,1208.5529703299526
id1891226,1161.6697328590737
id0276123,1296.5967869324575
id3781639,1411.3725573514346
id2669449,1430.243992529783
id2349244,1197.9871384245992
id2581231,960.6535012645437
id2339711,1282.5354633006111
id1757045,612.9791236295142
id0239532,1258.2036503096572
id0858222,1089.4040672887506
id0794182,1011.0793785068986
id3989551,983.952552827539
id3637395,1318.2017151691937
id1504698,690.775470430978
id3115776,1222.392214135848
id0879689,1105.3064988338635
id2245453,938.6837493391006
id3337015,1177.446809036505
id0944379,1201.3618533757417
id3410374,1094.9998352241196
id3773293,1152.0972049643535
id3543657,1105.1589308587893
id1266948,1264.7038875694836
id3434465,1067.0304327237202
id3757155,1260.6499536371036
id3356176,1304.0963352758254
id2198756,1005.0294003861017
id2753230,1293.9204952668224
id3564453,1283.1323614118594
id2442912,1298.5665590440972
id1806688,1316.79256403092
id1417986,1548.6524720391978
id2744506,1139.5222486292637
id1442794,1255.395837123976
id2761302,1174.2618874517689
id2698422,755.1417631407013
id1478222,970.8583157296836
id2950973,1375.1646749816741
id3566035,1135.4392459049325
id0703288,1022.091941096421
id0971197,1393.962383787186
id2994017,1374.8529649097102
id0536111,1358.867135629548
id1761424,1268.064767210652
id1925490,1207.6645370992019
id0097682,1090.503729822059
id0028812,1230.1299003748552
id2751783,1212.2154032423314
id0787729,1189.9233981322902
id0698795,707.5400663320665
id2725342,1381.7865829204718
id3372747,1307.024541791682
id0652147,1282.539492712614
id0489674,1280.1084553304715
id3356012,1119.6429776149646
id0880084,176.85801487182908
id2316849,1173.0688783427033
id0280900,819.0795903449905
id2204234,956.3904737137666
id2018729,1189.5145113627877
id0463417,1249.4596349617148
id1036018,1092.4647964243711
id3979104,1294.0479266573336
id1021616,910.2723376880076
id3875763,876.8148114536184
id2620649,1140.6234693884835
id0710383,1248.8913054675943
id3526006,1315.1048636647838
id0678012,1186.8059396462972
id1861868,1225.4783697285832
id1525475,1160.5221154282772
id2402515,832.828763222346
id0841398,1294.1961390680822
id0600882,1078.2015309732421
id2886946,1349.4915644866717
id1246983,1143.6757939383544
id1396208,1082.095001590695
id1283213,1267.5857779754401
id1769801,1326.7225104555782
id0758266,1186.7109192397559
id0463390,1299.1447220311761
id0142714,1208.2413863460058
id1688589,1323.672036744576
id0613251,1421.2439974500194
id1611990,1372.0185767672112
id2113341,1419.368079698141
id0602402,1366.0516982719384
id1294624,1114.1817637297352
id2355281,1326.1156825223052
id3261135,1125.5567923293574
id0971142,1209.9970554717206
id1377941,1013.7946770061772
id3697963,961.5592457639883
id2029396,1144.1270651350976
id2243195,1171.4602119557649
id2122735,976.0882512174323
id2777816,1271.6616899867006
id2668919,1134.5210102479643
id1911665,1372.9107779276135
id0697686,1135.401415525401
id0365855,980.5042545315888
id2891986,1332.8035840944233
id2323113,1221.0395870426728
id0247481,1425.200218102858
id1178131,1178.8769855631735
id0146523,1488.2764241658303
id2036063,1181.3491886403165
id3967858,1202.156115304711
id3529254,1046.4984542049563
id0059641,1216.6258580791155
id3021688,1099.4033707848341
id0142425,1244.3690557829389
id0462895,884.7099479486086
id2904599,1266.912524400511
id3852087,1324.506567917824
id1009098,1240.1430617175788
id2929528,787.0723871209851
id0832105,737.2814477550062
id2352798,1028.5266570294389
id2941298,1392.5184246439044
id3669886,1254.3739852661533
id3593974,884.3156740207559
id2339389,923.2501283402635
id1370994,989.4496692271778
id1738656,1576.23476685366
id1868862,1289.866506230465
id3902376,1069.1146982449493
id3879429,1043.0929497721365
id3738317,1106.044724996175
id3338736,1014.3578398027267
id1866184,699.8336957151276
id0497895,1156.8216685602106
id2139594,1445.046378820939
id2018039,1417.5930792562126
id2525468,954.2373753139359
id2686288,1273.855453351921
id1315290,1162.4841895564346
id0160197,1128.7957875159225
id1834470,1416.1587971286106
id2878034,1279.8256343299665
id3340922,1309.0196709691309
id1149080,1290.0214911823127
id2582532,1323.1943290754655
id1385076,1168.1167578951352
id2232699,1068.3097664046231
id2176431,1394.978141849209
id2876143,1315.5736081526322
id2002072,1218.92162033182
id2356638,1029.2737030848525
id2047796,1474.7553879751872
id2520612,1020.7424523988439
id1943996,1100.6686960325594
id1172779,937.9946338246807
id2472694,1268.0336638973686
id0322575,1147.27458174711
id3290831,1216.2235040773462
id0025296,1266.073987341106
id3341928,1044.2355199430392
id1083365,1251.8808552360952
id0909457,1498.756591137767
id1909272,576.3078080325038
id1756399,1255.9709089658782
id2131054,1160.1096293260757
id2633047,1325.520631241512
id1866725,1386.2135184401372
id3602826,1258.2256283221784
id2418015,1302.7954597860564
id0566449,1206.4729180735776
id2713238,1505.4986003744175
id2997633,1083.9202424786265
id3774381,1456.2617732206318
id2707950,1256.3243127634153
id3000348,1327.7649233505665
id1957052,704.8339057592661
id2343481,1185.9841223004316
id0424969,954.3097891086006
id2022358,1024.9938349771896
id3570696,541.4362280043346
id1809317,888.787385737326
id3639525,1232.5442177789153
id2650286,1341.1598064727964
id2235668,1405.8557060119504
id0089549,1248.3002595472358
id2796372,1142.4568411148505
id0651551,1394.3750681344673
id2275816,1348.722521916221
id0172245,1188.4718518892794
id2266661,1429.2976225949035
id1385218,1276.30402331347
id1688436,1306.190954397501
id2824108,1079.7895927723714
id3048182,165.74682423601868
id3895973,1036.5801318216463
id1354802,1530.2393048236493
id3310598,1448.0072755186081
id2465927,645.0969130516544
id3825894,1303.446045490573
id3460584,1094.8909076476655
id2284426,953.0228302654037
id0567075,808.0598803027879
id1517068,1016.4791418166288
id1295021,872.6802582890169
id0517068,524.04857564964
id2075465,1396.9661967258019
id3061280,1102.3667767482918
id1876176,1139.154290851452
id3359228,1035.0978400290812
id3350845,1283.5927805226802
id3139622,1131.6125398698643
id2705088,1301.7333972576769
id2880862,1142.8308901172957
id3846951,1103.3919801493696
id0978849,781.0515125949762
id0308874,1456.9692046388861
id0619526,836.8743525037651
id3931432,1288.4226743255595
id1761323,1115.4694420727562
id1410582,1087.382261712884
id1999932,1432.036054336705
id2455302,1153.6202470187368
id1033936,986.9740963426195
id3835460,1211.7409805353911
id1794306,1224.5273026973643
id1823315,1020.0579849744246
id2846165,1358.1097260126405
id2683247,1273.9151705933255
id1062283,1198.1220687161765
id0380870,1428.6123808853627
id3229154,1433.5738598159771
id0416300,1258.4967446418775
id0740548,1225.8745474266218
id3273165,1196.974826400017
id0558107,1119.2986983864107
id0159877,1442.6029888257497
id1220296,1029.769259016809
id1698389,1292.4621668360783
id2465359,1243.4318670622088
id0905317,1324.6370103050886
id2872431,1175.2923020030444
id2029241,1355.354000315222
id1026605,1296.6294427710739
id3100436,1378.339893579921
id2310207,1197.1734441959145
id0084743,960.2067398869287
id2593730,1003.6082935754656
id0316916,1241.8442614057462
id2652460,1273.0175129590077
id1768067,1119.4373346526781
id2832681,1283.734442327136
id1149405,1124.776493270926
id3831212,1290.114277780912
id1851382,1362.8013052232416
id2595573,859.6748570826985
id3255889,1044.9640506087508
id3754085,1183.460253820907
id3691040,1330.5420434358857
id2051966,155.63265082358762
id3297482,1368.3288782126046
id2116476,1276.6771820489332
id0812739,1352.9679833197717
id0241988,1095.5697464465416
id0972341,1399.4226526698315
id1024092,1417.4682469522336
id3806278,1206.6172068910507
id1715196,1219.5544861162011
id2811289,1199.4081086825236
id0554396,887.0675243453841
id3009655,1320.9942162664681
id2271677,983.9360311630217
id3322875,1336.0230704996914
id1920298,292.46413145774056
id3335369,1451.11447670645
id2285475,1105.7315843287927
id2146669,1234.8128471496136
id3823072,1161.8216172741236
id3703980,1285.1604233354874
id1747403,1186.6514506799667
id1007313,1205.7786020895205
id2460462,1467.164131470738
id1192171,1141.810731597398
id0231327,1155.8796048967552
id0778026,873.4680059678246
id3832016,1307.9434257164294
id2130914,863.4155933935889
id1976052,897.326559730386
id1674087,1386.0330664156788
id0826821,987.8704352022684
id1458846,1164.4028585668193
id1408982,1542.5717955538062
id3985495,1246.6462711940767
id0711537,1189.0238215880554
id1237890,1171.3824946910815
id3073694,1320.6648580986223
id2941609,892.0661033393383
id0060463,1077.3623430326058
id2348652,1292.8234872368657
id2976614,1186.7304918557415
id2051376,1297.4083135604462
id1024054,1135.223277860985
id3749950,1137.140902165045
id3221528,1399.7258826872958
id1808363,1075.9027914464275
id0104929,1110.777672627676
id3814762,1479.3681263029991
id0999064,1245.8715547704485
id1173732,1377.5307737954577
id1416920,1214.310498356301
id2432193,1276.9348292068248
id3820494,1186.2427305698322
id0258188,1183.7979810214579
id0688299,945.2474310492795
id2982098,967.5932201606923
id0008398,1282.9298967402697
id2093972,944.8395509823112
id3274414,1116.772643257137
id3601059,1055.0976124484193
id3353773,1253.264523453727
id0845447,1101.2619057461861
id2850635,1037.7889494274364
id3024915,1443.8060748168452
id1113720,1082.2624772424692
id1477957,1344.273968983448
id1201982,1043.6706530523713
id1062363,1239.5534459736468
id3750290,1374.4047525846763
id0697728,1268.8578751226125
id0389993,1165.3091786505051
id3448924,1234.7219362423398
id1508726,1157.5753079979613
id1008087,1257.2166975647654
id3359670,1382.621857121441
id2512130,1303.3556735713712
id1690251,1039.8368686968709
id3961203,1412.1200779204244
id1602507,1365.9442809208258
id1727133,1411.7798802324735
id3426687,1050.5555311282812
id1041923,1403.9657859599624
id1856879,1427.2977010644438
id0599710,1170.0739484173848
id0111951,1448.0812743110985
id0605975,1422.2907301458574
id3957318,1297.5986483579236
id2206915,1430.6650279260848
id2693989,1448.7730792138987
id2572756,1093.9485209145905
id2169858,1274.8812415202046
id0714068,1197.8337942269918
id3123905,1207.313471258119
id2907609,1129.4464826234607
id0810845,1301.2893024304358
id1245534,1163.4976392433257
id2151628,1446.2054027949785
id2217657,1081.6101323634164
id3268702,1265.1720763801447
id2233155,1398.6574272909254
id2927753,1255.1819611643493
id3537970,1255.4260244504221
id0753695,1211.0366953685148
id3395465,1422.3559445262613
id3376937,1128.744413673148
id3342216,1306.452087357865
id0846893,1325.5814099085553
id1786303,1307.4315531210625
id3594680,1011.2668414808315
id3623918,1066.103482776698
id2045923,1159.1840071691192
id0718710,1147.7241686629309
id2257319,1435.2473248532633
id1153390,1163.5870197913475
id1464487,1053.6032835719461
id1067090,1225.7635662833302
id1658471,1558.7821474503496
id2240021,1153.116189399058
id3613343,1142.3269716691314
id0537391,1034.590737007355
id2715042,1080.9013609171222
id2806893,1279.5152785860555
id3282330,1189.5975335197102
id3056151,1279.3819711750054
id2562715,1015.3119771785168
id3210321,1365.2863796059155
id3431833,1213.6925529999942
id2638892,1457.440809696457
id0447377,1349.5098520971715
id0424498,1140.3651161942823
id0572313,1080.5850195310404
id3654843,1193.8559019226134
id3065511,1367.913108018837
id3464381,1199.0006888511325
id1107659,1257.070458880056
id2605325,1407.5093686558585
id2179175,1384.2050913410415
id0781162,1215.4590336854264
id3138633,1157.6305832288515
id2608143,1400.8641090476444
id0191824,1350.3206112568073
id1778212,1411.862463931583
id1667973,1338.6062725105103
id2748518,1034.1893262158728
id3545259,1316.4872535263776
id2892993,1216.3599362469722
id0056484,1433.445692147762
id1388815,1361.7387847012587
id1252897,1430.1050739198865
id0790261,1214.3521839722648
id0445353,1165.6616894542833
id1882342,1458.4076452767542
id0265703,1218.3011638986875
id0790798,1099.360797054342
id2377153,1198.9223025364497
id0335006,1208.8167860784563
id3781575,1301.1733103774923
id0183758,1309.9746119280935
id3066676,1485.7729863616496
id3624321,1281.2589014896746
id2102648,1203.9987681592143
id0882583,1086.3225257189408
id3271321,1235.5965624306195
id2540850,1102.7433475665598
id1440651,1298.6495518729441
id3349336,1185.4793604834545
id2462976,1174.8474327798049
id0374279,1324.360330324922
id0346105,928.3458087054647
id3048265,1101.5642761350728
id0944831,1178.9898548606413
id1292918,1491.9132929810821
id2334298,1123.8608819271228
id3311104,1058.7445916323659
id1325373,1095.9641950199846
id2794236,1261.981806020467
id2273832,1333.8608779477745
id1056769,1211.7052795410698
id3120333,1269.3935311895832
id2015819,1117.791641201128
id3170031,1077.2377529160838
id3279595,1157.3853352450155
id3002228,1229.1950428155903
id0806636,1355.175236013052
id1055603,1237.622070533164
id2544892,1127.5845620351174
id0890591,1035.6482079472055
id1625729,1259.1033332585473
id1192426,1458.3700174122903
id2877745,1225.5250668143603
id2814404,1229.7273736058448
id1108511,1540.4157921803776
id2719045,1276.3133221779658
id2117844,1358.4157846763665
id2275336,1364.6382563676743
id1401846,1314.7343239699856
id0480135,1271.730262953182
id1539229,1081.3973574185234
id0768632,1008.3815942414718
id3252580,1457.5380362925891
id1200641,1395.5480469595188
id2492252,1160.7521091407555
id1687770,1201.8731762735363
id3129590,1222.7198603695235
id1157087,1312.9317286818289
id3836198,1452.0806054689267
id1957285,1210.7624196690088
id1836558,926.2094204426711
id3677285,1463.0570897366626
id1920776,1142.8523379654591
id1029703,1118.4295904061369
id2214616,1403.1304319894853
id1434200,861.1438551510647
id3535134,1121.7777119070704
id2869286,1171.1260306606207
id1609611,357.93227410211597
id3832493,1359.2452834366225
id0452626,1334.3944923719155
id1929276,1150.5688900456723
id2430089,1110.5903001487118
id0388644,813.3970268524245
id1133246,1284.9275358558505
id2560133,778.5147205935956
id0921795,1168.7043771404094
id1594238,1371.5506974840357
id3419056,1361.1957888100474
id3285269,1173.9686167077964
id2404839,1122.3334062296012
id0562773,1126.6585601769334
id1605835,1189.162436912921
id1568491,1164.5340565296806
id0076095,1459.0496022845498
id2779500,1247.6097880723228
id3520241,1299.1421245519741
id1863563,1022.0921456910598
id3575436,1117.099105327594
id0367130,1298.042801756949
id2527910,1212.3316888594738
id1851059,1416.0054573148345
id2002163,1156.7804887258899
id0700661,1163.2953777439302
id2078769,1340.992540947921
id1101149,1161.461551301587
id0462896,1337.676460209
id0582313,1104.9347967509186
id1409643,1188.9088566280798
id3653930,410.5606016749149
id3443837,1430.8351342601916
id2935636,1114.5191849682717
id0959187,1286.8614209791112
id0355379,1265.0873840574686
id3264674,913.3285213507997
id1408585,1121.9459163855427
id1620223,1123.1786442392668
id0429403,678.7280528227412
id3614408,1299.1022844271579
id3294220,1220.939564095695
id2662985,1457.6798079974787
id2535310,1242.6673150713632
id2558023,1074.163139201217
id0922845,1193.339581227617
id1732033,1200.024734600022
id2091666,1376.4847325102876
id2437659,1249.403026669999
id1696248,1388.8290021859787
id3498065,1428.6880928493206
id0904472,1244.981906741208
id1553996,1246.2307453987514
id2474964,1065.5274265048272
id1623167,999.8109549070679
id3427350,1284.3186747628495
id2145668,1302.0080017133052
id2481624,1383.9347666059305
id1279491,1268.9511765900286
id0620464,1286.1214391015765
id3711754,1036.305731731821
id0263477,1206.0965359508034
id2838832,1317.8772288707953
id1523976,1463.7169442893803
id1454337,1270.9238006569913
id3294664,1405.829849689249
id3098950,1232.5493621495666
id0350829,1392.6858058947203
id2729397,1148.9725334096865
id0317340,1195.416506106909
id0882666,1253.376855457057
id1455172,1137.9341736322438
id0603340,946.4086371905897
id0926680,1277.5556387880526
id3287128,1168.8460361829161
id3048442,1184.3965266897044
id3898752,1197.8483417423374
id0089659,1239.6567207876083
id1750030,1344.6127507302851
id0458883,986.0378357024819
id0609576,1242.0199829497815
id3777329,1287.3862291414039
id1193755,720.3567117512521
id3818041,1125.842771270664
id2618184,1078.2398098671524
id3968128,1395.3525321033376
id0418468,936.0180125554281
id1877563,1160.1178307338603
id1851947,1212.3705411171927
id3376470,1149.9981058697488
id2482986,1158.9919660534456
id0805391,1364.889423577878
id1868353,1169.0557340756784
id1380701,977.0685084911014
id2003327,1296.1523766714029
id3537621,1250.057062267183
id1075958,1266.854997662235
id2028561,1425.0481288756964
id1511676,1393.148286247918
id3555341,989.944264711449
id1847343,818.1533059409167
id0193521,1427.580617690903
id2508198,1281.9918811015414
id2137934,1208.3111614057416
id2685422,1101.5349324244105
id3560546,1330.6652890762596
id3020059,1048.265614209072
id2452478,1296.1551110304654
id3551131,1409.2261969579727
id2611403,1186.8832835961346
id2583785,1298.883599910816
id1228627,1158.4219520298589
id2758700,1154.447980304148
id1687100,1290.2165873903655
id2666877,1198.4819606857493
id3372260,1393.2276463026353
id0174262,1282.3314830779404
id0831174,1183.7706406577595
id3760364,1283.4108987889283
id2719759,1366.6470107578914
id2548974,1401.6812223284842
id3577789,1124.1266736710766
id2546959,1358.4461309132016
id3268986,1029.9197201490945
id1283379,1376.1115841614996
id0425166,1097.876920067174
id0963759,1325.9042148301094
id2364364,1273.8389258638995
id0729012,1519.0104783071101
id2702071,1441.832696922895
id1681488,1118.6913185006629
id1053879,1092.8298745058462
id2233346,876.0633806356908
id0329621,885.188643070688
id0958728,1427.9712457145251
id1096601,1279.7760604631187
id3950083,942.7881138394653
id2405327,1492.7374559073614
id0179536,1026.235278102606
id3389025,1514.546761312807
id1448810,1187.075544343925
id2881525,1391.0068442911802
id1641745,1445.1450761138167
id3824855,1424.3799511289283
id3789688,1113.9885413449801
id2146264,1335.2426569968293
id3514417,1021.6237829290387
id0364654,1303.2426006296305
id1321918,1440.213100068006
id3364996,1233.9066902015968
id1680315,1233.4665930013193
id3046394,1110.1238149925791
id2245509,1358.1278059962115
id1908609,1129.3371393773975
id3994881,1188.3246263741257
id0763191,1449.8812192012072
id1941781,1120.738408830377
id0450088,1424.5599569968567
id3150081,1301.0551392445695
id3477687,1291.9276431270798
id3112210,1252.8933743161622
id3297146,1146.0015154750806
id2293898,1352.1600212361313
id2014596,1331.6948064479473
id3942508,1055.0958959829013
id2044390,1219.5365321414388
id1155459,1253.1701746938288
id1817543,786.1285129394824
id1413098,1341.442645463528
id1461993,1328.2748216191994
id3939399,1009.6704978734906
id2981599,1360.8851209106012
id3461027,1273.605250220365
id2539576,1323.5655027320058
id3425041,1220.4621537650416
id2024091,1096.455185424395
id1846874,1325.9139828772988
id1333103,1411.0624210634132
id3792814,1399.4025229725871
id2640596,1239.5180314686795
id3544227,946.8565074921771
id3183196,1152.4554280577465
id0523487,1454.4538771519872
id2837071,1299.6143553823115
id3522077,1285.8965809734327
id0238916,1347.3724127650407
id2839532,1290.5614046712071
id1798887,1386.261755825391
id1072251,1333.7177002528394
id1271986,1294.8337562431516
id0636976,1268.639691440828
id3584482,1382.7207594192016
id1409399,1235.7801122850055
id3649053,1123.0032504445724
id3651188,1251.0490957529876
id0945159,1255.9228342801389
id0919266,1185.4103455623256
id3509026,1106.5167760307997
id2932816,1367.771263083925
id1930581,1134.6040608401602
id0315254,1365.991641764047
id1693416,1035.859586262069
id1545878,1473.357038584901
id1678062,1512.649538291037
id1247522,1258.125572275866
id0543628,1415.5291930754552
id3419898,971.009200182807
id2366450,1148.097246106729
id1856144,1334.2914274483696
id0929977,1061.3438081628904
id2449566,1340.0759734612518
id2486853,1260.5000789821313
id1707467,1331.6496881870669
id1376748,1192.1459650510233
id2574576,1396.6066753524287
id3010193,1136.5027243294217
id0980630,1469.410269055038
id1564962,1473.6153520864655
id0674914,1391.5191845255588
id1498387,1277.080016160185
id0052882,1332.2667212877354
id1691381,1275.176749640977
id2452875,1441.356573240285
id2867617,1219.6463754154506
id0941300,1353.3970975172788
id2582545,1131.9788178097026
id3132184,891.9237097773769
id0130191,1376.1531439909954
id1063913,1352.4339194787274
id1670663,1228.3228355860392
id1840694,1333.556699459654
id1724542,1110.6869338824458
id2505447,1292.1627948281912
id3565738,1351.979825618976
id3246049,1436.9641827474022
id0142468,1268.8557192418164
id3718064,1307.084295227342
id3855092,1266.2816807217173
id1760333,1368.6774600567767
id2909404,1188.982336025768
id0586528,987.0192973043444
id3438287,1036.8249161114836
id0130784,1462.5673437079352
id3485617,1167.3883076549118
id0232145,1469.7248793681977
id3249822,1059.039017552854
id3512958,1293.5230117149806
id3003945,1480.5634635153679
id0175052,1309.1513011733705
id0821872,1498.0899855676682
id2240273,1213.5025433996589
id1252811,1039.284248165772
id1394751,1090.852071070697
id0980154,1101.9806087335494
id2189373,1038.9138499125547
id0631367,1153.1054068176295
id3075935,1231.8258897606827
id3647852,1423.3240549456204
id1835268,1084.6736749711142
id1633837,1260.5616058354167
id0238454,861.104469391576
id1587081,737.4943218384306
id1562493,1284.128809849082
id3508703,1271.0438643028017
id2682599,1355.158641332875
id1546169,1453.7776399886907
id1686029,1260.8162846694224
id3435876,1232.0385832318473
id2794792,1328.1045603924515
id3747319,1210.063148958648
id1415698,1141.2451929038148
id3267497,1103.2170245459974
id1278593,1157.9427898628226
id2911882,1097.9461809348297
id3802255,1467.9872264345095
id2257931,1129.8438598103135
id2905192,1401.4667376416935
id0464044,1379.5966156086104
id2044198,1320.6309450952779
id1042556,1285.1451596596435
id2592143,1282.7838372991712
id0497507,1066.5587611220963
id0121250,1065.6843248022135
id3485166,1040.5467689613797
id2123527,937.175209862901
id1936230,1594.4226300252108
id1413027,1211.895842048968
id0289370,1044.680718788738
id2105271,1315.2087430148067
id0056554,1194.9301863114329
id0705493,1285.6001823055867
id2947020,1312.400558925847
id1824151,857.8146680793104
id2658078,1284.8414505219441
id1536382,1325.5880566768622
id3658995,1300.24277409627
id2652969,1252.0150639256492
id2500482,1228.832061576054
id0654669,913.058339215257
id2078154,1496.380342146651
id1039566,1150.6406894137094
id3388546,1151.9125920805434
id3742375,1295.791587925377
id3932962,1088.9199068380578
id2135873,944.4813479268813
id0147414,1256.363901789842
id1472709,1539.1662115617612
id1421052,1193.0452771660027
id3335609,1124.2302684957
id1655936,1201.0975713932116
id3573272,943.1092944947025
id3563135,1182.7543819267037
id3413880,1384.311061864126
id2065855,1375.9771479275626
id1246953,1050.4958763206218
id2665973,915.6218517155648
id1971354,1385.0658679266164
id1496982,1196.7443723924664
id0919928,1451.5874053491787
id3146068,1066.7299728394314
id0809960,1351.9700984604613
id1276582,1088.8049897880649
id0234652,1446.1376779909715
id3037624,1418.161837197524
id0876774,1293.3047504442272
id0654775,1275.9517473543006
id3386557,1130.3562066386744
id0418934,1368.8155399637176
id0650381,1195.4189943720949
id3214796,1115.2629418077886
id0213807,1139.4800400312001
id3043911,1360.8453533415563
id1199354,1144.7215260812266
id1107538,1244.433842880044
id1756635,1398.2564318633617
id1210092,1279.96849773935
id1214055,1247.5964434248165
id3496402,312.022422502438
id2249888,1177.9121023418168
id2179359,1242.005431134894
id0703481,1377.9175994167013
id1287966,1035.6933647933477
id2388416,1529.8424087090295
id1537578,1458.1876227880755
id3461681,1210.1961526686498
id3470715,1459.7413138141972
id3824967,1337.4439374034464
id0927347,1219.1103155953122
id3652263,1415.5714106411974
id2364496,1114.9631006854268
id1592597,1257.0602408935263
id2304278,1058.2444026679698
id3732171,849.7326988489934
id3478077,1316.011966265774
id1310832,1286.5901437261734
id3535194,1288.609546375756
id2412753,1467.7180469177113
id0239789,1185.4046631339543
id2786554,1087.7730122011822
id1659579,1416.692637420835
id3123379,1122.9201899880643
id2656545,1331.2945040433558
id2734480,1127.6001066697283
id2619059,1117.7033192929769
id2665758,1310.6834696128558
id2884765,1122.9126233499085
id0709159,1188.334559874802
id3112286,1177.5326912512849
id3316814,1373.1362761254293
id3311071,1020.4998867813662
id2232938,1129.8908391525972
id3988770,1240.709915717961
id0553374,1207.0024987654722
id2825961,1381.286734889839
id0366364,1047.33043028083
id0188609,1018.1068759703145
id3600363,1399.7072093006602
id2199924,1343.097772305447
id2400214,1354.9897534709917
id1185816,1282.618986447326
id0225953,1149.8207246821053
id3835945,1366.2274697658277
id2768659,1177.365940560278
id2255059,1161.351090218669
id2306188,1189.3866641294048
id3092155,1197.283457733019
id1066959,1130.2155582896505
id0341694,1172.7498472439668
id1332312,1170.2528696058891
id1314370,954.472260311823
id2270166,1189.7638259627424
id0500489,1123.9395856684664
id3323539,1385.8949425888125
id1527833,1096.0527147602147
id1290474,973.4518066810871
id2566890,944.9487671266727
id1731871,1179.7461691842402
id3838393,1342.3889553134907
id1796521,1320.1197652475269
id1718081,1082.6713636344166
id1407640,545.585152953879
id1048538,1438.2282007968874
id3498306,1423.9646412441357
id2414492,1569.1621436915639
id1113796,1367.285327011756
id2558433,1315.6646115964081
id2348469,1190.6179684147812
id0264828,992.8886601538253
id3617537,1152.096096679748
id2831636,1380.8856928398993
id0248439,1133.8772815552456
id3186557,1163.007437076406
id1789931,1425.4154986077374
id2434491,1426.90755772791
id2529978,1050.5747637705704
id2100687,1010.9857961733248
id3892269,1129.6157233598017
id2927123,1174.2186593454057
id1041121,1166.3065336869827
id1218022,1433.5811737799472
id0366663,1298.6508667436658
id3805185,1261.9486144253272
id3514370,1398.3841451221929
id1852085,1267.6871213088025
id3735675,1305.2866120547244
id3886535,1144.9564769939475
id1546163,1248.412724380273
id1934420,1267.827671647562
id2583887,1151.4408721728212
id0602407,1437.9244340879977
id2491869,1014.8339548748895
id3058263,1285.7825284165779
id0156223,1164.619550118301
id1501056,1455.6925212870294
id0279524,1378.701209351469
id3254251,1311.6403415032241
id3403044,555.3145007485244
id0539401,1376.2496044004918
id2474584,891.5140273209041
id2547057,1444.9506691453637
id1034529,838.159926222231
id3933578,1348.7565494478818
id3007434,1074.0542957296047
id1262252,1384.6078699442953
id0678321,1053.949862817492
id2099178,1165.7751416276908
id3423349,1397.4541159799314
id1626192,1276.5808493379234
id1785828,1202.911692001001
id1980302,1174.714595141087
id2599896,1220.539163701822
id2857474,1042.157311788706
id3524178,1178.5204223768535
id2676293,1339.1461584815615
id2067815,1400.2770103158098
id3161995,1385.0934186760674
id2449245,749.3047949266388
id2538389,1373.421654738423
id2381648,1269.1192389878522
id2904991,1263.8225048178301
id0465596,1396.0772633910656
id1968950,1017.3663522875455
id3860455,1434.0207994014302
id1210391,1223.255015292165
id0275134,1285.846941546251
id3601662,1399.4595175116062
id3856740,1419.9119835917131
id0304778,1243.5781556100453
id0220638,1328.798197653062
id2263085,1438.6998895565741
id3441802,1029.6750011459726
id2438036,1045.0421387224487
id2188296,1227.4992394152641
id0944189,1202.357133772235
id2538173,1017.3353966359242
id1279808,148.06710333508286
id3010535,1130.1589022217408
id0263355,1407.33942258272
id0063315,1282.1168088480563
id1287350,1434.9172447984784
id0997837,1143.2666357083506
id1780776,1449.0179483122954
id3131721,1329.07985322179
id3131556,1432.4968003969282
id1490932,1240.6688036263902
id1999410,1140.277919709987
id2152959,1114.5522745106475
id1295186,1294.9131890075664
id2532139,1344.2540963112097
id0816758,1127.210205509932
id3135920,998.0463054052993
id0662732,1435.627688789418
id1948303,1335.1122483041106
id2739437,1157.6788994668655
id0067514,1249.9611447313337
id3876403,1217.3146685295792
id1019513,1213.9809895382018
id2243720,1363.1491240917298
id2896509,1412.7143716656374
id1419143,1326.8423144408127
id2924998,1310.819687514822
id0578084,1290.4825368826166
id3766411,1276.8231486982688
id1744350,1254.6218630100166
id0003478,1434.1451252221304
id1751474,1196.006763905959
id0771961,1174.4646705133484
id1165353,1420.1216029581499
id3587499,1295.28907488893
id0641993,1393.9957792825155
id2733779,1133.9333916070577
id1435874,1169.5989922657775
id1555129,1286.7673450640225
id2240889,1465.553913812422
id1664531,1106.5946190587092
id3695221,1085.7875351279572
id1394485,1006.6589008219779
id3654770,1293.775529578785
id3192346,1480.8160716432037
id3487209,1129.3781420324617
id3998202,1306.982770639608
id1756611,1058.951055800513
id3379549,1248.4532988879669
id3505648,1278.544012752942
id0894482,1181.5404112279766
id2305471,1275.4661556894173
id2002513,1243.6644092477247
id2786552,1398.5304204762215
id1996062,1302.0972161978493
id2469917,1008.5369925755232
id2194191,1089.3322056479255
id0083082,824.3085578635217
id2753350,1471.083772748209
id2033679,1287.4720145248896
id0045723,1169.8701212717278
id2734892,1373.0747400551797
id3488582,1429.1522302677083
id0188828,1202.2265445014941
id0998278,1302.0154692252481
id0930896,1228.0138442958557
id1089623,1243.619331203884
id0370137,1331.699256241568
id0126439,1497.1514670809393
id1349914,1016.1754312260363
id2918925,1033.0168853518157
id3913450,1201.9814885579528
id2933816,1164.6754600622342
id3400089,1229.1391645976973
id3889950,1354.3888370504455
id0881644,1366.83803198442
id3864815,1218.67305361135
id1548433,1509.3683159346906
id2954294,1068.3731077781385
id2841089,1336.509355027914
id1455416,1291.373408721629
id2106679,1124.7396095960426
id1349608,994.9030138898793
id0679987,1374.4549897929874
id3401826,1573.048670480124
id3875073,1075.977686778421
id0479885,1433.3006139776282
id1458489,1277.799927391315
id3340162,1401.5089251725037
id3959405,1452.8214608931685
id2552943,1244.4361633590008
id0733130,1416.884285281665
id1636210,1212.9549291408905
id3760110,1271.9188944840923
id2185938,1366.7582936260014
id3781075,1288.5402465460293
id1866123,1166.7836955412408
id0516847,1085.2264965168608
id0942276,1129.7491540712572
id1020837,1325.1904503532544
id3433949,1214.2929502723512
id3433538,1221.6751014671083
id1346590,963.0318020103684
id2701466,988.9999837130788
id1458332,1255.13412146292
id3761309,1186.9471518018759
id3241508,1387.8877249522425
id0462019,1334.4135001049897
id0217652,1253.5438527881843
id1254163,1006.5090437877491
id1675752,1204.5423428404663
id0348597,1193.8370667719425
id3055987,1438.9465594654682
id0575355,1222.0564189768309
id2518948,1276.996599566883
id3761633,1158.6008032656027
id2423509,1238.853005479823
id0561221,1151.391064803273
id2169381,1417.9586486613043
id0530324,1334.146211348622
id1765338,1264.1413308882336
id0829248,1153.1791982856066
id3199932,1377.938435707873
id2890300,1225.50128972068
id2474332,1379.571351261535
id3945499,1145.1027352680749
id0142911,1254.1339057374478
id3968687,1369.4865027904066
id2274056,1346.0477123119617
id1899110,1322.1413562125126
id3502250,1021.34514301191
id3922324,1219.2463643390163
id2930260,1305.70537750938
id2093801,1198.8659912614403
id1022581,1122.0673847314674
id3918606,1328.3269477404215
id1709891,1250.2913979692246
id1482494,1051.4583400517927
id0551232,1176.604247751543
id2721738,996.5472897484643
id2340109,1062.84569839604
id3582635,1242.9475316342669
id0858920,1245.4234467385863
id1980500,1356.5573301745726
id0495486,1060.1559760034434
id3894053,1214.6578575464519
id1524335,1131.8918743944175
id2935346,715.9415797674786
id0491323,1396.4367002503577
id3783903,1235.489304988654
id2127685,804.4303566749282
id1205084,1187.4642879258386
id3036077,1247.1169317110775
id3446791,919.2875625729373
id1510335,1226.8323891046011
id0939668,1194.69727798882
id0015493,911.9678955225587
id3188224,1072.5213139397588
id1446004,1164.1564761262273
id3229782,892.8637529929456
id0180978,1412.780273304281
id3526224,1373.0888854804562
id3539365,1155.4444786330819
id2138154,1521.4399321702313
id0138211,1155.796350072027
id1006651,1173.3211970884452
id3164250,154.203698937017
id3646224,1093.5753307099521
id2078078,1019.2869327388921
id2328464,1172.4945621004445
id3895439,1108.712593842839
id2082065,1130.7965643536038
id1023979,1338.9487050255138
id3608635,1218.9143580608186
id0431342,1272.3121157123226
id3176347,1292.438356522371
id3600404,1294.2455860747439
id0680702,882.4523417813547
id0709345,1093.4986157192852
id1076294,1269.4943303765353
id2596578,1039.4723983998695
id0666881,1286.601251245506
id1065378,1108.1306620409125
id1911850,932.4576614087023
id0399774,1211.9513143014203
id2500256,1013.2263712110976
id0454942,1324.5074116076419
id1662605,1250.9264804575037
id3771595,1269.2880288342499
id0975354,1172.617152725921
id0793848,1159.6429100223763
id0231183,1395.5722162687593
id3750013,1258.5024468593783
id3469715,1145.6230579954602
id3737596,920.5316507744179
id1249052,1295.685891478531
id3822954,1508.9420667883267
id1360109,657.7426111623805
id0798932,1348.6607019153546
id3782232,1228.328992874334
id1685742,1108.9762319350941
id2811706,1325.8794441331058
id3810007,1231.5076205231355
id2278015,826.1911957988741
id1846737,1290.2180400260972
id1010480,1518.1541596178304
id3349135,866.4658713453739
id0356911,1263.0275723183943
id3990334,1376.600124617549
id0885771,1271.1646117277558
id2484200,1384.4791980472178
id3414998,1364.327384646718
id0421102,1220.109451855799
id3945637,1209.3499932421357
id0461120,1080.1818001899128
id3160727,1180.9748904135913
id0214830,1131.734362831981
id3841067,1467.4055623958589
id1201583,1167.964961267239
id3515089,1166.4193285211834
id1129132,1001.0878462319702
id3212628,1183.3458777895096
id0429367,1207.9762440771544
id3056822,1350.3899049328606
id3288101,1285.9303733246431
id3723232,1315.8533887730239
id1479954,1402.983499268223
id3182327,1426.0191853456558
id3495852,1356.77601203812
id1066616,987.4881739093929
id2164866,1097.7489359148458
id3429591,1397.762302631365
id1184774,1102.4502692907674
id0754986,1353.3157642329534
id1441690,1239.999411979447
id2088963,1128.3902902498955
id0475577,1164.465265674822
id1200220,1032.5741423643785
id2608927,1408.5118668319583
id0016794,1398.4105380886922
id1900251,1214.2925730948668
id2305730,988.8966323511152
id3474427,1472.5726346875567
id3416881,1283.8293010662055
id2495348,159.88233127854392
id1462398,1524.912235912254
id2246377,1293.8426133075534
id2493266,1255.1593366503807
id2931287,1305.0305990500126
id0772236,1356.2254434329682
id2643415,680.4438294373425
id3974509,1176.9652309326175
id0647858,1424.648733992795
id0031030,1225.7187584567243
id2937841,1485.8676127395152
id3418391,1246.791768479995
id1279700,1403.086919780216
id1839072,108.30554407829248
id1714140,1081.1112557260874
id3309160,1242.6380186767522
id0275614,1026.0838723979712
id2123750,1346.9016927596008
id1957982,1311.820605471598
id2895422,978.1062637151347
id3199078,1365.4272708796054
id0225443,1353.3912015052379
id0712283,1397.6883027747047
id2656259,364.9469480651182
id2797394,1046.4644355497985
id3750236,1608.9940429527132
id1554172,1154.7364521534962
id3268014,1166.1384032843139
id2805828,1397.7802419632822
id3417448,665.8901675171983
id3071156,1181.587837896345
id0312324,889.6473168797253
id3669194,1255.7430845706142
id0277533,1306.647644329272
id2782897,1239.7330448477094
id1788479,1333.4336240209286
id0317125,1174.1093775864567
id3432898,1300.818494514456
id2674936,1277.3349661618533
id0240704,1228.1519099930708
id0136331,1278.19902634118
id0126796,1400.2536618592483
id3886846,1294.4774764397025
id2591026,959.4903942947464
id1591037,1329.413092310353
id1160055,1434.837766013374
id0810833,1429.2458453329057
id1660070,1284.2695495865564
id3888892,1196.5391653107172
id3336406,987.2329442372575
id0060001,1351.533304169596
id1138989,998.6783598598595
id1409098,1373.37305194499
id1708411,1219.2881134971178
id3324259,1382.0330914616698
id3160056,993.6029689639794
id1442426,1196.527701518228
id0453108,1081.1322792737567
id3404130,1390.7089934786131
id3813168,1269.7080400841448
id3108829,1262.2484720058121
id3178772,1455.8308496274954
id0338236,1317.7057799420088
id2871861,1050.4697014722296
id3507681,1138.7349196848627
id3344698,1513.2525395603209
id3183500,1302.9305774017805
id1446444,1471.6562967198602
id0036777,1131.375841562404
id2254006,1170.297843830268
id2811776,1141.662938083761
id2549809,1324.8712731039122
id1177526,1437.0232052472643
id1634560,84.86964145316006
id0603500,1298.6314856900192
id1143306,1446.760181879353
id2799761,1551.1734666317082
id1774875,1299.9148833837905
id0599830,1483.8793192916376
id3917382,1054.3203544899468
id2565139,1145.1025601905703
id0233910,963.6480909971839
id3033419,1264.2074772102512
id1954300,1438.3903679019868
id1657665,1275.0334950639958
id3572873,1289.4609099585837
id1899139,1231.4641792751395
id2303435,1282.4374048423017
id1074683,1153.468370873052
id1557156,1279.5629772413477
id2673560,1445.7770506803186
id1315001,1154.5515290257426
id3730225,1341.0588079077947
id3044416,1181.6135244771851
id0346849,1100.7645088024228
id0117566,1227.0788329969348
id3517280,1485.660334417261
id0571411,189.79568837692403
id3646089,1244.4667043033635
id2820612,1357.9760785897506
id2459257,1323.566282964146
id3044752,1253.6216117275683
id2704865,1281.67543855741
id0539362,1372.8300891201511
id2929729,1299.9905209323178
id1064659,1228.2216396847282
id0851845,1536.6931314579608
id1015304,1273.9776807318642
id0575474,1294.7907912019637
id2539363,1404.5708164475361
id1096974,1069.1697103376105
id2188871,1031.34048034911
id0950754,1334.4901920009677
id3400624,1169.4455385242102
id3385709,1276.029062866419
id2304183,174.32493844640663
id1896090,1464.3794410500484
id3374026,1522.3728692238076
id2539964,1306.2981995190464
id3401961,1261.3027175899003
id1908291,1386.4745024327315
id3414732,1436.6495800353077
id2757668,1192.042274539113
id2299227,1116.8366727617959
id1098206,1013.5017810149185
id3756343,1468.5922460921395
id2264044,956.1739432364742
id3765474,1317.4943368129734
id0453665,1351.3331716518333
id3001067,1515.7162051241228
id1482012,1277.854909522049
id0372675,1346.0583920934998
id2941339,1156.7899528953137
id3007595,1186.494144957602
id3287993,1275.1714462901814
id0453889,1409.7710129342959
id1567124,1071.1208998357597
id3771793,1369.2334283762448
id2145370,1229.429246484757
id2707113,1462.873317029778
id3382849,1120.8331537624576
id0747746,1222.9092065790464
id3625338,1520.6695185259834
id1628621,1415.7781458549764
id3626324,1261.0982490285037
id2371567,1144.926564076239
id0256565,1341.2153238520013
id1076681,1281.1049801038725
id1956578,1290.8951389956676
id0075464,1326.0757664879295
id1702931,1171.9757051662345
id1881389,945.1943885510199
id2754186,1322.6804323109418
id3579495,1422.965581702229
id3827099,1175.2711926301597
id1804670,1271.1395004197338
id1468483,1288.321402065668
id2959610,1201.7740892573984
id2175255,1043.3206648683056
id2439213,1360.8346137455342
id0802682,1348.4998722809735
id3544946,1315.4126068541661
id0705211,1351.817093755636
id2957352,1360.4257539235684
id0692645,1230.509383113952
id2421414,1270.8201614605064
id2092367,1164.1665653819168
id2649194,1466.241372930529
id2784486,1168.723833101504
id2881722,1416.8781104605148
id0902559,1398.992690925655
id3848219,1461.2715599731696
id2413510,1100.1178733745742
id3053920,1093.7032220510653
id2295954,1168.018993373051
id1888886,1423.9072695378618
id0849033,1488.0024388884851
id3964313,1471.102050806919
id1875862,1198.779376807342
id1926558,1416.763006887906
id1688056,1495.907367056567
id1024053,1207.9635471669021
id3562638,1200.7581186023526
id2966331,1274.1523470102848
id1855566,1274.2662694349497
id1634488,1064.2335549718111
id2099914,996.993640335231
id0720135,1070.5937262223015
id2972244,1213.8282158701784
id0378433,1253.9696147819304
id1890164,1501.8232147856925
id2621915,1130.079295526272
id1614306,1319.162697746092
id3617275,1201.9639509810108
id1032853,1247.1052888527504
id3016430,1439.9766109982945
id0777959,1336.5459715931727
id1425859,1124.742858727513
id0077908,1455.5608304184348
id3249429,1508.2311194317053
id2370911,1630.9519269376535
id0950265,1274.2247592324863
id2712895,1311.7953501108063
id3008694,397.61989794267396
id1516588,1074.925566888968
id1767949,1345.5188581211742
id2909082,1215.7107336538716
id0511579,1114.1387444083718
id3575740,1049.0981337794206
id3710320,1405.0918098464429
id1675971,1395.5676423407924
id3497818,1291.7264851474238
id0161324,1235.5657132981908
id1262245,1281.4200243838577
id1495475,1335.4219424942476
id1334783,895.9797514146217
id3804145,1179.6947728485507
id0896250,1345.9614790493258
id1187060,1377.0818517689004
id1739282,1405.7124755873147
id3299293,1165.822913887329
id1159260,1258.8559140957773
id2933053,1153.9949300094593
id0591696,1106.0797524684383
id0418371,1098.7773002431045
id0821804,1349.2572886401877
id2354099,1401.0842238998632
id2509119,1097.0425873878955
id1592709,1179.9520452283466
id3286579,1067.234026963852
id1441016,1373.848595613651
id2871516,1079.5415938303777
id2655392,1109.7103486205415
id2489575,1208.7747659467518
id1475438,730.9203883740308
id3073371,1182.144485303414
id1880953,1395.875795241054
id2075641,1236.5181917861548
id0983007,1217.6086006875355
id0778469,1229.5388000342518
id2430863,967.317729779444
id3546893,1230.2201873264135
id0955301,1150.5098222753747
id1159641,1177.3415640984492
id2685185,1418.0669427817872
id1402939,1044.1493789025155
id3782052,1163.8334108674578
id1836911,1430.0981131562694
id0015665,948.8225214361704
id0676218,1118.8440942657278
id1550415,1226.2092997353368
id3926794,1139.1381083993904
id1003520,1048.6592226901187
id0980948,1337.8424867470835
id3505106,1333.0908043928773
id3474654,1206.468407997038
id0181627,1237.884392072789
id1451856,1274.390629016665
id0313100,1422.3404669862048
id2021177,1226.43862769576
id0721027,1210.2957627485678
id0034767,1074.4774192765665
id1977402,1164.1400495456428
id2811867,1221.9367047438984
id1798137,1150.6176701249285
id2757160,1354.223315075971
id3096060,1315.6114759111945
id3531583,1158.9603668455256
id2931750,1187.2116877504175
id1624641,1121.571115822513
id2436592,1081.077537151075
id0344743,1018.5939322108597
id1050214,1368.1192838163856
id3240617,1315.7459862913088
id2312198,1307.673884424102
id1573660,1218.1026437333717
id3761594,1445.2998803160538
id3436124,1270.5936379718153
id2529160,1367.4466337135805
id1223332,1348.8844204899476
id1940919,1263.3736462137688
id0878371,1182.4851514954203
id0562396,964.4805726340414
id2053266,1148.9437124675624
id2017052,953.8294340976844
id0428521,1269.553409679819
id2680257,1370.1130665564162
id1964807,1045.7918325318678
id0791361,1429.0960755533524
id0048469,1472.0015158742144
id1477513,1202.21598764533
id2952562,987.631001071623
id2901791,1390.9356285973588
id0128967,1125.8629608703811
id3386568,1176.7996531478693
id2159827,1375.3911791592272
id2904032,1160.5551107325252
id3080680,1209.0571099758572
id3933635,1210.145652312957
id1165078,1443.788134752822
id1110116,1207.6159078186142
id2127648,1332.2803878055558
id2932437,1291.2559855721993
id2201972,1204.2563169093673
id3217990,1489.2118361618204
id2592985,1073.802611792073
id0748482,1398.7005575111793
id1682172,1282.9715851011122
id2333055,1402.2081203045311
id0989771,1437.9322938346813
id1686397,1125.6045208704338
id1381222,1422.8687509675883
id3980303,1129.564608577103
id1808527,1240.5995328353524
id0282674,1235.7543266045386
id3503104,1160.7182930564045
id3708874,1236.111185852672
id2202667,1383.921973433142
id2782536,1206.7056389939223
id1148603,1414.6422137940817
id1566281,1072.7989586687545
id2375735,1391.0915475160157
id1139456,1311.1554061206618
id1291196,1442.2132346572405
id2984797,1355.3227203684462
id2415011,1198.6332382977778
id2085717,1430.252166195685
id1425515,1108.311368715735
id3649249,1347.2783367664788
id3992293,1425.315187959537
id0675754,1236.9923070157017
id3083429,1142.2504911541616
id3006197,1393.8064663364453
id0365279,1275.8964650374196
id1844349,1076.4599366125753
id2909389,1481.8347266698697
id0727165,950.6819715451824
id2397849,1415.3324060986026
id1943539,1355.3317413368882
id1728139,1168.8859943822922
id1147838,1236.0528866431582
id3293787,1131.859585491139
id1590224,1193.5260796153027
id2017823,1301.0890261186935
id0105334,1159.9258469902843
id3411252,1412.5977391122715
id1051608,1220.6091979411074
id0451483,1167.8625649079427
id0841367,1475.9903419506502
id0978448,1256.4926886505475
id1751998,1193.4054144297047
id1902638,1462.1419266388934
id0678812,941.8394670878066
id0688557,1312.6877749816565
id3488603,1194.7967807559828
id0879129,1220.886304416415
id1410327,1321.635613947057
id0747069,1344.7644073041606
id3172290,1112.193086054567
id3709041,1466.5104960653052
id0669470,1336.2763578524475
id0111291,1192.4993306073857
id3619190,1340.445912918436
id1265039,327.9583590775719
id0048420,1256.4186724611775
id0199574,1014.1015624721456
id1006857,1325.4619560821304
id1298999,1256.0096312531277
id3610722,1214.453826352389
id1675125,1106.9405273140344
id2064174,1481.407818838961
id2008082,1123.6450481503712
id0052311,1117.1143912471782
id3283774,1176.378638563066
id1607700,1423.138700490788
id3156193,1218.059507919123
id0549479,1163.007437076406
id3082082,1320.2013349196404
id3903529,1355.09210118269
id0151881,1409.8669112441814
id0871543,1170.4459849985376
id0000672,480.29131857226037
id2143545,1145.4386323116078
id2993455,1273.8001221659833
id1822940,1138.8116958150938
id1680266,1489.403472916304
id1135184,1278.6257584939751
id1309194,1353.3785137248137
id1437834,1345.5288691823005
id2562344,1264.5216208489435
id3739581,1401.985418863666
id2192203,1397.9351897919862
id3568761,1159.1928082049162
id0227060,1408.695150557487
id3857772,1124.0920125857494
id0543315,1386.1713433313546
id2288910,1313.826482818594
id3022113,1148.65100091354
id3514372,1491.2266213563698
id3315476,1138.9581725184014
id3941524,1323.6725374430848
id0743617,1274.8235222066146
id2015683,1095.123278458639
id0288019,1137.4610801992042
id1400911,1141.8115604994991
id2462438,1281.7636742464854
id1758796,1335.6356679887142
id0309461,1493.9640602462434
id2141652,1484.7330174823203
id0397578,915.4829287772313
id1281721,1417.6801596313478
id0193028,482.0722574307873
id3824623,1096.162014456848
id0206849,1404.008842599904
id3608763,980.2413972190708
id3275310,1243.8345757071047
id3951136,1383.5498719772556
id2545523,1064.1648551662224
id3437030,1311.3062400270671
id3751392,1339.2648989861364
id3773237,1317.92540020858
id2797506,1077.6269131056788
id0721364,1016.1067356878763
id3616014,1445.6532045510464
id0972297,1529.471321956552
id2818532,1387.6537612661239
id2185976,1449.96225246962
id0000761,1286.12411453172
id2383768,1410.930855022122
id2412028,1076.0583721583137
id1959391,1318.527420267637
id2787286,1356.497840244658
id2768745,1447.59450394908
id2105040,1239.7756841990154
id3537554,1436.9602773760867
id1056737,1363.1421916846443
id2811309,935.4301401502504
id1377434,1250.9746188444617
id2657891,1157.4265478709112
id3424102,1301.0980976199548
id3520035,1268.843852844426
id1178246,1269.1436409171843
id1434805,1274.8659576731482
id0069163,1227.388273404072
id1211682,1175.8882752164834
id1985702,1172.2056525290104
id1745469,1121.535210175445
id3324990,975.224128079243
id0073274,1136.8647779367184
id1567879,1576.4990879871523
id3517556,1117.5153990061706
id3571776,1209.1757783086211
id1724084,1298.8767790494517
id2617289,1474.651234061066
id2881560,1530.7887391278184
id2718480,1298.3095553182548
id2566204,1401.3972292089006
id2112388,25.93110265069449
id1393586,1362.0535470797315
id2143647,1486.9378964504938
id0292080,1199.7110061246167
id1820645,1286.1014254183435
id1829810,1041.5448499383701
id1168321,1290.9849480671057
id3343976,123.16221943140894
id2407333,1296.7195160311985
id1297602,1377.6382130735687
id1365474,1547.131566723081
id2313371,1362.8760150347664
id3377682,1294.732820239946
id3689176,1338.01348562664
id0820607,1313.2528870001531
id3281169,1338.3024255396651
id0467274,1048.2313166208887
id1517817,1411.5375787926168
id0125032,1204.2070483682426
id3213351,1241.9749645757802
id0928428,1264.7031989633622
id0749020,1331.080780796821
id3244428,1236.946762664392
id0675599,1153.5635554397375
id0468792,1077.3212119054144
id2597417,1409.5213844783987
id1752400,1254.8810195997962
id0258521,1270.6460068446495
id2755747,1370.6473011694607
id1493034,1437.4099835689676
id0627204,1003.5744406215637
id2958436,1084.2376510488416
id0340338,1331.988122870318
id2375667,1280.8908258294994
id3803931,1108.9064225644481
id2903693,1245.417605973275
id1891600,1283.1361652381836
id0656890,1231.9212760187888
id2615009,1424.5954397201417
id3965762,1006.6891724923605
id1591014,1300.206208402392
id3743700,1385.9098094895094
id1653599,1219.2438165235528
id2213522,1210.3119133360792
id2704370,1294.2562486484344
id3772348,1375.5264442367486
id3156314,1380.5510821472722
id3960093,1130.9627579690164
id1634545,1365.1308767409896
id1493390,942.3222411760481
id3701578,1259.8490943777294
id2311544,1261.9226810446721
id2451745,1046.3811804929678
id0510381,1493.9379427319768
id2212648,1284.540143868138
id3254558,1355.2093457501596
id1329304,1199.7110061246167
id1804187,1314.0268702382318
id0296573,1307.0143597824303
id0120667,1403.8537000043507
id0062128,1358.0494500771479
id1631730,1314.0219966663035
id3408235,1223.0069288046595
id1864779,1324.1055828202082
id0104472,1264.2217803684057
id2657874,860.2050997667884
id2946597,1546.0234707135182
id0440023,1038.0326076698886
id0698887,946.0035790582045
id1129846,1272.5965507417704
id1354279,1334.483289142681
id3449892,1040.0717450436255
id3044583,1583.6792516843964
id1381158,1284.8942777395976
id1059597,1388.578693491638
id0323043,1255.5475630027752
id3348442,484.8291280319264
id0324418,1085.856268980914
id0853768,1450.488285218464
id3724945,1268.081953481484
id3964153,1093.723034836486
id3435936,938.5246045481242
id0935337,1297.1107069415725
id2136779,1073.0575668110282
id3657126,1196.642298825413
id1145474,1281.8586802575758
id1462183,1017.7389808515957
id3840702,1113.6530824776114
id1134805,1267.5280675939741
id3295029,1080.8718324477472
id3745565,1249.6740034748088
id1616575,972.1965787498698
id1436087,1364.5593632852426
id2679967,1045.6309534601376
id3967030,1213.9370810339421
id0005731,1501.3437801916946
id1350243,1080.8542052852379
id0098463,1085.1322676687205
id3834398,1108.2946615796122
id0809373,1256.1506940365543
id0657846,1071.5306303728055
id2696614,1545.5738676065073
id0776809,966.408492714123
id0332596,1270.734124995457
id1601972,1157.1603417991557
id0808105,1237.041179821952
id1198073,1152.0332074326177
id0438271,1220.8204510168887
id1942048,1196.3926366975186
id2411119,1312.7660677114695
id1442295,1056.2057380352219
id0379757,1429.1908196822249
id3861834,1314.798379992265
id2049566,1448.3879365156095
id3351146,1300.1051884754668
id1119994,1307.9326409203434
id3446487,1128.049682424331
id0748390,1195.2625341334945
id0896335,1232.2828678895576
id2418616,1211.4735487026646
id1721775,1158.1278217429794
id0231797,1488.0110173130968
id3353430,1195.4789393264948
id2582373,1469.62987242075
id0387181,1082.2582703875476
id3634596,1266.3049257451787
id1680666,1280.2313480388593
id2847779,1089.63564529644
id3950923,1433.0645139697535
id0544719,1199.06968518864
id3868261,1353.9999177773504
id1854760,1277.910575820357
id1116179,1112.617005059255
id1128325,1136.5411709048203
id0400666,1197.4266663827718
id1832129,922.7554766482872
id3675363,1095.56777507616
id1608879,1135.507442504361
id2659363,182.54743568871723
id0638825,1337.0621721529767
id3902227,1285.779743176883
id3903429,1172.6659781683659
id2572258,1303.962106131065
id1857737,1280.3649930875272
id1768489,1288.4035954535443
id3095491,1393.3977226971251
id0403182,1371.616837959956
id1297383,1308.210746914975
id2710704,1158.7834836935642
id0323472,1149.5762406082638
id3024844,1159.577603613136
id3959737,1343.023446629162
id1920134,1255.3013712164043
id0934064,1362.3104712401548
id1378350,1328.2488411539723
id3806637,1195.6112872681203
id1658602,1115.7221979585227
id0113895,1296.0753124541873
id1978237,1217.9078623320686
id3687220,1263.7267900287331
id1230999,1194.3620458055925
id3912151,1328.4325381584326
id3253481,1254.5606627256004
id3533654,1264.4473758307718
id0170413,1278.244461218883
id0001044,1116.55793590378
id2553024,1360.0027665237608
id2969639,1074.0140854818826
id1520659,1314.9178414661362
id2809515,1160.4848648424033
id2196172,1490.7239940312575
id1663978,1313.3205630911787
id2046115,1148.0158217319395
id2490435,1322.8516910582177
id3912917,1017.5481891282516
id2159511,1352.6742432191008
id2808993,1166.9114413084326
id3491300,1172.2214860835577
id0632209,1612.51418395872
id3991627,1260.6736239782465
id0124475,1170.3583362816596
id2923070,1402.2665012891318
id3995406,1250.6464030611446
id0804125,1173.8818203777046
id0833896,1188.3913867999258
id1888144,1210.3587896939603
id3775909,1309.0123171610935
id1702651,1154.2362780724318
id1852917,1105.5738489107468
id3191447,1039.2499347600242
id0793213,1537.587495992097
id3660098,1194.1249506570248
id0104557,1191.4918258101366
id3601299,1193.6525494292657
id2042221,1307.8117806173389
id0986514,1233.4043921283926
id0349834,1271.7690495507495
id0814713,1254.281874221364
id1068971,1347.2575344855522
id1536851,1345.9599515794755
id3698250,1099.2006779312107
id3795926,1344.734178015354
id1450366,1417.5094565535687
id1667432,1364.505594936908
id1194819,1365.6456827771133
id3775814,1273.8935888021338
id2445532,1556.496666746594
id1665186,1251.9533744146515
id1494089,1303.246179183393
id2613083,192.0688487884602
id3090930,1525.0415600146594
id1397905,1287.8370957273705
id1077166,1265.138234029005
id1163623,1211.112261329503
id2833240,1401.2166264291345
id1222725,1311.246241510489
id0546341,1430.8623136046683
id2429826,1293.8874685382207
id2836110,1263.2645581453069
id2274784,1315.2080238853341
id3281838,1400.2221072400428
id3242970,1350.1622045158326
id3188972,1473.4117509874418
id0221134,1300.6907645043368
id0735821,1502.3352456635916
id1002233,1216.2360863056151
id2680495,1389.425642624733
id2828245,1226.077028492523
id2180503,1321.4131328141
id0107557,1204.8096512473408
id0497096,108.36338881345672
id2573601,1357.6291478370072
id3236456,1564.0438643747468
id3790628,1317.5264740643536
id1420101,1310.592583341951
id2979446,1139.231460543509
id1233230,1358.102027120777
id2296101,1208.9355814394007
id0000164,1418.2898682500943
id3673289,1280.1252079188114
id2838568,1222.3743499247535
id1122272,1418.8147174371466
id1347154,1180.4903919112542
id3557797,1307.0782902725073
id0575015,1451.8609204572235
id2187394,1323.0647604171775
id3094065,1020.764797952182
id2885648,1459.5501715643534
id3135396,1158.736165814993
id1527652,1212.4382849883564
id1811361,1323.0474779992994
id1241998,1437.3601967142522
id2736239,1023.4883903570762
id2683886,1205.3799959264054
id0061544,1384.9773809571618
id3826600,1409.542486477434
id0721783,1166.693531183191
id3629569,1284.529408107991
id1376088,1217.83655371649
id3304998,1214.4821791838003
id1446878,1381.456561089389
id3429331,970.0976583123451
id1013526,1100.4607582182116
id2813891,1320.3820535029681
id0676008,1233.3348058596525
id0422348,1400.723403746082
id3119926,1255.694278669954
id0653517,1190.984875964611
id2624075,1355.8370232746088
id1461207,1426.5375942275007
id1381597,1412.5643389048398
id1006305,1203.72454030081
id3333993,1196.3254541407039
id1462353,1275.6746456953324
id0607090,1043.2299536840753
id0314664,1521.1169063339196
id3067562,1176.8076489006712
id0779146,1097.905220396874
id1585164,1446.34394427087
id0023669,1198.3880872107509
id0366874,1344.0372171863364
id1417974,1283.8380794309978
id1155108,1466.6168042134984
id2093468,1206.2782271566869
id0224554,1458.653537264053
id3287084,1269.231567780193
id1505271,1355.4662301189026
id1825080,1553.8063744402114
id3032755,1318.9086283605286
id3252061,1241.3425397327555
id3463233,1366.435651530476
id1857910,1323.170141812348
id1116393,1263.5546439698735
id3952939,1374.1927120581067
id3578063,1348.5075487848565
id3353575,1372.0372367593884
id3975967,1416.4991835143442
id3672130,1272.3391017285032
id1783577,1297.2892335610284
id1177751,1262.599567748959
id3558200,1273.3647266830915
id2953736,1213.4122774218047
id3339378,1376.7472306765308
id3503213,1295.4284964731823
id0253848,1376.4752870676166
id2120498,1205.6118192847212
id0916433,1044.4080116485463
id1965716,974.2149770461094
id1995200,1366.480596350195
id0828181,1298.3423317883153
id0065532,1403.4836960673367
id2155290,1174.0193186302865
id2708241,1433.7546207307512
id2485138,1061.6223395294278
id2758551,1182.3263074810548
id3339946,1189.9294776009308
id1666455,1507.0357595145406
id3688492,1324.57257176142
id3292216,1207.9580205991042
id2198783,1397.7439087690266
id2999488,1422.8071575402626
id1295206,1376.610832681361
id3647086,1018.0556190835958
id1534912,1287.2068201755155
id2476683,1188.9997820735955
id2583738,1530.2082601758714
id3280357,1286.2474148677918
id0297570,357.3875325653345
id1446814,1476.755661448627
id0357638,1312.8261463071549
id3751319,1232.687408674369
id1158633,1216.042495728287
id0404391,1332.2230589296096
id1471682,1541.8454041968864
id1379739,1179.286880120034
id2572598,1094.3618996927785
id2260434,1378.8810463278674
id3464918,943.8171532164627
id1920639,1489.7398562610522
id2679351,1333.8793357389522
id1139419,1296.4259036782323
id2925209,1466.2034527943563
id3577970,1486.8259803985277
id1785824,1235.3599607100477
id1161531,1117.7303772958874
id2785033,1314.571049828301
id1829155,1353.3047429091682
id3015593,277.2358704767574
id1324283,1322.9893461725367
id0100753,1214.0574709968453
id0703130,1131.025640738216
id2586261,1157.1028914913425
id2554791,1566.3291615136804
id2673110,1368.3492528393645
id0370747,1459.6125466788756
id3754501,1282.3980310120946
id2892704,1266.3002868350632
id1782120,1110.822586745324
id3314537,1302.9692876634547
id2155783,1306.6522478655336
id0294923,1144.9432623680616
id2225714,1078.3751172910042
id0397588,1264.6690662061483
id0185092,733.3645961394543
id0892478,1347.949326690566
id1560295,1233.295266638881
id1669219,1387.4352450179192
id0586392,1222.4548004797311
id3918003,1453.1584030368695
id0807797,1363.6047505449665
id2805304,1342.0822963675198
id1638857,1157.5718219393848
id2567765,1358.0550378685366
id0520758,1352.6441611307569
id2118286,1347.9440524256752
id0239720,1240.9727741523684
id1398408,1305.658179499616
id3039030,1294.1099294988194
id1040844,1365.792637870583
id1408950,1141.5180731370713
id3237184,1453.1648620730916
id2341933,1456.6481719629876
id2211273,1248.008110181429
id0542391,1459.6694249196867
id0970886,1301.457816235434
id3183000,1361.9467357917267
id2982746,1140.5264989453328
id0895545,1359.80340590113
id0169431,1295.7391575722147
id3549192,1374.6900062453778
id0795238,1501.513616720548
id3354338,1348.1622209567454
id2505705,1490.3320109053511
id0596180,1317.5713453258147
id3046992,1459.5490339178766
id0240882,1284.1716719305982
id1058535,1558.9639176298979
id2115350,1538.0272221430948
id0389616,1270.734124995457
id2593312,1471.0495419562533
id0402539,1381.1529194276523
id2534240,1078.683579224851
id2952717,1311.7694092437353
id2799878,1127.2392991824806
id0920358,164.7804401385564
id2875136,1173.1258841310216
id2757950,937.3448791872571
id2984595,1067.07437945096
id2689565,1521.9314156843054
id0506572,1480.4175430428495
id2052660,1307.3539578973619
id2304741,1416.75572533028
id1092161,1025.308200036948
id3446830,870.6903277642423
id0951735,1217.4923944187467
id3020268,1102.511277427555
id0309009,858.8532814638816
id1430543,897.8186510428869
id3491590,369.73172921541567
id3363604,981.563086650535
id3256939,1331.5196815405518
id3632390,434.66389814413725
id1593392,667.0271240707076
id1907182,817.2787877598357
id1781155,755.9715265584607
id3737196,204.24867010659304
id1148048,260.92880871722764
id1714693,434.73455647649257
id1184239,771.7699930259398
id2538452,429.5222958616584
id1230274,1151.9218027478557
id2500786,1216.1209328808377
id3944658,1274.3811118826204
id1971857,249.00716121417295
id1886686,737.2159681056123
id3596084,1027.9227386375303
id1091477,540.8019276452144
id1463984,465.23225556680256
id0625935,986.3469392340767
id2005775,225.9375394667799
id2941483,1252.9355702415082
id1678253,679.5667720896951
id2680785,267.09273784278713
id2115229,1381.6729136911104
id0843794,653.7965923799192
id0222074,1161.2470723968536
id0980323,1188.6959389545216
id2198128,923.2159066579695
id1445677,207.0089238167334
id2354376,759.7282308197554
id1791698,887.5946925426474
id1428140,1248.7087443273897
id3954143,220.95367296439127
id1443501,708.4692206907916
id3782820,1182.054283282365
id1416094,544.9604170645209
