id,trip_duration
id1846565,
id2473446,
id3852188,
id3728770,
id3733479,
id3912210,
id1926606,
id1219220,
id3108390,
id3528507,
id3952969,
id1654765,
id3673519,
id0899681,
id1837685,
id2899379,
id2889163,
id0945606,
id1064041,
id3587936,
id1894675,
id3979412,
id3193338,
id0318298,
id0354203,
id2147519,
id2905580,
id0806271,
id0004067,
id2627257,
id3604759,
id0197044,
id0252476,
id2251007,
id3935847,
id1754386,
id2388524,
id1018103,
id3384421,
id3399386,
id3329432,
id0837081,
id2262376,
id2277437,
id0325793,
id2185383,
id1026828,
id3317475,
id2990692,
id2496862,
id1508935,
id2482431,
id0916013,
id1748497,
id0990456,
id2781783,
id2725916,
id3397745,
id0953001,
id0523805,
id0238043,
id2410379,
id3894003,
id0899697,
id2445062,
id3776509,
id0823953,
id0835187,
id2148529,
id2457514,
id2567484,
id3963408,
id0729156,
id3885040,
id1872762,
id3695064,
id2766778,
id3735678,
id1389507,
id3538427,
id2386807,
id3518317,
id1622938,
id0388312,
id3383170,
id2194714,
id0206782,
id1081617,
id3374838,
id0796177,
id3643595,
id1024509,
id1407607,
id2975049,
id3922042,
id1028394,
id0210254,
id0455194,
id1005421,
id3931531,
id0419728,
id2243489,
id0824488,
id3624746,
id3398641,
id0384703,
id3328811,
id1118680,
id2509452,
id3459987,
id3452052,
id3601355,
id3832146,
id3973046,
id2010686,
id1358859,
id3043689,
id0791847,
id3305385,
id1087039,
id0073285,
id0081407,
id2630971,
id1212401,
id1606138,
id0646553,
id2416796,
id1014979,
id1006773,
id2811122,
id2962134,
id0223362,
id0616268,
id1997951,
id0042114,
id0915475,
id1997410,
id3979246,
id2940117,
id0760890,
id3029405,
id1227228,
id2934775,
id1955117,
id3376471,
id2528441,
id0543787,
id1608724,
id2262743,
id1322274,
id0560970,
id0719015,
id2566676,
id0136754,
id3022813,
id3082523,
id0761461,
id3737731,
id0246295,
id2925537,
id0226544,
id2270359,
id3002298,
id3419986,
id1508628,
id1300975,
id3159001,
id2698976,
id0864251,
id0352944,
id0447342,
id1192695,
id3127115,
id0424800,
id1821306,
id3348977,
id1047123,
id2565644,
id2128290,
id1767870,
id1884993,
id1009000,
id1448826,
id1476998,
id0188029,
id3540776,
id3790177,
id0206858,
id3867691,
id3580444,
id3980548,
id3094543,
id0258747,
id3899246,
id3093751,
id1820131,
id1965241,
id1559863,
id2245240,
id2471679,
id2055564,
id1964573,
id0058356,
id1646105,
id0228550,
id2092170,
id2343098,
id0077970,
id2578406,
id3966841,
id0625666,
id1403462,
id1147354,
id0840585,
id0294266,
id2881973,
id2157986,
id3078493,
id2593025,
id1860390,
id3523882,
id3155607,
id0353282,
id2201722,
id0047172,
id2413778,
id2732070,
id0685969,
id3512493,
id0073265,
id2112274,
id0045652,
id1579918,
id2414498,
id2529926,
id0416714,
id3053351,
id2022216,
id2839389,
id1285018,
id0164818,
id0866136,
id1274504,
id0827139,
id2690934,
id2586036,
id3286294,
id2539751,
id1974922,
id0000952,
id3756307,
id1218309,
id2884918,
id1973679,
id1536320,
id0781577,
id3659875,
id3933209,
id2278080,
id2425394,
id1626132,
id3318742,
id0755541,
id1883855,
id0768985,
id1902972,
id1575871,
id1853123,
id3738879,
id1363095,
id3594597,
id2567305,
id0567042,
id0590499,
id1124928,
id2798304,
id1862584,
id3359290,
id0656175,
id1084869,
id1526943,
id2256850,
id3060847,
id1633694,
id3882314,
id1915628,
id0587502,
id2663034,
id2686746,
id1441339,
id0093570,
id2105434,
id2410813,
id3361466,
id2487121,
id0278029,
id0878249,
id1638773,
id0542345,
id0526030,
id2847500,
id1299112,
id3020544,
id2736678,
id1106631,
id0621110,
id0089817,
id3325591,
id0285555,
id2256243,
id0244395,
id1317007,
id1197529,
id3759524,
id0090483,
id2649630,
id1831237,
id0895551,
id0177261,
id1894466,
id3111085,
id0600835,
id2515630,
id3498394,
id3661308,
id3308259,
id3733218,
id0040489,
id0657599,
id0774055,
id0089042,
id2149180,
id3681388,
id2300417,
id0277084,
id1307652,
id0138498,
id0001770,
id1461237,
id3509299,
id1231840,
id2382665,
id1414524,
id2952547,
id1661458,
id3018084,
id3007614,
id3786392,
id3037236,
id3684299,
id0166233,
id2761959,
id3079943,
id0516621,
id0182347,
id1341450,
id3498035,
id0706958,
id3326970,
id2129292,
id3958831,
id1573835,
id0146062,
id1139759,
id2229882,
id1500769,
id3634316,
id0499911,
id3902854,
id3917922,
id1083894,
id3733192,
id1180523,
id1967001,
id0911960,
id1986316,
id3819108,
id0166767,
id2956587,
id2641847,
id1630644,
id0815181,
id2504975,
id0620170,
id3040426,
id3865480,
id3141855,
id2844221,
id1082861,
id1915412,
id0218899,
id3636507,
id3481152,
id0494209,
id0671341,
id3580539,
id3899530,
id1717044,
id3928009,
id3751829,
id1484248,
id2832393,
id3054750,
id2143711,
id1538653,
id2831506,
id2914233,
id1822581,
id2506192,
id2030272,
id2442757,
id2520077,
id0586673,
id1203241,
id3737770,
id3813206,
id2342610,
id2785446,
id2310816,
id3238853,
id0871714,
id2427913,
id3090190,
id0647705,
id2943616,
id2973448,
id3244003,
id3337962,
id3497668,
id0837243,
id3220705,
id2264013,
id3786257,
id1950064,
id1518139,
id0979498,
id1241053,
id0109964,
id0317961,
id3783362,
id3197026,
id1532942,
id0809432,
id1689842,
id2354248,
id0739339,
id3347385,
id0395445,
id0837764,
id0490982,
id2722111,
id0906699,
id1122315,
id0585281,
id3950089,
id2807307,
id0785328,
id0791641,
id2068901,
id1544398,
id3526545,
id3520480,
id2977303,
id3351067,
id2739409,
id1824282,
id1663887,
id3724506,
id1022665,
id1050207,
id1953798,
id2779719,
id3919893,
id3565708,
id3790574,
id2417835,
id2064319,
id0872013,
id2864718,
id0713064,
id3588843,
id1954631,
id2395960,
id3421748,
id2091499,
id1280308,
id0083248,
id3048528,
id0337732,
id3144417,
id2699203,
id1464222,
id1401914,
id2907921,
id1058959,
id1149598,
id3958729,
id1635289,
id0213955,
id2029404,
id0647877,
id1914695,
id3032626,
id2736556,
id1163558,
id3678400,
id2974904,
id3199217,
id0764884,
id1277887,
id2134445,
id0837630,
id2493317,
id1576327,
id2880890,
id3651589,
id2144666,
id0490926,
id1338037,
id2935919,
id1974197,
id1710187,
id0273936,
id3278168,
id2707378,
id1311112,
id2717262,
id3069703,
id0043316,
id0835059,
id2794758,
id2862416,
id2951776,
id0072231,
id1608467,
id2749726,
id0754894,
id3334866,
id2849037,
id0106621,
id0099770,
id2851406,
id1812624,
id1076040,
id2299499,
id0047972,
id2139089,
id3286481,
id3693696,
id1265108,
id0836969,
id0576166,
id2928724,
id3082343,
id1802824,
id3085536,
id2969878,
id1900683,
id2473474,
id0459800,
id2234309,
id0132948,
id2872004,
id0626303,
id1217798,
id1929591,
id1898555,
id2926831,
id2977184,
id2460997,
id3171076,
id3688317,
id0624840,
id2442028,
id2721154,
id2941295,
id3371357,
id1663046,
id3157442,
id3186282,
id2507216,
id2098456,
id2203178,
id2915030,
id3946569,
id0478291,
id0911734,
id2943355,
id3603099,
id2341363,
id0876258,
id2616372,
id2473138,
id0037876,
id3802590,
id1875893,
id3431745,
id0723126,
id0979764,
id1213681,
id2483466,
id1599635,
id2117736,
id2433418,
id1593357,
id1903101,
id1882608,
id1486101,
id3519555,
id0288949,
id2137511,
id0835913,
id1642600,
id2296630,
id2432182,
id1767958,
id2880500,
id1407083,
id2223776,
id3957043,
id3194858,
id2474017,
id1434123,
id2639810,
id2533841,
id3929242,
id0572363,
id2516721,
id1666408,
id3978778,
id1102538,
id1819224,
id1015874,
id0162975,
id3985153,
id3791394,
id0585349,
id1086498,
id0349333,
id2629282,
id2321861,
id1632233,
id1728458,
id3192263,
id3707739,
id2915571,
id0598147,
id1682278,
id3692480,
id3819721,
id3248350,
id3507299,
id3530546,
id3997190,
id0578284,
id1021758,
id0011654,
id0829861,
id3180285,
id2074268,
id3528742,
id3703165,
id1136337,
id3112111,
id3715122,
id2066435,
id0903585,
id3696491,
id3161229,
id0418089,
id3117448,
id3562327,
id3298810,
id2893215,
id1023360,
id3062698,
id0046886,
id3247129,
id0516631,
id2424822,
id1441170,
id3527721,
id3623154,
id3390481,
id0276396,
id2395430,
id0120946,
id1873562,
id3519169,
id3163809,
id3119282,
id1974000,
id1563378,
id0571196,
id1114098,
id3714621,
id3486443,
id0671527,
id1333246,
id0287837,
id3401289,
id3004650,
id1035376,
id2572207,
id0675399,
id1103775,
id0169712,
id0530826,
id3333457,
id3630722,
id3904589,
id2124774,
id2395462,
id2371358,
id0997466,
id0486600,
id1951586,
id0953308,
id0131717,
id0383165,
id1495044,
id0775789,
id2663808,
id3466579,
id2621945,
id3087213,
id1270288,
id3010635,
id3935369,
id0638846,
id1467345,
id1683435,
id0449804,
id1403491,
id2103640,
id1124171,
id1374656,
id0861865,
id2067140,
id1393613,
id1954327,
id2282544,
id3305572,
id1827411,
id2675105,
id2674047,
id1167283,
id0544601,
id1225611,
id2176734,
id3253355,
id3100390,
id1769549,
id3544864,
id0186547,
id1738799,
id2855619,
id3393854,
id0732119,
id3830957,
id3310509,
id1659097,
id1276760,
id0241574,
id2347483,
id3426140,
id2881443,
id1358063,
id0171750,
id3484684,
id1561696,
id2289532,
id0382935,
id0618799,
id1619391,
id2229301,
id1770798,
id1548838,
id1684251,
id3966492,
id1095515,
id3737206,
id1800425,
id0840233,
id2411085,
id2020658,
id0277418,
id0659451,
id1039046,
id2118589,
id0996113,
id2285668,
id0954502,
id3383457,
id1596281,
id1188417,
id2950249,
id2624364,
id3915297,
id0890152,
id1499713,
id3235106,
id1498763,
id0065985,
id3448998,
id0373169,
id0592424,
id2753793,
id1816667,
id0685329,
id2432958,
id1143989,
id0248855,
id1824808,
id3659681,
id2429823,
id3714237,
id1464272,
id1824382,
id2274549,
id2540752,
id0405218,
id3748083,
id0712785,
id2042119,
id0252853,
id0586133,
id2605046,
id1473770,
id0465359,
id1775550,
id3114438,
id3794972,
id1237036,
id1726727,
id1714997,
id1393985,
id3823912,
id2196770,
id1763304,
id1876165,
id0924032,
id2938446,
id1579018,
id0160211,
id3016304,
id1389092,
id1930080,
id2716227,
id3182849,
id0229150,
id3928759,
id3539009,
id1277031,
id3520700,
id1381395,
id0846718,
id1289649,
id2594194,
id0480231,
id3521587,
id1524964,
id3285153,
id1692289,
id3754290,
id3749710,
id3679836,
id0903677,
id2379296,
id2164935,
id3822217,
id2316210,
id3709691,
id2044329,
id1181838,
id2756856,
id1224352,
id1841152,
id3866403,
id3094267,
id3889445,
id0945244,
id2054825,
id3863719,
id2225142,
id2113222,
id2252146,
id1416054,
id2256041,
id0981181,
id3492473,
id2405312,
id2333146,
id2920122,
id0371797,
id1969121,
id0061433,
id1461525,
id1333803,
id2373434,
id0408264,
id2751375,
id0965356,
id1220108,
id3839065,
id1313808,
id1095291,
id1632151,
id2191547,
id3449587,
id1761547,
id3664907,
id0571965,
id2567973,
id2915687,
id3045653,
id1908196,
id2376776,
id3023439,
id3229178,
id0470927,
id1144074,
id3308550,
id2897179,
id2927031,
id1526648,
id0125743,
id0530653,
id0529621,
id1818018,
id3169090,
id2757756,
id1641045,
id1992821,
id3821618,
id3223992,
id0976101,
id2189114,
id1398195,
id0729761,
id1234137,
id1085823,
id3412216,
id2951718,
id1247457,
id1334596,
id0336256,
id0146637,
id3023895,
id0464897,
id2423406,
id0867887,
id2372543,
id0138415,
id0761507,
id2104152,
id2524829,
id3143804,
id1777041,
id0552302,
id3490949,
id2534370,
id3869879,
id2452836,
id0333182,
id1558206,
id3745940,
id3139669,
id1721493,
id2021491,
id1995021,
id3450831,
id3821695,
id1148588,
id0506153,
id3284197,
id2281050,
id0155149,
id2135985,
id1106103,
id0702627,
id0552749,
id1247092,
id2571605,
id3142600,
id3082244,
id2255622,
id0847101,
id3365137,
id1761043,
id0348224,
id0534402,
id2524340,
id2518868,
id2523126,
id3018669,
id3605280,
id2576766,
id3573502,
id1456867,
id3937117,
id0411965,
id0937052,
id2331885,
id2463662,
id1243011,
id2694120,
id2359244,
id0081665,
id3260542,
id0877403,
id1024260,
id1575839,
id1231662,
id3330761,
id3626658,
id1988410,
id3076936,
id3270671,
id2033487,
id0135103,
id1997417,
id2081319,
id1085826,
id1383848,
id1182821,
id3310621,
id3642834,
id2812162,
id3284132,
id2970929,
id0926565,
id2502412,
id2488850,
id1876486,
id1174279,
id2509920,
id1396323,
id2922491,
id1233671,
id2030006,
id3090495,
id3583482,
id0282122,
id2292897,
id3074505,
id2116986,
id1176685,
id3389981,
id3447141,
id2751598,
id1270281,
id3824489,
id3421109,
id0526287,
id1866581,
id0165955,
id1430276,
id0147852,
id0302863,
id1343319,
id3261046,
id0682336,
id3292345,
id0492906,
id2362904,
id1297347,
id0271048,
id3052602,
id0627269,
id1793644,
id2633092,
id2780332,
id1160796,
id2650986,
id2279988,
id1413923,
id1679101,
id1927526,
id1277931,
id1270273,
id3033369,
id0544565,
id1276717,
id0194349,
id0713662,
id3553499,
id3632042,
id1673660,
id0868049,
id1919248,
id2190529,
id3844023,
id2990644,
id1868572,
id2245090,
id3483478,
id2457172,
id0519235,
id2453812,
id2460060,
id3408943,
id1255033,
id0922165,
id1022173,
id1391454,
id2344407,
id1296689,
id2978608,
id2639062,
id2210008,
id2760825,
id2827576,
id1689867,
id1134780,
id2910093,
id0307600,
id1063193,
id3280584,
id2201953,
id0248010,
id2625580,
id3168259,
id1172087,
id1683407,
id1124550,
id1900042,
id2990083,
id2861595,
id2350748,
id2144678,
id1521124,
id1967202,
id3559039,
id2638563,
id3831689,
id2980847,
id1985537,
id1845703,
id2103334,
id0583104,
id1366352,
id2889726,
id0711934,
id3367872,
id1926286,
id1489408,
id3936436,
id3091780,
id0021604,
id0458931,
id3683895,
id2255661,
id2070984,
id1242829,
id2313902,
id2712699,
id2777209,
id1751990,
id3847575,
id3114958,
id2139064,
id3723650,
id3573494,
id0600331,
id2610888,
id0818633,
id1430082,
id1812164,
id3477436,
id2234826,
id3514352,
id1818268,
id2803344,
id1596541,
id1238023,
id1399650,
id2802823,
id2216120,
id0453451,
id1728232,
id2859007,
id1829762,
id2260447,
id3022522,
id2568710,
id1709449,
id2639252,
id3252525,
id2518908,
id1391099,
id3497842,
id3203454,
id0404758,
id0374891,
id3105887,
id3528576,
id2818912,
id2563171,
id2203808,
id3480493,
id1012809,
id0142607,
id3490706,
id3177769,
id3007183,
id2502791,
id0054285,
id1774061,
id1437110,
id2791075,
id0831144,
id2527279,
id3566348,
id2371683,
id0523982,
id2376824,
id3126501,
id0895884,
id3034831,
id2216351,
id0673535,
id3531062,
id0925771,
id3811512,
id2069078,
id1163770,
id3040178,
id1387399,
id2144454,
id3114425,
id0349862,
id0013585,
id3510958,
id0202326,
id2754953,
id1989966,
id1350419,
id3526700,
id3121798,
id1011027,
id2492179,
id0207851,
id1343103,
id3125146,
id0946922,
id1784755,
id2891428,
id1313902,
id0909884,
id3646660,
id2258662,
id3927095,
id2575791,
id3850897,
id1986782,
id1248935,
id3714988,
id0842188,
id2770104,
id3749119,
id0318549,
id3815169,
id0381203,
id0822891,
id1777104,
id3388763,
id0994156,
id0208047,
id2405639,
id3168834,
id1418102,
id2176830,
id1322980,
id1052684,
id3797879,
id2238699,
id1622688,
id1912569,
id3886940,
id0330364,
id2052986,
id0272202,
id0595361,
id1721684,
id2900076,
id2389097,
id0161765,
id3800154,
id3734956,
id2981231,
id1802791,
id3249233,
id1553370,
id2826382,
id3062446,
id3059605,
id0072130,
id2762689,
id2774654,
id0408520,
id0703823,
id2751623,
id0310826,
id0352321,
id0810861,
id1526008,
id1353563,
id0309774,
id1203135,
id2217563,
id3369419,
id2672712,
id3172439,
id1457992,
id2177463,
id1073447,
id1612588,
id3857941,
id3867209,
id2251451,
id2980918,
id3358242,
id3347120,
id3007157,
id3550900,
id3951325,
id3525175,
id0894611,
id0420197,
id1883419,
id3172262,
id1715890,
id2453611,
id2120559,
id2706051,
id3527914,
id1528153,
id2948633,
id0677486,
id3008737,
id0690337,
id3204078,
id2131024,
id0421059,
id1755530,
id0443505,
id1237491,
id0471669,
id2700708,
id2644446,
id1392413,
id1508819,
id0636186,
id1965954,
id2884302,
id0867345,
id2558360,
id3116480,
id2028909,
id1554578,
id2633691,
id3494068,
id3847642,
id2143850,
id3107748,
id2977275,
id2163757,
id3576039,
id3290234,
id1793773,
id3299840,
id1896376,
id2983332,
id0542789,
id2835750,
id0574907,
id1778825,
id1465797,
id0616546,
id2874356,
id0396924,
id3407648,
id2932781,
id3662528,
id1247161,
id1150587,
id2046471,
id2852787,
id0024616,
id3927216,
id1734785,
id0151870,
id0061314,
id2176011,
id0954185,
id1006580,
id0199112,
id2657489,
id2475728,
id2921901,
id1035780,
id0350597,
id2240277,
id3290112,
id0433114,
id2721572,
id3767518,
id1350849,
id3528226,
id0707206,
id3535133,
id3107248,
id3808430,
id0128716,
id3430916,
id1869733,
id1094955,
id3064919,
id3249059,
id3512178,
id1835264,
id3140226,
id3143732,
id2103585,
id3976329,
id1159629,
id0062694,
id3384791,
id3029652,
id0125059,
id3332423,
id1481420,
id0639854,
id1589792,
id3415109,
id0416794,
id2222114,
id1582655,
id1846752,
id2525060,
id3957042,
id1114277,
id1648450,
id3254036,
id1442708,
id1843148,
id1759160,
id0619146,
id1111335,
id3121692,
id1934241,
id1471865,
id2161089,
id0401210,
id3961896,
id2860204,
id2799639,
id2111283,
id2266840,
id2812170,
id0747807,
id3068170,
id0293609,
id3553490,
id0474774,
id1948413,
id2147938,
id2631408,
id3578384,
id1246009,
id1166070,
id3443296,
id1868571,
id0895464,
id0721225,
id2975199,
id3316768,
id0893764,
id0975008,
id1021936,
id3249876,
id0112890,
id2575349,
id3278789,
id1097635,
id0231962,
id0142705,
id1587118,
id2467417,
id2400833,
id3471308,
id2283666,
id0292371,
id3522842,
id0005670,
id3230191,
id2831037,
id3868611,
id2349033,
id0265192,
id3979259,
id2110446,
id1186858,
id2066268,
id0095466,
id3681845,
id2117564,
id3306489,
id2342845,
id3426034,
id0682147,
id1891031,
id3446928,
id0800798,
id3118661,
id3055566,
id3990685,
id1746047,
id3346301,
id2786351,
id0898207,
id0512405,
id0569457,
id2537360,
id1744071,
id0568768,
id3259543,
id1763781,
id2410816,
id3861807,
id1924110,
id0875366,
id1741950,
id2756490,
id3314672,
id0662107,
id1284774,
id1134056,
id1413239,
id3170449,
id2070236,
id0550063,
id0782045,
id3699941,
id2501904,
id3054145,
id3703298,
id1883085,
id0719387,
id1609136,
id1859577,
id3289485,
id2096414,
id3055769,
id2680509,
id0062020,
id3577465,
id1066368,
id1552392,
id1589079,
id3577160,
id3499099,
id2996849,
id1176575,
id1205678,
id2804287,
id0040356,
id2424361,
id0294135,
id0476571,
id3118552,
id2915879,
id3081221,
id1146582,
id1040274,
id1591553,
id1182410,
id3265445,
id2544882,
id0411913,
id1386396,
id0536395,
id2749520,
id2678463,
id1418686,
id1417398,
id0991184,
id1710241,
id2927270,
id2869787,
id1274732,
id0833297,
id0378362,
id2288851,
id3204925,
id0712983,
id0644528,
id1599808,
id3292074,
id1821551,
id0457369,
id1759356,
id1397975,
id2281963,
id3610157,
id1517400,
id3820121,
id3953622,
id0049638,
id3059530,
id3514933,
id0774734,
id3395958,
id3653625,
id3741097,
id2094417,
id0164195,
id3036974,
id0115451,
id0532269,
id2177128,
id1187866,
id2154967,
id1206867,
id2086000,
id1162842,
id0233357,
id3990475,
id0063264,
id1302431,
id3215307,
id3851400,
id3437633,
id2387271,
id0874526,
id3779555,
id3209089,
id2383528,
id1456189,
id1636141,
id2553070,
id2486845,
id0517055,
id2148147,
id1535180,
id1853945,
id3158361,
id3066455,
id2055877,
id0632561,
id3764409,
id2319504,
id1547678,
id0590028,
id1120696,
id0943562,
id3560195,
id3142362,
id1294619,
id0789992,
id2521100,
id3893108,
id1184666,
id2338714,
id1989774,
id0543433,
id1518792,
id3402754,
id1164738,
id2031888,
id2709052,
id1600026,
id1255425,
id0577796,
id0697509,
id1197969,
id2950591,
id2298493,
id3993532,
id0138195,
id2985014,
id3183745,
id2948172,
id2876412,
id2784061,
id2845773,
id1698045,
id3401548,
id0081854,
id0782844,
id2700268,
id1593776,
id3365564,
id2476580,
id2219471,
id0930904,
id1829679,
id2195263,
id3501727,
id2706000,
id1385526,
id1626376,
id1235575,
id3273254,
id0236996,
id2644637,
id0182102,
id1619318,
id3772287,
id1957536,
id3843609,
id3996707,
id1963544,
id0708129,
id2845855,
id1736512,
id1358577,
id0289145,
id1357264,
id3480036,
id0028373,
id1463452,
id3191898,
id2045732,
id1419603,
id2334739,
id1895493,
id1975140,
id3997598,
id1252401,
id1752007,
id2584221,
id1512392,
id0528091,
id0778796,
id3345712,
id2912569,
id1544340,
id3727117,
id0779897,
id1168350,
id1027494,
id3879317,
id0787947,
id3984731,
id1016149,
id3552810,
id3315698,
id2920596,
id3603901,
id1234675,
id0044184,
id3714735,
id3672565,
id3502452,
id0652752,
id2366685,
id1253331,
id2068509,
id1390500,
id1356460,
id3904659,
id3677232,
id2908808,
id1762783,
id0421899,
id3621684,
id1644940,
id0942928,
id3034259,
id2560947,
id2895816,
id2228460,
id0104258,
id0377390,
id3927636,
id1078626,
id0930400,
id2165554,
id3483152,
id0174740,
id0950346,
id3465321,
id0323441,
id1359854,
id0623389,
id1060227,
id3030133,
id3110849,
id1648957,
id2697700,
id2649823,
id0463577,
id0109804,
id1934584,
id3876997,
id0570526,
id3836512,
id2092561,
id0009358,
id3872296,
id0589261,
id2356346,
id3782130,
id3565558,
id1568426,
id2979487,
id1381043,
id2548577,
id0838327,
id2860538,
id3363079,
id2057934,
id1873068,
id0589547,
id0138201,
id2074674,
id1460765,
id0508583,
id2271257,
id3105841,
id0845759,
id1656489,
id3429348,
id2245473,
id0583715,
id1089682,
id1816297,
id1854661,
id2199208,
id2959217,
id3558397,
id3978110,
id0519385,
id2575991,
id2497190,
id0486798,
id3627607,
id1537582,
id0875114,
id1896795,
id3044578,
id1319643,
id1411926,
id0407776,
id2921546,
id0098309,
id3984609,
id0708264,
id3483331,
id0569923,
id1921705,
id2814567,
id0992839,
id2047739,
id0173618,
id2169111,
id3561428,
id2660003,
id0197197,
id0713181,
id1069917,
id2958514,
id1381640,
id2734551,
id3813291,
id2536791,
id3099239,
id0430634,
id2795291,
id2074434,
id0054559,
id1935928,
id3648190,
id0180429,
id2506082,
id3749597,
id1006185,
id2473284,
id0693760,
id0341967,
id0534039,
id1280441,
id3490522,
id1290362,
id3828365,
id0332192,
id1265776,
id2422559,
id1177475,
id0014947,
id1241218,
id1309016,
id3563546,
id3664600,
id1217229,
id3330307,
id0912000,
id2650172,
id2590486,
id3119055,
id3289718,
id3052135,
id0228398,
id1599812,
id1709487,
id0529160,
id0785110,
id0762587,
id2327082,
id0716366,
id3614366,
id3839635,
id3130900,
id2812306,
id0599871,
id0172297,
id3106139,
id3666574,
id2487429,
id2569670,
id3761483,
id0692571,
id3428616,
id0739264,
id1463484,
id0943757,
id2902630,
id2305732,
id2558772,
id2244596,
id3541459,
id1973089,
id3249047,
id2798805,
id1146454,
id3069177,
id0866258,
id3588549,
id3028456,
id3288829,
id0178194,
id3668774,
id3395263,
id3335197,
id1043036,
id1350850,
id0889033,
id1686151,
id2448515,
id3535866,
id0842419,
id2553823,
id0642017,
id0118647,
id3486506,
id2905270,
id3001694,
id3115531,
id0912559,
id3066375,
id1038456,
id2609891,
id3916329,
id0639260,
id1247009,
id1622224,
id0606637,
id0793610,
id0575217,
id0770932,
id0971497,
id2455347,
id0995406,
id2532176,
id3071272,
id0356595,
id3518883,
id0956290,
id1014793,
id2409382,
id0688210,
id2278956,
id1476316,
id0605169,
id3444747,
id0734620,
id1790323,
id1761059,
id3017357,
id1941016,
id0738507,
id3911990,
id2630378,
id2488995,
id2988915,
id1065615,
id3709082,
id1682724,
id1467204,
id2370550,
id0114700,
id0912871,
id1396911,
id2212517,
id0527387,
id2345436,
id2068363,
id1184963,
id1324832,
id3481598,
id1563522,
id1602877,
id1934694,
id0718876,
id3952843,
id2344125,
id2985116,
id2896711,
id0257804,
id3828139,
id3198732,
id2147468,
id0378075,
id1537228,
id3854936,
id1192149,
id1171106,
id2090814,
id3382068,
id0726578,
id0121342,
id0193013,
id0457169,
id2186633,
id1389052,
id0867665,
id2152955,
id1144900,
id3276606,
id0357055,
id0949931,
id2500692,
id1114964,
id1435427,
id2854852,
id3464646,
id0425105,
id0786822,
id3281302,
id0502249,
id2465355,
id2975610,
id1612656,
id1210973,
id0070337,
id1322244,
id2140152,
id0057071,
id2283681,
id0981214,
id3461917,
id0387477,
id0873102,
id3460086,
id0691292,
id2277347,
id2651260,
id2778719,
id0540066,
id2256909,
id2793127,
id3445749,
id0058777,
id2804671,
id2584790,
id0950210,
id1729841,
id2697109,
id0220429,
id3073668,
id1105421,
id2419251,
id3203545,
id1240503,
id3981674,
id3742504,
id0007067,
id3443344,
id2127907,
id0893066,
id1203752,
id0802218,
id0189496,
id2915817,
id1527653,
id2556661,
id2152239,
id1902480,
id3358011,
id0043238,
id1826835,
id0482135,
id3745924,
id2989705,
id3883998,
id3382050,
id3194254,
id1496141,
id1830329,
id0683283,
id1343334,
id0269175,
id2707815,
id1800626,
id1905697,
id0253213,
id2658164,
id1560267,
id0507376,
id1059412,
id2366820,
id2920832,
id2163816,
id1126018,
id2094401,
id2960479,
id2469727,
id0322960,
id1294283,
id2915327,
id0567221,
id3342290,
id2548779,
id2306610,
id3181108,
id2589627,
id3739702,
id1333647,
id3453486,
id3686400,
id0799112,
id2825298,
id3431272,
id3620079,
id3161308,
id0286706,
id3591357,
id3998777,
id2051925,
id2996520,
id2504044,
id0650337,
id2781373,
id2514591,
id0614163,
id2459871,
id1221047,
id2210468,
id2689744,
id3836816,
id1163004,
id1782730,
id0600302,
id2729273,
id3647800,
id0381129,
id1109160,
id2456100,
id1791575,
id2284227,
id2977598,
id0175944,
id0026183,
id1234776,
id0811871,
id2774179,
id1533608,
id0517179,
id0487311,
id2087219,
id2614708,
id0272656,
id3943985,
id3818336,
id0086932,
id0895628,
id1983233,
id2683408,
id0458315,
id1496517,
id0002627,
id3675931,
id2992245,
id0089755,
id0063807,
id0112920,
id2034924,
id1451139,
id0973040,
id1558123,
id1714682,
id0100409,
id1301005,
id2068436,
id1051028,
id3220411,
id0985332,
id1932598,
id3251250,
id2268329,
id3955075,
id1095009,
id1491589,
id1064628,
id3996579,
id2575953,
id1397205,
id2298085,
id1190657,
id2106362,
id1176924,
id1218700,
id1759244,
id0858601,
id1899696,
id0526378,
id3664298,
id1138155,
id3023080,
id2040442,
id0340828,
id0249508,
id0392661,
id2272337,
id3930541,
id0474315,
id0515277,
id3211490,
id0659757,
id1171901,
id2874842,
id3543461,
id1437062,
id3705991,
id3861560,
id0587126,
id0338609,
id1617982,
id2174770,
id2310547,
id1890410,
id2773521,
id2298827,
id3643381,
id2496690,
id2606674,
id0351200,
id1378237,
id2100861,
id3501171,
id3566702,
id3597195,
id1236920,
id1704415,
id3336948,
id3214410,
id2567903,
id3967464,
id3453062,
id2340972,
id2102397,
id1330713,
id3373647,
id2757936,
id1160227,
id0128995,
id2779673,
id2109520,
id1203148,
id2083059,
id2405179,
id2771042,
id0855609,
id2398899,
id2582302,
id2103699,
id3091179,
id3346091,
id3478679,
id3449969,
id2431441,
id2513220,
id2292954,
id3247094,
id0624711,
id3015279,
id3953400,
id3856473,
id2049940,
id1006105,
id3372188,
id0153459,
id0918775,
id1722349,
id3087676,
id3577088,
id2108896,
id0282686,
id0087372,
id1255825,
id3360274,
id0648871,
id2007485,
id0566439,
id1236540,
id2677528,
id1559922,
id2392107,
id3333708,
id0625388,
id1303152,
id1635759,
id2038666,
id1535327,
id1532907,
id0790293,
id2126756,
id0112466,
id3533391,
id1229955,
id1081519,
id3429410,
id0365491,
id2790309,
id3358787,
id1256885,
id1801375,
id1070474,
id0351474,
id1494710,
id0275399,
id0833619,
id1171074,
id1048761,
id2498093,
id1181722,
id3347309,
id1420538,
id2031432,
id1836092,
id2845901,
id3370430,
id1730943,
id3045690,
id1271877,
id0046521,
id1654189,
id1736339,
id3436765,
id2572469,
id2425344,
id3664472,
id0191927,
id2884890,
id1297224,
id2071174,
id0494478,
id0318675,
id3858698,
id2929329,
id1481156,
id1466687,
id3773276,
id3415187,
id3433181,
id1155718,
id0956101,
id0165228,
id2456455,
id2588811,
id1843147,
id0969636,
id2484867,
id1010646,
id1259039,
id1869798,
id0023398,
id3759519,
id3024555,
id1902924,
id3342376,
id2686501,
id2436916,
id3507932,
id3724074,
id1106657,
id2781044,
id2563059,
id0206229,
id1695974,
id2000701,
id2757872,
id0456901,
id0096456,
id3803229,
id2257667,
id0521579,
id3609954,
id3370331,
id3740398,
id2133979,
id3898588,
id2402181,
id1671790,
id0464813,
id1919903,
id1611841,
id3323561,
id1695969,
id2761751,
id0727955,
id0604241,
id1338585,
id2411603,
id2403803,
id3373715,
id0880995,
id3022840,
id1303198,
id1193146,
id0242302,
id1794462,
id0116739,
id3977647,
id1068450,
id1074879,
id1426291,
id2609837,
id1959100,
id2586257,
id1983025,
id0472699,
id3913094,
id0613057,
id2593621,
id3336756,
id2592055,
id2178478,
id2337432,
id0477373,
id3556888,
id0527668,
id2686607,
id0390162,
id0986403,
id0930316,
id3016382,
id2295534,
id1760791,
id1574704,
id1518848,
id2788415,
id2649967,
id1244337,
id2920613,
id0326781,
id0665795,
id2305774,
id1152613,
id1507758,
id1068181,
id2885663,
id2882289,
id0865980,
id3358514,
id2602081,
id1914220,
id2794347,
id3774297,
id3242485,
id0716018,
id2595249,
id0079818,
id2252238,
id1515680,
id0278982,
id0038078,
id2718638,
id0316239,
id0970622,
id3356612,
id0173747,
id3417235,
id0789485,
id1351461,
id1630349,
id3518953,
id3015083,
id3024888,
id1550179,
id2782177,
id1325998,
id0451813,
id2100329,
id0925242,
id2008020,
id2594990,
id0093066,
id3584152,
id2807730,
id1654375,
id2611298,
id2389155,
id2081720,
id1933393,
id0558834,
id0801067,
id3217543,
id2628405,
id3084752,
id3519525,
id3114527,
id3596855,
id0750226,
id2851867,
id0695575,
id3249074,
id3821165,
id1140567,
id2888666,
id3174037,
id3685541,
id2019006,
id1350721,
id0893197,
id1286895,
id2079356,
id0990842,
id3693825,
id3076456,
id2395682,
id1780334,
id3155989,
id1028068,
id0847020,
id0849446,
id1625948,
id3635367,
id1243572,
id2401311,
id2165065,
id0312328,
id1302158,
id3581128,
id2450970,
id1496458,
id2391520,
id2328550,
id0546550,
id3037098,
id0117471,
id2345911,
id0099002,
id1508352,
id3682281,
id3830158,
id1588507,
id2683909,
id0083607,
id2928495,
id0356757,
id1900677,
id2814993,
id0318854,
id2777796,
id1078873,
id1430901,
id1790432,
id2160369,
id1802183,
id0729350,
id0341669,
id1251304,
id3311344,
id2458056,
id3077073,
id0383881,
id0356277,
id0236260,
id1798806,
id1051674,
id0387957,
id1299816,
id2963205,
id0137760,
id1527417,
id2584885,
id3540131,
id3615290,
id3088148,
id1841773,
id3607722,
id2061425,
id1831317,
id1448934,
id0787558,
id3243691,
id3778906,
id0691939,
id2633397,
id2656822,
id3550092,
id0980520,
id3962861,
id0480793,
id3071665,
id1042137,
id2034733,
id0280259,
id1713911,
id3232370,
id0499734,
id1777967,
id0173713,
id3540245,
id1086694,
id3910600,
id3579176,
id2659438,
id0240015,
id2810077,
id0039740,
id2276971,
id2097453,
id2352190,
id0875581,
id0212354,
id0630425,
id1306325,
id0396337,
id2961940,
id1543324,
id3267344,
id1381366,
id0396568,
id1118386,
id1082430,
id2698307,
id2548783,
id3452652,
id0289033,
id0205448,
id0948200,
id2070989,
id2586652,
id2404018,
id1023336,
id2771405,
id3301947,
id3666990,
id2996088,
id2802525,
id2006658,
id2110805,
id1536487,
id0010080,
id0943271,
id0944256,
id2052795,
id3338669,
id3643866,
id1459947,
id3629703,
id2753507,
id3699622,
id1372970,
id2141908,
id2453876,
id0129368,
id1256527,
id2709244,
id3259308,
id2162941,
id3611731,
id1462424,
id1170153,
id2169875,
id1477102,
id3874188,
id0285083,
id0000939,
id1295797,
id0481034,
id3432017,
id2663841,
id3444475,
id0992114,
id3695430,
id0028733,
id1230155,
id3239777,
id1220564,
id3822224,
id1724993,
id1418506,
id0941670,
id2363395,
id1915924,
id1946053,
id0244862,
id2253158,
id3975381,
id1874083,
id0152219,
id2271630,
id3962161,
id2770701,
id3549607,
id1117732,
id0273249,
id2941993,
id2751057,
id3335200,
id1486457,
id0949661,
id0732778,
id2245467,
id2340365,
id3197392,
id0344975,
id3541986,
id3807759,
id0068705,
id2945312,
id3024040,
id3821529,
id1946181,
id0451371,
id3751827,
id2627619,
id0978449,
id1116113,
id3851628,
id0918944,
id0655861,
id1898834,
id1974423,
id3616611,
id3624626,
id2912037,
id3357540,
id3731566,
id3792550,
id1564596,
id3962825,
id3933817,
id0447446,
id3393147,
id2896447,
id2362028,
id1734365,
id1784693,
id1022105,
id3340530,
id1300174,
id0626061,
id2362932,
id2747358,
id2605198,
id2039795,
id2321198,
id0542263,
id1338574,
id0559584,
id1169820,
id3314968,
id3764226,
id0030431,
id3402990,
id0624854,
id3520974,
id2588630,
id1443201,
id1197712,
id1136818,
id0828074,
id3524968,
id0941400,
id1230478,
id0031357,
id1706334,
id3869324,
id0653220,
id2680534,
id2455223,
id3404009,
id3183199,
id0186541,
id0065298,
id3002878,
id1988243,
id0024634,
id0535186,
id0675522,
id1840749,
id3852269,
id0122916,
id0768758,
id2712032,
id1486312,
id3594457,
id0868684,
id1553950,
id2891589,
id3763408,
id1225020,
id0793120,
id1060600,
id1263918,
id1952890,
id2146906,
id0863283,
id0705297,
id2708187,
id2850623,
id1850728,
id0774132,
id1217361,
id0957251,
id3031973,
id1142351,
id3609738,
id0767903,
id3919586,
id0518030,
id3777030,
id2598257,
id3726822,
id0436591,
id0404406,
id1875054,
id1523880,
id2471317,
id2693146,
id1421750,
id1642063,
id2713607,
id2151956,
id2619790,
id0229580,
id0011001,
id1709623,
id1383484,
id1045612,
id1479028,
id2582523,
id2381394,
id3873982,
id1047903,
id0236751,
id3040338,
id2084987,
id1084947,
id1461763,
id3730850,
id0822976,
id0890427,
id2183495,
id1234336,
id2743302,
id2080625,
id3028180,
id3934509,
id1050444,
id1805818,
id0176168,
id0419022,
id1914564,
id0758340,
id0447016,
id3295871,
id1084627,
id3763607,
id1174393,
id0285054,
id0781055,
id2458700,
id2020134,
id0413607,
id1014037,
id2981638,
id2092942,
id0496905,
id0608373,
id0497796,
id3858328,
id3687341,
id1766730,
id2944137,
id3481094,
id0792095,
id3716509,
id0127354,
id0155089,
id1203062,
id0313318,
id1085223,
id1983415,
id0444180,
id3968819,
id1890128,
id1327034,
id2419421,
id2526973,
id1986166,
id1392099,
id2790369,
id3140749,
id0195507,
id2858240,
id3545325,
id3799589,
id1814177,
id0429621,
id2937812,
id3424870,
id1390294,
id1966192,
id0351050,
id0352936,
id1448152,
id1401975,
id3410531,
id3927407,
id0097476,
id2990663,
id3356870,
id1894607,
id2774237,
id1461988,
id3256186,
id0526121,
id0267563,
id0160918,
id1977237,
id1867110,
id2320955,
id0172705,
id3645894,
id1946424,
id3656964,
id0526990,
id2481425,
id2650250,
id3400143,
id0510853,
id3896470,
id3723541,
id3426623,
id1833059,
id2624633,
id0545019,
id2740226,
id3028663,
id0735974,
id2597537,
id1728204,
id2148410,
id3647809,
id3659467,
id2023662,
id2203098,
id2044230,
id3870787,
id0081664,
id3886608,
id1872354,
id0666761,
id3323575,
id1666564,
id1015458,
id2674371,
id2946601,
id3023809,
id3454628,
id2715338,
id2584693,
id0346836,
id0557093,
id1905026,
id0733689,
id1932137,
id3547568,
id2003704,
id3427279,
id2618201,
id0743448,
id3685050,
id1855393,
id1789580,
id3937029,
id2026138,
id1878274,
id1989528,
id2599793,
id0664098,
id0446329,
id1997688,
id2342371,
id3739737,
id2649536,
id0754562,
id0868777,
id1029113,
id3109972,
id1280696,
id3380681,
id3001858,
id2285912,
id3275968,
id0397981,
id2500083,
id1275782,
id3631482,
id1257710,
id0054716,
id2473053,
id0724128,
id2389644,
id3526379,
id0848046,
id2436509,
id1150763,
id0852607,
id0726263,
id0024704,
id3287206,
id0231758,
id2536185,
id1564554,
id1826156,
id1510697,
id2684552,
id1541041,
id0236850,
id1548795,
id2358565,
id3381280,
id2110168,
id1002568,
id2499078,
id2908063,
id3859016,
id0948062,
id1699198,
id3247639,
id3887354,
id0790797,
id3147224,
id2634706,
id1855206,
id1097058,
id2247941,
id0353022,
id1516992,
id2733680,
id2913829,
id2936353,
id2855393,
id0650055,
id1533632,
id0068282,
id2868695,
id1877547,
id2350129,
id0167371,
id3134273,
id0740677,
id1776310,
id3675635,
id3780693,
id1807383,
id0361948,
id2889474,
id3264451,
id0432963,
id1656580,
id1047385,
id1032929,
id0250567,
id3898826,
id3433765,
id0812958,
id1150865,
id1024843,
id3456821,
id0794755,
id1173589,
id2224749,
id3480334,
id3708329,
id2187283,
id2569643,
id3878519,
id2520204,
id3996665,
id2054251,
id0998341,
id0063249,
id3343615,
id1988721,
id3181401,
id0293885,
id0230857,
id3973316,
id2686112,
id2880418,
id3351234,
id0037230,
id1219607,
id1081875,
id2001058,
id0297453,
id2181561,
id1871026,
id0484792,
id1911960,
id1951995,
id1291032,
id2173197,
id2344817,
id0701895,
id1898882,
id3627655,
id2104610,
id2836326,
id0227547,
id0263027,
id2568606,
id0924678,
id0161195,
id3444065,
id0391089,
id0528575,
id2567161,
id0995456,
id2234445,
id0796035,
id0183523,
id1387297,
id1082871,
id0122351,
id2606278,
id1468772,
id0863902,
id1314067,
id3131444,
id3302801,
id1889610,
id1565392,
id3388619,
id0249676,
id2045545,
id1353571,
id2692820,
id3962344,
id1117243,
id2473240,
id3849535,
id3865070,
id0555114,
id2934235,
id3129705,
id3414796,
id1474981,
id3354519,
id1157539,
id1927800,
id2889762,
id0496169,
id1753368,
id0247752,
id3709890,
id2626446,
id2009218,
id1520338,
id2197159,
id1308788,
id2842042,
id1442180,
id3735950,
id1228469,
id1746392,
id3993867,
id1341312,
id0693651,
id0161340,
id3543497,
id1327660,
id0427037,
id1113088,
id1238205,
id1066904,
id2411152,
id2973860,
id0910158,
id1350182,
id1913035,
id2153999,
id0097320,
id2240479,
id3507711,
id3252712,
id2867624,
id3395009,
id0385303,
id0552010,
id2772720,
id0400444,
id1462984,
id0999110,
id3337442,
id0429289,
id0038218,
id0147893,
id2285072,
id2282837,
id0164285,
id1452728,
id1912579,
id1887048,
id2530457,
id0097648,
id0395222,
id0817255,
id2155065,
id3455872,
id0350366,
id0610619,
id3275502,
id2163085,
id3787698,
id2532059,
id2980033,
id3910473,
id1150693,
id2437574,
id2603706,
id2278489,
id0446959,
id3525863,
id2192675,
id0501719,
id0916417,
id3454375,
id0572421,
id0372543,
id2300193,
id0834078,
id0281361,
id3278258,
id3930867,
id0978287,
id0735934,
id3037719,
id2441779,
id3770855,
id1109104,
id1014480,
id1827005,
id0205648,
id3460977,
id2104161,
id2608851,
id3967592,
id3588849,
id2850521,
id2911087,
id2780914,
id0374393,
id2969324,
id0944766,
id1364008,
id1089957,
id2620202,
id3157750,
id2846492,
id0541916,
id1402517,
id0901322,
id2022762,
id2133045,
id3972206,
id3624073,
id0636936,
id0439299,
id1487032,
id0186886,
id2168734,
id0211610,
id1832094,
id0793624,
id2457511,
id2187559,
id2235077,
id1463718,
id3176712,
id3916226,
id1341925,
id2745851,
id1089984,
id1043595,
id1428432,
id3677122,
id2017621,
id2947497,
id0829256,
id0527979,
id2506830,
id0865905,
id2714530,
id1350396,
id3097474,
id0331187,
id2969048,
id3654559,
id3857485,
id0638556,
id2143112,
id0588083,
id2474650,
id1896763,
id1374255,
id0656912,
id0446756,
id3940441,
id2990491,
id2226081,
id2229802,
id2413074,
id1924766,
id3306273,
id3053789,
id3451716,
id0956919,
id0280262,
id0886171,
id0811615,
id2589371,
id0420096,
id1334359,
id0253092,
id1036597,
id1573689,
id1504671,
id0018918,
id1135558,
id1988047,
id3634627,
id2890372,
id2762396,
id2703602,
id0079109,
id3749675,
id3791150,
id0889753,
id2849303,
id3746373,
id2665552,
id1782683,
id1056506,
id0451504,
id1361530,
id3160195,
id3461152,
id3169781,
id3366439,
id2325486,
id3056901,
id1734609,
id0248162,
id1758452,
id3570014,
id3414615,
id2104297,
id1027502,
id2391814,
id3962453,
id1581645,
id3479912,
id1069456,
id1290608,
id0380102,
id0786394,
id1916496,
id2110895,
id3106658,
id3948984,
id3777454,
id1097178,
id1176804,
id3474218,
id1708682,
id3825418,
id3804370,
id1766039,
id3461361,
id2770962,
id3880176,
id2382343,
id0653282,
id3500550,
id0629285,
id2643326,
id3869082,
id1487448,
id0875322,
id2889080,
id1565906,
id0206163,
id0245263,
id1076113,
id2101687,
id2838942,
id3147263,
id1321284,
id2651468,
id3678981,
id3531523,
id3654122,
id1086783,
id0150248,
id0482797,
id2783640,
id3711215,
id1267012,
id0259959,
id0533800,
id0334329,
id1472619,
id1143036,
id1751546,
id1615601,
id0274681,
id3824259,
id1765134,
id1789434,
id0067178,
id2461668,
id3784614,
id2899336,
id2256231,
id0606974,
id1553650,
id1851516,
id3979504,
id3206199,
id3946033,
id0179269,
id3587414,
id0068444,
id2785972,
id0024955,
id1257418,
id1943836,
id2539280,
id3823294,
id1537114,
id0223549,
id1109748,
id2482067,
id1993549,
id1385240,
id0597197,
id3681893,
id1225501,
id2029128,
id1143709,
id3297984,
id1074192,
id2858351,
id1015325,
id0744842,
id1026802,
id2181893,
id0454530,
id0731284,
id2013376,
id0896986,
id2891612,
id1876064,
id2139023,
id3447607,
id2159267,
id0070142,
id0477592,
id2092814,
id2993715,
id0913974,
id3907639,
id3045424,
id0454893,
id3428752,
id0694491,
id0429382,
id0761248,
id1704795,
id1306766,
id3667569,
id0637539,
id1892303,
id0601419,
id1693646,
id2067578,
id2022619,
id0465309,
id0208098,
id3535487,
id0727373,
id1443039,
id3931055,
id2654335,
id1804424,
id0713322,
id2117261,
id3379185,
id1876211,
id1948741,
id2383861,
id1541211,
id0453443,
id3847683,
id3045899,
id0723345,
id1018647,
id1839257,
id3476350,
id3044908,
id0424655,
id3465832,
id3608017,
id3247270,
id1579078,
id3086508,
id2091981,
id0240352,
id0617486,
id1341095,
id2911381,
id0561441,
id3551091,
id2621266,
id3577766,
id1922250,
id2638475,
id0551469,
id3087489,
id0444729,
id1212305,
id0482237,
id2980734,
id2431333,
id2416169,
id1916131,
id1609370,
id2242102,
id0539331,
id0889022,
id2996036,
id3856461,
id2737198,
id1956092,
id1461038,
id0345726,
id1247315,
id0862505,
id1056608,
id1041950,
id0562230,
id2312705,
id2701137,
id3477408,
id3786193,
id0581273,
id0774349,
id3354014,
id1396523,
id3851161,
id1960302,
id3561539,
id0593052,
id0408994,
id2203576,
id0434094,
id3598321,
id3926851,
id3601573,
id1313348,
id1872413,
id0149466,
id1993034,
id3456468,
id1882812,
id0292665,
id1928806,
id3033961,
id1051609,
id1171530,
id0795496,
id2320922,
id0998106,
id2982612,
id2173144,
id1163780,
id0590511,
id2854544,
id2190579,
id3709102,
id1144997,
id1519626,
id0302773,
id3501943,
id2257189,
id0283328,
id0712971,
id0053571,
id1663415,
id2828560,
id3215986,
id2605893,
id2637820,
id0995713,
id1779555,
id1269797,
id1536956,
id2971683,
id3577254,
id0547664,
id0307014,
id2088460,
id2998495,
id0957779,
id0195774,
id2966701,
id0209771,
id2392379,
id2545653,
id1944291,
id1209771,
id1000776,
id1568844,
id3376285,
id1439844,
id1051557,
id0592122,
id1125160,
id3750543,
id1406181,
id3090134,
id3666765,
id2101944,
id2059264,
id1521880,
id3046362,
id0307370,
id0226413,
id1878885,
id2971076,
id1511416,
id2550606,
id1291463,
id0002747,
id1373792,
id2083551,
id0914430,
id2509261,
id2962658,
id0134975,
id3822933,
id2660985,
id1061638,
id3096985,
id1299386,
id0932483,
id3235489,
id0278289,
id2354705,
id3897837,
id0598101,
id2590236,
id3355242,
id2274716,
id2226524,
id3230274,
id0199502,
id3295265,
id0472343,
id1242852,
id2059752,
id3170142,
id0220208,
id2535575,
id3604426,
id2901115,
id1668154,
id2241339,
id2689051,
id3312852,
id0413936,
id2057944,
id1921483,
id0420704,
id3122380,
id1347180,
id2966998,
id3657282,
id2945615,
id0204917,
id2140520,
id2997558,
id0650462,
id1764503,
id0326713,
id3760799,
id2619803,
id2590004,
id2950051,
id0518697,
id1430691,
id2995573,
id3610208,
id0931188,
id2870547,
id3521815,
id2105375,
id1832850,
id0084649,
id2285650,
id1263481,
id2006337,
id0037127,
id2048120,
id0754555,
id0920397,
id2191622,
id1282886,
id0351362,
id3337288,
id1607279,
id1375671,
id0770063,
id1816240,
id2461240,
id3856770,
id1979549,
id3144078,
id1798592,
id0806618,
id2638319,
id1196313,
id0992282,
id2852532,
id0472436,
id2218463,
id3512569,
id0437460,
id1945218,
id2832943,
id0671187,
id1714792,
id3196704,
id2045300,
id2318055,
id3924211,
id1769278,
id3711039,
id2329171,
id1295904,
id0680200,
id3682961,
id2597349,
id1199504,
id0115957,
id2167604,
id3584830,
id1266500,
id3953831,
id0302190,
id1334920,
id1116753,
id3905507,
id1703434,
id1908237,
id2566540,
id0582943,
id2226900,
id3741908,
id3308232,
id0840253,
id3656143,
id2482604,
id0508659,
id3982107,
id3386451,
id2128079,
id3150738,
id2330172,
id1660481,
id0096130,
id2464576,
id2728150,
id2300279,
id3114904,
id2802693,
id0578599,
id0930765,
id0144503,
id0711313,
id0193024,
id0235140,
id1407667,
id1666607,
id3797429,
id2070440,
id1804273,
id1477216,
id0867963,
id0843605,
id2424777,
id2811540,
id0230081,
id3322029,
id1523737,
id0345267,
id3090282,
id3041809,
id1162080,
id2148460,
id1188005,
id1228473,
id3995381,
id1016336,
id0302467,
id2695312,
id2392668,
id3335652,
id1661548,
id2760925,
id1234970,
id0111623,
id1568893,
id1837444,
id2062715,
id1689389,
id0102716,
id0949418,
id2644849,
id3930385,
id1838957,
id1332631,
id3472930,
id3397343,
id2129155,
id3968210,
id2699411,
id1798555,
id2624901,
id2332715,
id2217127,
id0058478,
id0284375,
id2214463,
id3278080,
id1075340,
id2787764,
id2129952,
id2349636,
id1460946,
id2751285,
id0938939,
id3577843,
id0812495,
id2930700,
id3831064,
id0628085,
id1522767,
id2384748,
id1037087,
id0398457,
id0894154,
id3031218,
id1232800,
id0945296,
id2529950,
id0886089,
id0794021,
id2646628,
id0710696,
id2453397,
id3386425,
id1163439,
id1713277,
id0682058,
id3275140,
id1378301,
id1447410,
id2386364,
id1352246,
id2405385,
id3083078,
id3556399,
id1767106,
id2908750,
id0267792,
id3770079,
id2390834,
id0479091,
id2801488,
id2712925,
id1151034,
id2628395,
id3794953,
id0798059,
id1202337,
id2353826,
id2987699,
id1082197,
id1216493,
id2202560,
id3212567,
id3814393,
id0659707,
id0374478,
id0364227,
id0949484,
id0735622,
id0703488,
id0065260,
id2614164,
id0905437,
id2950599,
id0422976,
id3815251,
id2628367,
id2031766,
id3698335,
id0189386,
id2106992,
id3302648,
id0470998,
id3976770,
id0536549,
id3410800,
id0362117,
id1859047,
id0023465,
id1627752,
id0039527,
id2466418,
id0688775,
id2748886,
id1143620,
id0899146,
id3825245,
id2437197,
id3373719,
id3394057,
id3136466,
id3789106,
id0913980,
id2291352,
id1120438,
id2214694,
id3073590,
id3342600,
id0996944,
id2311104,
id0053052,
id0004529,
id0306340,
id0995482,
id1141731,
id0486965,
id0008237,
id3750592,
id0605269,
id1119669,
id2709449,
id3596261,
id0137176,
id0868206,
id2345720,
id0838093,
id1562136,
id2340212,
id2212313,
id1470531,
id3518358,
id3044090,
id1830604,
id2686632,
id0764066,
id1215266,
id2898361,
id0950100,
id2975828,
id1626484,
id3387440,
id2183003,
id3333182,
id0050466,
id2638103,
id2006159,
id2896846,
id1602174,
id1821865,
id1653905,
id2863067,
id2114582,
id0948988,
id0066496,
id3234350,
id2433887,
id0576031,
id0165608,
id2493007,
id1422866,
id0174222,
id3159492,
id1907059,
id3532095,
id0893102,
id3617908,
id1286400,
id3046207,
id2204320,
id2468463,
id3699078,
id3412233,
id3318489,
id0366537,
id0303929,
id0173956,
id2701054,
id0220839,
id2117996,
id3964461,
id0627207,
id3489125,
id2710663,
id3989106,
id0558777,
id3105027,
id3967084,
id0132874,
id1757216,
id0047985,
id3911861,
id0970197,
id1793234,
id2983281,
id3138477,
id0477418,
id3370854,
id2474484,
id3310959,
id1693284,
id3409154,
id3505644,
id2816564,
id3748663,
id1413274,
id0578918,
id1157805,
id3854561,
id3739088,
id3968682,
id3289207,
id3568055,
id3878849,
id1753281,
id2071416,
id3352262,
id3251868,
id2930880,
id2591006,
id2188622,
id1036664,
id1319068,
id3973080,
id0558570,
id1148363,
id2630902,
id2075974,
id3895447,
id2912295,
id2232846,
id1328167,
id0834826,
id2087776,
id1637175,
id3952888,
id3276530,
id3178448,
id1622062,
id3757560,
id3567284,
id3625744,
id1335713,
id0947035,
id0323217,
id2877406,
id0848268,
id0026152,
id1286354,
id0249023,
id1965385,
id1463416,
id1483269,
id2717516,
id1265728,
id2098777,
id2659130,
id0732125,
id0342223,
id3448271,
id2424506,
id0561276,
id1424593,
id3416859,
id1602134,
id3118916,
id1531488,
id2739613,
id0046876,
id1086005,
id2995522,
id1697791,
id2502730,
id0350515,
id1857362,
id1435323,
id3304133,
id0188496,
id2660738,
id0664778,
id2280826,
id3042658,
id2229021,
id3290078,
id2622132,
id2244267,
id2090009,
id0065115,
id2592734,
id0517964,
id0028594,
id1056207,
id1349630,
id0092902,
id2550603,
id1307961,
id3420195,
id0029800,
id2461718,
id2274432,
id1017892,
id0113177,
id1562268,
id1623778,
id2572325,
id3998948,
id2543062,
id0961618,
id2229581,
id0951036,
id0382311,
id2933895,
id0279863,
id1250435,
id0808929,
id2073697,
id1651805,
id1757581,
id1530044,
id1155806,
id1126510,
id0777655,
id0618203,
id1109480,
id0910599,
id2174189,
id0066723,
id2355006,
id3113661,
id0402596,
id2234041,
id1947869,
id2075610,
id3112872,
id3970925,
id1821158,
id0115770,
id1200161,
id3443790,
id1970581,
id2311423,
id1796409,
id2416989,
id1865168,
id0672358,
id1507788,
id2104470,
id3872619,
id2865172,
id2609559,
id3433230,
id1066147,
id1609673,
id3772852,
id3225585,
id1436027,
id3893788,
id3762827,
id1188359,
id3108439,
id3167933,
id0313198,
id1546478,
id0638676,
id0605237,
id1339868,
id3364636,
id3812871,
id3627604,
id1249899,
id2089072,
id1555569,
id2820498,
id0869368,
id2350105,
id2869213,
id2043325,
id3018172,
id2229327,
id1339618,
id0411879,
id0103395,
id2285817,
id1010107,
id1614136,
id2328751,
id0952351,
id1607971,
id0124390,
id2961274,
id0339323,
id1017489,
id3067998,
id0931828,
id2043597,
id3687688,
id1013729,
id3365778,
id1017444,
id0864803,
id1630122,
id3037934,
id1673149,
id1832652,
id1208776,
id2280049,
id0324657,
id3313047,
id1680754,
id2496989,
id3429489,
id0223147,
id1142738,
id0847278,
id3732511,
id0561372,
id2880234,
id2754984,
id0009521,
id3116892,
id0465287,
id0412625,
id3404802,
id1200604,
id3878679,
id3165179,
id2950865,
id2319635,
id0204575,
id3715936,
id2269597,
id3041920,
id1910095,
id2715568,
id3603906,
id3155138,
id3938207,
id3936638,
id2880373,
id3411495,
id3050929,
id3227436,
id0842288,
id2144704,
id1562719,
id2879157,
id3272691,
id3624768,
id0840857,
id0824306,
id1056284,
id2384772,
id2363864,
id0955998,
id1330379,
id3308663,
id1498177,
id3223147,
id1544206,
id1798507,
id3159775,
id2506144,
id0350594,
id0260686,
id1593409,
id1897612,
id1363261,
id3006579,
id0664445,
id2539583,
id0400760,
id3327103,
id0846448,
id1335753,
id3744641,
id1861670,
id2788506,
id1063847,
id0378180,
id0042645,
id2749313,
id1126547,
id2383598,
id3640886,
id1938168,
id0243636,
id2556217,
id0095921,
id0210853,
id2046048,
id1072066,
id1405492,
id2638695,
id1554908,
id3544514,
id3865829,
id1582400,
id2006856,
id0320374,
id3313472,
id3900093,
id2765923,
id0007109,
id1676384,
id1386137,
id1564326,
id0936169,
id3319761,
id0694161,
id3550264,
id0648394,
id1192859,
id1118806,
id1102396,
id1667516,
id3078427,
id0374681,
id0804684,
id3964439,
id3180124,
id0776543,
id3863745,
id2362160,
id1065847,
id3924625,
id0661065,
id2087953,
id2587318,
id3402854,
id0420272,
id1795711,
id3821239,
id1522432,
id1203715,
id2852280,
id2395410,
id2793260,
id2267351,
id1776575,
id1176780,
id3037950,
id3064222,
id0396289,
id3300660,
id1655558,
id2877003,
id2591782,
id1214265,
id2887410,
id2203035,
id3009828,
id3764943,
id1781469,
id2448609,
id1282683,
id1991013,
id2889153,
id3278784,
id0529625,
id2797555,
id0076964,
id0979722,
id3689125,
id0943935,
id3160312,
id2162462,
id0509944,
id2299052,
id3912128,
id2808403,
id2476132,
id1792536,
id1273511,
id2928291,
id1588676,
id3922409,
id2052091,
id1780451,
id0577213,
id1556883,
id3460922,
id0025994,
id2427838,
id0528479,
id1195515,
id2396384,
id0393955,
id0356178,
id2537508,
id2635479,
id1543151,
id0270667,
id2372162,
id3417139,
id2730910,
id2882607,
id1482593,
id0715027,
id2542624,
id3025008,
id2633941,
id0283153,
id2460828,
id2589185,
id1415867,
id0523786,
id0439502,
id1694454,
id1246654,
id3631807,
id1028885,
id2098089,
id1674105,
id2479742,
id1022055,
id1595344,
id1379761,
id1080810,
id0623145,
id1626852,
id3956705,
id0633528,
id3946187,
id0892671,
id2656791,
id0467960,
id3696029,
id1070930,
id1786868,
id2540079,
id3573428,
id1918418,
id3971420,
id0704527,
id3991305,
id2897685,
id0599364,
id1272216,
id1415600,
id0481046,
id3008146,
id0365067,
id3809881,
id3389994,
id3452535,
id2852315,
id0036193,
id1845530,
id3175281,
id0368183,
id2248653,
id2260637,
id2520579,
id3547654,
id3453989,
id1084345,
id3147649,
id2760025,
id1020985,
id2247775,
id0717983,
id3632040,
id0227396,
id1346451,
id3542525,
id3916800,
id1215674,
id3154943,
id2120873,
id1904005,
id0335521,
id2669646,
id0966968,
id3503407,
id2111616,
id3778027,
id3055091,
id2934272,
id1650669,
id3548536,
id3649344,
id1543362,
id0182422,
id3486831,
id0296191,
id2343535,
id2936395,
id3141287,
id0809081,
id2504641,
id3767824,
id2764549,
id1514590,
id2167015,
id2201998,
id3280410,
id0368395,
id2973768,
id1203675,
id0766619,
id1456018,
id3699009,
id3670795,
id0679382,
id2800693,
id2642952,
id3865859,
id0912882,
id3668803,
id2565471,
id2074681,
id2902768,
id0267852,
id1150292,
id1257478,
id0564465,
id0208530,
id2055096,
id2398901,
id2801028,
id1590769,
id2462926,
id0507807,
id3332695,
id1507089,
id0661168,
id0630504,
id2863314,
id0317391,
id1593558,
id3542527,
id0915174,
id3336555,
id2254132,
id1226377,
id1508675,
id2927768,
id0292834,
id1006753,
id3048123,
id2043579,
id0753259,
id0163636,
id2455959,
id1490540,
id0886123,
id3342744,
id3154255,
id3344685,
id1252867,
id1785939,
id2750491,
id2855340,
id3637963,
id0111858,
id3322333,
id1646339,
id2373781,
id1829390,
id1158076,
id3334327,
id0974401,
id2778742,
id1922764,
id1261870,
id3862280,
id0718306,
id2894062,
id0153317,
id2411079,
id1352197,
id1827339,
id3502622,
id3325131,
id0995238,
id0333385,
id0136072,
id2854994,
id1212277,
id2217672,
id2628871,
id3268566,
id0397788,
id1378406,
id0784757,
id1571520,
id3818199,
id2169777,
id2481554,
id2274584,
id0314142,
id2818104,
id3566268,
id1502727,
id1690658,
id0126223,
id0323473,
id2583363,
id0891228,
id3982179,
id1395299,
id1926451,
id0549297,
id0829366,
id3572556,
id1551864,
id0333816,
id1053761,
id3686225,
id3524117,
id1935215,
id1776519,
id0379583,
id3826436,
id0641753,
id2429568,
id0150511,
id1796581,
id2686256,
id2469413,
id2483813,
id2548869,
id1359965,
id0437910,
id0190732,
id2139848,
id0042835,
id3855025,
id1636108,
id3406730,
id3329059,
id0455281,
id3749232,
id2100761,
id1698254,
id1280540,
id3804451,
id3992209,
id1626528,
id3733782,
id3186182,
id3237378,
id1644800,
id1552008,
id2866916,
id0819904,
id1224983,
id2375728,
id1497316,
id0718531,
id1852300,
id3306290,
id1196605,
id1725993,
id3274972,
id1124952,
id3777549,
id3348378,
id3429276,
id3915012,
id0673300,
id3833716,
id0924153,
id0354285,
id1870564,
id0267875,
id0704022,
id3591109,
id3913465,
id1675506,
id2180069,
id3756385,
id0878357,
id1048693,
id2947575,
id0330856,
id1218105,
id0827515,
id0384346,
id0377328,
id2496560,
id3397205,
id3706127,
id2765453,
id3368105,
id2144637,
id0989238,
id2377319,
id0659033,
id1167743,
id1239739,
id2752505,
id0971604,
id3547741,
id0872220,
id1390553,
id3744632,
id1229898,
id0126028,
id0066330,
id1564104,
id0439670,
id0804809,
id3380930,
id1287119,
id1463411,
id3661346,
id1046834,
id2797885,
id1824340,
id1880676,
id0012479,
id3039948,
id1263266,
id1737031,
id2985074,
id0293861,
id3565767,
id0400519,
id2904481,
id2632430,
id3091591,
id0919711,
id3302548,
id2153679,
id0406955,
id3310458,
id3815010,
id2674079,
id3769684,
id0495178,
id3126911,
id1706454,
id2707902,
id1480511,
id1008199,
id3783543,
id1890922,
id1303365,
id0090829,
id0377704,
id1444454,
id2553829,
id0317081,
id3267638,
id1293712,
id1338799,
id3834412,
id0298079,
id1643580,
id2481412,
id3782026,
id3024302,
id3755238,
id3160235,
id2014494,
id2923978,
id1057066,
id0625894,
id3436588,
id1869887,
id2375294,
id2970679,
id2443430,
id0793899,
id2382410,
id3669464,
id0354449,
id0811643,
id2362168,
id3035621,
id2923751,
id3892337,
id3620729,
id3904575,
id0837551,
id2365171,
id3051046,
id2367938,
id0266379,
id2987094,
id1253064,
id1027658,
id3421917,
id0828684,
id3382907,
id0782824,
id3638001,
id0285716,
id0194594,
id1981720,
id3427562,
id1023874,
id1410097,
id2955274,
id1065447,
id1727003,
id0475161,
id3572572,
id0814550,
id3849517,
id3595395,
id3719108,
id3759833,
id3466007,
id1186410,
id2810384,
id3774464,
id0917774,
id2287904,
id1386998,
id0992623,
id1695672,
id3603158,
id3091475,
id1658526,
id2709261,
id3583227,
id0948239,
id0221991,
id3305791,
id1515505,
id3397675,
id3331049,
id0994123,
id1151588,
id2570323,
id3132564,
id0046089,
id3017501,
id3274979,
id2882877,
id1601686,
id3710323,
id2621714,
id2087833,
id1559167,
id1521838,
id0176767,
id2312956,
id1197217,
id0081227,
id3232237,
id0206267,
id3475748,
id3051147,
id3414868,
id1132474,
id0457257,
id0803138,
id2129525,
id1830951,
id3922970,
id0894029,
id3687132,
id0007810,
id3053596,
id3159803,
id0638714,
id2662153,
id3738763,
id0457857,
id3848561,
id3937466,
id2755920,
id2531673,
id0209720,
id1003971,
id0593078,
id2922944,
id3410060,
id2960339,
id2083859,
id3314275,
id0211557,
id1801395,
id1039925,
id1113146,
id3335133,
id2876995,
id3703981,
id0411527,
id2090715,
id1606143,
id0883006,
id1839547,
id3158503,
id2917179,
id3678133,
id3038679,
id0085197,
id3492967,
id3036763,
id2947934,
id1617538,
id0485337,
id3277245,
id1619585,
id1942050,
id1150337,
id0044661,
id1274426,
id1660222,
id1506908,
id2813733,
id1074389,
id0854030,
id3738587,
id0779108,
id0014227,
id2836385,
id0516642,
id0796233,
id1833448,
id3131106,
id0801131,
id2482091,
id0241899,
id0907357,
id0352670,
id3166540,
id2438379,
id3731228,
id3164462,
id3752458,
id2491457,
id3309837,
id0791899,
id2486575,
id1133930,
id3169190,
id2033862,
id2288758,
id2549859,
id3827184,
id1653325,
id1893832,
id0238173,
id3563495,
id2475049,
id1674944,
id2965998,
id1101661,
id2909491,
id2570589,
id1795299,
id3126031,
id0393516,
id0101308,
id1544728,
id1532860,
id0967670,
id3683717,
id3074589,
id3996832,
id3963816,
id3345951,
id2340915,
id3718456,
id1582384,
id3376635,
id0199322,
id2094908,
id1277345,
id3638164,
id3162515,
id0436551,
id3698597,
id3413022,
id0443336,
id1144940,
id2276658,
id1064930,
id1219833,
id3394823,
id0554414,
id2783124,
id0757905,
id2923087,
id2639821,
id3325783,
id1242987,
id1778428,
id1726666,
id2814597,
id2532851,
id2209547,
id2934848,
id2775244,
id0736663,
id3891307,
id2250922,
id2477340,
id2318635,
id3251718,
id3820606,
id3196128,
id3499265,
id0509636,
id0521099,
id1863729,
id0575809,
id3971984,
id1430448,
id0656267,
id0992934,
id1508576,
id0460522,
id1547490,
id2866360,
id3846007,
id3102571,
id1703055,
id1280310,
id3753140,
id2389981,
id1381232,
id0046065,
id1168878,
id1961858,
id2082220,
id2677715,
id0103643,
id1515803,
id1597464,
id3682892,
id1662617,
id1604720,
id1193745,
id3499678,
id0148200,
id2944299,
id3756369,
id2064765,
id0539252,
id0675597,
id1133118,
id3136578,
id2814400,
id1012149,
id1502752,
id0496368,
id0765679,
id1966519,
id3322209,
id2330227,
id1528026,
id2502978,
id0376621,
id2156722,
id2339223,
id2117621,
id3000275,
id1341883,
id2824246,
id3129576,
id2753841,
id2275664,
id3276352,
id3384669,
id2209502,
id0292631,
id0441115,
id1970591,
id0739684,
id3914832,
id2278329,
id3909179,
id1303296,
id2556099,
id0707391,
id0532660,
id0594996,
id2638966,
id0581834,
id0886024,
id0269736,
id2487613,
id3741713,
id3729981,
id0994162,
id1003112,
id1612211,
id3918179,
id3122781,
id2736250,
id3762642,
id3578402,
id0530724,
id1603283,
id0580958,
id1037341,
id2668926,
id1648894,
id1279329,
id3688989,
id2912856,
id2764531,
id1845457,
id3251203,
id2726475,
id0647591,
id3941055,
id3922122,
id1671146,
id0905930,
id3425654,
id1427415,
id0597158,
id3389998,
id0195721,
id0997078,
id0546872,
id2960765,
id0506657,
id1455925,
id1992655,
id0558782,
id3766750,
id2354464,
id1330411,
id0250980,
id2444685,
id3232864,
id0619283,
id1461970,
id0995525,
id0806582,
id1944782,
id0489532,
id3201541,
id1771421,
id2196638,
id3680776,
id3195669,
id1086220,
id2851967,
id0285833,
id0219557,
id0347076,
id3143472,
id3147879,
id0938885,
id0154893,
id0549905,
id1152173,
id0599916,
id1919887,
id0550315,
id1262824,
id1463163,
id1953206,
id1031658,
id1200908,
id2102222,
id1936523,
id2519457,
id3685910,
id0999424,
id1782689,
id2744596,
id0903185,
id1072177,
id0489579,
id2353449,
id0885398,
id3312785,
id1554559,
id0729455,
id1151515,
id1571309,
id1902487,
id0048518,
id3057372,
id3866816,
id1285860,
id3078548,
id1546738,
id2359998,
id0515328,
id2209448,
id3861550,
id1261194,
id2347206,
id1336802,
id3070136,
id3662759,
id3081286,
id3918295,
id1491036,
id0101832,
id2219071,
id0731322,
id2744324,
id2917298,
id2358474,
id3154828,
id2505778,
id2037044,
id1831992,
id0559648,
id3984094,
id3713075,
id3350041,
id0675332,
id3816395,
id0941876,
id2425117,
id3311641,
id0806096,
id3080626,
id0004909,
id2324827,
id0945289,
id3023596,
id2327011,
id1236681,
id0957379,
id3783785,
id2690163,
id0165704,
id1765114,
id0979376,
id3886400,
id1095654,
id2432912,
id2957326,
id1116552,
id0360942,
id2754408,
id3755483,
id1015343,
id0593678,
id2632872,
id0822320,
id1799088,
id3404800,
id2526539,
id0655985,
id3958531,
id0207340,
id1838488,
id0083805,
id3600975,
id0168214,
id0616985,
id1762108,
id0246481,
id1923143,
id3646295,
id3955241,
id3352580,
id1082526,
id1523807,
id0256905,
id1129202,
id1720709,
id2832424,
id2539266,
id0175860,
id0483644,
id2640387,
id1956718,
id3909635,
id1781769,
id2683875,
id3915919,
id3039838,
id2528701,
id3253710,
id0615408,
id1962130,
id1767784,
id2707965,
id3234405,
id2662179,
id1532259,
id2693092,
id3821399,
id2913179,
id3222520,
id3325332,
id0076410,
id1231246,
id3648441,
id1875698,
id3695707,
id0148924,
id1192001,
id2525163,
id0046704,
id1837488,
id0680525,
id1107368,
id0879734,
id3610341,
id0585427,
id2015198,
id0164047,
id1446014,
id3173656,
id1669055,
id0998725,
id2576033,
id1417711,
id0270711,
id0812515,
id2099301,
id1556476,
id3632288,
id1475735,
id1041626,
id0634581,
id2622029,
id1631604,
id2323486,
id0272514,
id2969154,
id1208220,
id1216949,
id1272718,
id3101656,
id0367585,
id3612814,
id2485216,
id3775460,
id0261407,
id3151712,
id0919599,
id1913099,
id2416166,
id0845142,
id1250027,
id1923839,
id2944714,
id2408815,
id0669850,
id2547212,
id1239249,
id0074972,
id2641207,
id2080261,
id2256226,
id1933556,
id2725752,
id1381569,
id0464732,
id0091666,
id3285457,
id1432815,
id3852308,
id0141874,
id1973351,
id3212626,
id2200686,
id2101922,
id3110128,
id1303892,
id1749019,
id3884659,
id0612897,
id3850417,
id0795534,
id1854434,
id3588282,
id3385240,
id2478968,
id3399400,
id0159922,
id2168885,
id0390232,
id1960841,
id2354258,
id1562921,
id1740685,
id0620729,
id3494879,
id3973737,
id0728495,
id1175573,
id1371525,
id3286663,
id2854561,
id0316571,
id1167505,
id0231196,
id3092283,
id1344939,
id1274892,
id0187840,
id1308897,
id1282488,
id1680909,
id3930849,
id3129954,
id0204267,
id3680257,
id1669470,
id3294587,
id1203815,
id1132816,
id1844526,
id1264329,
id0639495,
id0445123,
id1980835,
id2174357,
id3621116,
id3359226,
id0884109,
id1542109,
id2580159,
id1129427,
id0534659,
id0628618,
id2059429,
id3836565,
id2230636,
id1933875,
id1794052,
id1224552,
id2119641,
id3388798,
id2936958,
id0336816,
id0028927,
id0252898,
id3888759,
id2725844,
id1769400,
id1586437,
id2567369,
id0802129,
id2653243,
id0118148,
id2100490,
id1921180,
id1859589,
id3351229,
id0584559,
id3969809,
id0233765,
id1598647,
id2170172,
id1987003,
id1931250,
id3411176,
id1416736,
id3817630,
id1111842,
id3629339,
id1073572,
id1512068,
id2279009,
id0635521,
id0683059,
id1785803,
id1791683,
id0363146,
id1354014,
id0693239,
id1186688,
id0246686,
id1126043,
id2307721,
id3471026,
id2525373,
id2037592,
id1167396,
id2831143,
id1816200,
id2881099,
id3467966,
id1957543,
id0916568,
id2866123,
id2280985,
id1094516,
id1297068,
id0671979,
id2223561,
id0565359,
id3102017,
id3860696,
id1217157,
id3291449,
id3103342,
id2165468,
id1578699,
id3226877,
id0732569,
id3881885,
id1555825,
id3886284,
id3442541,
id2010361,
id3023818,
id0015209,
id1809286,
id2375246,
id0147131,
id1041826,
id0385297,
id3309484,
id2035152,
id0185936,
id0796871,
id1082765,
id1003435,
id0887681,
id0976671,
id3477372,
id2579893,
id0267477,
id3720413,
id0750063,
id1900837,
id1926880,
id3706296,
id1596886,
id1444377,
id1982973,
id1060204,
id3671268,
id2391370,
id0791510,
id0739785,
id1125940,
id3208571,
id1150628,
id3992510,
id3604727,
id3500260,
id2383962,
id3315273,
id1082662,
id3980816,
id0970395,
id3638862,
id3002200,
id0089902,
id3110400,
id2337110,
id3722680,
id0861542,
id2521544,
id2295770,
id0552476,
id1107512,
id2726032,
id3879460,
id1126864,
id2540073,
id3276306,
id2174495,
id2881305,
id2755537,
id2267695,
id1183013,
id0486225,
id2061380,
id2724793,
id3577598,
id2697570,
id2591086,
id1092696,
id1358177,
id3947257,
id2699976,
id1323151,
id3435053,
id3852163,
id0144042,
id0258904,
id0050699,
id3714889,
id3287197,
id2666660,
id2796728,
id1543943,
id2375319,
id1682600,
id3108451,
id1801148,
id2299824,
id0886517,
id3554785,
id1690863,
id0611954,
id1295267,
id1296662,
id0571113,
id1681783,
id1551896,
id0491831,
id2357079,
id0447344,
id1739797,
id0649303,
id1321627,
id2674725,
id0401357,
id0321915,
id2628976,
id3908009,
id0799484,
id3375309,
id0113821,
id1522666,
id3483200,
id2759562,
id0160368,
id1959389,
id0746758,
id2928714,
id0575605,
id2453565,
id3459379,
id1830974,
id2807894,
id3550189,
id0862738,
id2941943,
id2717564,
id2463136,
id3416592,
id1651627,
id0921079,
id0099179,
id3869480,
id0473204,
id3505725,
id1294121,
id0077713,
id3546869,
id0878372,
id2946774,
id2062430,
id3702709,
id2458625,
id1547482,
id1426004,
id2631485,
id0033678,
id1580382,
id3981636,
id1406865,
id0010809,
id1888938,
id3276690,
id0172111,
id1589445,
id1527939,
id2726314,
id0310627,
id3932974,
id0639378,
id3024020,
id1903675,
id1318526,
id0653353,
id2622944,
id0224625,
id1252101,
id3288696,
id0720749,
id0309784,
id0754682,
id3522977,
id1531049,
id1465558,
id0447152,
id0161017,
id2233727,
id1386906,
id3796284,
id1364330,
id3953182,
id3651562,
id3845285,
id0074225,
id1678590,
id3423038,
id2193821,
id1293338,
id2111295,
id0168090,
id0859722,
id3193910,
id1333769,
id3708566,
id1765921,
id1767988,
id0448315,
id1888544,
id0427085,
id2097700,
id3665945,
id2511936,
id1404690,
id1039079,
id1230560,
id2270050,
id3693754,
id0628003,
id1627453,
id1997479,
id1526502,
id0453399,
id1952514,
id2696747,
id0337560,
id2207103,
id2973429,
id2450399,
id3190552,
id2269044,
id3710258,
id3935683,
id1325206,
id1775058,
id0041141,
id0288522,
id1527841,
id0339422,
id2617136,
id3805967,
id0554067,
id0411217,
id2709069,
id2661159,
id2960096,
id1547878,
id1629097,
id0024300,
id2510729,
id2689405,
id0714891,
id2684807,
id0542663,
id3049882,
id1092707,
id1130328,
id3784575,
id2618472,
id3535103,
id0788279,
id3400766,
id2031530,
id0400285,
id2710547,
id1762174,
id2905123,
id1648564,
id0062340,
id1032306,
id3711729,
id0231515,
id1433653,
id3434664,
id3674358,
id0094005,
id2979482,
id0287096,
id0219070,
id1033291,
id0829775,
id2686835,
id3346108,
id3276258,
id3532377,
id2553453,
id3981541,
id0287540,
id2429437,
id3926800,
id3496070,
id2616380,
id3134730,
id2743994,
id2088888,
id2631444,
id0109555,
id2564704,
id0774291,
id0889139,
id0098739,
id2618278,
id0747264,
id1603435,
id3408307,
id0329597,
id3512292,
id1629190,
id3407320,
id1562049,
id3822289,
id1527766,
id0796681,
id0638235,
id3478827,
id3537074,
id2084864,
id3956464,
id3301315,
id0331936,
id3512171,
id0283167,
id2976920,
id2613462,
id2576585,
id1150996,
id3505010,
id0432563,
id3674087,
id2577140,
id2301080,
id2869967,
id0248514,
id0706016,
id1183459,
id2380963,
id2275577,
id1751606,
id2708996,
id2462804,
id0114596,
id2471090,
id3861062,
id3238279,
id1613333,
id0695350,
id0983782,
id0723049,
id1395489,
id2907196,
id3151195,
id2049666,
id3957518,
id1211447,
id1111173,
id3323234,
id1412179,
id0754087,
id2257679,
id1569398,
id1228621,
id0808160,
id2262285,
id0051733,
id1060981,
id2473629,
id2539507,
id2496475,
id3249248,
id0582709,
id3846433,
id0273776,
id2782862,
id0732657,
id0986024,
id2740743,
id0946386,
id3128098,
id3270018,
id2636687,
id2280394,
id0688037,
id2641252,
id3303370,
id1466338,
id1935541,
id3264316,
id0529614,
id3682429,
id3666897,
id0436396,
id2344680,
id2848359,
id3671560,
id1885266,
id0121999,
id3705977,
id0500855,
id1047013,
id1509158,
id1631779,
id1378585,
id2146326,
id3573412,
id2454385,
id2111592,
id2452519,
id0304889,
id2993284,
id0306076,
id0662327,
id3886203,
id0466374,
id3723229,
id1971423,
id3136946,
id2832333,
id2068991,
id0442404,
id1734807,
id0621367,
id1008285,
id1259951,
id0518009,
id2545651,
id3179019,
id3098440,
id2407857,
id3826210,
id1276179,
id0637701,
id0791392,
id3446284,
id0917815,
id0741525,
id2162644,
id2873043,
id2923952,
id2251229,
id3431126,
id0582737,
id1594876,
id3350029,
id1694089,
id1234708,
id2106360,
id3537189,
id3624726,
id1544662,
id1804599,
id3857792,
id3987535,
id0739053,
id1856756,
id2649948,
id0661127,
id3042329,
id2865173,
id0610326,
id3120266,
id2288857,
id3327081,
id3128765,
id2200381,
id2379408,
id0725940,
id0492044,
id2354933,
id0168327,
id1520494,
id1962502,
id1620884,
id2375521,
id1370218,
id3376614,
id0685450,
id3144886,
id0720681,
id2024272,
id2649934,
id3040463,
id0513635,
id3956653,
id2468947,
id0977085,
id0504621,
id3572075,
id3836260,
id3680595,
id1849696,
id1142062,
id1842833,
id0724508,
id1540068,
id0502220,
id3333631,
id2782214,
id2700085,
id2154552,
id0202129,
id3877067,
id1231434,
id0661334,
id2783662,
id3340674,
id2682055,
id0646835,
id2866769,
id3985616,
id3423245,
id0219033,
id0937484,
id0228641,
id0729613,
id2773376,
id3781545,
id1648267,
id3054042,
id1409125,
id0907797,
id2786871,
id3872597,
id1189990,
id0363411,
id2078225,
id0872540,
id2451396,
id2456773,
id1580756,
id0985641,
id0730239,
id1797877,
id1494526,
id2553938,
id3838486,
id1824855,
id3836873,
id2963419,
id0979389,
id2305026,
id0748890,
id2208178,
id3460639,
id3241107,
id3665613,
id3605515,
id1653568,
id2750167,
id0182278,
id0693037,
id0580334,
id3369082,
id3911237,
id1085937,
id0716363,
id2485599,
id2102301,
id1484501,
id3914197,
id3911544,
id0535581,
id3423151,
id2665528,
id2503913,
id2390679,
id0115796,
id0467393,
id0774410,
id2914094,
id2307231,
id2652583,
id2853278,
id3310427,
id1719421,
id2124370,
id0051223,
id3677673,
id0896429,
id3546514,
id1485010,
id2867422,
id0734229,
id2915585,
id2500154,
id2326207,
id0384649,
id0006687,
id0469500,
id2459003,
id1867979,
id1683262,
id1702009,
id0825852,
id2471572,
id2459436,
id2750578,
id2556410,
id2685676,
id3374636,
id0294869,
id0318086,
id0729414,
id3640460,
id3644476,
id1846738,
id3320793,
id1044733,
id2080099,
id0106452,
id3072001,
id1911433,
id2179575,
id2140530,
id1245158,
id2176363,
id3414121,
id2687462,
id0521436,
id2439527,
id2890342,
id2278695,
id3101710,
id1378329,
id2605978,
id1665855,
id0381243,
id2326331,
id1894503,
id1374410,
id2905820,
id1351105,
id3757348,
id3698114,
id0679409,
id0066588,
id1329960,
id3311165,
id0544475,
id3741795,
id0127373,
id1907664,
id2488951,
id3903135,
id3225637,
id0611332,
id1003960,
id3778542,
id0887749,
id0743521,
id2569828,
id1572139,
id2368474,
id3676766,
id0647033,
id3263358,
id0450200,
id2389752,
id0799680,
id2698843,
id2330568,
id3266407,
id1528635,
id2719130,
id2049649,
id3683726,
id1629604,
id3412471,
id1468182,
id0021897,
id0977458,
id0680000,
id0204985,
id1482592,
id3898508,
id0008130,
id0619455,
id1690152,
id2822276,
id3306540,
id1126344,
id3825366,
id2834564,
id0850936,
id3938021,
id2918707,
id2466131,
id0515360,
id0562819,
id1288168,
id1213774,
id1368366,
id2685044,
id3552657,
id1281102,
id3027814,
id0048548,
id1591881,
id1323928,
id0602827,
id0973765,
id1850480,
id0002170,
id2133776,
id3517630,
id1857246,
id2738877,
id0157142,
id3717854,
id0844505,
id0408537,
id2386211,
id0987544,
id2032343,
id3230323,
id0532454,
id1742872,
id1233158,
id0847124,
id0580115,
id0898774,
id2783079,
id3120543,
id1649612,
id0844165,
id2176056,
id3623937,
id3312145,
id1571503,
id3571938,
id1935447,
id1536184,
id1543572,
id1976575,
id2885344,
id3134193,
id3458551,
id0414379,
id2016837,
id0559429,
id1328833,
id3967829,
id2360177,
id1404391,
id3294103,
id2966306,
id3846195,
id2738611,
id0038764,
id1500187,
id1737633,
id3807561,
id3734684,
id0814104,
id1482348,
id1821958,
id1499211,
id1757886,
id3996312,
id0544990,
id0763854,
id3259420,
id0267667,
id3515227,
id3034826,
id0978946,
id1931188,
id0921111,
id3517106,
id0527119,
id2977620,
id2854832,
id3253474,
id3918731,
id1844102,
id1772143,
id0940240,
id0817065,
id0273535,
id2057782,
id2559901,
id1984784,
id2402743,
id3506194,
id2827173,
id1649451,
id3480246,
id1054785,
id0082691,
id0178115,
id3835485,
id1143955,
id3007187,
id2155571,
id3801506,
id2468173,
id3083570,
id0062716,
id0286787,
id3253621,
id3572306,
id2303102,
id2558756,
id3600987,
id0900527,
id1139448,
id3852876,
id1332060,
id1091011,
id0460671,
id3868326,
id2787324,
id0088516,
id1556610,
id0637245,
id0682302,
id0475701,
id1686329,
id3497905,
id0214296,
id1851544,
id3500410,
id0608660,
id1612288,
id0023133,
id1604415,
id3171385,
id2503750,
id2968763,
id3310165,
id0944673,
id1469440,
id3611386,
id2236504,
id1268074,
id1164921,
id3934237,
id2752417,
id2891771,
id0875747,
id0385099,
id2468768,
id3781761,
id3781157,
id3715730,
id3146207,
id0705937,
id3547493,
id3713091,
id2987595,
id1580141,
id2969579,
id2436585,
id1260461,
id1367097,
id0764594,
id3677695,
id1605173,
id2062037,
id3504065,
id2986856,
id0921905,
id2456996,
id1058817,
id0266680,
id1650843,
id3031548,
id0061213,
id2988372,
id1075414,
id0512766,
id0627318,
id1102567,
id2467518,
id3343704,
id2340041,
id0522254,
id2409714,
id0840564,
id2278506,
id3358772,
id3691174,
id0298831,
id1951319,
id1146869,
id2392349,
id3262522,
id0008821,
id3785974,
id3154427,
id1191830,
id2462404,
id0215164,
id3389751,
id2681592,
id3654396,
id2877424,
id3550711,
id0424812,
id0568337,
id0233991,
id1797120,
id3888956,
id0440627,
id1825061,
id1214516,
id3919491,
id0985822,
id3407904,
id2323493,
id3502328,
id0103561,
id0269863,
id2168577,
id1219746,
id2416243,
id0040428,
id2311391,
id3940163,
id3620861,
id2798743,
id1439749,
id0266312,
id1156528,
id2751511,
id1427259,
id3717768,
id0319927,
id3210920,
id1886647,
id3492519,
id2795648,
id2841884,
id3838041,
id2713401,
id1527761,
id1273852,
id1097919,
id1644356,
id0399387,
id2537162,
id1057577,
id2891030,
id2853240,
id1156277,
id2726572,
id2682431,
id3827890,
id1652144,
id2057287,
id0390856,
id0410215,
id2447917,
id1891573,
id1668095,
id2965705,
id3320084,
id2467865,
id3953130,
id3207036,
id1743291,
id0256843,
id0741454,
id0798321,
id2874994,
id3810264,
id3230302,
id0602587,
id1345128,
id2078837,
id3037102,
id1797269,
id0936794,
id1058185,
id2556965,
id2192511,
id2403652,
id1828753,
id0937942,
id0212899,
id3952156,
id3998567,
id1943329,
id0015059,
id0275809,
id2398089,
id3527157,
id3305921,
id3656221,
id1073277,
id1216543,
id3742956,
id2633788,
id2261676,
id0255100,
id1531299,
id0630206,
id2702678,
id0263203,
id3834193,
id1930767,
id3846053,
id0212754,
id3959977,
id1713929,
id0218165,
id3881237,
id3294801,
id0885486,
id3649226,
id2088684,
id2062015,
id1487845,
id0101272,
id0241970,
id3459997,
id2734123,
id0979540,
id1460086,
id1157958,
id1296830,
id1758197,
id2798474,
id1606658,
id2532021,
id1930546,
id2647944,
id1340785,
id2645772,
id1454568,
id0976561,
id0029760,
id0661043,
id3184089,
id1912185,
id2538148,
id1308138,
id0075929,
id3570045,
id3394993,
id1532356,
id2110393,
id1379309,
id3188624,
id0565225,
id0328999,
id2799056,
id1670218,
id1696539,
id2793708,
id2322945,
id2206050,
id3190499,
id3320949,
id1598334,
id3314971,
id3479178,
id0896123,
id2528519,
id1466939,
id3996623,
id1104405,
id3689394,
id0179860,
id1101302,
id1304888,
id0080359,
id1209643,
id1173225,
id3210266,
id0948959,
id2359331,
id2991575,
id2494908,
id3486502,
id3934187,
id2966355,
id0146070,
id2619737,
id0455110,
id2512305,
id1797845,
id0377720,
id2941684,
id3546179,
id1494896,
id2455263,
id0190222,
id1592723,
id3910873,
id0776788,
id1341957,
id0965984,
id1429731,
id1303041,
id2143305,
id0591614,
id2055136,
id0658266,
id2276803,
id3213263,
id1790153,
id3416576,
id2752233,
id2241915,
id2189759,
id1445409,
id3740903,
id1328179,
id3964853,
id3302350,
id3303310,
id3560095,
id0273737,
id1905116,
id2987944,
id3714041,
id1474712,
id0274437,
id2685341,
id1038405,
id3718127,
id0592999,
id1943443,
id2040317,
id2878595,
id2038732,
id2612523,
id2132581,
id3136373,
id1726648,
id2788555,
id0669405,
id0896645,
id2266351,
id1516442,
id1664863,
id0432651,
id2174677,
id0176442,
id3526819,
id0036395,
id1229262,
id1763235,
id2644939,
id1451253,
id2633715,
id0820255,
id3260809,
id0698395,
id3436495,
id3046830,
id2631665,
id1297319,
id1879901,
id1167794,
id1969643,
id0914364,
id2582024,
id1538827,
id3092297,
id1635764,
id0675401,
id3365658,
id3720370,
id2389078,
id0565257,
id2526148,
id0822274,
id0101424,
id2741205,
id3024231,
id2044076,
id1571117,
id2593230,
id2879576,
id3919839,
id0798652,
id3450571,
id1624750,
id2326833,
id1858711,
id2640086,
id1485327,
id2527034,
id3092541,
id1012709,
id3745358,
id0119090,
id2574136,
id2575821,
id0061226,
id1274065,
id1863575,
id2049299,
id3768133,
id1614094,
id0900611,
id1895400,
id3376462,
id1549227,
id3864404,
id2017635,
id1418751,
id2573482,
id3053269,
id2549010,
id0713538,
id1250112,
id2384121,
id2803191,
id1651799,
id2058582,
id1234217,
id2829953,
id3943145,
id3487354,
id1591866,
id3849051,
id3444932,
id0318948,
id1183139,
id0769147,
id0725215,
id3202865,
id1338342,
id3014806,
id3102333,
id1153125,
id3872975,
id3125358,
id2261025,
id1644037,
id3381563,
id3704397,
id2879307,
id3733088,
id3781933,
id1392437,
id2924798,
id1734314,
id0202335,
id3187184,
id3236726,
id1210808,
id1671870,
id0113400,
id3353748,
id1509594,
id3661241,
id1465002,
id2728296,
id3229101,
id2244700,
id3162049,
id2276488,
id0136850,
id1476399,
id3151855,
id1504150,
id0470813,
id0614281,
id2122516,
id3073814,
id0937871,
id1942228,
id2265165,
id3132395,
id1766494,
id0434642,
id0831800,
id3476691,
id0574369,
id1920910,
id1962995,
id2329191,
id1652623,
id1909475,
id0814462,
id2914396,
id1860448,
id3337372,
id3481977,
id2242384,
id3315919,
id1018861,
id0102456,
id2838655,
id1913073,
id1051070,
id2100590,
id1862623,
id0520952,
id3809217,
id0463969,
id2796648,
id3489870,
id3283962,
id0253570,
id1105575,
id2847471,
id1088856,
id1141651,
id2842595,
id3468323,
id3693442,
id3516302,
id2351321,
id3848193,
id0751046,
id2271528,
id1147464,
id1244454,
id2689946,
id2314110,
id0270091,
id3088400,
id2627247,
id2089382,
id0992881,
id1752788,
id2460502,
id3768714,
id1375769,
id1055781,
id1110652,
id3186054,
id2768800,
id3675990,
id0174161,
id2233288,
id0483766,
id3094222,
id1663815,
id1404710,
id0888560,
id0341561,
id2150204,
id3571068,
id1725430,
id3725477,
id2378805,
id3908989,
id2405367,
id2862651,
id2942843,
id1263315,
id1894910,
id0428076,
id1761455,
id2276652,
id1163182,
id3253139,
id1239385,
id3859485,
id1893235,
id1046534,
id0355530,
id2875142,
id1348997,
id0364104,
id1912253,
id0848910,
id3134505,
id1035508,
id3703142,
id2870974,
id3861245,
id1773007,
id3379660,
id1785164,
id0299591,
id1463342,
id1228453,
id2619499,
id3259361,
id1582266,
id1724385,
id2283166,
id2427412,
id1721860,
id2049478,
id0082297,
id0927698,
id0984063,
id0089251,
id1647191,
id3258508,
id1735950,
id1769479,
id3754397,
id0684782,
id1471926,
id0301461,
id0946505,
id3133397,
id2044650,
id1715228,
id0188780,
id0075084,
id2843043,
id3541800,
id1594122,
id3173377,
id0550601,
id1469088,
id2335833,
id1091346,
id1038856,
id3194309,
id0407392,
id2080919,
id1310172,
id2709451,
id2675265,
id0184295,
id1692942,
id2537265,
id1874021,
id2399490,
id1878425,
id0535148,
id0138081,
id0457265,
id3405128,
id3512897,
id3538916,
id0170608,
id0578297,
id2720233,
id2810729,
id3745545,
id2562145,
id3858197,
id3021780,
id0770983,
id0709385,
id2288386,
id1065956,
id3028166,
id3312707,
id1484000,
id2462457,
id1261608,
id3920424,
id1988900,
id1797720,
id1093986,
id2319156,
id2241434,
id2504775,
id0925439,
id2665613,
id2039442,
id3539313,
id2502741,
id2235319,
id3289585,
id0842954,
id1285651,
id0250057,
id2169487,
id0237465,
id0223844,
id1196204,
id3671333,
id1426939,
id1086566,
id0945109,
id1956162,
id2445562,
id2476406,
id1826910,
id0811036,
id2398448,
id1400784,
id0029906,
id3391624,
id0013906,
id1589268,
id1815820,
id1914767,
id3417928,
id2350270,
id2962993,
id3506172,
id3167636,
id3590748,
id1753511,
id1092578,
id2546857,
id3300513,
id0729539,
id2040889,
id3413690,
id1993078,
id3847293,
id2805646,
id3977657,
id1243464,
id2096127,
id0988035,
id1503951,
id3189470,
id3711168,
id0824210,
id2803079,
id2715897,
id1936723,
id3413641,
id0713533,
id1955364,
id1209296,
id1987797,
id0704772,
id1428590,
id2274438,
id0575637,
id2994282,
id1977017,
id3781340,
id3396961,
id1271768,
id3271181,
id2256432,
id2805076,
id1055881,
id2779189,
id2174172,
id2042385,
id1562941,
id2939340,
id0359182,
id3268036,
id3497948,
id0407130,
id1447647,
id2943682,
id1315989,
id0619673,
id3383739,
id0953099,
id0007896,
id0581069,
id3328487,
id2698412,
id1210332,
id1880806,
id1329845,
id2243551,
id1673195,
id0204024,
id1053475,
id1647344,
id3565400,
id2510126,
id1804681,
id1706223,
id2663357,
id1070176,
id3891322,
id1770003,
id1992428,
id0169599,
id3842641,
id0676595,
id1204994,
id2828754,
id3916976,
id2377243,
id3802175,
id0381928,
id1881649,
id0851799,
id0153422,
id2857349,
id0341307,
id3696784,
id3561004,
id3174206,
id0382033,
id1951075,
id1807445,
id3070505,
id2342391,
id1698194,
id3848697,
id3122135,
id2483971,
id1819068,
id0057681,
id1331341,
id2424583,
id3312761,
id3390559,
id2937259,
id3767891,
id0919605,
id2391975,
id1557871,
id2422416,
id0742744,
id1242331,
id3847079,
id3571088,
id0701755,
id1861026,
id2532824,
id1800814,
id3091331,
id1524779,
id0257154,
id0731554,
id0239328,
id2881897,
id2719531,
id3811092,
id1692593,
id0659071,
id3532369,
id1529409,
id2302464,
id2085528,
id0843480,
id2770848,
id2763620,
id2929941,
id0302719,
id2486604,
id2579235,
id2457130,
id3102241,
id0397916,
id1181747,
id1626569,
id1670074,
id2567777,
id3753614,
id3145858,
id3627256,
id1991304,
id2163751,
id3736774,
id1215691,
id0957951,
id2905418,
id0733132,
id3826122,
id1636880,
id0762389,
id0195180,
id3929900,
id0531682,
id1455386,
id1833479,
id1629090,
id3238389,
id2435340,
id2133719,
id3411927,
id2443821,
id3344844,
id1955540,
id3228357,
id1215934,
id1242475,
id0908273,
id3604135,
id1479667,
id0840923,
id2221178,
id0904130,
id1019224,
id1543598,
id1796240,
id0378028,
id3348796,
id2504421,
id1655868,
id2339089,
id0196886,
id0652672,
id1368158,
id3314734,
id0271229,
id2033111,
id3878003,
id0545358,
id2677931,
id0854721,
id2181068,
id1499335,
id2279003,
id1194817,
id2951873,
id3838973,
id0187562,
id3023239,
id2728419,
id0699135,
id3384456,
id3859754,
id1336954,
id2070699,
id3512516,
id1756474,
id3140523,
id3046002,
id3573976,
id3192532,
id2255483,
id1739062,
id3509622,
id1281014,
id2286076,
id1545572,
id1103382,
id0077790,
id0332149,
id1687148,
id3457512,
id2988713,
id3070832,
id1842882,
id0108626,
id0892187,
id0179248,
id3896037,
id2397349,
id2604903,
id2664324,
id2033416,
id0967587,
id1108151,
id1977967,
id1518097,
id1387532,
id1824937,
id2174146,
id3625602,
id1386561,
id2010443,
id1683016,
id3100779,
id3062770,
id3967485,
id1896174,
id3459664,
id2493994,
id1569528,
id3783979,
id3498988,
id0172824,
id1714373,
id2767583,
id0597323,
id1750490,
id3553273,
id0476614,
id0445300,
id3195244,
id0383226,
id0700060,
id3788081,
id0817261,
id0956207,
id2901209,
id3086912,
id2338490,
id0460859,
id1935684,
id0576726,
id3118885,
id1844986,
id2237703,
id2995839,
id3839431,
id3416976,
id2026189,
id1817743,
id3727731,
id2576483,
id3710077,
id2601297,
id3030298,
id3832580,
id2346989,
id1401428,
id2627021,
id1669789,
id1581249,
id2005568,
id3074402,
id1535226,
id0448427,
id3364571,
id2046648,
id3648279,
id2650597,
id0610965,
id1945448,
id3370404,
id1065473,
id3945501,
id0915928,
id2807635,
id3611701,
id2105393,
id0360766,
id2244620,
id3859092,
id1949908,
id1395301,
id3205400,
id1912869,
id3028494,
id0037325,
id1382816,
id3724744,
id2986006,
id0830472,
id0938042,
id0128909,
id0230956,
id2147463,
id3366636,
id3421353,
id0963085,
id0999065,
id0692901,
id2682195,
id1226571,
id0814571,
id0044133,
id3969030,
id2859273,
id1111911,
id3384437,
id1136926,
id0020537,
id1621835,
id2965584,
id0599515,
id0465299,
id3362541,
id1109053,
id3286637,
id3520931,
id2847607,
id1444973,
id0751116,
id1564762,
id3313487,
id2053601,
id3238563,
id0894740,
id3993886,
id3131760,
id2824641,
id0216817,
id1991034,
id1306231,
id2520380,
id2455365,
id0778683,
id2657214,
id1596724,
id0146425,
id3260885,
id0972289,
id2908894,
id3965769,
id1761091,
id0758034,
id0355270,
id0908721,
id1902054,
id0632913,
id1870407,
id1678206,
id3337925,
id1637077,
id1518641,
id0487181,
id2984993,
id2477391,
id0182236,
id1919139,
id3018728,
id3247958,
id0685139,
id3195655,
id0299556,
id1955873,
id3118808,
id3262413,
id3573457,
id3407906,
id2775164,
id0293769,
id0136593,
id0496147,
id2963917,
id2066631,
id2225754,
id3384809,
id1515135,
id2875077,
id1446227,
id0262729,
id1883062,
id2309923,
id2421834,
id0025840,
id2588425,
id3339884,
id1035040,
id3277900,
id1659502,
id0029866,
id2391524,
id2427119,
id0478537,
id3606363,
id0500201,
id1238193,
id3293252,
id0907981,
id2169880,
id2952694,
id1389132,
id3576231,
id2303115,
id1439173,
id3680317,
id2975739,
id0341677,
id2057322,
id3493608,
id3405633,
id2398679,
id1867098,
id0775107,
id3432519,
id3754172,
id3128010,
id1515278,
id3511635,
id3932661,
id1933049,
id2021371,
id1375530,
id3102962,
id0129785,
id1695025,
id3223638,
id1040771,
id3940215,
id2906505,
id1687745,
id2304575,
id2827883,
id2100282,
id3325749,
id0218050,
id3503887,
id1645877,
id3100915,
id3428628,
id2403311,
id0381527,
id1622909,
id0027263,
id3858824,
id2814980,
id2512983,
id0007105,
id1144456,
id2733099,
id0616063,
id1705474,
id0302563,
id0061950,
id0109923,
id2204343,
id1743251,
id1953578,
id0180000,
id2958971,
id3297205,
id3903471,
id0525863,
id2020017,
id2679933,
id0472272,
id3594144,
id0999488,
id2890830,
id3924479,
id1000576,
id3617575,
id0108763,
id3855684,
id1183899,
id3802794,
id2770400,
id2666693,
id3282411,
id2575219,
id2788645,
id3500072,
id1356391,
id3135515,
id3954942,
id2190815,
id2186700,
id3475065,
id3907576,
id1254363,
id0560783,
id0565160,
id0277595,
id2764801,
id3197867,
id1749339,
id2636195,
id3204819,
id2661003,
id0979276,
id3691085,
id2973350,
id0370241,
id3612413,
id3314246,
id3618143,
id3073996,
id1596199,
id0493851,
id1845683,
id3326160,
id0885410,
id1896123,
id3089488,
id2737151,
id3425477,
id1925710,
id3151014,
id1904098,
id1624824,
id0237829,
id1571607,
id3621027,
id2726363,
id3653924,
id3874675,
id2547982,
id2806478,
id1729324,
id0653535,
id2001993,
id2549031,
id0211839,
id1703919,
id1326714,
id3405560,
id3986659,
id2897910,
id2606077,
id0006050,
id1884578,
id0779828,
id3564138,
id0629380,
id1865904,
id3303148,
id0816498,
id2979201,
id1170955,
id2816688,
id1761687,
id0089780,
id0596954,
id3543066,
id3603948,
id3579359,
id2049599,
id3373429,
id0135430,
id3309511,
id3853841,
id1937819,
id3347953,
id2494001,
id2921742,
id3746749,
id1796678,
id2107424,
id3717852,
id2167256,
id1419038,
id0593344,
id1606499,
id1300959,
id1228046,
id2581389,
id0084949,
id2364439,
id3203662,
id3660776,
id3573777,
id0661217,
id0487789,
id1792187,
id2586928,
id2322886,
id3008033,
id0330559,
id0778276,
id0436927,
id3914670,
id1256863,
id2685716,
id2064408,
id2831300,
id3884831,
id3763688,
id1381430,
id3809559,
id0337976,
id0163851,
id1457020,
id3622815,
id1245907,
id3257775,
id1830707,
id3659760,
id2004128,
id1520391,
id1770254,
id2251551,
id2205823,
id2931617,
id1224947,
id1045092,
id2639791,
id3459680,
id1603702,
id1547060,
id1962273,
id3065004,
id3003743,
id3681207,
id0750774,
id0475585,
id1123726,
id2476617,
id0887452,
id1250121,
id3182948,
id2517531,
id0238484,
id0238744,
id0409620,
id2292163,
id3615064,
id0011814,
id0751765,
id1154914,
id3249150,
id1265376,
id1547558,
id1231853,
id0982071,
id2757686,
id1829674,
id0540454,
id3194758,
id3669764,
id3580513,
id3753232,
id1716197,
id2254495,
id2112296,
id2035416,
id1095077,
id2759871,
id2328377,
id2960143,
id0324155,
id0512437,
id2883721,
id0722711,
id1599881,
id1968379,
id0186995,
id2146945,
id3133774,
id0444856,
id0820707,
id0049295,
id2122226,
id0880506,
id2641438,
id1798379,
id2272090,
id2702582,
id1541221,
id1090202,
id2298921,
id1594736,
id3912299,
id1772170,
id2454433,
id0978365,
id0373796,
id2634831,
id0298599,
id0335465,
id1468915,
id1053680,
id2944430,
id1061750,
id2048771,
id0519075,
id2279358,
id1701575,
id0640320,
id1071310,
id0049887,
id0909675,
id2651556,
id0378474,
id1376852,
id0592604,
id3788765,
id2797663,
id2795461,
id1394281,
id3918486,
id3045470,
id0905194,
id3767562,
id2371164,
id2576085,
id2128287,
id0210690,
id2858702,
id2802735,
id2646138,
id3676170,
id2263556,
id0252010,
id1468130,
id2840304,
id1853870,
id2787975,
id3140610,
id1856389,
id3232238,
id1136847,
id3235066,
id3684567,
id0282042,
id2311232,
id3735101,
id1995584,
id3968932,
id3657736,
id2235912,
id2558040,
id2782872,
id0726466,
id3106803,
id2585646,
id2511211,
id2914623,
id0690893,
id1826098,
id0313327,
id2336881,
id2346611,
id3242958,
id2144772,
id3390137,
id3962951,
id1951609,
id2498088,
id0253344,
id2147274,
id2565333,
id0184197,
id1409455,
id2856974,
id1532880,
id0791387,
id2041894,
id1193250,
id3212061,
id3848267,
id0280022,
id0654729,
id1750378,
id3761910,
id2815213,
id1499178,
id2440825,
id2054904,
id1050428,
id1086089,
id2579498,
id0512889,
id3677828,
id1218359,
id0462595,
id3279521,
id3694018,
id0576488,
id1158392,
id1185247,
id3618719,
id1758876,
id1868934,
id3704715,
id0235497,
id3168276,
id1282351,
id2026933,
id0400050,
id1959369,
id0449369,
id0398213,
id0275997,
id3248302,
id0280407,
id3065368,
id2199252,
id2582270,
id3884234,
id2791818,
id1722487,
id3580750,
id2140829,
id2512511,
id2084676,
id1489591,
id0075398,
id3101768,
id1383129,
id0504192,
id2242966,
id1069103,
id3031647,
id1052216,
id0863393,
id3657528,
id0099891,
id3093405,
id0850611,
id0491641,
id2575446,
id1002934,
id0693429,
id0760205,
id0372574,
id0016128,
id2994704,
id2643124,
id0929486,
id0749667,
id0291122,
id2862129,
id3697917,
id2330359,
id1014879,
id1634612,
id0680480,
id0025626,
id0383508,
id1694064,
id1569503,
id3934068,
id2642125,
id2133689,
id1783491,
id2760745,
id2860589,
id1596527,
id1573635,
id2181780,
id0754743,
id0234724,
id3683702,
id0538898,
id3417123,
id1697892,
id2138654,
id3146309,
id0839512,
id1850867,
id1859352,
id2159312,
id1453337,
id0594563,
id2248714,
id1929174,
id3958865,
id3738633,
id0329867,
id0797721,
id0624357,
id3579421,
id0136895,
id2627704,
id3725461,
id1764647,
id3512248,
id3116949,
id3452950,
id0826088,
id2506080,
id1170003,
id3173849,
id3157631,
id0904564,
id3214461,
id3194642,
id0205412,
id3764886,
id0727036,
id3931170,
id0096397,
id0225299,
id0384921,
id0210650,
id0113898,
id3086491,
id2690525,
id2886671,
id2591378,
id1378419,
id3004244,
id3263402,
id2270178,
id1053011,
id0968512,
id0454134,
id2214828,
id2349916,
id0182165,
id2831798,
id1613730,
id2261730,
id2454635,
id3256693,
id3854163,
id0993914,
id1248039,
id3795655,
id0715436,
id2708311,
id3487206,
id3374704,
id3910284,
id3192372,
id0462080,
id1769396,
id2791032,
id3199891,
id3562563,
id1141979,
id2132655,
id2309156,
id0928223,
id3404456,
id2143115,
id0673106,
id3833967,
id2952792,
id0408827,
id0452725,
id0255012,
id2242336,
id3096596,
id2080630,
id2812037,
id1911790,
id0024996,
id1191474,
id0689789,
id1803253,
id2034904,
id0486765,
id1204350,
id3556870,
id3397803,
id3480241,
id1323059,
id2747477,
id0526486,
id1902642,
id1382798,
id0713904,
id1114229,
id3635706,
id0800558,
id1019028,
id2319915,
id2141004,
id1160611,
id3685992,
id0297253,
id2322943,
id0246038,
id0817114,
id0032407,
id0596672,
id0660120,
id2620168,
id2065279,
id2448158,
id1195481,
id0358711,
id1818333,
id1429303,
id3855892,
id1826375,
id0352174,
id0486993,
id2239031,
id1154471,
id3436762,
id1368404,
id0088342,
id0851047,
id1606584,
id1871373,
id0642211,
id3379700,
id0661468,
id3504998,
id2202848,
id1003608,
id0648312,
id1138499,
id2629514,
id3772177,
id0002722,
id2500698,
id3850028,
id1172620,
id1036260,
id0088651,
id1465405,
id2859725,
id0757602,
id2115452,
id3710588,
id1981503,
id1697706,
id0083756,
id1545525,
id2711385,
id2998484,
id0767024,
id1174971,
id2521400,
id2860322,
id2737236,
id0784304,
id2845856,
id1117457,
id3894062,
id2732077,
id2255950,
id1005924,
id3535739,
id3803478,
id1293547,
id2399473,
id1444254,
id1781466,
id2652133,
id0271704,
id1104212,
id0271980,
id2016300,
id1914048,
id2386900,
id1473200,
id0388304,
id3071066,
id0551036,
id0768657,
id0132368,
id3213206,
id2610063,
id3116152,
id2173857,
id2292769,
id2261528,
id3560612,
id2042528,
id1648507,
id2806933,
id3023148,
id0456794,
id3449142,
id1451010,
id0127141,
id1192967,
id1066992,
id0026788,
id2725449,
id2143622,
id0623477,
id0115075,
id0931422,
id2563989,
id1233902,
id0513457,
id3419261,
id2959854,
id0107727,
id2532875,
id1096133,
id2161842,
id0623188,
id1238959,
id1307083,
id1573377,
id3352633,
id2534451,
id1376485,
id0381219,
id1417313,
id3169808,
id1316254,
id1636879,
id3235734,
id2061314,
id1152927,
id2034836,
id3737594,
id0336693,
id0924428,
id2086629,
id2430322,
id0446009,
id3046344,
id3869559,
id1335670,
id2630502,
id3699411,
id0124839,
id2389027,
id3121020,
id1812549,
id0268848,
id1925258,
id3586149,
id3096313,
id1360381,
id3609059,
id0203649,
id3897767,
id0099876,
id1429302,
id0142832,
id3734492,
id3027425,
id2895829,
id2301758,
id3891160,
id1605990,
id3019888,
id1414802,
id2529273,
id0925477,
id3856899,
id3914584,
id3332271,
id2084196,
id2672193,
id2034794,
id2232293,
id2832065,
id0981138,
id3771627,
id3661231,
id2371228,
id0421757,
id3213242,
id0028843,
id1193147,
id2389875,
id1622626,
id2654357,
id3683368,
id0632261,
id2258588,
id2947096,
id3488708,
id1943136,
id3829343,
id3769276,
id0343593,
id0586025,
id0185622,
id1449961,
id0842457,
id0151642,
id2809563,
id1283522,
id2337026,
id1680707,
id0828062,
id1521316,
id0560655,
id0913377,
id0933377,
id2073865,
id2190144,
id2150914,
id2920799,
id2440644,
id2852767,
id3869722,
id2219080,
id2211705,
id0523418,
id0602693,
id1731457,
id0450605,
id2907873,
id0553441,
id3449725,
id3554544,
id2079201,
id3002436,
id3492602,
id1914927,
id1036789,
id1127593,
id1452948,
id1062959,
id2502283,
id1516077,
id3382990,
id3059567,
id2673088,
id3185401,
id3787898,
id2702950,
id3056723,
id0399231,
id1703538,
id2867304,
id2454945,
id3475800,
id1068402,
id2122515,
id2441899,
id2477277,
id0440465,
id2890797,
id1292728,
id2195422,
id2236425,
id0341174,
id0908753,
id3047586,
id3650090,
id1812427,
id1720361,
id0876279,
id2654106,
id0949138,
id3189449,
id3214865,
id3805153,
id3091445,
id0728068,
id0328339,
id0458491,
id0670953,
id3669525,
id1918045,
id1314851,
id0878996,
id3317988,
id2100840,
id3977444,
id3118677,
id2808922,
id2341080,
id0700252,
id2750976,
id3543074,
id1419304,
id3225710,
id3538522,
id0171212,
id0299401,
id3435728,
id0869673,
id3767585,
id0536583,
id3317398,
id1445212,
id0605278,
id3582595,
id3371633,
id3802478,
id0307513,
id0497179,
id3981010,
id3330124,
id2360238,
id3267385,
id0550375,
id2476488,
id0641740,
id1818612,
id0644188,
id0488022,
id2227212,
id1062442,
id1480472,
id3568387,
id1544000,
id0453832,
id3267462,
id0126903,
id2376253,
id1448661,
id3067825,
id0975445,
id0720355,
id1163592,
id1598108,
id3435180,
id2815110,
id1673725,
id0667584,
id3319294,
id1609883,
id3332638,
id2308884,
id2577063,
id3629162,
id2758469,
id1524194,
id3271291,
id3053768,
id2051665,
id1399025,
id0917029,
id0353662,
id2812466,
id2250020,
id1399292,
id1649875,
id2250936,
id0433036,
id1848512,
id1149222,
id0482269,
id0466695,
id2952785,
id2560253,
id1065894,
id3812729,
id3799258,
id2670103,
id0737808,
id1475853,
id3138891,
id2950146,
id3537325,
id2699507,
id1855899,
id1949842,
id2927564,
id3656835,
id3170947,
id2937168,
id3151448,
id1154640,
id2346303,
id0871941,
id2012387,
id1521896,
id0493956,
id3008306,
id2251554,
id0660295,
id1689937,
id2704722,
id1636827,
id3042457,
id3118134,
id3321153,
id2908243,
id3611027,
id3547301,
id2558427,
id2056895,
id2025730,
id1211600,
id2952845,
id1599388,
id3504857,
id3747970,
id1451821,
id0199540,
id3885225,
id1669969,
id3042758,
id0163143,
id1373947,
id2824426,
id1795828,
id0032626,
id2940239,
id0234668,
id2046372,
id2064249,
id0223363,
id3884339,
id1716638,
id2322763,
id3429551,
id3796054,
id3269584,
id2389470,
id1113783,
id1359930,
id2483759,
id0038793,
id1536054,
id0079946,
id0659454,
id1409303,
id3246840,
id1626867,
id3026438,
id1345010,
id1181837,
id1111993,
id2463424,
id1967992,
id3965234,
id1295491,
id3055790,
id1367375,
id0325910,
id3723968,
id3008512,
id2807863,
id3042318,
id1347049,
id3834918,
id1246214,
id3232944,
id0699965,
id2797047,
id3213166,
id3793254,
id3176001,
id2643487,
id3936806,
id1560860,
id1186443,
id3764678,
id0653666,
id2339064,
id1587919,
id1901763,
id2185350,
id2084006,
id1550841,
id3160488,
id2982779,
id2172411,
id0961703,
id3013256,
id0634216,
id2790725,
id3979860,
id0845433,
id3806687,
id1662235,
id2852057,
id0694318,
id0933593,
id1853774,
id3017128,
id1845472,
id3192217,
id3377011,
id0819088,
id2106351,
id1679962,
id3060571,
id0622233,
id1344459,
id1181804,
id1032023,
id0153305,
id2043349,
id1811058,
id3534212,
id1137155,
id3285959,
id0002127,
id0267682,
id1928232,
id3201667,
id1969254,
id0788370,
id3106879,
id0585606,
id2804072,
id3988601,
id1282628,
id2196084,
id1548381,
id1776697,
id0422399,
id2395777,
id3409191,
id0450433,
id3109980,
id3353726,
id2787999,
id1789084,
id2019992,
id2234527,
id1366006,
id2198568,
id1774162,
id3397878,
id1148954,
id2929392,
id0360229,
id2333834,
id0936333,
id3880991,
id0186283,
id2447104,
id2127411,
id1498855,
id2900774,
id1355218,
id0046460,
id1790827,
id3069071,
id2150336,
id0685310,
id2580607,
id2911163,
id2170067,
id3277471,
id0104567,
id3408711,
id3756730,
id3638880,
id3668098,
id3583747,
id1342082,
id0736488,
id0950458,
id2951033,
id0315795,
id1666432,
id2012288,
id2876251,
id1837203,
id1427884,
id1288568,
id0389292,
id2410818,
id3874052,
id1742643,
id0858206,
id1458824,
id3642502,
id2574526,
id3632600,
id3791529,
id1206465,
id1689001,
id0410345,
id3529522,
id0771235,
id0074676,
id1490676,
id0787087,
id1967797,
id2927530,
id2230724,
id0772699,
id1087172,
id3578480,
id3823149,
id3715880,
id2356882,
id1649599,
id0549023,
id3574117,
id0847452,
id0245450,
id2608743,
id0095126,
id3556804,
id2869939,
id3192711,
id0438026,
id3992845,
id1634038,
id2913711,
id3345001,
id3958742,
id0850053,
id0740650,
id1307110,
id1514333,
id1572818,
id3061193,
id2540789,
id3137571,
id2475501,
id2990262,
id0849174,
id3132638,
id3624818,
id1026546,
id3541294,
id2832714,
id2527699,
id3234759,
id3862461,
id3334991,
id1656994,
id0412557,
id3891800,
id1984190,
id1880072,
id2786770,
id3535051,
id1121355,
id1223496,
id2627449,
id2010128,
id1141793,
id0381111,
id1555467,
id3055369,
id0850306,
id1012674,
id2694708,
id2420892,
id0397562,
id0846277,
id2212777,
id2537255,
id1770503,
id2190463,
id3213979,
id1243748,
id3416271,
id2176942,
id3863931,
id0941453,
id2202178,
id3766778,
id3403186,
id3137442,
id2126287,
id1872552,
id0302845,
id1747305,
id1055063,
id0856885,
id2334826,
id2939310,
id2247425,
id3876441,
id0975516,
id0451050,
id0258200,
id3869133,
id1686881,
id1733702,
id0636912,
id0645828,
id3359458,
id1670107,
id2835910,
id0513146,
id1145652,
id0788193,
id0351119,
id1971908,
id1685137,
id2324295,
id1003430,
id1506432,
id1081891,
id2645249,
id2087415,
id1237584,
id0594472,
id3465733,
id1126610,
id3154133,
id3385028,
id0464183,
id2499890,
id3610861,
id0921057,
id1557834,
id2805889,
id2601413,
id1828302,
id1476804,
id2182216,
id3868193,
id0486188,
id0922267,
id2338830,
id0915641,
id3142328,
id0088416,
id0217179,
id1728264,
id1781161,
id2088851,
id1767696,
id2597466,
id0985584,
id1513809,
id2154076,
id1924541,
id1468456,
id1888538,
id1386965,
id3051022,
id3177253,
id0870766,
id1806021,
id3802994,
id3158680,
id0717256,
id0504109,
id2481055,
id3644413,
id1803042,
id0245467,
id1201497,
id3426314,
id3201345,
id0307357,
id0543557,
id3726075,
id2739443,
id2732876,
id2768957,
id1352322,
id3555225,
id0118896,
id1302635,
id1480901,
id0993010,
id2585176,
id2934512,
id0119476,
id2456317,
id3129711,
id3315830,
id0382039,
id0945890,
id3136217,
id3542380,
id3609828,
id1504929,
id3202389,
id0309849,
id3129227,
id2506702,
id1077708,
id2773591,
id3293353,
id1164899,
id2527463,
id2840593,
id0362474,
id3304791,
id3742097,
id2607671,
id3638128,
id2643741,
id3496183,
id2405706,
id2555639,
id1227838,
id1039791,
id1000228,
id3459529,
id1550692,
id0597009,
id0759697,
id2045982,
id3305338,
id3801820,
id2512903,
id2166742,
id0080496,
id1442655,
id3079730,
id1717202,
id1778824,
id1998593,
id3008008,
id0902823,
id1940295,
id3627308,
id2388104,
id2645970,
id0235404,
id0499830,
id3149272,
id0351769,
id1083473,
id1079992,
id1174664,
id3143222,
id0791247,
id3859119,
id1696715,
id1964965,
id2676772,
id3272535,
id3130385,
id3729213,
id2398474,
id1227773,
id0937025,
id1610602,
id0387237,
id2624161,
id0700047,
id0199619,
id3105661,
id2093432,
id0032492,
id3894928,
id2702745,
id1100015,
id2525908,
id1920005,
id3805434,
id0395382,
id0084433,
id1603062,
id3529192,
id3458579,
id0584589,
id0116031,
id2268017,
id3266406,
id0136118,
id1579466,
id0970216,
id1707718,
id2995139,
id1053670,
id1856949,
id3122159,
id3663226,
id3900947,
id1524016,
id1780097,
id1848290,
id0061055,
id3205540,
id3377129,
id2287492,
id1821071,
id2576315,
id0720518,
id1047038,
id0779563,
id2297828,
id3826741,
id2860132,
id3806039,
id0598324,
id2211214,
id0075393,
id3741165,
id0430698,
id0816368,
id2475363,
id2237372,
id3855099,
id3095782,
id2628439,
id2072607,
id2233962,
id3483807,
id0219233,
id3657772,
id3085383,
id2393410,
id0314514,
id1796843,
id1344462,
id0892779,
id1138866,
id3536941,
id3052704,
id2696467,
id1559612,
id0183428,
id0251899,
id0423993,
id0670857,
id1326988,
id2543907,
id3613612,
id3503263,
id3495168,
id0928604,
id2261848,
id0288618,
id1662580,
id1782570,
id0896891,
id2736221,
id2544493,
id3202288,
id2815894,
id1281751,
id3696102,
id3475280,
id3416769,
id2394020,
id0950529,
id0087742,
id0498186,
id3669988,
id0594687,
id2178858,
id0628549,
id3392395,
id2978285,
id1412842,
id0960620,
id3673176,
id1921887,
id1199419,
id2249830,
id1921793,
id0598740,
id2415497,
id1862275,
id1206502,
id1768775,
id0885316,
id0456042,
id3604019,
id0315390,
id3470045,
id1056121,
id1569591,
id0296568,
id2105499,
id1927543,
id1412211,
id3834157,
id3957242,
id2312109,
id0309638,
id3704572,
id0349903,
id0498482,
id1647650,
id0318826,
id3540768,
id2472430,
id0011934,
id0462994,
id1853856,
id1782708,
id2710285,
id1526703,
id0342922,
id2348060,
id0623887,
id3493493,
id1986536,
id1881176,
id1682841,
id3434021,
id3324642,
id3384407,
id0893620,
id2406283,
id3421716,
id0653034,
id3085891,
id0220675,
id1036442,
id3125911,
id1885352,
id3694362,
id2795560,
id0189789,
id1764094,
id1156347,
id0540595,
id3280555,
id0754144,
id2153949,
id2248253,
id2632635,
id0803078,
id3709081,
id1102222,
id1765810,
id3452426,
id2845756,
id3981873,
id1949704,
id2603023,
id0755253,
id1911646,
id1624648,
id3353230,
id1522093,
id0493457,
id3433520,
id2335005,
id2169052,
id0263235,
id0283471,
id2910269,
id0228935,
id1935734,
id1710113,
id2317596,
id0645179,
id0086928,
id1291293,
id3663364,
id2038854,
id3521647,
id2674961,
id2630758,
id3794486,
id1329441,
id2373470,
id3959594,
id2110058,
id1258929,
id2181468,
id0603052,
id2200993,
id0861477,
id3798339,
id0466470,
id0007663,
id0804560,
id1877463,
id3910221,
id1576388,
id0667831,
id1561888,
id0655835,
id3459873,
id1148087,
id2963815,
id0331715,
id3319560,
id0114807,
id0205274,
id3592384,
id0399188,
id2599010,
id0664361,
id0623187,
id3841249,
id1468251,
id0605154,
id2263999,
id0182744,
id0149670,
id1755575,
id2195052,
id3667045,
id0368454,
id3005538,
id0972858,
id2681580,
id1410815,
id1947064,
id3907273,
id1727661,
id1843654,
id3411688,
id0038378,
id1978740,
id0729946,
id0176834,
id1983423,
id1329548,
id2935459,
id1260865,
id3750329,
id1719845,
id2756781,
id2808618,
id0131395,
id1195941,
id1420615,
id2849418,
id2429684,
id3535042,
id0498286,
id2098611,
id1414954,
id2917898,
id2279628,
id1239255,
id1576041,
id1111466,
id3289886,
id3741069,
id2369309,
id3121656,
id3815592,
id3376373,
id0238870,
id0371353,
id3032050,
id0272835,
id1327457,
id3195943,
id2040161,
id0038750,
id0144912,
id2947139,
id3374781,
id3187907,
id0056978,
id3022285,
id3514820,
id2565596,
id1505460,
id1108627,
id1196684,
id3162123,
id2438357,
id2307731,
id2177336,
id0856850,
id2537004,
id0102531,
id3604983,
id2756755,
id0400175,
id3039377,
id3186119,
id3253519,
id1572996,
id0170381,
id1047698,
id0609337,
id1601310,
id2746511,
id2671865,
id0492700,
id2120247,
id1837496,
id1020550,
id1922622,
id0628744,
id1457964,
id3017016,
id0176373,
id3750268,
id1049959,
id1433808,
id2026295,
id0246880,
id0506112,
id2899333,
id2750184,
id0783783,
id2273548,
id0952693,
id3337276,
id3582448,
id0426872,
id1155506,
id0873919,
id1521605,
id1331722,
id3547578,
id1512408,
id2128332,
id2414501,
id1655611,
id0583383,
id2048233,
id2777527,
id0271329,
id1090594,
id0918299,
id2719931,
id0400849,
id3752678,
id3225974,
id3803399,
id0792329,
id3226452,
id1235154,
id2111393,
id2061953,
id1254605,
id1178458,
id0134402,
id2442114,
id0460600,
id0906502,
id2388809,
id2279241,
id0384322,
id0211270,
id2844337,
id0319726,
id0841109,
id0458568,
id2383784,
id1023531,
id0207212,
id0881339,
id2113028,
id3187164,
id0809953,
id1128045,
id3971288,
id1930009,
id0490562,
id0973417,
id3194276,
id0671807,
id3791959,
id2105537,
id1719244,
id3626629,
id0997289,
id3205292,
id0791711,
id3290625,
id3029989,
id0528486,
id2910663,
id0839912,
id3030662,
id3740587,
id1318638,
id1620858,
id1934732,
id3864943,
id2756632,
id0432928,
id0037496,
id0909151,
id3176485,
id1306473,
id1944884,
id1801051,
id0994216,
id3018935,
id2986916,
id1214314,
id0229026,
id1397116,
id2020861,
id3501112,
id1504216,
id1938793,
id0375148,
id3067095,
id3781599,
id3357286,
id3927708,
id1094921,
id0203877,
id2947247,
id0948820,
id2979981,
id3119042,
id0622667,
id0996304,
id3295150,
id2621940,
id2469769,
id2792113,
id2330232,
id3648100,
id0600256,
id1502302,
id3607426,
id1410687,
id1084857,
id3750246,
id1050405,
id2170833,
id2550963,
id0129980,
id2471935,
id1567923,
id2720650,
id3540313,
id3396539,
id0542309,
id2322116,
id2328997,
id2079735,
id1287286,
id3250162,
id3923842,
id1565402,
id1816415,
id2262120,
id0532947,
id0095674,
id0351864,
id3864579,
id2367685,
id2985871,
id3473998,
id0606879,
id1914210,
id0683553,
id1099790,
id1936721,
id0194927,
id0230626,
id1593847,
id0731889,
id0273642,
id0570351,
id3431677,
id2286020,
id0820827,
id0332893,
id1004575,
id2030922,
id2620383,
id3832884,
id1171439,
id1152970,
id1748530,
id1706909,
id3030754,
id2331577,
id3167871,
id3074889,
id2167095,
id1911268,
id1764838,
id2509167,
id0162825,
id0537997,
id1404115,
id0143428,
id0146526,
id2881071,
id0817885,
id3275054,
id3776320,
id1234581,
id2441557,
id0996749,
id3803335,
id0077009,
id3872861,
id2427968,
id3418466,
id0029711,
id3085998,
id2349201,
id1116353,
id2568201,
id0040729,
id0055968,
id0114631,
id1873000,
id3059420,
id1661845,
id3679558,
id1876280,
id2804385,
id1717354,
id3388068,
id1239332,
id2540685,
id1306522,
id1822471,
id0012306,
id2804332,
id2752352,
id2069970,
id0642037,
id0277662,
id2468916,
id1984781,
id0378277,
id0837705,
id2349765,
id2840772,
id0964098,
id1077800,
id2094170,
id1108252,
id1468805,
id1837462,
id0133273,
id3451329,
id1340260,
id0422138,
id2567768,
id2954677,
id3502274,
id1726054,
id3163061,
id3460010,
id3390256,
id2578170,
id0533935,
id3800359,
id3227994,
id2608872,
id3062045,
id2742485,
id1153171,
id3551099,
id3711112,
id3206325,
id3839365,
id3419236,
id3520816,
id0468536,
id1265273,
id3313081,
id1364551,
id2792271,
id1633989,
id3789232,
id2764643,
id1022448,
id2138028,
id0042061,
id3095927,
id0331731,
id1723635,
id3587609,
id3106670,
id0564323,
id0496834,
id0331390,
id3666889,
id0923146,
id0464710,
id3339277,
id1680914,
id0238904,
id0895312,
id3951739,
id2224219,
id1436017,
id1250488,
id1923062,
id2922141,
id1953714,
id1051079,
id3176688,
id2417912,
id3188550,
id2323124,
id2087880,
id0400342,
id2928880,
id1784951,
id3310317,
id1085096,
id2421752,
id0818062,
id3630157,
id0504029,
id3027245,
id0989276,
id3207982,
id1618770,
id0721007,
id1854251,
id3518268,
id1288587,
id1656385,
id1370443,
id3280768,
id1161259,
id2126356,
id1482241,
id2689271,
id3563574,
id3917044,
id3306093,
id0121445,
id0155512,
id0147244,
id3236655,
id2482614,
id0174445,
id0862351,
id3287224,
id1532842,
id2321109,
id2788074,
id1083432,
id2563892,
id1267639,
id1181547,
id0564606,
id1281611,
id1582281,
id3724884,
id1485060,
id0010681,
id3687416,
id1698900,
id1100625,
id2812391,
id2643211,
id2649637,
id1234503,
id2884057,
id0628380,
id3483969,
id1773619,
id1855640,
id0717672,
id3635186,
id0306908,
id1843124,
id3408253,
id2268671,
id0213005,
id1914235,
id0951303,
id3712006,
id1929391,
id1256101,
id1594418,
id0688888,
id3370247,
id0834922,
id0897026,
id2634407,
id2605834,
id0334145,
id2118552,
id2267548,
id3878215,
id3332392,
id0605706,
id0318546,
id2200563,
id1739743,
id2633631,
id2685731,
id3447098,
id3355718,
id0079328,
id3803712,
id3885667,
id0186960,
id1411337,
id2927321,
id0806226,
id2505657,
id2597761,
id2824254,
id0350992,
id3590222,
id3203756,
id0000836,
id2548047,
id0267287,
id0112148,
id1746666,
id2968502,
id3121954,
id3343375,
id1116716,
id3996637,
id3703930,
id1745729,
id1333917,
id3093010,
id3942534,
id2312806,
id1673604,
id1625112,
id0653241,
id2009876,
id1544519,
id0506348,
id3044565,
id3500199,
id1125290,
id1325451,
id3745452,
id3522541,
id2645861,
id0453391,
id2434061,
id2731975,
id1463337,
id1366528,
id1834943,
id1475857,
id1104203,
id1593113,
id2032816,
id2151994,
id2354845,
id0351348,
id1397018,
id1270758,
id2911124,
id3868125,
id2220444,
id0450430,
id0928620,
id1123178,
id2212443,
id2740764,
id0168110,
id3755080,
id1812067,
id3517090,
id2333557,
id1649286,
id2428804,
id2872254,
id3812066,
id1279071,
id0438926,
id3699772,
id3354082,
id0786914,
id2138967,
id3840418,
id3395630,
id3734584,
id0893519,
id0891645,
id2627394,
id1798789,
id1230226,
id0983797,
id1619228,
id3479656,
id0668483,
id1689770,
id2095322,
id3454361,
id0121253,
id0962089,
id3919726,
id2518247,
id0060604,
id0041282,
id0744695,
id3877538,
id3137471,
id2518460,
id1370224,
id3462603,
id1994990,
id2746377,
id2312420,
id0486270,
id3327722,
id0135485,
id2318339,
id3838727,
id1846200,
id1076967,
id1317872,
id0755884,
id0931907,
id2320826,
id0639493,
id2896217,
id2047992,
id3282091,
id2065239,
id2145627,
id1149171,
id0084746,
id2070855,
id0282727,
id2357946,
id3898492,
id0880269,
id2747092,
id3003886,
id0840422,
id2935844,
id0715077,
id2243399,
id0717480,
id0577790,
id1167052,
id0389317,
id0540417,
id2225544,
id2333523,
id2617281,
id3902768,
id3365483,
id0042769,
id2718373,
id1173768,
id2585665,
id1458601,
id0443955,
id0852768,
id0578892,
id3596663,
id1880301,
id3590712,
id2985857,
id3099610,
id2988971,
id2137048,
id1604970,
id2814688,
id0779392,
id3250282,
id0105095,
id1023535,
id1988667,
id1264180,
id0115198,
id2944495,
id3276388,
id0962643,
id3968171,
id1489915,
id2426135,
id2265837,
id1376363,
id3543810,
id3259634,
id0496406,
id1061708,
id0433062,
id3301474,
id1116138,
id0806699,
id2950032,
id3685125,
id1521190,
id0029495,
id3067039,
id0180056,
id3354566,
id1539273,
id1072635,
id2039629,
id0747731,
id2291765,
id3329764,
id3813876,
id1459473,
id2662317,
id3734773,
id2709979,
id1887199,
id3881162,
id3438561,
id3714515,
id1419997,
id3668918,
id2596080,
id1751641,
id2839287,
id1101456,
id3487608,
id3654039,
id1167271,
id1061765,
id2513317,
id1627694,
id3842911,
id0967798,
id1876739,
id3491291,
id2143652,
id1321022,
id2713391,
id0049256,
id2182955,
id1975082,
id2077480,
id2738787,
id2717929,
id0107421,
id0947349,
id2394717,
id1536745,
id2347222,
id1613993,
id0980277,
id0125985,
id0364129,
id3702896,
id3049462,
id0365134,
id1531752,
id2649188,
id2519585,
id2476502,
id1141575,
id0925378,
id0212491,
id0657813,
id3629286,
id2927240,
id0612388,
id1946585,
id2150659,
id0675424,
id1032628,
id2468152,
id2518068,
id2547488,
id3668779,
id3157051,
id3269721,
id3255894,
id0165600,
id2384149,
id0643061,
id1787472,
id3918571,
id1721972,
id3476062,
id1389035,
id3997806,
id2641747,
id2929899,
id1659355,
id0133515,
id0484811,
id0922054,
id0035747,
id1325105,
id0330381,
id2796233,
id1690198,
id0857852,
id0458639,
id3542104,
id0763793,
id1739725,
id0282349,
id1535318,
id2730825,
id1617287,
id3961728,
id0783664,
id1750817,
id3689429,
id0869230,
id0401163,
id0927504,
id3691866,
id0587853,
id1502330,
id0675144,
id0234198,
id3527523,
id2014217,
id3542206,
id2643250,
id0851092,
id3069107,
id0858974,
id0805679,
id0742451,
id3338859,
id1616413,
id1783925,
id3927080,
id2797774,
id0168978,
id3551982,
id2001264,
id2607720,
id0138238,
id1257680,
id0630263,
id1144303,
id0955640,
id1537587,
id2132470,
id2728574,
id0556649,
id1657355,
id0327248,
id1648904,
id2226953,
id1885318,
id2406333,
id0096490,
id1875965,
id2852403,
id0841164,
id0788876,
id0828160,
id0495366,
id3352111,
id2843649,
id1489593,
id1372352,
id2123235,
id3393303,
id2663861,
id2787016,
id3847798,
id2587199,
id0533237,
id2927812,
id3841662,
id0807556,
id1700794,
id2921997,
id1997154,
id3180676,
id3463715,
id3291038,
id3113410,
id3330378,
id0112833,
id2279574,
id0641167,
id2316894,
id3929277,
id0292324,
id3010239,
id3036032,
id0929350,
id2887173,
id0873652,
id3511690,
id3945032,
id1207261,
id0716910,
id1140405,
id2508835,
id1802848,
id3778946,
id3595847,
id2395360,
id3211851,
id2252845,
id0643020,
id3290798,
id0477571,
id0045910,
id0587280,
id3941239,
id1014533,
id2148699,
id0812287,
id3606901,
id1842745,
id0219891,
id0563067,
id2903382,
id0811632,
id2223507,
id2892231,
id0344133,
id2167737,
id1312748,
id0339580,
id2489113,
id2652159,
id3328991,
id2262649,
id1503131,
id0833412,
id0069288,
id0138218,
id1160594,
id3766140,
id3474997,
id3314835,
id1765037,
id2058380,
id0240688,
id1329623,
id1658230,
id1631107,
id0946654,
id1030850,
id1993571,
id2298292,
id3067010,
id2648062,
id3792315,
id3866234,
id3946957,
id2762070,
id2867603,
id1334416,
id0623276,
id0686310,
id2408423,
id1799339,
id1084172,
id3895475,
id3284293,
id1806340,
id3278274,
id2654621,
id2776372,
id1659856,
id1989110,
id2533187,
id1601284,
id2398226,
id1001245,
id0202525,
id3737235,
id2521571,
id3113147,
id3438621,
id0329154,
id3884890,
id3459629,
id2090868,
id1927567,
id2939559,
id3685894,
id1451087,
id1952671,
id3389218,
id1147961,
id2003492,
id1555468,
id0456940,
id2785254,
id2413976,
id2278367,
id3736712,
id1905687,
id2796605,
id0764962,
id3449789,
id0560613,
id3942730,
id0606210,
id2433040,
id2819304,
id3625318,
id1689319,
id1323577,
id0830756,
id1896047,
id1400241,
id1395118,
id3540957,
id1341772,
id0854481,
id0016106,
id2127708,
id0707772,
id0306199,
id1898961,
id2830780,
id2515162,
id2137779,
id3052781,
id0906914,
id0031018,
id2653891,
id1429437,
id0200900,
id3245652,
id2077162,
id1874509,
id3977005,
id0655185,
id2075849,
id3833475,
id2667968,
id0948618,
id2994223,
id2884646,
id0672065,
id1396788,
id0597253,
id0784354,
id2022754,
id3543379,
id1111474,
id2682817,
id2211057,
id1669543,
id1074080,
id2328477,
id1957484,
id1187376,
id1946218,
id0700386,
id3028409,
id1520989,
id3098295,
id0246266,
id2523925,
id0656344,
id3983622,
id2333144,
id3749732,
id0039204,
id1958589,
id3032539,
id3867280,
id1680002,
id1384415,
id2387306,
id3036996,
id3597756,
id0906249,
id2531587,
id3679263,
id2373976,
id0832906,
id1930286,
id3049600,
id0486882,
id1468786,
id0211685,
id0812208,
id1178888,
id3058802,
id0814673,
id3768685,
id0538495,
id2639612,
id3022399,
id3237468,
id0107601,
id0095483,
id0661438,
id3558459,
id0076586,
id0791364,
id2719143,
id0570003,
id2697951,
id0159314,
id3081505,
id1851610,
id3096655,
id1068723,
id0713349,
id3112459,
id2479417,
id0551605,
id0106280,
id3236540,
id3934179,
id3714299,
id2569980,
id1805076,
id1378021,
id3226656,
id3886742,
id1946821,
id3699735,
id3364020,
id3428815,
id1819452,
id1840693,
id0831141,
id1533195,
id3894521,
id3831210,
id0119695,
id0717073,
id1697015,
id2792606,
id1844429,
id1383352,
id0851858,
id2809759,
id1959477,
id0067745,
id2837453,
id2412170,
id0308271,
id1674667,
id3977543,
id1863928,
id2929750,
id3766799,
id2921894,
id0845838,
id2136323,
id1227696,
id3718751,
id0540204,
id1509859,
id3478821,
id2510353,
id3788827,
id2543631,
id0622622,
id1730043,
id0308210,
id1198157,
id0307674,
id3717045,
id3327682,
id2047194,
id3353964,
id2191800,
id1367914,
id1235872,
id3934511,
id0362636,
id3324665,
id2503000,
id1261948,
id3032337,
id3174734,
id0413746,
id0053092,
id3294189,
id2906074,
id0896867,
id0437757,
id0973201,
id2965880,
id0649773,
id3470137,
id3351069,
id0200259,
id1231749,
id0059112,
id1275283,
id3716308,
id2289417,
id1373258,
id2530177,
id0763827,
id3251544,
id1913345,
id2706512,
id3038558,
id2953657,
id0930465,
id1506245,
id0593833,
id3531646,
id3317447,
id2553063,
id2671156,
id3451838,
id2307694,
id3983365,
id0790975,
id3457061,
id0138484,
id3536869,
id3417352,
id3481107,
id3795562,
id1794904,
id0230985,
id0876952,
id0385530,
id3603273,
id2659990,
id2412222,
id0158473,
id2111918,
id2972297,
id3983237,
id3802734,
id2748447,
id2894590,
id0258880,
id0093551,
id0489234,
id0931213,
id3966769,
id1674637,
id3743615,
id3254405,
id3154725,
id2459517,
id3105872,
id3748328,
id0393283,
id2196088,
id0118372,
id0443046,
id3905825,
id1173284,
id1563236,
id0627557,
id1523375,
id3267981,
id0511838,
id0125625,
id2075724,
id1228961,
id3932315,
id0400826,
id0447166,
id1010019,
id2539865,
id2141011,
id3525887,
id2291171,
id2643548,
id0211756,
id0764588,
id3899084,
id1956497,
id3977279,
id3045741,
id2968821,
id2275120,
id3365035,
id2384750,
id0977769,
id0470886,
id2917482,
id1287325,
id0704705,
id0295721,
id1649242,
id2575570,
id2067199,
id2091334,
id3889388,
id2264964,
id0389703,
id1106527,
id0072758,
id3421482,
id0676755,
id1102082,
id1326418,
id0462903,
id1588918,
id2888744,
id2812321,
id1463560,
id2069586,
id1566867,
id0838474,
id3793892,
id1999528,
id1013391,
id1211189,
id3769814,
id3102964,
id1668098,
id1950191,
id0167391,
id1248651,
id1628943,
id1674982,
id0469029,
id1415800,
id1586186,
id1658907,
id1443650,
id2514996,
id2407735,
id1049161,
id2445569,
id2555595,
id3415078,
id2272789,
id2624852,
id0119786,
id3187340,
id1991306,
id1923168,
id0999855,
id3380206,
id0979296,
id2621023,
id2566742,
id2710636,
id0800298,
id0394819,
id1993769,
id0470517,
id0002194,
id3396609,
id3257750,
id3447065,
id3898656,
id3530890,
id0518553,
id0330628,
id2600457,
id2398398,
id1304934,
id3669316,
id1111605,
id2620140,
id3782915,
id0252807,
id2361591,
id2689969,
id1173162,
id2799018,
id1747109,
id3190939,
id2911256,
id3174812,
id0916448,
id3755642,
id1518928,
id0099313,
id3252063,
id2054272,
id1634795,
id2773553,
id0625156,
id0230542,
id0194448,
id1102348,
id0224143,
id0065639,
id0079075,
id2288774,
id0325712,
id3124499,
id1642485,
id1376043,
id1355060,
id0303673,
id1725230,
id2284221,
id2957567,
id1369236,
id0181882,
id1500753,
id2823622,
id2548739,
id0822107,
id0595096,
id2431452,
id1064052,
id0725068,
id3772510,
id2416091,
id0467824,
id1666179,
id3974977,
id3232971,
id3218845,
id3829283,
id2806351,
id1359664,
id1652117,
id3196478,
id0771700,
id3399535,
id2435098,
id1397847,
id1841393,
id1196187,
id1345845,
id3191984,
id3583407,
id2465364,
id3079778,
id1112845,
id0486051,
id1533577,
id2481617,
id0087127,
id0764929,
id2327331,
id0869424,
id0544261,
id1389216,
id2193783,
id1680785,
id3659579,
id0547281,
id2692955,
id3673541,
id2802492,
id3297729,
id1257463,
id2409835,
id2976407,
id3782682,
id3966792,
id2893792,
id3306792,
id1878735,
id3775690,
id0379114,
id3980450,
id2497003,
id0581744,
id3901475,
id3528170,
id3712995,
id3975697,
id1559619,
id2229527,
id1067504,
id0565696,
id3552571,
id0230866,
id3476981,
id3257545,
id2728256,
id3752904,
id2429626,
id2994778,
id3854318,
id3311589,
id2041679,
id2847640,
id2359681,
id1174318,
id2483694,
id1653978,
id2393300,
id3959960,
id3543070,
id0857261,
id2870952,
id2797438,
id1109743,
id3805953,
id1785546,
id1802694,
id2239590,
id0233213,
id2455544,
id1357336,
id3952891,
id3374522,
id2245495,
id0433823,
id3087316,
id2693909,
id3044645,
id1370359,
id1437002,
id0541760,
id1281453,
id3764623,
id2568580,
id0517673,
id2185634,
id3046356,
id1799305,
id1327153,
id2913449,
id2505772,
id2251479,
id2800130,
id3830020,
id2114569,
id3176832,
id1291512,
id3944432,
id1318187,
id2796003,
id3010437,
id2055483,
id2140776,
id1000808,
id1348689,
id2560439,
id0810851,
id2169526,
id2783185,
id3108007,
id0010115,
id0213775,
id2965138,
id1551123,
id2334950,
id0228804,
id0622650,
id1686492,
id3320587,
id3752751,
id2506380,
id2544157,
id0010280,
id3811689,
id3951909,
id1718479,
id2173725,
id0572425,
id0543871,
id3474381,
id0058557,
id2228955,
id3803295,
id3726175,
id3040557,
id1018917,
id1156639,
id2010948,
id2177153,
id3977178,
id1238456,
id0745093,
id0484662,
id2096549,
id1451850,
id3494244,
id3373708,
id0788985,
id1749788,
id3458214,
id2207078,
id2391466,
id1467010,
id3498716,
id0840697,
id1637270,
id2096561,
id2074426,
id2522284,
id1554729,
id2217687,
id2204806,
id2175239,
id1968542,
id2035982,
id2121739,
id1695226,
id0081538,
id1695473,
id1017313,
id2820151,
id3508162,
id3342977,
id1659139,
id0752683,
id0069781,
id1057326,
id1123035,
id1576233,
id1258555,
id3953131,
id2554050,
id3516586,
id3604811,
id1987864,
id3971195,
id2207097,
id1302363,
id2131757,
id1354728,
id0039935,
id0796896,
id2993975,
id0126457,
id0835670,
id1958646,
id3780640,
id3532890,
id0537479,
id3555363,
id3808209,
id3631677,
id3432637,
id0082206,
id3079574,
id2485492,
id0748372,
id1927615,
id1870849,
id1731389,
id0421613,
id3540932,
id2719504,
id2217278,
id1905605,
id0404038,
id3185949,
id2253350,
id0957785,
id0491050,
id3089596,
id3595280,
id0129388,
id3618091,
id1508570,
id1771456,
id0454517,
id2024782,
id3686124,
id0715434,
id3472032,
id3632637,
id0349262,
id3922798,
id3635305,
id3163214,
id0571559,
id3078133,
id2710049,
id1447933,
id3976152,
id3835480,
id1020495,
id3389870,
id1266435,
id2763176,
id2334693,
id2685078,
id3141266,
id2555080,
id0474476,
id0657209,
id3170819,
id1191987,
id0669194,
id1337280,
id2370632,
id3781171,
id1622266,
id3929805,
id1337080,
id0911610,
id1169225,
id1685600,
id3339683,
id3361030,
id2438125,
id3501472,
id1002509,
id3984327,
id3742811,
id3376948,
id3399500,
id0998117,
id2892923,
id2502399,
id0467858,
id2324565,
id1024498,
id3669515,
id0947841,
id0903245,
id2357782,
id1158679,
id3260161,
id3042913,
id1118535,
id1643813,
id0286854,
id3325630,
id0063866,
id2193370,
id1751466,
id3794287,
id2062129,
id0062580,
id3416036,
id3312217,
id1488419,
id2217418,
id0309381,
id3291850,
id1292015,
id3199358,
id3752960,
id0810994,
id3747905,
id1971716,
id1164924,
id0969416,
id1987058,
id2617767,
id2776654,
id2585092,
id3461439,
id1611067,
id2195851,
id2428358,
id1978105,
id2270842,
id0533556,
id3098047,
id1037562,
id2915588,
id1401427,
id0928303,
id0840350,
id0033427,
id1828863,
id0036557,
id0176172,
id1974974,
id0620728,
id1752632,
id0014883,
id2442541,
id1505366,
id3098690,
id1438745,
id1312763,
id3078978,
id2341709,
id3592409,
id2746438,
id2937011,
id3641131,
id1921311,
id3077331,
id2929796,
id3911598,
id2074389,
id0507837,
id3105060,
id1659842,
id3079841,
id1143152,
id0621154,
id2289320,
id3449502,
id0112838,
id3868838,
id1878410,
id3521209,
id0228503,
id1955372,
id2604459,
id1006751,
id0340375,
id3143320,
id1080638,
id3667648,
id1607744,
id0247445,
id3017642,
id2097380,
id2387963,
id0487146,
id1723390,
id3052856,
id3646059,
id1252356,
id3606642,
id0085056,
id1726074,
id1246786,
id0298395,
id0586945,
id2209141,
id0768122,
id0674503,
id2173616,
id0009404,
id1123342,
id3164082,
id1502934,
id3105183,
id0928346,
id2128658,
id1287205,
id3182582,
id2996477,
id3085980,
id2260106,
id3621051,
id0225668,
id1481625,
id3719995,
id1750220,
id3856097,
id1459426,
id3414208,
id2776042,
id3117812,
id3061732,
id1809194,
id3741888,
id2076445,
id2040597,
id2946397,
id0555132,
id1582581,
id3760540,
id1810602,
id1299065,
id0702548,
id1960645,
id3266597,
id2488221,
id1649463,
id0821259,
id0416480,
id3161667,
id1948738,
id2509851,
id0272448,
id2514644,
id0796743,
id3394235,
id0660168,
id0352029,
id2941334,
id2943926,
id3653119,
id2318082,
id1512805,
id0302243,
id0486033,
id0654478,
id1337835,
id1259742,
id2767359,
id2322833,
id1076165,
id1127929,
id0425688,
id1062147,
id3368334,
id2507508,
id2947308,
id1233913,
id2462349,
id1668666,
id2316966,
id3230786,
id0101354,
id1566581,
id1385177,
id1196323,
id3970652,
id1739231,
id0294900,
id1831955,
id0660889,
id1721151,
id3868068,
id3639140,
id2995000,
id2000306,
id3323299,
id2987332,
id3746962,
id2440265,
id1332142,
id1475140,
id3988099,
id1492581,
id0969772,
id1701051,
id3308737,
id0856067,
id1703186,
id3677230,
id1331089,
id2823280,
id1626357,
id0768438,
id3333859,
id3834372,
id2048798,
id2375129,
id3859967,
id2915552,
id1570525,
id2927853,
id3773766,
id3951023,
id2031384,
id1961213,
id2208635,
id2403065,
id0160354,
id3459571,
id3949988,
id3543417,
id1948201,
id3849901,
id1663230,
id3875617,
id1881827,
id1246375,
id2982668,
id0083587,
id0815280,
id1681993,
id1319823,
id3722802,
id0543438,
id1673721,
id0219720,
id0216033,
id1314939,
id2591154,
id3817891,
id0970603,
id0083872,
id3448888,
id2375981,
id0540587,
id3592266,
id2688408,
id1414334,
id0798571,
id3297086,
id2075523,
id0453395,
id0947369,
id2444632,
id3864937,
id2789853,
id0668322,
id1468311,
id3293368,
id3274315,
id0821911,
id0555827,
id3018651,
id1953596,
id1711255,
id0837672,
id0637094,
id1167940,
id2104334,
id2413759,
id3673532,
id2432839,
id1867632,
id0686290,
id1660971,
id1056213,
id2599167,
id3973585,
id3271577,
id0651215,
id2373036,
id2695128,
id3256153,
id0348228,
id2194157,
id1238132,
id2166369,
id3347977,
id0045262,
id1721099,
id3289253,
id1862904,
id1240777,
id0506113,
id0456672,
id1939389,
id0310374,
id0387141,
id0483798,
id2808805,
id2421041,
id3962050,
id3670101,
id1271595,
id1620322,
id1592540,
id2697551,
id0852834,
id3772366,
id0130604,
id3276932,
id2244288,
id1005961,
id2351285,
id2024887,
id0266934,
id0215191,
id0416299,
id3527170,
id3377829,
id2637131,
id2792857,
id0475498,
id2731099,
id0053683,
id2984353,
id0074213,
id0534886,
id0966496,
id1874842,
id2731020,
id3680177,
id0005923,
id1473777,
id3847265,
id2416289,
id3216090,
id1968762,
id3590276,
id1694228,
id0346545,
id0882357,
id2508345,
id3103933,
id0804120,
id3115020,
id0221319,
id0230252,
id0863269,
id1541917,
id1501398,
id2681421,
id0146477,
id0174195,
id2093389,
id0909876,
id1187253,
id0350001,
id3486642,
id2477887,
id0823263,
id3410526,
id2829704,
id3361995,
id0626692,
id2594694,
id2099016,
id3918204,
id3156875,
id2271178,
id2461922,
id1990744,
id2568727,
id1572432,
id3899307,
id2340029,
id0160067,
id3187608,
id2594448,
id3379966,
id0975716,
id2872418,
id2422756,
id3754160,
id1925735,
id2832715,
id0593254,
id2770555,
id3466408,
id0415097,
id1931505,
id1869976,
id0520617,
id0492134,
id1377148,
id3615184,
id1817026,
id3178485,
id2203018,
id1736416,
id3288741,
id2575444,
id3519629,
id3519002,
id3284012,
id2509747,
id2946903,
id0624104,
id2168637,
id1650398,
id1490087,
id3273085,
id2793623,
id2832112,
id3321274,
id1609491,
id0819012,
id1544287,
id2727575,
id0541969,
id2507519,
id1131135,
id3367400,
id1292421,
id1755184,
id3885000,
id0191817,
id2008310,
id2465762,
id0358304,
id1009971,
id0008514,
id1380720,
id2434989,
id3316857,
id0197189,
id1027309,
id2706064,
id3049139,
id1024361,
id2845562,
id1372271,
id2008153,
id0547062,
id3243010,
id1126812,
id1015241,
id1387450,
id2725899,
id1645039,
id2371258,
id3871712,
id2953108,
id1612961,
id3492409,
id3692711,
id1018856,
id3448683,
id2357505,
id3919354,
id3071118,
id1885840,
id3061138,
id0142990,
id2558441,
id1140449,
id0675466,
id1115559,
id3795496,
id3116692,
id2082931,
id3894439,
id1652548,
id1366496,
id1939702,
id2885452,
id2606505,
id1379955,
id3005939,
id1543455,
id1712339,
id2746818,
id2594001,
id1830948,
id3792922,
id0128033,
id2021735,
id0998820,
id0493098,
id1926818,
id2046756,
id0701510,
id0615475,
id1436275,
id1922424,
id1363137,
id2704777,
id1573929,
id3045621,
id3695076,
id2402994,
id1018840,
id3176223,
id2261210,
id2003148,
id2248086,
id2024508,
id1241497,
id2592718,
id2097627,
id1029449,
id2128844,
id2515192,
id3394827,
id3807490,
id1944502,
id1791361,
id1596897,
id3028972,
id2236560,
id1329802,
id1021463,
id0711048,
id2593130,
id0752459,
id3029447,
id2477727,
id3609221,
id1418515,
id0676270,
id0296787,
id0194824,
id2956721,
id2427371,
id3154605,
id1951073,
id2213509,
id3652918,
id2089805,
id2892387,
id1496442,
id3659000,
id2282425,
id1088611,
id1051622,
id0132320,
id2625161,
id1029677,
id1193950,
id1849484,
id3102879,
id2207390,
id1553017,
id1221235,
id3465730,
id3573730,
id3092165,
id3049089,
id2791582,
id3140277,
id1945008,
id2431258,
id3604430,
id0711796,
id3457795,
id1884600,
id0641024,
id1872542,
id1284553,
id3409021,
id0941001,
id2096268,
id0522036,
id2851928,
id3704215,
id1485535,
id3866261,
id2923854,
id1117252,
id0431985,
id1066847,
id1874809,
id3651717,
id3902151,
id3966612,
id1376929,
id0508942,
id3523021,
id2608229,
id3208109,
id3527473,
id2512505,
id1052480,
id0692165,
id3233872,
id0170232,
id1543703,
id1720458,
id3763056,
id1713043,
id3199430,
id2279255,
id3949142,
id2010625,
id0216660,
id2940779,
id2017534,
id2090337,
id3634365,
id0690970,
id2609146,
id2515715,
id3519979,
id2121207,
id2108701,
id1271621,
id1185743,
id2601969,
id0939153,
id0883899,
id2557637,
id3487277,
id3920692,
id0847240,
id2408084,
id3574095,
id3594609,
id1326506,
id3567071,
id1651976,
id3747696,
id2596829,
id0547183,
id3812723,
id2336244,
id0616113,
id1961192,
id2955075,
id1097475,
id0129254,
id0083366,
id2796606,
id0612973,
id2426546,
id1337891,
id0828951,
id2175356,
id3190719,
id1673493,
id1714548,
id0247397,
id0163613,
id1324943,
id2388853,
id1151691,
id1873541,
id0675168,
id1732606,
id2031681,
id3464919,
id0248322,
id2828987,
id0417773,
id1617578,
id3883909,
id1691500,
id3847917,
id2898960,
id2023916,
id3378844,
id2722289,
id0668515,
id2925262,
id3193795,
id1008653,
id1559375,
id0325995,
id3071631,
id2001643,
id1976902,
id1157710,
id0221640,
id0638964,
id2037670,
id1840821,
id1550982,
id0518031,
id3595443,
id0020155,
id0875759,
id2132105,
id0358453,
id1352013,
id3430236,
id1182923,
id2323220,
id0490500,
id2997317,
id1210167,
id0892481,
id2403992,
id2263090,
id0025300,
id0455722,
id1832796,
id0218472,
id2286560,
id2711271,
id2939376,
id2943402,
id1440917,
id2456498,
id1639356,
id1420245,
id1530949,
id3682193,
id3080571,
id1064377,
id2341997,
id0759950,
id3064401,
id2283600,
id2390065,
id0231903,
id0060718,
id3160209,
id2485246,
id0743412,
id0904091,
id0369212,
id0437727,
id2159334,
id1100778,
id2310124,
id1380889,
id0946219,
id3502865,
id2985674,
id1486342,
id0524636,
id3820810,
id2569077,
id1665946,
id3827690,
id2209709,
id1233356,
id3494111,
id1921539,
id0399386,
id0360105,
id2727266,
id2655792,
id2517607,
id0551684,
id3823856,
id1341656,
id3886265,
id1076519,
id1365538,
id0874740,
id0008616,
id2816339,
id1573298,
id0193975,
id2085545,
id3339682,
id1480093,
id1415635,
id3471570,
id1950659,
id0206650,
id0443791,
id3357553,
id1234244,
id0007489,
id2448655,
id2325933,
id0532675,
id3666911,
id1975172,
id0324777,
id2697532,
id2398050,
id0460512,
id0379513,
id3678405,
id3727078,
id3832420,
id1450425,
id0507735,
id1287128,
id1708009,
id2622540,
id1488574,
id1766014,
id2909905,
id0838992,
id1412084,
id2162996,
id1537076,
id1186052,
id1974097,
id3495580,
id2112016,
id3486149,
id1613788,
id1454281,
id0791409,
id0016874,
id0645948,
id1258283,
id2685575,
id3519241,
id0235624,
id3247415,
id2918133,
id0502853,
id3774370,
id3230644,
id1282529,
id1255069,
id1340480,
id3472717,
id0878647,
id0301773,
id0733241,
id0469959,
id0223244,
id1069108,
id3956324,
id2909279,
id3853386,
id3243348,
id2288263,
id1517863,
id3672139,
id0329467,
id3049237,
id3666320,
id2981334,
id0809949,
id0816598,
id3977587,
id0942385,
id1457561,
id3127568,
id1961512,
id3083165,
id2220917,
id0093718,
id2983162,
id0002800,
id3340507,
id2588817,
id1833275,
id3542059,
id0900974,
id2175815,
id0691247,
id1364512,
id3072396,
id2578885,
id2017179,
id2433397,
id3122438,
id1152969,
id0296414,
id2069364,
id2944065,
id3931106,
id2561852,
id1336821,
id1960782,
id0819370,
id2982465,
id0904307,
id2696864,
id2831581,
id2187277,
id0013249,
id1576608,
id1735135,
id1525365,
id1754187,
id0978304,
id3814765,
id1067525,
id3067738,
id0994707,
id2908351,
id1399900,
id1126485,
id1923523,
id3508299,
id2387910,
id0785927,
id1723245,
id0419932,
id1950791,
id0969963,
id1776558,
id1092184,
id0102387,
id1777131,
id1477143,
id3486985,
id0023532,
id2093201,
id2935311,
id2323219,
id1568330,
id3940198,
id0492778,
id1372757,
id1529347,
id3957750,
id2844117,
id2748209,
id3768050,
id0376485,
id0911312,
id3526366,
id1769088,
id0911714,
id1119347,
id2351091,
id0442836,
id2875667,
id3919874,
id3097982,
id3573704,
id1405260,
id1034187,
id1699886,
id2328010,
id1807657,
id2047903,
id1608520,
id0793260,
id0085529,
id1223362,
id2308755,
id1439907,
id0100773,
id2720530,
id1209071,
id0547106,
id2549906,
id3033861,
id0008356,
id3353311,
id2424669,
id0439182,
id3558991,
id0917832,
id2992658,
id0768476,
id3478748,
id3782339,
id3304836,
id2872695,
id1665290,
id2218832,
id3836987,
id0683665,
id2542355,
id1280012,
id0774738,
id1012174,
id1810958,
id1231493,
id2039087,
id1843383,
id0159816,
id1304051,
id0445835,
id3571743,
id0530805,
id3612689,
id1076821,
id0938133,
id3693828,
id0292425,
id3501479,
id3705169,
id2818810,
id3755815,
id3888188,
id2116828,
id1968634,
id2739320,
id1546808,
id0008912,
id0898200,
id1317432,
id0214555,
id3897278,
id3203648,
id3263785,
id1821127,
id3662718,
id2151447,
id1252246,
id0634564,
id0846800,
id3177293,
id0540015,
id2116013,
id2942555,
id0900654,
id2657186,
id2175712,
id2727670,
id3218585,
id2890490,
id0737055,
id0118920,
id1193214,
id0284304,
id0664512,
id0642206,
id0614319,
id1146408,
id2930263,
id0545601,
id0481926,
id0540446,
id2149193,
id2767702,
id1195644,
id0233003,
id0802159,
id0585520,
id1093097,
id1481842,
id2859802,
id0944626,
id0309572,
id2552679,
id3529533,
id3300819,
id0668912,
id1720088,
id1755582,
id3749060,
id0327162,
id1253606,
id1513603,
id2755487,
id3300905,
id1438714,
id2349194,
id2827329,
id0885059,
id0455179,
id2170597,
id3335807,
id1249761,
id3070168,
id0513882,
id2213484,
id1146703,
id0850586,
id0580186,
id2340278,
id3803077,
id1307480,
id3675569,
id3565728,
id0016558,
id1443067,
id1105956,
id0898992,
id3708514,
id3513509,
id3616441,
id3986932,
id3463018,
id3843522,
id2401677,
id0368589,
id1450350,
id1630430,
id2808074,
id0941638,
id2582144,
id2537937,
id3755789,
id1408550,
id1176585,
id1647893,
id1279120,
id3655831,
id2969308,
id2560276,
id3673862,
id3217858,
id3670148,
id3058918,
id2131086,
id3927011,
id3501465,
id2996587,
id0247323,
id0958162,
id0346256,
id0964923,
id1885853,
id3822239,
id0226694,
id3024641,
id1417861,
id3081019,
id1481787,
id2441598,
id2855238,
id0289366,
id2769097,
id1862884,
id2800933,
id2136676,
id3833990,
id0082826,
id3278709,
id1140014,
id1060448,
id3895831,
id2774471,
id3145597,
id3070703,
id2653598,
id1823650,
id3134166,
id3925691,
id0724523,
id1384412,
id2314952,
id1947117,
id1513734,
id2834628,
id3519187,
id2357614,
id1538710,
id2720798,
id3776526,
id2034540,
id3050147,
id0827954,
id0329489,
id3496992,
id0559931,
id1486020,
id1958881,
id3878163,
id3931754,
id3434443,
id0242478,
id2810359,
id0827416,
id1373005,
id3815035,
id3715494,
id2925551,
id3240422,
id1322549,
id1695652,
id2995084,
id2077035,
id2533088,
id0271948,
id2467437,
id3551751,
id1533654,
id0972920,
id0220931,
id0709199,
id1547533,
id1737492,
id3680662,
id0990826,
id3541385,
id3758201,
id1940542,
id0937118,
id3893662,
id2308894,
id1720108,
id2605753,
id1377989,
id2099434,
id2588635,
id2224830,
id0714579,
id1913701,
id1403138,
id0599024,
id1775905,
id2982505,
id1164315,
id1999146,
id2880167,
id2541366,
id3636304,
id2721921,
id1723795,
id2737605,
id1083058,
id2720258,
id0814357,
id1504217,
id1853223,
id3000060,
id0953814,
id2195305,
id0563004,
id2424517,
id0262732,
id0643273,
id2291661,
id3097937,
id1542980,
id0229701,
id1596635,
id0485982,
id1005773,
id3751323,
id0090649,
id2046376,
id2127091,
id3865643,
id0576819,
id0353633,
id1861997,
id0085622,
id1775533,
id0746343,
id3468879,
id1117345,
id0748522,
id0336609,
id1757023,
id0440675,
id1421491,
id3495985,
id2778730,
id1753877,
id0350772,
id3958982,
id2773692,
id2089780,
id2026754,
id2635573,
id1533144,
id0210220,
id1402720,
id2553015,
id0853064,
id1095366,
id2677157,
id3560420,
id3155047,
id2039788,
id0251945,
id2531096,
id1180204,
id0648474,
id1204921,
id0418006,
id2251978,
id3050039,
id1580478,
id2698122,
id3948083,
id2021386,
id0776732,
id3218854,
id0354974,
id1410425,
id0322360,
id3760186,
id3886638,
id0717824,
id2994289,
id0110645,
id0162529,
id1168080,
id2603923,
id2097675,
id3824097,
id1675728,
id1192025,
id3198325,
id1262049,
id2426272,
id0059590,
id3445683,
id2615814,
id0128428,
id0514876,
id0787768,
id2312225,
id1417478,
id0486743,
id1588299,
id0067408,
id2835836,
id2806550,
id3330255,
id3656376,
id3397160,
id3169714,
id0963530,
id2223271,
id0410609,
id0569284,
id3118215,
id1128749,
id1005534,
id3299457,
id2969357,
id3759382,
id2787690,
id0329278,
id0826612,
id0200396,
id2316953,
id1490631,
id1771787,
id2055086,
id2375804,
id3467528,
id1604722,
id1513481,
id3720954,
id1032259,
id1306058,
id0576280,
id0803215,
id2716909,
id0410102,
id2905884,
id0900362,
id0519247,
id1548027,
id2560961,
id1850608,
id0170172,
id3787518,
id2118363,
id1087140,
id2705818,
id3060715,
id2783597,
id1553143,
id2410597,
id0615304,
id1029371,
id0491615,
id0693671,
id3420128,
id3391157,
id1231811,
id1468389,
id1515880,
id2454567,
id1131909,
id1358581,
id2988670,
id2939640,
id3461644,
id1888888,
id2152369,
id2891490,
id1292667,
id1344896,
id0783466,
id0798222,
id1061000,
id3886357,
id1148194,
id2817477,
id0498046,
id1610177,
id3564020,
id3029529,
id0187812,
id3385979,
id3489534,
id2336176,
id0896432,
id2325558,
id1904228,
id0630477,
id1753390,
id0564658,
id2641929,
id1113225,
id3614153,
id1169694,
id2285519,
id2098275,
id3252875,
id0656919,
id3157370,
id3659612,
id0140233,
id3578470,
id2230311,
id3752538,
id1536809,
id1758995,
id0175062,
id2636546,
id1438534,
id1362776,
id2798929,
id0233868,
id0809205,
id2591023,
id0464459,
id1537750,
id3291722,
id2934026,
id1642194,
id1028841,
id3034923,
id2875770,
id1647390,
id1014738,
id2017996,
id1007054,
id2025582,
id1801695,
id0834960,
id0059315,
id0097306,
id0177485,
id3576887,
id3992680,
id1433168,
id2537467,
id1702094,
id1775453,
id0837234,
id2870391,
id2194385,
id2280702,
id2919077,
id0900361,
id2453481,
id3950895,
id3023421,
id0135925,
id2211725,
id2720786,
id3637690,
id3284928,
id0157908,
id2325765,
id0261978,
id0393258,
id2138212,
id3943999,
id1500871,
id0449815,
id0647264,
id1651030,
id3394302,
id2985680,
id0966059,
id3362108,
id1617544,
id0923828,
id3347141,
id3609486,
id0208536,
id2845616,
id3290067,
id3181895,
id3417635,
id3396366,
id0153600,
id2489532,
id3095066,
id0149162,
id2382647,
id2369275,
id1212627,
id3779898,
id2063841,
id0153809,
id0921863,
id3865784,
id0962315,
id3392123,
id1216110,
id0818974,
id0126641,
id3558533,
id2364245,
id2927827,
id0632654,
id3146869,
id2095525,
id2791522,
id1008568,
id0481021,
id0458302,
id0054860,
id0104493,
id1449573,
id2706123,
id0730070,
id3293403,
id1826640,
id0772154,
id2929189,
id0890583,
id1358744,
id2949621,
id0796048,
id1854475,
id0008623,
id0924294,
id1801335,
id3620239,
id3266435,
id1150783,
id2328509,
id3610454,
id2526213,
id3733523,
id2226559,
id3044685,
id1930733,
id0437370,
id3497432,
id0811807,
id3771820,
id3394657,
id2985660,
id3026073,
id3570605,
id3140144,
id2236642,
id3267480,
id0480025,
id2795340,
id2952099,
id0517094,
id2457041,
id2340998,
id2619072,
id0470957,
id0126921,
id0577665,
id3536915,
id0336100,
id2580513,
id1958486,
id0631170,
id3725024,
id0214283,
id2755423,
id0887188,
id0952607,
id0617692,
id1571570,
id1305591,
id0294779,
id0518025,
id2246659,
id0395140,
id3597780,
id3475860,
id2375040,
id0214205,
id1228732,
id0943278,
id1215492,
id0630595,
id0945083,
id3748427,
id2673732,
id3187199,
id1943012,
id1945081,
id1630176,
id1779028,
id0114751,
id2154242,
id1553064,
id2417850,
id0490625,
id1340234,
id3933638,
id1393499,
id3811217,
id1899543,
id1997051,
id3175800,
id1082712,
id1945436,
id2496045,
id1669377,
id2754205,
id1962823,
id2062891,
id1233266,
id0883704,
id3658336,
id0290007,
id3701654,
id2971225,
id0882921,
id0768581,
id3475120,
id0227626,
id1387605,
id0378553,
id1768540,
id3278731,
id2378083,
id0678487,
id0548080,
id0755271,
id1817425,
id1333693,
id1003786,
id2063907,
id3637696,
id0495612,
id1610999,
id3937747,
id3746154,
id0650584,
id0394322,
id3222547,
id2066972,
id1342840,
id1289199,
id3780343,
id0800867,
id0677593,
id2758066,
id0967280,
id0534108,
id1186316,
id2576516,
id0892213,
id1451174,
id3780977,
id2403466,
id1986621,
id1936302,
id3818722,
id1426013,
id0775002,
id0583772,
id0816373,
id0280043,
id1409864,
id2970257,
id2785975,
id1935810,
id1116175,
id2656718,
id1204314,
id1522783,
id2317168,
id0304310,
id2386491,
id1237660,
id0586343,
id2139017,
id3242452,
id0130745,
id0086409,
id1136929,
id2655645,
id2275782,
id1521499,
id1737630,
id3740275,
id0026566,
id2638820,
id0603791,
id2037492,
id0175222,
id2365272,
id2726606,
id1718775,
id2390403,
id2789914,
id0284835,
id2451919,
id1164147,
id0351756,
id0868109,
id2218543,
id2001744,
id3780097,
id3826698,
id0654637,
id1162529,
id0344460,
id0065693,
id0711536,
id0685283,
id1181692,
id0063218,
id2701269,
id3185663,
id2606306,
id0465536,
id2976639,
id3431578,
id0679677,
id0068745,
id0569566,
id1144942,
id1295857,
id3323531,
id1469403,
id1798119,
id2900255,
id3345644,
id2966198,
id0024103,
id3150634,
id1086273,
id3417411,
id2530433,
id2239122,
id2050513,
id2461827,
id2256648,
id3748448,
id0824806,
id0082601,
id1350704,
id2738462,
id2688565,
id0668119,
id3422667,
id1116619,
id0210144,
id1441664,
id1915988,
id2870339,
id1896962,
id1053826,
id3151149,
id1000535,
id1227238,
id2240100,
id1850683,
id1291489,
id0408727,
id0845246,
id0293807,
id2259889,
id2411278,
id3149473,
id1735804,
id0500317,
id0854500,
id1549223,
id1321427,
id1029655,
id0822599,
id2556051,
id2047035,
id2913008,
id1489170,
id0220833,
id2160838,
id1599860,
id2305025,
id1137304,
id3182324,
id0702104,
id0559189,
id0728577,
id2510048,
id2769235,
id2245081,
id1929813,
id1291566,
id2117368,
id0191511,
id0110705,
id2135051,
id2742108,
id0477776,
id0896641,
id3195036,
id0425634,
id2060564,
id2240000,
id2787735,
id1776107,
id2210336,
id3835788,
id2316209,
id0867571,
id3017446,
id3736901,
id0649654,
id2785511,
id2868461,
id2291551,
id1598598,
id1859515,
id3873400,
id0327684,
id3314157,
id2209138,
id1829921,
id3571889,
id0587054,
id1243573,
id3358756,
id3387220,
id3540514,
id2394062,
id0873996,
id1849848,
id1129187,
id1783007,
id1958328,
id3697158,
id3943290,
id1664621,
id1978869,
id0089307,
id1455209,
id2001064,
id2007397,
id1620675,
id3572575,
id1477922,
id1591143,
id1427906,
id0726338,
id1965270,
id1437142,
id2576255,
id2291950,
id0168864,
id3050793,
id2538664,
id0338353,
id1554917,
id2838790,
id1972612,
id3200395,
id0916429,
id3983990,
id0138544,
id2929279,
id1519963,
id0971772,
id2481939,
id0285677,
id1761622,
id0268028,
id0968107,
id3439567,
id0432352,
id3510480,
id1858774,
id1632918,
id1578111,
id1574385,
id2984432,
id2156426,
id1123448,
id2107303,
id0597252,
id2357861,
id3477872,
id0402681,
id3712917,
id0458821,
id2029994,
id1756785,
id2532782,
id2558122,
id0498941,
id2943787,
id2028445,
id0268614,
id1422604,
id2853839,
id3527989,
id2721740,
id3486978,
id3386459,
id1766326,
id3141042,
id1633552,
id3695211,
id2297027,
id3549635,
id0234340,
id3712669,
id0209210,
id0858373,
id2623785,
id2472554,
id1127321,
id1423573,
id0799912,
id3006335,
id0972645,
id1388587,
id1252139,
id3778157,
id3310935,
id2402203,
id3094413,
id1569772,
id0101876,
id3415082,
id3592036,
id3742905,
id0560030,
id3241256,
id0571034,
id0520482,
id0699025,
id0944386,
id1626679,
id1556350,
id1105749,
id0174252,
id1481279,
id3585274,
id2615228,
id0145220,
id3434800,
id2545567,
id0875116,
id3290102,
id0121101,
id1001746,
id3715800,
id3347823,
id1234590,
id2843091,
id3442145,
id2003577,
id2794579,
id0333971,
id1822105,
id1212074,
id1951416,
id0130929,
id2819698,
id3520093,
id3828184,
id1336193,
id1112543,
id1522936,
id0899996,
id3344322,
id3515081,
id2803963,
id1164295,
id1897763,
id3753170,
id1515863,
id3530028,
id1692352,
id3449830,
id0870309,
id2505006,
id3947693,
id3463012,
id0092796,
id1156550,
id1056538,
id2736356,
id1841212,
id0969898,
id1611567,
id2128336,
id0287108,
id0717420,
id0320064,
id1106858,
id0660744,
id1894842,
id3623811,
id3050934,
id3373736,
id0417052,
id1552802,
id0045877,
id2294431,
id3192608,
id3436827,
id0875364,
id2749887,
id3856522,
id2182901,
id1138816,
id3428467,
id1092248,
id2064449,
id2823584,
id1710977,
id1363951,
id1756755,
id1387720,
id1028347,
id0032573,
id0395544,
id0750996,
id3463697,
id2068541,
id3988125,
id1114187,
id1465095,
id0966501,
id2622511,
id0641255,
id3724301,
id2455987,
id0419920,
id3667203,
id3581637,
id0915126,
id0965537,
id0011076,
id0420306,
id2460696,
id0385130,
id1083425,
id2440306,
id1274587,
id1109381,
id3965489,
id2376501,
id0416556,
id3091284,
id3920632,
id3030291,
id0274486,
id1052220,
id3021974,
id3554096,
id3052943,
id0369733,
id2543863,
id0796872,
id0145564,
id2783019,
id3425892,
id1083261,
id3086224,
id1667800,
id1123371,
id3555375,
id0729870,
id0056434,
id1350831,
id0995694,
id1401497,
id0348792,
id3070408,
id1947256,
id0284891,
id2236589,
id3275039,
id2847967,
id1440431,
id2117613,
id0862098,
id0470154,
id0467786,
id0261533,
id3272199,
id0459523,
id0429959,
id1681415,
id1317633,
id2268611,
id0522660,
id1705825,
id1700939,
id1674826,
id3624716,
id3198651,
id3590171,
id3656001,
id2696369,
id0510432,
id0634703,
id3236182,
id0516833,
id0014462,
id3388595,
id0732618,
id3898382,
id2388298,
id0626804,
id2867874,
id3588081,
id0463034,
id1285100,
id0338588,
id3338901,
id1490291,
id2321473,
id3969205,
id2123630,
id3774896,
id2524765,
id3514762,
id0148214,
id0397435,
id1528677,
id0261659,
id1704767,
id1600260,
id3527778,
id0104506,
id3107597,
id0493843,
id2125081,
id2766489,
id0542346,
id0353340,
id2803120,
id3673980,
id0604226,
id2367030,
id2783672,
id0682490,
id2016189,
id1254522,
id0949346,
id1082661,
id0897774,
id3944607,
id2193689,
id3001470,
id0770165,
id1166294,
id0425693,
id0018696,
id3783195,
id1435464,
id2005151,
id1813441,
id3088108,
id0372931,
id2182462,
id2651754,
id3888073,
id0773731,
id0134861,
id1514024,
id0613783,
id2290000,
id3531644,
id3804401,
id0177367,
id2576211,
id2955863,
id1842087,
id2027501,
id3368172,
id1866876,
id3280030,
id2634170,
id3382889,
id0484910,
id0896547,
id0569172,
id0427557,
id2422049,
id0909260,
id1538141,
id1734651,
id2715250,
id2423211,
id0632882,
id1339064,
id3872181,
id0325178,
id3717968,
id3318953,
id2866817,
id1199307,
id3690375,
id2008650,
id3670448,
id1875729,
id0768730,
id0385831,
id3512082,
id0936799,
id1526676,
id3514301,
id3237983,
id0571426,
id2433001,
id0643847,
id1901314,
id1244222,
id2693063,
id0963769,
id1628941,
id0383953,
id2787528,
id2464394,
id3047231,
id3467844,
id1272959,
id1696579,
id3880746,
id2144461,
id3522488,
id3656392,
id3413347,
id2438072,
id0545340,
id3993941,
id2594372,
id1830030,
id0893439,
id2387714,
id1121238,
id3026928,
id3980808,
id3476854,
id0468992,
id2023473,
id1794028,
id0102886,
id3975766,
id1850541,
id2300979,
id1187519,
id1781095,
id3698167,
id1902727,
id3975701,
id0906720,
id1802707,
id2116573,
id3029006,
id2031540,
id3827721,
id2518419,
id1416429,
id1012771,
id0420890,
id1086147,
id1580783,
id2374266,
id3038164,
id3167394,
id0141699,
id2489605,
id3367165,
id1026972,
id1156810,
id1604390,
id1940639,
id0965283,
id2221978,
id3449173,
id2256322,
id3163565,
id0204344,
id3278339,
id1970867,
id3764734,
id1102832,
id3973500,
id0459401,
id0052184,
id3785370,
id0175276,
id1447091,
id0532860,
id2628013,
id0003490,
id3983816,
id2919969,
id3485715,
id1311311,
id2910292,
id3520787,
id0005054,
id1797576,
id1785100,
id1003181,
id1634726,
id1585783,
id1401388,
id1061777,
id1313488,
id3337340,
id2610550,
id2022181,
id2039568,
id3185403,
id1641662,
id1097627,
id3553958,
id2185161,
id1869394,
id1282740,
id2765682,
id2757929,
id1107031,
id0078566,
id3130356,
id0187002,
id2595472,
id2414832,
id0536149,
id3930841,
id2882086,
id0394313,
id1226817,
id2266839,
id0075656,
id1740510,
id1784392,
id1900532,
id3109096,
id1677502,
id2749166,
id1422112,
id1656273,
id3824046,
id1485101,
id3952784,
id1361963,
id1811529,
id0002421,
id0894585,
id1009243,
id0473460,
id1079715,
id2265170,
id2539754,
id2847596,
id0187484,
id0309693,
id3403612,
id0126237,
id1772396,
id2162679,
id3420617,
id0296258,
id3033905,
id0327297,
id0070984,
id2850160,
id3680997,
id3761678,
id0863226,
id0437281,
id2363316,
id2190838,
id2359074,
id1909305,
id2511354,
id1603663,
id3680216,
id0483486,
id2698343,
id0076389,
id2148073,
id0347909,
id2726429,
id0617315,
id2119363,
id3020856,
id0760697,
id1848828,
id1396406,
id2995991,
id3997358,
id1316388,
id3470368,
id0787146,
id0150395,
id2589850,
id2249669,
id3733163,
id0153213,
id2844708,
id0090346,
id2866618,
id3660103,
id1827168,
id2065306,
id3583075,
id1059560,
id1949887,
id2358559,
id1723626,
id0596885,
id1116084,
id1471719,
id2845673,
id0884810,
id3435613,
id2986480,
id3425349,
id0407759,
id1406791,
id3053528,
id1945217,
id2628718,
id0050906,
id1630618,
id0303805,
id3529649,
id3449391,
id3989916,
id2356492,
id1937924,
id1257338,
id1030517,
id1909792,
id1751944,
id1184966,
id2528979,
id2558431,
id3081184,
id0922478,
id0284986,
id2562530,
id2108734,
id3270066,
id0105641,
id2826728,
id3911504,
id1250989,
id1968169,
id1091371,
id1568344,
id1272493,
id2964435,
id2269701,
id2795036,
id0704850,
id2656855,
id0615932,
id1727014,
id3616904,
id2502895,
id1595736,
id1589627,
id1495256,
id0780861,
id2483995,
id3544860,
id3150651,
id2905448,
id3098350,
id0440565,
id3464464,
id1446416,
id0878959,
id0342711,
id1312918,
id2773608,
id2869790,
id3742033,
id1650744,
id1811377,
id2361846,
id1262853,
id0062827,
id1158946,
id3837517,
id0237393,
id0129645,
id3765053,
id0008648,
id3212948,
id0672734,
id0867803,
id2822267,
id2769270,
id3524472,
id1943932,
id3730394,
id0896232,
id2414220,
id3695514,
id2958995,
id3567932,
id0415715,
id2380040,
id2960591,
id3437855,
id1774367,
id0343916,
id1791372,
id1443202,
id2211400,
id3981916,
id2591218,
id1693414,
id1390885,
id1378980,
id3987451,
id3966479,
id1675168,
id2663146,
id2288882,
id3393541,
id1498272,
id0228097,
id1259325,
id3506434,
id1974374,
id2321234,
id1011263,
id0167660,
id2022386,
id3830385,
id0948720,
id1280363,
id3760432,
id3444408,
id0500426,
id0663256,
id0722039,
id1515455,
id1428749,
id3712600,
id1153742,
id0216131,
id2972636,
id1736105,
id2190204,
id1038744,
id2893054,
id1267469,
id1357641,
id3380907,
id1500468,
id2566391,
id0390276,
id3581763,
id0441183,
id2343359,
id3465757,
id3216787,
id1181350,
id2370614,
id0078808,
id2008782,
id1362147,
id0222442,
id2976114,
id1690439,
id2175872,
id3710816,
id1720194,
id1713917,
id2333210,
id1435681,
id3886331,
id0812385,
id3609252,
id2200948,
id0541613,
id1407156,
id3946996,
id0104100,
id0195939,
id2763355,
id3950689,
id3907615,
id1359704,
id0393002,
id2178553,
id1046704,
id3756669,
id0758634,
id0987095,
id1323242,
id0013498,
id0039529,
id3066250,
id0269144,
id2472129,
id0577135,
id0942382,
id1681693,
id2611939,
id0702699,
id0918617,
id0336853,
id3766991,
id1804388,
id0295969,
id0758632,
id2838449,
id1976419,
id0585991,
id3392996,
id0730829,
id1637378,
id2142483,
id1221135,
id3300503,
id1508875,
id3526296,
id0776194,
id2929672,
id3335263,
id1741024,
id1080617,
id1626079,
id0786362,
id3340017,
id2845343,
id2310851,
id3679048,
id2925460,
id1459001,
id1659359,
id0001618,
id2920095,
id2099150,
id3819098,
id1865145,
id2122309,
id0447496,
id0689404,
id0504657,
id3443578,
id0615902,
id1685638,
id3685609,
id0578290,
id2648386,
id1186983,
id2587172,
id3601275,
id0689140,
id0002567,
id0095438,
id1711870,
id2143290,
id1773415,
id1669610,
id1629378,
id3406474,
id3350438,
id1835974,
id2192171,
id1314583,
id2041380,
id3384509,
id0327396,
id0260581,
id1887117,
id0080218,
id2242821,
id1910990,
id3283941,
id3838651,
id2359060,
id1347255,
id2147383,
id0049413,
id0888656,
id3070614,
id3852141,
id1989539,
id0731720,
id3279475,
id2647557,
id3751052,
id1091046,
id1424239,
id0391151,
id3908607,
id0549578,
id0810690,
id3642890,
id2881447,
id1664055,
id1380441,
id0745249,
id3183918,
id1689214,
id0799121,
id3102785,
id2918575,
id2709234,
id2025450,
id1716062,
id1572831,
id0848228,
id1572509,
id0402816,
id3399465,
id0283995,
id1029267,
id0857151,
id2733705,
id3615706,
id0059640,
id1257578,
id0412251,
id3911486,
id1793900,
id2492248,
id3217540,
id3257337,
id3494273,
id1648342,
id3877287,
id0823305,
id3121852,
id0332668,
id2863310,
id1136637,
id3857933,
id3674508,
id2934301,
id1841176,
id3303210,
id3956208,
id1052151,
id1963106,
id2138484,
id0572357,
id3132584,
id3598199,
id1617484,
id2884318,
id1203500,
id1054206,
id0705560,
id2057736,
id3816828,
id3895268,
id0593495,
id1209452,
id0246871,
id2408000,
id2530120,
id0418715,
id0525573,
id1692841,
id0973609,
id3726359,
id1595835,
id2499190,
id1785920,
id3014289,
id3733573,
id0204651,
id1855930,
id1842537,
id3038857,
id0536839,
id3355618,
id0592045,
id3357353,
id2262032,
id0538762,
id1689851,
id2979392,
id0711736,
id1210457,
id2250128,
id3074990,
id1978025,
id1167105,
id2511721,
id1091008,
id0904067,
id2704892,
id0460616,
id3228123,
id3221882,
id3921822,
id0212440,
id0020783,
id3442570,
id2585621,
id2082600,
id2188806,
id3517520,
id2126016,
id0643196,
id2916546,
id0755623,
id3857312,
id2048371,
id0131477,
id3732451,
id2951841,
id0185923,
id2685992,
id2380837,
id3778784,
id3048245,
id3033237,
id2822067,
id3857843,
id0492673,
id2670549,
id0224984,
id0692941,
id1342353,
id1380008,
id3639410,
id2627972,
id3368096,
id2753366,
id3828501,
id2333473,
id2080176,
id2504470,
id1596831,
id2814722,
id0892148,
id0711913,
id3045035,
id2779935,
id3740873,
id3824678,
id2808772,
id2787155,
id1019023,
id3755487,
id0188093,
id2349066,
id1960811,
id3143691,
id2300705,
id0349904,
id1099513,
id1140148,
id1260971,
id1413732,
id1137455,
id0258073,
id2081831,
id2945591,
id3729394,
id3848007,
id2278265,
id1090746,
id3262751,
id0852461,
id1729608,
id3562496,
id2262952,
id1557301,
id0119885,
id3404131,
id3773337,
id0789892,
id3273519,
id3991118,
id0717039,
id2903596,
id2463119,
id0354388,
id1493258,
id1850118,
id2379754,
id2366389,
id0535040,
id2130046,
id1965036,
id1576753,
id1017675,
id1059447,
id2729762,
id1358553,
id3196198,
id0758286,
id0341691,
id2445601,
id2118670,
id2859181,
id3871582,
id3271303,
id1516159,
id0710082,
id1419773,
id1928363,
id3452902,
id0179703,
id2436627,
id2068802,
id3392688,
id1584084,
id1878007,
id2646451,
id3605255,
id0533415,
id0733434,
id0741954,
id2375163,
id0944079,
id0744637,
id2500477,
id3567671,
id2858363,
id0227829,
id2288490,
id0763303,
id1045784,
id3094614,
id2222743,
id1247937,
id0936964,
id2872747,
id3220036,
id1707408,
id1401261,
id3122069,
id2383383,
id3369006,
id1779041,
id2956661,
id0193989,
id1172704,
id0829590,
id1291204,
id3368832,
id2496324,
id0032165,
id1748286,
id0003115,
id1501797,
id0508952,
id1911802,
id1188284,
id0551340,
id0191568,
id2749945,
id2229226,
id0796318,
id1176708,
id2217549,
id0350352,
id0001385,
id0880722,
id2508572,
id0146711,
id0211713,
id2814013,
id3331315,
id2651817,
id1572099,
id3376163,
id2214004,
id3223868,
id3342131,
id3208235,
id0095122,
id1882006,
id2096165,
id0643521,
id0863696,
id2470918,
id0707890,
id2076817,
id0366304,
id3933166,
id0723717,
id2420297,
id0931737,
id1890768,
id2135203,
id0250128,
id0872149,
id0140641,
id0363981,
id2103772,
id1146013,
id3819052,
id1730595,
id0448683,
id1221244,
id1207281,
id1980115,
id1987823,
id2280072,
id3007125,
id2204459,
id3850194,
id0448773,
id0856529,
id2564642,
id3862777,
id3067947,
id3034944,
id0701022,
id2166504,
id0248518,
id3506169,
id0029476,
id2855146,
id3834297,
id0555130,
id2771874,
id3030810,
id1385860,
id3125860,
id0582676,
id2038070,
id0926539,
id2867375,
id2893352,
id3266761,
id3657409,
id2056818,
id3657110,
id3148414,
id0452911,
id0206848,
id2061394,
id3789727,
id3388354,
id1663214,
id3035290,
id1738767,
id2235699,
id0764224,
id3902489,
id0753637,
id1117724,
id3697149,
id2509196,
id3848527,
id3056158,
id1911185,
id1416903,
id3994542,
id3830918,
id2257332,
id1612986,
id1840223,
id0224907,
id2755002,
id0799334,
id0588126,
id2819165,
id3365646,
id1344108,
id0594110,
id3895672,
id1030655,
id2021411,
id2742045,
id1876400,
id1919551,
id3010168,
id0154519,
id3486609,
id2549526,
id0699483,
id2156608,
id1214222,
id0102402,
id2681875,
id2152303,
id0534988,
id0058745,
id0516017,
id1299860,
id3954872,
id1963449,
id1523111,
id2068449,
id1506899,
id2484019,
id1264799,
id3222702,
id3202578,
id0365885,
id3036849,
id2356510,
id3653941,
id2446146,
id3034051,
id2703006,
id1432536,
id3530668,
id2991041,
id3716856,
id0421462,
id0357775,
id1822974,
id1379709,
id1103473,
id2824538,
id0712704,
id3388490,
id3620935,
id0901209,
id3774871,
id0193794,
id0251574,
id2607098,
id1064590,
id1674458,
id0500610,
id2222872,
id0253140,
id3748936,
id2239089,
id0474809,
id3647770,
id2161308,
id2086933,
id3406793,
id3059471,
id2300215,
id0920486,
id0530796,
id0111080,
id0432901,
id0072529,
id3389887,
id0257767,
id0831915,
id3949272,
id0558683,
id1684837,
id3386497,
id3278216,
id2201136,
id2263701,
id1459621,
id3833467,
id1523756,
id0874453,
id2970355,
id1086537,
id0608716,
id3178323,
id2527344,
id0716595,
id3154750,
id0323556,
id2176457,
id2711597,
id0804451,
id0959747,
id1334176,
id2551936,
id1183364,
id3373765,
id3495583,
id3817666,
id1586618,
id0072408,
id3617341,
id2386565,
id2153276,
id2743466,
id0777889,
id1241720,
id0554651,
id2964981,
id0203955,
id0254820,
id3147193,
id3014484,
id2543855,
id2582250,
id3254802,
id3916450,
id0423753,
id2745017,
id3937668,
id0447914,
id2886888,
id3468251,
id3901758,
id0415853,
id1046903,
id3730882,
id3421424,
id0800256,
id2361210,
id1000750,
id3679943,
id3949362,
id1783739,
id2438439,
id3078064,
id0010838,
id2149473,
id1782003,
id3614585,
id3163793,
id0273029,
id2659944,
id3736268,
id2267649,
id1773995,
id3048408,
id2982472,
id0209013,
id1563029,
id0285406,
id1324399,
id2693297,
id2532760,
id1888413,
id1434057,
id2803688,
id2983056,
id1802110,
id0586682,
id3236530,
id3682138,
id1021407,
id2851962,
id2461641,
id0712970,
id3097088,
id1921090,
id2025029,
id3377966,
id1363660,
id0574107,
id2710583,
id2005535,
id0180589,
id1643088,
id2837650,
id1043194,
id2983923,
id3758100,
id0671892,
id2022912,
id3141184,
id2288209,
id0136221,
id1367369,
id3987628,
id1257422,
id2587663,
id0030444,
id3142057,
id0765408,
id2223096,
id0689933,
id0219425,
id3365820,
id1678447,
id0279059,
id2012514,
id1945641,
id0033187,
id3455279,
id2404961,
id0677467,
id3567058,
id3790715,
id0724784,
id1682262,
id2007534,
id1548992,
id1500924,
id1977834,
id3810540,
id2007890,
id1055740,
id0523449,
id3515113,
id3970703,
id1301413,
id2622025,
id2473666,
id3105434,
id2176439,
id1540336,
id0162803,
id0811245,
id2062289,
id1242549,
id0335569,
id0961067,
id0720821,
id3792102,
id0162504,
id3384816,
id3273129,
id0722618,
id0965867,
id2187742,
id2632799,
id2962354,
id2316058,
id3130137,
id1802656,
id1106452,
id2635489,
id0110476,
id0356103,
id2083838,
id1347128,
id2706590,
id0708584,
id2859235,
id0487415,
id0162439,
id2081841,
id3752470,
id3297672,
id1770877,
id3361561,
id2541167,
id3014356,
id3553282,
id1621785,
id1134706,
id1725320,
id2824650,
id2628203,
id3643357,
id0680607,
id2883765,
id3146550,
id3672932,
id2268516,
id3677237,
id3633892,
id1381256,
id1883457,
id0022672,
id2459122,
id3591105,
id2943076,
id3826113,
id0289468,
id2922336,
id1103744,
id0264863,
id3321299,
id1583833,
id0935016,
id0186614,
id1067781,
id0829120,
id2313114,
id0077571,
id2297608,
id1375375,
id1031937,
id2994340,
id0314362,
id3523746,
id2595369,
id1101039,
id2592951,
id2223399,
id0926715,
id3485258,
id0462002,
id0258807,
id3909018,
id2810140,
id0764907,
id1224074,
id3156585,
id0024178,
id0576060,
id1511912,
id2701310,
id2209766,
id2696912,
id2347715,
id1607247,
id3046786,
id1808928,
id3184570,
id1857920,
id0497915,
id3683512,
id1265788,
id3034669,
id2460622,
id1789566,
id3483646,
id2417170,
id2222292,
id3439426,
id1612704,
id3131489,
id0066437,
id3486080,
id0298820,
id1984136,
id0121072,
id2019959,
id3616115,
id2571354,
id0181702,
id3790618,
id3269198,
id2657020,
id3484427,
id3212280,
id1972618,
id2039294,
id1963095,
id2304092,
id3718845,
id1187124,
id0349991,
id2403891,
id1597301,
id0925837,
id0312263,
id0558759,
id0727784,
id2795249,
id2686408,
id2815647,
id3794730,
id3677425,
id3045724,
id2252462,
id1856577,
id3750398,
id2217580,
id0240913,
id0952172,
id2590639,
id1992505,
id0350609,
id2787352,
id2919707,
id2757172,
id1727594,
id3869989,
id0968316,
id0132476,
id3227797,
id1999272,
id3827281,
id3389826,
id0384671,
id1025372,
id1837731,
id0208886,
id3189067,
id0945304,
id0636431,
id2341673,
id0188406,
id1054281,
id3931733,
id3636363,
id2546711,
id2654157,
id0522155,
id2612140,
id2986483,
id2617003,
id2263214,
id3871240,
id3876444,
id1553880,
id3077267,
id0738026,
id0903808,
id3289746,
id2453618,
id2819455,
id3062181,
id0093096,
id3126013,
id2438184,
id0875195,
id0898955,
id2057151,
id3404671,
id1755209,
id2179754,
id3787692,
id0128743,
id2002936,
id3002124,
id3404577,
id0041462,
id1982647,
id1292208,
id2516866,
id0940861,
id0962187,
id0363836,
id1278066,
id0962523,
id2535433,
id0113325,
id1228356,
id1762083,
id0764267,
id1445244,
id2260351,
id1329461,
id3362043,
id1050066,
id1741809,
id3854389,
id1596719,
id3742963,
id3753777,
id2066220,
id0272434,
id3421557,
id3579922,
id0028383,
id2706938,
id0601800,
id3664224,
id1915724,
id1840344,
id1817431,
id2533730,
id3840669,
id0700616,
id1620970,
id0482800,
id2223094,
id1733805,
id1514712,
id1858415,
id0447657,
id3028833,
id0111251,
id1625801,
id3040032,
id3874730,
id0941199,
id3751992,
id2410921,
id1034671,
id2777459,
id3254906,
id2406813,
id1650409,
id1228240,
id2321528,
id1086883,
id0253264,
id1552805,
id0247431,
id3120189,
id1896580,
id1337096,
id3657829,
id3445745,
id3718564,
id0081111,
id0106022,
id3768979,
id2878194,
id2105444,
id1209356,
id3372020,
id1517580,
id2337347,
id2925189,
id2990625,
id3092787,
id2085282,
id0009646,
id0259839,
id1601066,
id1732346,
id1123645,
id2680029,
id0264219,
id1101247,
id0288375,
id2526788,
id0611791,
id3516301,
id2586627,
id0236452,
id2280810,
id2797733,
id2073893,
id1629525,
id2433967,
id1242293,
id2963938,
id3465342,
id2249747,
id0281981,
id2038081,
id3850421,
id0117686,
id2196949,
id3670826,
id3515099,
id0775423,
id0555609,
id3068434,
id2214784,
id3303497,
id2233855,
id2087701,
id3938530,
id0810744,
id1619831,
id2841654,
id0023285,
id2034395,
id1875294,
id3552854,
id3392216,
id3656180,
id1097231,
id1091768,
id1486759,
id1921558,
id0401434,
id0871615,
id2680761,
id3414097,
id1678414,
id3167410,
id1679255,
id2360353,
id2302555,
id2642362,
id2130936,
id3613092,
id2971297,
id2045047,
id3179683,
id3378051,
id3184492,
id1756186,
id2792446,
id2026453,
id0151045,
id1869560,
id3178275,
id3178091,
id0625429,
id0885779,
id1475549,
id1780912,
id0825846,
id0878036,
id1279629,
id2446348,
id1843249,
id1289035,
id2470912,
id2747670,
id0017366,
id1856174,
id3145101,
id1709270,
id3644667,
id1293645,
id0710155,
id1085521,
id2410465,
id1782761,
id3375609,
id1992615,
id1846516,
id0083278,
id2064728,
id1371166,
id2294038,
id2750911,
id3585444,
id3693342,
id0299326,
id0042376,
id1655578,
id0312450,
id2376914,
id2111223,
id1608428,
id1663072,
id1903928,
id3350810,
id0675085,
id3807586,
id2615329,
id2353028,
id0009061,
id2530032,
id3304119,
id2088268,
id3378609,
id3968534,
id0757790,
id0898046,
id2375561,
id1072916,
id3366933,
id1119187,
id3021636,
id1799928,
id3028721,
id0748663,
id1559425,
id0206129,
id0024880,
id0744823,
id2003905,
id0260242,
id1816912,
id1632087,
id2135445,
id3499895,
id2204863,
id0240242,
id0917968,
id0086783,
id1058597,
id0260159,
id0331873,
id1120424,
id3434753,
id1632960,
id1111042,
id0442528,
id3611265,
id0565680,
id1106644,
id1286840,
id0761108,
id0801338,
id0050456,
id3285597,
id3642540,
id1326914,
id1536045,
id0648393,
id0449591,
id0234440,
id1610486,
id1103199,
id0712448,
id0087243,
id1145371,
id0872011,
id1383798,
id3438983,
id3352277,
id1245718,
id1939659,
id3548823,
id0580087,
id3190431,
id0244893,
id1025200,
id1047551,
id2229747,
id3918212,
id0937954,
id2012254,
id0068662,
id0518814,
id0875110,
id0080273,
id2829345,
id2843230,
id2316049,
id2177498,
id1394641,
id2380560,
id3241187,
id2093884,
id1444249,
id0104571,
id0652917,
id1441289,
id0376469,
id0003967,
id3605395,
id2654560,
id3075585,
id1500129,
id0838710,
id2918115,
id2936365,
id0585940,
id3759625,
id1954294,
id0062842,
id0257590,
id2708211,
id2316895,
id3119335,
id2577296,
id2411141,
id2293432,
id2954711,
id2731018,
id3353403,
id0984485,
id1237931,
id0722302,
id1982202,
id2247674,
id0595215,
id1044688,
id2978902,
id0590344,
id1506166,
id3045098,
id0841442,
id3595095,
id0775716,
id0581135,
id1129387,
id0671056,
id2134882,
id2350080,
id2871324,
id2253477,
id3854278,
id1841567,
id0799695,
id3307613,
id0879713,
id1591639,
id0741420,
id1712398,
id1152951,
id1754284,
id1520913,
id1890261,
id3389180,
id0976938,
id3369469,
id0568384,
id3121495,
id1727607,
id3374937,
id3202363,
id3440690,
id3086893,
id1702717,
id3226782,
id0166864,
id3855672,
id2935728,
id2440193,
id2418171,
id2466635,
id1197763,
id3922503,
id2707676,
id0377383,
id2646072,
id2555724,
id3176396,
id2457349,
id0463905,
id1368821,
id0793436,
id0050869,
id1461362,
id2470667,
id2580334,
id1773613,
id2274706,
id1266110,
id0554535,
id1590895,
id0742358,
id0086366,
id0101552,
id1616503,
id3758393,
id2706768,
id1363147,
id1976235,
id3390517,
id1071118,
id1825850,
id3050173,
id3071809,
id1655872,
id1323216,
id2226759,
id2586189,
id0432380,
id0018193,
id3779405,
id0076976,
id3074325,
id3984678,
id0576865,
id0697076,
id0172428,
id2258523,
id0019373,
id0915864,
id3640418,
id2469937,
id3492285,
id3319070,
id3895229,
id1354767,
id3176958,
id0703266,
id0824172,
id1954677,
id1289024,
id3279961,
id2675475,
id1323777,
id2382778,
id1752032,
id2227932,
id2450287,
id2000078,
id2408226,
id2413540,
id3648281,
id1352885,
id1267909,
id3226346,
id1237828,
id0188414,
id3188699,
id0255345,
id1043265,
id3976180,
id2455394,
id1152817,
id3897133,
id3247447,
id1820763,
id2639083,
id3947670,
id0225293,
id1403731,
id0895389,
id0593447,
id3467067,
id2549067,
id0840989,
id1269253,
id3500562,
id1440529,
id1726401,
id3212646,
id1437045,
id2416380,
id1958100,
id3140430,
id0832549,
id2823700,
id0172351,
id0320428,
id0705117,
id1082660,
id0107844,
id0564014,
id0990011,
id2213469,
id3930321,
id3717844,
id1264983,
id1740474,
id1381013,
id3849332,
id0047819,
id2430987,
id0185832,
id1019884,
id1908132,
id2572816,
id1284939,
id1556287,
id0370597,
id3809179,
id3975636,
id2593274,
id0315933,
id2905967,
id1755732,
id0989656,
id1264306,
id0225722,
id0385466,
id2663900,
id3111750,
id2200063,
id2275735,
id2549713,
id3408588,
id2221447,
id2739170,
id2848931,
id1923548,
id1184974,
id0586512,
id0163512,
id3016616,
id0675635,
id0946107,
id1248206,
id3637273,
id3551560,
id2554033,
id3940725,
id0805874,
id2698013,
id0904672,
id3469234,
id0900052,
id3610914,
id0121428,
id3039810,
id3751692,
id2316417,
id3907330,
id2286640,
id3951835,
id3638584,
id2223765,
id2034044,
id2353865,
id1607986,
id2916268,
id1300076,
id2156970,
id3764082,
id3068819,
id3262728,
id3816521,
id1330406,
id0679961,
id2218368,
id3688478,
id3045767,
id0909835,
id1764449,
id3558311,
id3821374,
id2071482,
id2373341,
id3812173,
id3986330,
id0770624,
id3564541,
id3014846,
id3411358,
id1819999,
id3940911,
id0044227,
id3969216,
id0243984,
id0710206,
id1160468,
id2834820,
id1357424,
id1181062,
id0104838,
id2345733,
id0145674,
id0832020,
id3064138,
id2903079,
id0201039,
id0600215,
id2589072,
id2186441,
id0300340,
id2359618,
id0870197,
id1648371,
id1327376,
id3755205,
id2802397,
id3533706,
id3256715,
id2249025,
id3628137,
id3286706,
id3221795,
id1837565,
id0618180,
id2123154,
id2081968,
id1211578,
id0991159,
id2435417,
id2347517,
id3125407,
id3752190,
id1661774,
id0758566,
id1376889,
id1851067,
id0934209,
id2487533,
id2587521,
id1670391,
id0028791,
id0580708,
id2732027,
id1572572,
id0594838,
id3160476,
id0438382,
id2454882,
id3100931,
id2949327,
id1512176,
id0667772,
id3685527,
id3697581,
id3618685,
id2849732,
id2933027,
id3784279,
id2017601,
id0714266,
id0616875,
id3330950,
id2489750,
id3656825,
id3690585,
id2253409,
id0718527,
id0949932,
id3302914,
id1242893,
id2072482,
id0657681,
id2409133,
id2049386,
id1856328,
id3201077,
id0393903,
id2117589,
id2716917,
id1474255,
id1963884,
id2233142,
id1718870,
id2653419,
id3840447,
id2047836,
id0892627,
id3127046,
id1629427,
id1134270,
id3647331,
id0741860,
id0850391,
id2380010,
id2343124,
id0485478,
id3576029,
id2624581,
id3668680,
id0662017,
id2960331,
id1238436,
id3461256,
id3402943,
id1810535,
id2187656,
id0132057,
id3511363,
id1348873,
id2901854,
id3722789,
id0808330,
id2596082,
id0459042,
id1235705,
id3902164,
id0731722,
id3366211,
id3904682,
id2091496,
id0076711,
id2938095,
id2028402,
id1159078,
id3948383,
id3600156,
id3743204,
id0886734,
id3345493,
id1686789,
id1244269,
id0886641,
id2652430,
id1885110,
id2575868,
id1971049,
id1661741,
id0948686,
id2748974,
id1698986,
id3882828,
id1372972,
id1082331,
id2812388,
id2894025,
id3941576,
id2695431,
id3439400,
id1621922,
id0069499,
id1326666,
id3802209,
id0791025,
id1187559,
id0604146,
id1342456,
id1635711,
id2210917,
id1939667,
id0547368,
id1977908,
id1061382,
id0514654,
id1229322,
id0764193,
id1476903,
id1427778,
id3016496,
id1202344,
id3075952,
id2421950,
id0490761,
id3485600,
id3172690,
id3404737,
id2173429,
id1512777,
id2710452,
id1448052,
id0426481,
id1517924,
id3717395,
id1193142,
id1827752,
id0660162,
id1442380,
id3113885,
id2961163,
id2745448,
id3807496,
id0561683,
id0032108,
id2273618,
id0209693,
id0676142,
id0087868,
id0526965,
id1356324,
id2978045,
id3773242,
id2054736,
id3249366,
id0095607,
id0897590,
id2824329,
id1836422,
id0101406,
id2530589,
id2066515,
id0583229,
id2417209,
id3327115,
id1355832,
id1444733,
id1865271,
id2986127,
id0879695,
id1189746,
id2053991,
id0294101,
id0786418,
id1471857,
id1101743,
id3696039,
id3221920,
id0983647,
id3442486,
id1347582,
id1974763,
id3919437,
id1104279,
id3403611,
id3066034,
id0711488,
id2618903,
id2103655,
id1993217,
id0287541,
id3845846,
id2605996,
id1889866,
id1090726,
id2681077,
id3835956,
id0889170,
id2361819,
id0713231,
id0211573,
id2369501,
id3697817,
id3314020,
id3110517,
id2677370,
id2057484,
id2593556,
id1993508,
id2123759,
id0735726,
id0691025,
id2410367,
id0983082,
id1176908,
id1657758,
id1870644,
id3860921,
id2051122,
id0603679,
id2224498,
id3494394,
id0654211,
id0364594,
id3884689,
id1000896,
id0407075,
id2833049,
id3408074,
id3368514,
id2645109,
id1703239,
id0477875,
id3656891,
id0816180,
id3836446,
id2848706,
id3237382,
id0379063,
id0725718,
id3120880,
id2861740,
id3722905,
id0401519,
id1467419,
id2525626,
id1021973,
id3687974,
id1866580,
id3239640,
id3567438,
id0747689,
id2970539,
id3320158,
id3930253,
id3990038,
id2330097,
id1529321,
id2480340,
id0552113,
id3949680,
id1283194,
id0494066,
id1890788,
id1356720,
id2186587,
id1780556,
id3477097,
id3888345,
id2500133,
id2448702,
id1706045,
id3546164,
id2922136,
id3625301,
id2981215,
id3841941,
id3315816,
id2254039,
id1223993,
id3944719,
id0736031,
id0339170,
id2445737,
id0137951,
id0305064,
id2978949,
id3216444,
id1149330,
id3264084,
id2899885,
id2682438,
id2447640,
id3573108,
id0200970,
id0208088,
id2238590,
id2998622,
id3147428,
id3106725,
id1701231,
id3977654,
id0379191,
id3811587,
id0057019,
id1956395,
id3960085,
id0717381,
id2446633,
id1890300,
id1856963,
id2652064,
id2371191,
id1067241,
id1216643,
id0177858,
id3561283,
id2585472,
id3794379,
id3745290,
id3767298,
id3623013,
id2410437,
id0850361,
id2641563,
id1749498,
id2212499,
id1344241,
id2478323,
id1331569,
id1203602,
id1250518,
id2162305,
id2437615,
id0179621,
id1660233,
id3268263,
id0736762,
id1027947,
id1597805,
id3449677,
id2087146,
id1650776,
id1145640,
id3355616,
id2689605,
id2565504,
id1712076,
id0307243,
id0473069,
id2238127,
id3799343,
id3616319,
id1040633,
id1799458,
id3580544,
id3457918,
id1319118,
id2264759,
id1367131,
id0216897,
id0905118,
id1223884,
id3599324,
id3380263,
id3625582,
id2939441,
id3714260,
id2015068,
id0810961,
id1160488,
id1323444,
id1277637,
id3765258,
id2058157,
id0251062,
id0163150,
id2161889,
id0417886,
id3118773,
id0181052,
id0936719,
id0440087,
id2581656,
id2754201,
id0658410,
id3435085,
id2466602,
id0004942,
id0550251,
id3027812,
id1631683,
id1798949,
id2400466,
id1251211,
id0794627,
id2026815,
id2553098,
id1677229,
id1419560,
id2156701,
id0450073,
id2998285,
id1963791,
id0183300,
id1290500,
id1752205,
id3330165,
id1089229,
id2428947,
id2199285,
id3524368,
id0028074,
id3802325,
id1232946,
id0016656,
id0803529,
id1072767,
id3009330,
id0488140,
id3379674,
id2323329,
id3792335,
id0315137,
id3087116,
id1016656,
id1571653,
id1820048,
id2960849,
id2645323,
id2964122,
id1501922,
id1522451,
id2455324,
id0808192,
id0532734,
id1842265,
id3133683,
id1304627,
id0696729,
id0977054,
id2699016,
id0108548,
id0943186,
id1413976,
id0389257,
id1043547,
id1789604,
id0987559,
id3808146,
id2517992,
id3162639,
id0600042,
id0138073,
id3978693,
id2740910,
id2596159,
id2272634,
id1983499,
id0796592,
id2738289,
id3654984,
id1038817,
id0445877,
id3572539,
id1978544,
id3280783,
id0321520,
id0464709,
id0042350,
id1857000,
id0643333,
id1040794,
id0070234,
id0947249,
id0556944,
id3136590,
id2314026,
id1904909,
id0521588,
id3390595,
id1141054,
id1837312,
id2857460,
id3071464,
id0940323,
id1762977,
id2919603,
id3686345,
id1875349,
id2372051,
id1165807,
id2812933,
id0364928,
id2635924,
id2782206,
id1182106,
id0153535,
id3732238,
id3673324,
id1382947,
id3746230,
id0979206,
id2954764,
id1066198,
id1631113,
id3415017,
id0313490,
id1884009,
id0426840,
id3197217,
id1286415,
id0217130,
id2186232,
id1899864,
id1713969,
id3409859,
id1622657,
id1175464,
id1565649,
id2681695,
id1109330,
id0334987,
id1177611,
id2039646,
id1548633,
id2783896,
id1142364,
id2525124,
id3816656,
id1170138,
id0668249,
id1576265,
id0966024,
id3535384,
id1281818,
id3942473,
id3651002,
id1644598,
id1603549,
id1976377,
id2553866,
id1081065,
id2770053,
id2122428,
id2565181,
id3980503,
id0771459,
id3207089,
id2988035,
id1084108,
id0578171,
id1699727,
id1080294,
id1438110,
id0790949,
id3641463,
id2044547,
id3376899,
id2403524,
id2183109,
id2376894,
id2227935,
id2278937,
id0063709,
id0845653,
id2206306,
id0101992,
id2131227,
id2240483,
id3101548,
id3689919,
id0907789,
id3642522,
id0023431,
id3731761,
id1479045,
id0153704,
id3803774,
id1143216,
id3814120,
id0019836,
id1130634,
id2910825,
id0371309,
id3956356,
id2245284,
id1894050,
id1855535,
id3429191,
id3359812,
id1124986,
id3911271,
id0286641,
id0323086,
id0619922,
id1364130,
id3613576,
id3345780,
id1800854,
id1848200,
id0915822,
id2571359,
id2093202,
id2375625,
id2691561,
id3157198,
id1974458,
id2616820,
id3871542,
id3252787,
id3071644,
id3164482,
id1464942,
id2816771,
id3721347,
id0804352,
id1779526,
id0329399,
id1072218,
id0339241,
id1710387,
id2073812,
id0319872,
id2008282,
id2770617,
id1487724,
id1960165,
id3335785,
id0277974,
id3221964,
id0591300,
id1942911,
id3395920,
id1007821,
id2925826,
id0126220,
id1958848,
id0845069,
id1450766,
id1183407,
id0917464,
id1002558,
id1671327,
id1961073,
id3912547,
id3533054,
id0850046,
id0897212,
id1903593,
id1702570,
id1458628,
id2134427,
id3534801,
id0643264,
id3206271,
id3476572,
id0461550,
id3783717,
id1604420,
id2316024,
id0892358,
id0893659,
id0333706,
id1062218,
id3033724,
id3975585,
id1534387,
id3349579,
id2044438,
id0383193,
id1369728,
id3730961,
id3040467,
id3405671,
id2269808,
id0755672,
id2987335,
id1904128,
id3151501,
id1514948,
id1854467,
id0895227,
id2723579,
id3147719,
id1420987,
id1593276,
id1592812,
id1491967,
id1702696,
id2601377,
id2958636,
id3016896,
id2692711,
id3150237,
id3031990,
id1517479,
id3723845,
id0393140,
id0005106,
id2272416,
id3995677,
id2634016,
id3166330,
id3999195,
id3024986,
id2422810,
id0057642,
id0051329,
id1863325,
id0980838,
id0785697,
id3257892,
id0108692,
id1598374,
id3343548,
id1097014,
id2204035,
id1692386,
id2153493,
id3846081,
id0413843,
id0130367,
id0482219,
id2618756,
id0071999,
id2682513,
id1555969,
id1618934,
id1276118,
id2293944,
id1979457,
id2738058,
id0977486,
id0235502,
id3020057,
id3853473,
id3136280,
id0455580,
id2196500,
id0788389,
id2025123,
id0881743,
id3488774,
id3819232,
id3208546,
id3274058,
id1837970,
id2302726,
id1283493,
id1352525,
id3943617,
id0524070,
id3113139,
id2777576,
id1984459,
id3792741,
id1735592,
id3544021,
id1935673,
id2083898,
id0551212,
id0318571,
id3083736,
id2403788,
id3837323,
id0867908,
id2301642,
id2243387,
id1908710,
id0579131,
id0642420,
id0737778,
id0384584,
id1922254,
id1991837,
id2771428,
id0499664,
id3841451,
id1853079,
id0290727,
id2837757,
id2681185,
id1998157,
id3857824,
id1258883,
id0280065,
id2721588,
id0282421,
id2172195,
id2722099,
id0191171,
id0334742,
id0328743,
id0951406,
id1323594,
id2596642,
id2396301,
id1948349,
id3436285,
id1580296,
id3941676,
id1260847,
id1837834,
id2649246,
id0404703,
id3773524,
id3862432,
id0865372,
id1918509,
id3867557,
id1534637,
id0983322,
id3593293,
id2371094,
id3267505,
id2888778,
id1623841,
id0827448,
id2382295,
id1777743,
id1476086,
id3278885,
id2731344,
id0798014,
id1566304,
id0611208,
id3904062,
id3505256,
id2928438,
id2917122,
id1031033,
id0136292,
id0655765,
id3428363,
id2289352,
id0960741,
id1864571,
id2825597,
id1034865,
id1254903,
id0469285,
id1089593,
id2743157,
id1752376,
id3706215,
id3507958,
id3207488,
id1727967,
id3392761,
id3196936,
id2193182,
id1592761,
id1858972,
id0211875,
id2483809,
id2610658,
id3550124,
id2919550,
id3016644,
id2392113,
id1715985,
id3281476,
id2662798,
id1000332,
id3086877,
id1752158,
id3585718,
id0394502,
id3860263,
id0689062,
id2606351,
id2589121,
id1682233,
id3437225,
id1068407,
id3539184,
id0996962,
id1424089,
id1044142,
id1726522,
id3009519,
id0174410,
id3588642,
id2598606,
id2822215,
id0570361,
id1949633,
id3068562,
id3557359,
id0434333,
id3220796,
id2654724,
id1707481,
id0917234,
id1949624,
id1793770,
id1704043,
id1608890,
id0830950,
id1797024,
id0859569,
id3652650,
id2882479,
id3001032,
id2575365,
id1955487,
id3435092,
id3411362,
id3692187,
id3536561,
id2013717,
id3799841,
id1095906,
id3020552,
id3053835,
id2328208,
id3221584,
id1296185,
id0613859,
id1715568,
id3414503,
id3606788,
id0781067,
id0789331,
id2230857,
id1456134,
id1554546,
id0206422,
id1882697,
id0684620,
id0469382,
id1950918,
id2132032,
id0508879,
id2416581,
id2085062,
id1801781,
id2687942,
id1102628,
id3837355,
id0363646,
id1824833,
id0132045,
id1238001,
id2150443,
id2156346,
id0043271,
id0444006,
id1376950,
id3356431,
id3453737,
id2754550,
id0927687,
id3493697,
id3859564,
id0267801,
id2698677,
id3341926,
id0705770,
id1811839,
id1629691,
id0347598,
id3766916,
id1428665,
id2011036,
id2399116,
id1750142,
id0937089,
id2445655,
id0749736,
id1163723,
id2254318,
id3536972,
id0548238,
id1801216,
id1631034,
id1621787,
id1955535,
id2396169,
id1307760,
id3690479,
id2253542,
id1201301,
id2606438,
id1916514,
id3132429,
id1417368,
id1607105,
id2729536,
id1733184,
id0256024,
id1788836,
id0309011,
id3050397,
id1709413,
id1266373,
id1622316,
id2139497,
id2304696,
id3572192,
id2897485,
id0301225,
id2328029,
id0932080,
id0143390,
id1581463,
id2348957,
id1809171,
id3321590,
id3306502,
id3210045,
id0367316,
id1959958,
id0538306,
id3501601,
id0859303,
id3934990,
id1964155,
id2580570,
id0312382,
id3405078,
id3106950,
id3955930,
id3097245,
id1139409,
id1324406,
id2088148,
id1613694,
id0669335,
id3031966,
id3072998,
id3522816,
id1249640,
id3433340,
id3976625,
id2399333,
id3807724,
id3237230,
id0982481,
id3403496,
id2998748,
id0640038,
id0268512,
id0151015,
id3069228,
id0003643,
id1226235,
id1779220,
id0501654,
id1917698,
id3603538,
id1662397,
id0236061,
id1783351,
id0564486,
id0190648,
id2412667,
id1008672,
id0079150,
id0918487,
id1848429,
id0655086,
id2181408,
id0059102,
id3989739,
id0409076,
id1781493,
id1298493,
id0622970,
id3426463,
id2162081,
id0365503,
id2800190,
id1759691,
id0078964,
id3675051,
id3180042,
id3172393,
id3470460,
id0883423,
id1308817,
id1389855,
id3421062,
id3618122,
id0627106,
id1104206,
id3264886,
id2962210,
id2210595,
id1589687,
id1756543,
id0465267,
id1520308,
id3580506,
id2255003,
id0979923,
id2217780,
id1905013,
id1150362,
id2319286,
id3973707,
id1277847,
id1689055,
id2111082,
id0957273,
id2176844,
id0501301,
id0501081,
id0541375,
id3083539,
id1096958,
id0269607,
id2693660,
id3293630,
id0029910,
id3298928,
id3348243,
id0295085,
id1715772,
id0152053,
id2652323,
id2480674,
id3791702,
id0377920,
id0469699,
id1789558,
id2058192,
id1465239,
id0567888,
id3397465,
id0655494,
id1253965,
id3748170,
id2115628,
id1627841,
id1316964,
id0040944,
id2056159,
id2936769,
id1193280,
id1379068,
id2362513,
id3969005,
id3089902,
id0189274,
id3402427,
id2019361,
id3856252,
id3494673,
id3756545,
id0969857,
id1747798,
id2223924,
id0884060,
id3746637,
id0572234,
id0179732,
id2534291,
id0390640,
id0364418,
id0540017,
id2098549,
id1959523,
id0201824,
id0990267,
id2282679,
id0162995,
id3849803,
id3864962,
id0661042,
id2935711,
id3238112,
id2665321,
id0825675,
id2153229,
id1767248,
id3852722,
id3371207,
id1417638,
id2147455,
id1913976,
id3438259,
id0184090,
id2892212,
id0276896,
id3225450,
id1684890,
id1179256,
id2898273,
id3105824,
id0591174,
id2939879,
id0203203,
id1035669,
id2797770,
id3594179,
id1230772,
id1253431,
id0815922,
id2373144,
id3095286,
id1259012,
id3634408,
id1494977,
id0441998,
id2739650,
id1868258,
id2598526,
id0274306,
id3425075,
id3159511,
id0583092,
id0818214,
id2377851,
id2860457,
id0383601,
id3316872,
id3480498,
id2205100,
id1593952,
id3501053,
id0843043,
id1549107,
id2430061,
id0975655,
id3594214,
id0680174,
id0342160,
id2668352,
id1047105,
id1650774,
id0037209,
id0593705,
id3656304,
id2281317,
id0067146,
id3881658,
id3886538,
id1168285,
id2428924,
id2676207,
id0823389,
id3085765,
id3592264,
id3477560,
id0751813,
id3293838,
id3748288,
id0548490,
id3421315,
id1166820,
id2097458,
id2775756,
id0881430,
id1447600,
id2366009,
id0116982,
id3537375,
id3245219,
id0565312,
id2104007,
id1387676,
id3240698,
id0185672,
id3772371,
id1138822,
id3166856,
id3424172,
id1289813,
id0501198,
id3299382,
id2743152,
id1827645,
id0187208,
id1437854,
id0252311,
id1490653,
id1244817,
id1012868,
id2009575,
id0774374,
id1824769,
id2382920,
id0499041,
id1300090,
id2748774,
id1355117,
id3996644,
id3449948,
id2028401,
id1718707,
id0713902,
id1749162,
id0534830,
id1163091,
id2377394,
id0517018,
id3301818,
id2229768,
id2323060,
id3877191,
id1133164,
id3542904,
id3544343,
id2330364,
id2392556,
id0222872,
id3105360,
id0600145,
id2523045,
id3324198,
id1136492,
id1045865,
id0073160,
id0081026,
id1750642,
id3186501,
id1187920,
id3331580,
id1244815,
id0419717,
id0246610,
id0801208,
id1362141,
id1580306,
id1869125,
id1470601,
id2180385,
id2069127,
id2949342,
id0842808,
id2947334,
id0236715,
id2065038,
id2281074,
id2412253,
id1954862,
id1260510,
id2800840,
id2795464,
id2963193,
id3353328,
id1921995,
id1243613,
id1859166,
id2139343,
id1430747,
id2532204,
id2315215,
id2581451,
id3793611,
id2894660,
id1273900,
id2263934,
id0499948,
id0627416,
id2495290,
id0187936,
id3917005,
id3156985,
id0242924,
id3179481,
id0789224,
id1689897,
id3023493,
id0218279,
id2244378,
id1476178,
id1658906,
id0612004,
id3003084,
id1260728,
id1634191,
id1742294,
id0033904,
id3056130,
id0390668,
id2843893,
id3731095,
id2332233,
id2112620,
id3820846,
id1940222,
id0602591,
id2997214,
id0257003,
id0520510,
id2509817,
id2065753,
id0778221,
id3417637,
id0533146,
id2384406,
id0503061,
id2482922,
id1234816,
id2941353,
id1010320,
id0564230,
id0105752,
id3839858,
id1299174,
id3795644,
id2084635,
id0942123,
id2035109,
id0372963,
id3632569,
id3287869,
id0951204,
id3257998,
id3093914,
id1186093,
id3165037,
id3322450,
id0552665,
id0163691,
id1052200,
id0484274,
id2055032,
id3546348,
id3230092,
id3511152,
id2456050,
id3242769,
id0703437,
id0495202,
id3033544,
id1927275,
id3878587,
id0945199,
id1564661,
id3717409,
id3655721,
id1654931,
id0246730,
id1374807,
id0481920,
id1669132,
id3648363,
id3806158,
id0940446,
id0057486,
id0340824,
id3360780,
id1380872,
id2218440,
id1789016,
id0322844,
id2724605,
id1919826,
id2443692,
id0621501,
id0081543,
id1530460,
id1022336,
id1231783,
id1951062,
id1191466,
id3372735,
id3566136,
id1556716,
id3314433,
id3717331,
id3022437,
id3030213,
id0797072,
id2956991,
id2326128,
id2258315,
id0788214,
id2158041,
id1690053,
id1550367,
id1270857,
id1511500,
id3428794,
id3721271,
id0412781,
id0254260,
id2913782,
id2746400,
id2458601,
id1093418,
id1462554,
id3516056,
id2029991,
id3527474,
id1279228,
id3090986,
id2182094,
id3263261,
id1469172,
id2072415,
id1026907,
id3101558,
id1004096,
id2537285,
id0219904,
id3363233,
id0713423,
id0952532,
id3943361,
id0299860,
id0846824,
id3749253,
id2407706,
id0602890,
id1425440,
id2917743,
id3934607,
id2084049,
id2696835,
id3047125,
id0705106,
id1833146,
id0406826,
id0559962,
id0917133,
id3474958,
id3999986,
id3275758,
id2112302,
id0081237,
id0894901,
id3654103,
id0560365,
id2547122,
id1931869,
id1367759,
id2768931,
id1844053,
id3459341,
id0828986,
id3767024,
id0548333,
id0238275,
id1301540,
id1837494,
id3237024,
id1625705,
id2192027,
id1746979,
id0680945,
id0967688,
id1520286,
id3580465,
id2019222,
id2797693,
id0369850,
id2486341,
id0776092,
id0499270,
id3849255,
id1776295,
id0973973,
id1022242,
id1049957,
id1048750,
id3743304,
id2441571,
id3880125,
id0902168,
id1494527,
id1832367,
id0989532,
id1458760,
id1087057,
id3630342,
id3749286,
id2355414,
id1454927,
id3982477,
id0157501,
id0889218,
id2890548,
id2503557,
id3376879,
id1730869,
id0981035,
id2707017,
id2085991,
id3133421,
id0592332,
id1008350,
id2487999,
id0504556,
id1428324,
id3883548,
id2167039,
id0003457,
id0743956,
id2774377,
id2469445,
id1649611,
id1512167,
id1263186,
id2426533,
id1961056,
id1894147,
id0724482,
id2191993,
id0873384,
id0002852,
id2512544,
id3990869,
id3782269,
id0844853,
id3937247,
id2384154,
id3597085,
id3735134,
id3662979,
id3614655,
id3885109,
id1688687,
id2104093,
id3466392,
id2610383,
id0470465,
id1882860,
id2721238,
id0537580,
id1919910,
id0930143,
id2877682,
id2858107,
id2991631,
id1196924,
id2132356,
id3531573,
id0944859,
id2752965,
id1914382,
id2646443,
id2472881,
id3413916,
id2693338,
id1195529,
id0239551,
id2944660,
id2888023,
id1876647,
id0168342,
id3455896,
id0359049,
id0717071,
id2032387,
id3474429,
id3840366,
id3074511,
id1577680,
id2011553,
id3939474,
id2532447,
id2123466,
id3058907,
id0924807,
id0203774,
id2502810,
id3022276,
id0204979,
id3250724,
id3202375,
id3202488,
id3998554,
id3331117,
id0832043,
id2806025,
id1386168,
id1470417,
id0452766,
id0757729,
id2475197,
id1434008,
id3014576,
id3585808,
id0493665,
id0791292,
id1352396,
id3083470,
id1244373,
id1434636,
id0121518,
id1135696,
id3209776,
id3563049,
id0328588,
id3226519,
id1123208,
id0652913,
id0921903,
id0286572,
id1674100,
id2761135,
id1396166,
id1798076,
id3830141,
id1799996,
id3111727,
id2346129,
id1233577,
id2084564,
id2814343,
id0667697,
id1470108,
id2098032,
id0860860,
id3097179,
id1576031,
id2166510,
id2282344,
id2688981,
id0648938,
id1928041,
id2035715,
id2368486,
id0877539,
id3559291,
id2462512,
id1278332,
id1217216,
id1828578,
id3340847,
id1950446,
id1148412,
id2702466,
id0827798,
id2153996,
id2380747,
id3385944,
id0374769,
id3184085,
id1633425,
id2416041,
id1354697,
id3359239,
id0331967,
id0160449,
id0302763,
id1169173,
id3214627,
id3483926,
id1996288,
id0704685,
id2541671,
id2156237,
id1121966,
id2722045,
id0404139,
id0399664,
id3669167,
id2157669,
id2240292,
id2094642,
id0911831,
id3122785,
id1301461,
id3558115,
id1459606,
id2287044,
id0718222,
id1114235,
id1384249,
id2219274,
id2590206,
id2158211,
id2289399,
id2100192,
id2954127,
id0437266,
id2512259,
id0052782,
id1713543,
id3895659,
id0839270,
id3962227,
id2517282,
id0079578,
id2883641,
id3016492,
id3990292,
id1307231,
id2829141,
id3231215,
id1794423,
id0771318,
id2422982,
id3674350,
id3317396,
id1027877,
id3961513,
id0593143,
id1926269,
id1889133,
id3924503,
id2611594,
id1367602,
id3281984,
id3981726,
id3858874,
id0913006,
id3754234,
id2455409,
id1254786,
id3381128,
id2093889,
id2749918,
id3629797,
id3802737,
id3710540,
id3976908,
id0160092,
id2711528,
id3308917,
id0408439,
id1009153,
id1132115,
id1677618,
id1790478,
id0639874,
id2416795,
id3925501,
id0641059,
id2570800,
id0406059,
id3078038,
id2408158,
id2502727,
id0576875,
id3756579,
id1872901,
id3634613,
id2426690,
id2535338,
id0333335,
id2310870,
id0551917,
id3840808,
id2192277,
id0272087,
id2638263,
id0912674,
id3914825,
id0042130,
id0472277,
id0687451,
id1581936,
id1559567,
id0816722,
id0674443,
id3864967,
id3223795,
id1011380,
id2066606,
id3623264,
id2641569,
id3367147,
id1091589,
id3678900,
id2423712,
id1310674,
id3267154,
id1431128,
id3718690,
id2923419,
id2732679,
id2725598,
id0386598,
id3863339,
id2198834,
id3190261,
id2855738,
id3075554,
id3669399,
id2074691,
id3325348,
id3206282,
id3723409,
id1965449,
id2610023,
id3080049,
id2616730,
id2705064,
id2384721,
id3998234,
id1796632,
id1022727,
id3095123,
id2166099,
id2655343,
id1550460,
id2254744,
id3432320,
id2418877,
id2242121,
id0255253,
id2690958,
id1046144,
id3660291,
id2249780,
id0307138,
id1605650,
id3101411,
id3534394,
id1980121,
id0843114,
id1758231,
id1831725,
id1979401,
id1816347,
id3353300,
id2557605,
id1095179,
id1869273,
id3132085,
id2943439,
id0808465,
id0747165,
id0420123,
id3205796,
id3797013,
id3273958,
id0385069,
id2307346,
id3806485,
id1612091,
id2643667,
id2862046,
id3290860,
id3549836,
id0352974,
id2660057,
id3106710,
id0387390,
id2110457,
id1193666,
id0004780,
id3784821,
id0261696,
id3759766,
id2235348,
id1092754,
id0779623,
id1480639,
id3063376,
id1684841,
id0142384,
id2638368,
id0521684,
id0926108,
id2216016,
id1779365,
id0454367,
id2626700,
id0257586,
id3961825,
id2499617,
id0156264,
id2893144,
id2958404,
id0533758,
id3048714,
id0174431,
id0173282,
id3840347,
id3942712,
id1734915,
id2153634,
id0533294,
id0390039,
id0034347,
id3752553,
id2868616,
id2838240,
id2867392,
id2755337,
id2665880,
id2203956,
id3367506,
id2712460,
id1269069,
id2844300,
id2449825,
id2611398,
id2481094,
id2466058,
id2717281,
id1023129,
id3446943,
id2283570,
id3350620,
id1310649,
id2896885,
id1779767,
id3506371,
id2691842,
id0163026,
id3067737,
id3103113,
id2650778,
id2577080,
id3229021,
id1157262,
id1339192,
id0620603,
id3214959,
id2386697,
id2050185,
id3589757,
id1694302,
id0867243,
id3063312,
id1030866,
id2820389,
id1687771,
id3869093,
id2844016,
id2013816,
id3609512,
id0807188,
id2870054,
id3248189,
id3029608,
id0958980,
id0129415,
id2361476,
id2281187,
id1167464,
id2831765,
id3704144,
id2597968,
id0748324,
id3046275,
id0749458,
id0668399,
id0326111,
id1352998,
id0169361,
id0900900,
id1055716,
id3250819,
id0182324,
id0731335,
id2650262,
id1279681,
id3622049,
id2629759,
id3470360,
id3399435,
id0899997,
id1989623,
id0573317,
id1269365,
id1795480,
id3677781,
id3124474,
id1143690,
id1906710,
id1090100,
id0330864,
id1658646,
id2809980,
id0777312,
id3500312,
id1350672,
id0186198,
id3463126,
id3553920,
id0819598,
id0623218,
id1271978,
id3244575,
id3165917,
id1301041,
id0437453,
id0314624,
id1643090,
id1473619,
id2945325,
id3733302,
id0186349,
id1835192,
id0383949,
id3181109,
id2516630,
id0101282,
id2622300,
id2637913,
id3034919,
id0393831,
id0838546,
id2414617,
id1867725,
id0377459,
id1332899,
id1973770,
id3174799,
id0547534,
id1003578,
id2550681,
id3661255,
id1071612,
id1606805,
id3035890,
id0373293,
id2484143,
id1828213,
id0962249,
id3035587,
id3632113,
id3325308,
id1192348,
id1959448,
id0230119,
id2093802,
id2463916,
id3129374,
id2298081,
id2874385,
id3463938,
id2556045,
id3936621,
id1093137,
id3699030,
id0308361,
id3603336,
id3534709,
id0617610,
id3246084,
id2577617,
id0812707,
id2898247,
id3115997,
id3060056,
id3767116,
id2121023,
id0791806,
id2308379,
id3941706,
id3431035,
id2268847,
id3056436,
id3749082,
id0093654,
id2274200,
id1379111,
id0248263,
id0641675,
id3678312,
id0425208,
id2334542,
id2992304,
id1090300,
id2165959,
id3348355,
id3441121,
id2082550,
id0638080,
id0822492,
id3208391,
id0669875,
id2801192,
id2572710,
id0168299,
id0134814,
id3579185,
id0275156,
id0022723,
id1360182,
id2460786,
id2946590,
id1816049,
id0485417,
id0319495,
id2900386,
id0733625,
id2909017,
id0695212,
id3756071,
id3722745,
id3899091,
id2564147,
id2670226,
id1773028,
id2745333,
id1971792,
id2027553,
id1589617,
id1806829,
id3060249,
id3949636,
id1680573,
id2965284,
id2295505,
id0061543,
id1323391,
id3602192,
id0986225,
id3299052,
id1335269,
id2032037,
id0077248,
id1689025,
id2875255,
id3908588,
id1951729,
id1839113,
id2563510,
id1851524,
id0596283,
id0997388,
id1108592,
id3320652,
id2891115,
id2147494,
id2945752,
id1664415,
id1574841,
id3196502,
id1245475,
id0293045,
id1959372,
id0842133,
id2481976,
id0804162,
id0503538,
id2135407,
id3213497,
id2088028,
id1271265,
id2482022,
id0013202,
id0450716,
id3249408,
id3293656,
id3616278,
id2903735,
id1977926,
id1415677,
id3403524,
id2341360,
id0711329,
id2700529,
id0771626,
id0544521,
id1525963,
id1751336,
id0624442,
id0571675,
id1210524,
id1047169,
id1013051,
id1811756,
id2433002,
id3130981,
id0146905,
id0488860,
id0386006,
id1349280,
id0218769,
id3738194,
id1155442,
id2751666,
id2328759,
id0751548,
id1257604,
id0936668,
id1052125,
id2667533,
id2068245,
id3435017,
id3442852,
id1221574,
id1450130,
id0385327,
id3613077,
id3057643,
id3681980,
id2536019,
id1588829,
id0872137,
id3884211,
id1583576,
id0524491,
id1675702,
id1279157,
id2619320,
id1729100,
id3458271,
id2575255,
id1537149,
id2869005,
id0457242,
id0329674,
id0279613,
id0627179,
id3138774,
id3044373,
id3724417,
id0366772,
id3806395,
id1682834,
id1671254,
id2552117,
id3413269,
id0065285,
id0606592,
id2776915,
id0281022,
id0505440,
id1460930,
id3104208,
id0977708,
id2060070,
id1851966,
id3646988,
id1482730,
id1440263,
id3020768,
id1508157,
id2902224,
id3594825,
id1366442,
id3821229,
id1490635,
id1795465,
id0121652,
id1772408,
id2053084,
id2289854,
id0670340,
id1114550,
id2830024,
id2708243,
id2331761,
id0554328,
id2715559,
id1430319,
id3207222,
id3810905,
id0076973,
id1463530,
id3039331,
id0285781,
id3719543,
id3936866,
id2869296,
id0146188,
id0299325,
id2715993,
id0397250,
id2002894,
id2801024,
id2299430,
id1989410,
id0489431,
id3962864,
id1802272,
id0786195,
id0816020,
id0109125,
id3756814,
id1361943,
id0509431,
id0384337,
id3991515,
id2652449,
id1042278,
id0249070,
id1100001,
id3303363,
id2684049,
id2581746,
id1878930,
id3735342,
id3778153,
id2831077,
id1749734,
id1278568,
id0238645,
id2419014,
id1924646,
id1413254,
id2212419,
id2893092,
id2611066,
id0996432,
id2525131,
id2489792,
id2622561,
id3505448,
id1243637,
id0912482,
id2634868,
id0165478,
id2462575,
id0016018,
id2822493,
id0888908,
id1442944,
id1236221,
id0466908,
id2916732,
id1708854,
id1295041,
id1768918,
id2614516,
id0549981,
id1743162,
id2484752,
id0537863,
id1646040,
id2545725,
id2798110,
id2298788,
id2695358,
id0978179,
id0554263,
id3854487,
id2107673,
id1328174,
id0734004,
id0505082,
id1947258,
id3791169,
id3153045,
id3662898,
id2499100,
id3088057,
id2212048,
id1218832,
id1308812,
id0763766,
id1988181,
id1724381,
id3031307,
id3156791,
id2147206,
id2550854,
id0882513,
id0059046,
id1958861,
id3453589,
id2671101,
id2454909,
id1850196,
id1268617,
id0262683,
id2128520,
id2806125,
id1652266,
id0784066,
id0995231,
id0455486,
id3674045,
id3424824,
id0294995,
id2268254,
id2537839,
id2522457,
id3928143,
id3527006,
id2156772,
id1503971,
id2833552,
id0305260,
id1560724,
id1201071,
id0736523,
id3596435,
id2864090,
id2828934,
id1525044,
id1214039,
id3991049,
id0110260,
id0702677,
id0969880,
id1081306,
id2234711,
id2423550,
id0224260,
id1747185,
id1571855,
id3419244,
id2197993,
id3306623,
id3696648,
id1005615,
id0222296,
id1317069,
id2756398,
id0388132,
id2892186,
id0548497,
id3186529,
id3195628,
id1254974,
id3378927,
id1180922,
id2366934,
id0388008,
id3516995,
id3872370,
id0626500,
id2021646,
id2367318,
id2880189,
id2293051,
id3693548,
id2933738,
id2973202,
id2483437,
id3959425,
id1814938,
id2350679,
id2438282,
id0726959,
id3703976,
id2269233,
id3558922,
id1610365,
id3001179,
id0732236,
id3815023,
id0822248,
id3404730,
id1673215,
id1987734,
id3715785,
id2061422,
id3894633,
id1289073,
id2865346,
id2936902,
id0905484,
id2393096,
id1064951,
id1708467,
id0996349,
id3812537,
id3284707,
id0981953,
id3126311,
id2170427,
id0441126,
id1751725,
id3677070,
id1080706,
id2163684,
id0963034,
id3322353,
id0963661,
id1667787,
id2496433,
id1986723,
id3745762,
id2119884,
id2903387,
id2458159,
id0280951,
id0506073,
id2050357,
id0466516,
id0719228,
id0764811,
id1741536,
id2731531,
id1433155,
id3909610,
id2394577,
id3050119,
id1661576,
id3455863,
id3127361,
id0291503,
id1158256,
id0965205,
id1884171,
id0041028,
id0545150,
id1606429,
id2638810,
id2808188,
id0341429,
id0283182,
id3702122,
id0877606,
id3725484,
id3287999,
id0396220,
id1988752,
id0904965,
id1039470,
id0780934,
id1938926,
id2960383,
id2658649,
id3570588,
id3231363,
id3012251,
id1835556,
id0285935,
id1244077,
id1058463,
id2046665,
id3248733,
id1801160,
id0882555,
id1597586,
id2857266,
id2332850,
id2795373,
id3456526,
id3137840,
id2724629,
id3226004,
id0087840,
id3821852,
id1327848,
id2613724,
id2020003,
id0386382,
id2761253,
id3166801,
id0009861,
id3032427,
id3377310,
id1759058,
id1055889,
id2685444,
id3995856,
id3109608,
id3276851,
id1589562,
id1818108,
id3171879,
id1322831,
id2385968,
id0428293,
id1771230,
id1356493,
id1697217,
id3924725,
id1668665,
id2828589,
id2249961,
id0048152,
id0754626,
id3506480,
id2528612,
id1251042,
id0324582,
id0264295,
id3495862,
id2028006,
id0134317,
id3827321,
id1506713,
id1468208,
id2827246,
id2445915,
id0726898,
id3623239,
id1251947,
id0148825,
id1660800,
id1347794,
id2265870,
id1854858,
id0476586,
id1983805,
id1229064,
id0499418,
id0849478,
id2461026,
id3183988,
id3304406,
id3373761,
id2099917,
id0179569,
id2236092,
id0381310,
id0694582,
id0975257,
id0002339,
id3468504,
id0482432,
id1043596,
id0999495,
id0066278,
id1672252,
id1158491,
id1845016,
id1650464,
id3986174,
id3861699,
id3536630,
id1938198,
id0304412,
id2919333,
id1544081,
id2837917,
id1083696,
id1753881,
id1649654,
id0848652,
id3786348,
id0817333,
id3721041,
id1326341,
id1088430,
id3576349,
id3180864,
id1057874,
id1378872,
id0962069,
id0764931,
id2432013,
id0047848,
id0927449,
id2826160,
id2260634,
id0541501,
id1423601,
id1996168,
id2810219,
id3677211,
id3979901,
id3327154,
id3839032,
id3396663,
id1846369,
id1913052,
id1000013,
id2108593,
id0253173,
id3114216,
id1753366,
id0030376,
id3583246,
id1435693,
id3818512,
id3494534,
id3220978,
id2572210,
id0391102,
id2235245,
id2163814,
id2624378,
id1968170,
id1668064,
id2374992,
id0470895,
id3993427,
id0284613,
id0402510,
id2666943,
id2298318,
id1007527,
id3928578,
id3860615,
id0353392,
id2678532,
id2603933,
id1251099,
id3709972,
id0550333,
id1444955,
id3273733,
id1328862,
id2351556,
id0871544,
id1927469,
id3679171,
id0035660,
id1625525,
id3386602,
id0367657,
id1182453,
id2860278,
id0797692,
id3996472,
id3478767,
id1360061,
id0780195,
id2583983,
id1562028,
id3253567,
id1260099,
id2787426,
id2132039,
id3642486,
id3708154,
id1999416,
id1899360,
id2131364,
id2149885,
id1314242,
id0279375,
id1200531,
id3958095,
id3831572,
id3375373,
id0139282,
id0135157,
id2255521,
id0858224,
id0423685,
id1304188,
id0243791,
id0839038,
id2931156,
id2465532,
id2268759,
id1723966,
id2486941,
id3558961,
id0905142,
id1473745,
id0564126,
id2311811,
id3688594,
id1706148,
id0860336,
id1738471,
id2038480,
id2579510,
id1988337,
id2275019,
id3174407,
id1762700,
id3726784,
id3699197,
id1094939,
id2209278,
id1190412,
id0235650,
id3294339,
id3215279,
id3966745,
id3397144,
id2282343,
id1067159,
id0301333,
id1380738,
id3762073,
id3686895,
id3634417,
id2488065,
id1411612,
id1844004,
id3590487,
id2055657,
id2831290,
id1695517,
id1204592,
id2408366,
id0026984,
id1018685,
id0400767,
id3953548,
id2243285,
id0939487,
id0274709,
id3177961,
id2829716,
id1944196,
id2714687,
id1228230,
id3921575,
id3875712,
id0462982,
id1034441,
id2794913,
id3796135,
id0623097,
id3649497,
id0650848,
id1846404,
id3639079,
id1291221,
id2821366,
id0979226,
id3081799,
id1588170,
id2535523,
id3559861,
id1041682,
id0006824,
id0014058,
id1640774,
id0792444,
id3080418,
id0036068,
id3708194,
id0744652,
id0240002,
id0356278,
id3796252,
id0595446,
id3686230,
id3877385,
id0256230,
id2823618,
id1986422,
id1860684,
id1298873,
id3614187,
id0447101,
id3459418,
id0677080,
id0873206,
id3335039,
id0327774,
id3396772,
id2004613,
id1858406,
id3160122,
id1572202,
id3390155,
id2018809,
id2761304,
id0186276,
id0705848,
id1490613,
id3658837,
id3091951,
id3696212,
id2869591,
id3409081,
id1081947,
id3418396,
id3189630,
id1358764,
id2183982,
id3247444,
id0790113,
id0082224,
id3179816,
id2099151,
id2848537,
id3560005,
id2016552,
id0883185,
id1214067,
id0172253,
id3213100,
id0596691,
id0095802,
id2657406,
id3750481,
id3468467,
id2698450,
id1575357,
id3218983,
id0340689,
id3610015,
id1978787,
id2238488,
id2167682,
id0396810,
id3808524,
id0088357,
id2759277,
id2754525,
id0923328,
id3660878,
id0882183,
id3210132,
id1198655,
id2197800,
id2983144,
id1849221,
id0418754,
id0880007,
id3781725,
id2685816,
id3943139,
id0144116,
id3704447,
id2787580,
id3688390,
id1057450,
id2652504,
id1294027,
id0340081,
id1429066,
id2004943,
id0810808,
id1811565,
id1538480,
id0910199,
id2564692,
id2489340,
id0934333,
id3158609,
id0323687,
id1214573,
id0362879,
id1387690,
id0567017,
id1467277,
id0378853,
id2941637,
id2768370,
id0573118,
id2466466,
id2897643,
id3579043,
id0059688,
id1501690,
id0049127,
id3917290,
id0270658,
id2363159,
id0495081,
id3329559,
id0486232,
id0202767,
id3349486,
id0059892,
id1201401,
id2122211,
id3115431,
id1053259,
id1002678,
id1773725,
id2973539,
id0350526,
id1729725,
id3073604,
id0814942,
id2437843,
id3662056,
id2536255,
id1672701,
id1452493,
id1939922,
id1103249,
id2267957,
id0669101,
id3198543,
id1860765,
id3596919,
id0301184,
id3734170,
id2841702,
id1461333,
id3151500,
id2775134,
id1628646,
id0486674,
id2225003,
id1874576,
id1853000,
id2328157,
id2161993,
id3763070,
id1620038,
id1763035,
id1588712,
id0099699,
id0585774,
id3833402,
id2930189,
id2930169,
id2807480,
id0160409,
id1629663,
id1630106,
id2837714,
id2477624,
id1308947,
id2649629,
id3759895,
id0072679,
id1819322,
id2699385,
id0572099,
id0100639,
id1972383,
id3249642,
id3846379,
id2639829,
id3006530,
id2182274,
id2985197,
id1952680,
id0320920,
id3928658,
id3985088,
id0472496,
id1747182,
id3677718,
id2295674,
id2558941,
id0341248,
id0913992,
id3930460,
id1834923,
id2396898,
id1822472,
id0799239,
id0843148,
id3715386,
id1143115,
id3021881,
id3353857,
id2007667,
id0220854,
id1865829,
id0411736,
id0810788,
id3561008,
id3356978,
id3926574,
id1273739,
id2016058,
id3166333,
id0905405,
id3165581,
id1858064,
id1994133,
id0485710,
id1197187,
id2917112,
id2040374,
id2789450,
id2405527,
id1635831,
id0061348,
id0627644,
id0030823,
id0328450,
id3185131,
id2492023,
id2026580,
id2524142,
id2735485,
id2921745,
id2046830,
id1115357,
id2738925,
id0405597,
id2571653,
id0973671,
id2125285,
id3315444,
id3044279,
id3948418,
id0086436,
id1932648,
id2465650,
id2730603,
id0078039,
id1429133,
id1789747,
id2847468,
id1057152,
id0790962,
id1450644,
id1909040,
id3941986,
id3585551,
id0262439,
id1197428,
id2047698,
id1965847,
id2566236,
id0066329,
id2961686,
id3495603,
id2546496,
id2982069,
id1347873,
id3218179,
id3590954,
id2310296,
id1345342,
id3608022,
id3947413,
id0999285,
id1966757,
id1121330,
id0724684,
id1585995,
id0805406,
id0428584,
id3423003,
id3083669,
id0489685,
id3979992,
id3856247,
id2725400,
id1479299,
id2302448,
id1906735,
id0855299,
id1191593,
id3114056,
id3415172,
id0316200,
id1963075,
id3971743,
id3293629,
id0898160,
id2905754,
id2111923,
id3163312,
id0334994,
id2408734,
id0618991,
id2875082,
id2589838,
id3097478,
id0623845,
id3916281,
id3658893,
id1978185,
id0270663,
id2720967,
id3391615,
id1222618,
id1279795,
id3342022,
id2832463,
id0902920,
id3006713,
id1438390,
id2026001,
id1151400,
id3264786,
id0417346,
id1137921,
id1786480,
id0350479,
id2699503,
id1201587,
id1816935,
id3295634,
id0564517,
id2320100,
id2797066,
id2261907,
id3118544,
id1692199,
id1229850,
id1254607,
id2593709,
id0541332,
id3839609,
id0582786,
id0205290,
id1368759,
id3183247,
id1363358,
id1507942,
id3266789,
id1825908,
id2863247,
id2642257,
id1077119,
id0129612,
id0787402,
id2042563,
id3830711,
id0756168,
id2284371,
id1388960,
id3491672,
id1139911,
id0492496,
id3134643,
id1051128,
id1268776,
id2627273,
id1313061,
id2213068,
id2567642,
id2867710,
id3213239,
id0820000,
id0260392,
id2057547,
id1219103,
id3963396,
id3149264,
id3423476,
id2148665,
id2269077,
id1145727,
id3879194,
id3693607,
id0885207,
id1317520,
id3127927,
id0039223,
id3543206,
id2710464,
id2260514,
id1587774,
id1601592,
id0257331,
id0064465,
id2062807,
id0155460,
id2635163,
id2752098,
id0957603,
id0568120,
id1220912,
id0273864,
id3443015,
id3175547,
id3314517,
id3110341,
id0224605,
id0228491,
id0818067,
id0924500,
id3490014,
id1571200,
id2699041,
id3593487,
id3707252,
id0877902,
id3170298,
id2578767,
id2539333,
id2433975,
id3014724,
id3396698,
id2008097,
id0200193,
id1601909,
id0446326,
id3055193,
id1372659,
id2125912,
id2734440,
id0322955,
id1621379,
id0487190,
id2082194,
id1265929,
id0702010,
id3861052,
id1960930,
id2705357,
id0036377,
id3511975,
id3373116,
id3648549,
id1934051,
id0614352,
id1938071,
id3803003,
id3963834,
id2917660,
id3060796,
id3675517,
id2362716,
id0486480,
id2936604,
id0528510,
id1540724,
id0257758,
id3783603,
id1186496,
id1533042,
id2799183,
id2109518,
id0621521,
id2198905,
id0830825,
id1545885,
id0690149,
id3256984,
id1228808,
id2173471,
id3231726,
id3792754,
id1829966,
id0864366,
id1176646,
id0809932,
id1180596,
id3067880,
id0102448,
id2207891,
id1677939,
id0098339,
id2525683,
id1744110,
id1507799,
id0467829,
id1538012,
id3739022,
id2516425,
id0152890,
id1510804,
id2864795,
id3469086,
id1447008,
id3029717,
id1739802,
id0308947,
id0072890,
id2442124,
id3494523,
id0097068,
id1539706,
id1828555,
id3633898,
id3705658,
id1690740,
id2690581,
id1537165,
id0922031,
id0275812,
id0135315,
id0387001,
id2931275,
id1062849,
id2760680,
id0134098,
id3917479,
id0850302,
id3116877,
id2177681,
id0481497,
id0886963,
id3442076,
id3156397,
id1398894,
id0196276,
id1350614,
id3841864,
id1908788,
id1062570,
id1322844,
id2310956,
id1109213,
id0738965,
id0010277,
id0566529,
id0861953,
id3340409,
id1916246,
id3467517,
id1129917,
id3013400,
id3351131,
id0436001,
id1545857,
id3509854,
id1468275,
id0797035,
id2575942,
id1554014,
id1059001,
id0965610,
id3156677,
id0946130,
id1768107,
id1269975,
id1348760,
id2622362,
id3367378,
id3224154,
id1515631,
id0153253,
id0378647,
id2837601,
id3251732,
id3774764,
id0947228,
id3840498,
id1257993,
id1889276,
id0958540,
id1339097,
id1423397,
id2447692,
id2049380,
id1456970,
id3382323,
id3573476,
id0778611,
id1415258,
id2771263,
id2396058,
id3305742,
id2750766,
id2381904,
id3311513,
id2991484,
id2492946,
id2101970,
id1552365,
id0106123,
id1343767,
id1020728,
id0175180,
id2372589,
id1028122,
id2566010,
id1695161,
id0553552,
id2063161,
id3796105,
id1960656,
id1954510,
id0644638,
id3911228,
id1392326,
id0161699,
id1008716,
id2078193,
id3243826,
id0352199,
id1629016,
id2827552,
id2027809,
id3588551,
id1453450,
id0293788,
id0933107,
id0789021,
id3323940,
id0194773,
id2497405,
id0347686,
id2023161,
id3391385,
id3421392,
id3667093,
id0231190,
id2998536,
id2863366,
id2616979,
id2458460,
id0858667,
id0759784,
id0856386,
id0702586,
id1592449,
id1480045,
id1147598,
id0996993,
id1224906,
id1439181,
id0456752,
id2100083,
id1107541,
id3087403,
id2712551,
id0656665,
id0307294,
id3597464,
id3823253,
id1069928,
id1348341,
id3719518,
id0184955,
id2818123,
id1738153,
id0768527,
id2649582,
id3323318,
id1036869,
id3310466,
id0765761,
id3762098,
id0022909,
id2939094,
id1399021,
id2214728,
id3804919,
id3850170,
id1360420,
id3917170,
id1467488,
id1264465,
id1043886,
id2274832,
id1267297,
id0416872,
id1920893,
id0515587,
id2958158,
id2517376,
id2213684,
id3735743,
id2196956,
id2664104,
id0048064,
id2971666,
id1298458,
id0733441,
id0762049,
id2292759,
id1832908,
id3725007,
id1853137,
id2352323,
id1260950,
id0975169,
id0169514,
id0376753,
id3920174,
id3502639,
id2563590,
id1946504,
id2305382,
id2452685,
id2888196,
id3114413,
id2473877,
id2276973,
id0672083,
id2468773,
id2662385,
id2402065,
id3337069,
id1284813,
id3588307,
id0831315,
id2164655,
id1673093,
id0247700,
id1130473,
id0078575,
id2482774,
id0774857,
id0072203,
id2993471,
id1225265,
id3779712,
id3992166,
id2610522,
id2312844,
id0277888,
id3939871,
id3818122,
id3696011,
id1808808,
id2086275,
id2487379,
id3949278,
id1898254,
id3269594,
id2399711,
id0287685,
id3212431,
id3203024,
id2185438,
id2403346,
id0266250,
id3480468,
id0568575,
id1925404,
id3811739,
id0546257,
id3706198,
id1926959,
id0615168,
id1012584,
id3560665,
id0730150,
id2487113,
id1322890,
id0908372,
id0689943,
id2055765,
id3910445,
id0962689,
id0708729,
id2665362,
id2616019,
id2922388,
id1731118,
id0841944,
id0858248,
id3800946,
id2530671,
id3546343,
id1998920,
id2762210,
id0536389,
id0359010,
id0904768,
id1994071,
id3046935,
id2018400,
id0452019,
id1555949,
id3439190,
id0901519,
id2866722,
id1992727,
id2895242,
id0038669,
id2784470,
id0826139,
id2901786,
id3086503,
id3122708,
id3568925,
id2082572,
id3636721,
id1074789,
id1757535,
id3407143,
id3241442,
id2717035,
id1128343,
id3902515,
id2688005,
id1412234,
id0246110,
id0014758,
id2872049,
id1468552,
id0685042,
id2799396,
id3265496,
id3992817,
id0488611,
id3581581,
id0571871,
id0476284,
id0021271,
id0416174,
id3286639,
id3361401,
id2817334,
id1807246,
id1255601,
id0994568,
id0516840,
id3173746,
id2659564,
id1427307,
id0970626,
id1832113,
id0518644,
id0966163,
id1730912,
id2313478,
id1650052,
id2136955,
id0490204,
id1627253,
id2584415,
id1195270,
id1901493,
id3643623,
id3982676,
id0131794,
id2165421,
id0625309,
id2750783,
id1814455,
id0582875,
id2956919,
id2198825,
id1356970,
id1221546,
id1405517,
id2999172,
id0676925,
id3778011,
id3251610,
id2475690,
id0957702,
id1510249,
id2646456,
id3506812,
id0065952,
id1728396,
id1045866,
id3711020,
id1530713,
id0968241,
id3807372,
id3197455,
id1574563,
id3012532,
id3053614,
id2527520,
id2951930,
id1138004,
id3024506,
id2432432,
id1251630,
id3270728,
id1466389,
id0426860,
id2910334,
id0954734,
id1199216,
id3778453,
id0885927,
id0812345,
id0826701,
id1884905,
id2590447,
id1703344,
id1205338,
id3683015,
id0903630,
id3314293,
id2779887,
id2832216,
id3161165,
id2830604,
id1276779,
id3425501,
id0582684,
id1261400,
id1414764,
id2451525,
id3232790,
id0320720,
id1541108,
id2401710,
id3527704,
id1347409,
id3115447,
id3067894,
id3686955,
id3056150,
id0822161,
id2086191,
id3320491,
id0311511,
id1003257,
id1100260,
id1098052,
id1257236,
id2845920,
id3282666,
id2653917,
id3109527,
id0204545,
id2881959,
id2176204,
id3720364,
id1598023,
id2112913,
id3785717,
id1349566,
id2967586,
id1616314,
id0432424,
id1851301,
id2412239,
id2055667,
id1586857,
id1119928,
id3357991,
id3392462,
id3293404,
id1893981,
id1767381,
id0330933,
id1671270,
id2508114,
id3981570,
id2788783,
id2957156,
id0379398,
id1438417,
id2027717,
id1019738,
id0040121,
id3949545,
id2065862,
id0467997,
id3715967,
id0267474,
id1632509,
id0153971,
id0415743,
id0061350,
id2591961,
id3389874,
id0268305,
id1723803,
id0392943,
id0961526,
id1292715,
id2027445,
id0669583,
id1284089,
id1241428,
id3272635,
id3414111,
id2080568,
id3612722,
id2553506,
id2567997,
id0233317,
id2930076,
id1850031,
id1714757,
id0755674,
id0478143,
id3376490,
id3135457,
id0004703,
id2123611,
id1649965,
id0765154,
id0457947,
id0661646,
id2193300,
id2894555,
id0652001,
id2009074,
id1421668,
id2366853,
id3446350,
id0568982,
id3508760,
id2650448,
id1132691,
id3860846,
id2045393,
id3376659,
id1202198,
id1962321,
id0681645,
id2065881,
id2478301,
id2100415,
id3640044,
id0457474,
id0501035,
id1076707,
id2764339,
id1111927,
id1836412,
id3998657,
id3981548,
id3820866,
id0371133,
id1219496,
id1004449,
id0713993,
id3949978,
id2044417,
id1160262,
id3377390,
id0036270,
id2002758,
id1980473,
id1678763,
id1942649,
id1466897,
id0054852,
id1994155,
id3439085,
id0648715,
id1767169,
id3172251,
id2460211,
id3321341,
id1139493,
id0068928,
id2651919,
id3975127,
id2361947,
id3838300,
id1548760,
id0447822,
id1564947,
id1442767,
id0326888,
id3384035,
id2985603,
id0927552,
id3324666,
id0847627,
id2600930,
id0800592,
id1965488,
id0727948,
id1553844,
id2729257,
id3204580,
id2765805,
id3640554,
id2709476,
id1362300,
id1027869,
id0921226,
id2760571,
id1163624,
id2167531,
id2653794,
id1247766,
id0995043,
id2227535,
id3318082,
id2651303,
id1281617,
id1644479,
id2875426,
id2416752,
id2897711,
id2554393,
id2785985,
id3207103,
id2413702,
id3906533,
id1153728,
id3657195,
id0219415,
id3526806,
id0426324,
id2219800,
id2389659,
id3155099,
id0476803,
id3370281,
id3793050,
id1798165,
id1604789,
id3102304,
id1036729,
id0157435,
id3180327,
id0587555,
id3789957,
id2485644,
id3611599,
id3150597,
id0053985,
id2609108,
id2829172,
id2410440,
id3585997,
id3401512,
id0191047,
id3260246,
id3947156,
id3757776,
id0832953,
id2309276,
id2251113,
id2564716,
id0265334,
id3989008,
id0789135,
id1590756,
id1756648,
id2589141,
id2061403,
id2009620,
id3074087,
id0278382,
id3387020,
id1795390,
id3070139,
id3207000,
id0458578,
id2003593,
id3600437,
id1518156,
id2944973,
id2974644,
id2951665,
id2508447,
id1680013,
id2097039,
id2017966,
id0816374,
id1863491,
id1811878,
id3174879,
id1798455,
id0907502,
id3580328,
id0130508,
id1866812,
id1655804,
id2120282,
id2332848,
id1614835,
id0268495,
id1167160,
id1186046,
id1201064,
id1047482,
id2025752,
id2303103,
id0852981,
id3387078,
id3423858,
id3754933,
id3399823,
id2569984,
id0676832,
id0164387,
id2997400,
id0102128,
id1676955,
id0460252,
id1373521,
id0282508,
id2141624,
id3814624,
id1066952,
id1793875,
id0954987,
id3297084,
id0291012,
id0053581,
id0823715,
id3116082,
id1728607,
id3344729,
id3895434,
id3479430,
id3705586,
id3498977,
id3413886,
id0533265,
id2432498,
id2906558,
id2788625,
id2189717,
id0111290,
id1713075,
id2295518,
id0617476,
id2032724,
id3601167,
id0050191,
id3806590,
id2674847,
id2316179,
id3655609,
id3730895,
id0169553,
id0890712,
id1672896,
id3269948,
id2293010,
id1062021,
id2437855,
id0346648,
id2111972,
id1531741,
id2375087,
id3025931,
id0629736,
id3365518,
id0169379,
id2346351,
id3378098,
id0563060,
id1315756,
id0685585,
id2644620,
id0148223,
id1167972,
id1420012,
id3028830,
id3115943,
id3750971,
id1524320,
id2352112,
id1590462,
id1594614,
id1482618,
id1982573,
id3226532,
id2393936,
id0005214,
id2846249,
id3190832,
id3849208,
id1791284,
id1848660,
id1738083,
id0055546,
id2485821,
id3640448,
id1428426,
id3258448,
id1947400,
id1152706,
id2746754,
id3980447,
id3952408,
id0179291,
id0678414,
id1342075,
id1682991,
id1650037,
id2325041,
id3265642,
id0982826,
id1174228,
id2962065,
id1503345,
id3545604,
id0927688,
id2515352,
id0811146,
id2291993,
id0804606,
id3856862,
id1821650,
id2672520,
id0930498,
id0410996,
id3892605,
id3009884,
id0429425,
id2031489,
id0220805,
id3838355,
id0218649,
id3943880,
id0729911,
id3719472,
id2685120,
id2064006,
id1398065,
id3229176,
id3326773,
id1659048,
id1179046,
id3334241,
id1494952,
id0008448,
id2707618,
id1326743,
id3025142,
id3403009,
id2084032,
id3764596,
id0385569,
id3191877,
id3044421,
id3104850,
id1278692,
id0834911,
id2317265,
id3723404,
id0805049,
id2478729,
id1727488,
id0008784,
id3546720,
id1833129,
id3440441,
id0602336,
id0165131,
id0223030,
id3119804,
id2013468,
id2704321,
id0652976,
id3258528,
id2521818,
id2704451,
id2013722,
id0521707,
id0604306,
id3316803,
id2534830,
id3014113,
id0117085,
id1437510,
id2198194,
id3945028,
id3871710,
id0656592,
id0461021,
id2038538,
id0581053,
id3354399,
id1453253,
id2244605,
id2955853,
id2642876,
id0997605,
id0809106,
id3313138,
id2479185,
id2402293,
id2629091,
id3460125,
id0350998,
id0957883,
id2203499,
id0630594,
id0616418,
id2879917,
id1045025,
id3270824,
id3871629,
id3795988,
id0773022,
id0390415,
id2960282,
id3289709,
id2119142,
id1942566,
id1187566,
id3790213,
id3944144,
id3432186,
id0349599,
id0178278,
id2463373,
id2732059,
id2197711,
id1410377,
id3015707,
id1055741,
id1316098,
id2012665,
id1512551,
id0069847,
id3618948,
id0638642,
id1950639,
id1197196,
id0031918,
id2447114,
id1390689,
id3561873,
id2779957,
id0438547,
id0060444,
id2560599,
id2076637,
id0997363,
id2572157,
id2257757,
id0413794,
id1971199,
id3844962,
id3085963,
id2925899,
id3005914,
id1101797,
id2601053,
id2631983,
id3443853,
id1820180,
id3731435,
id1623927,
id1489180,
id1211235,
id1978190,
id0265778,
id1161413,
id1344845,
id1998690,
id0986178,
id3618170,
id1563764,
id1329524,
id2305494,
id1731087,
id2418070,
id1410553,
id0908907,
id1307200,
id2921460,
id0468637,
id0088891,
id2659322,
id3564727,
id2324536,
id2864861,
id0580100,
id1955176,
id3366453,
id3886308,
id2398353,
id3769464,
id3432817,
id1898686,
id3537777,
id3507784,
id3872170,
id0697124,
id3808990,
id1746985,
id2271354,
id0993623,
id2845528,
id2399522,
id2586245,
id1723372,
id1510591,
id1576801,
id1848129,
id3066777,
id1941391,
id3032231,
id2596638,
id0242165,
id0169676,
id1461820,
id0287924,
id2912124,
id0688676,
id0956875,
id0087902,
id2947124,
id2568497,
id2760455,
id2880636,
id1711857,
id0291829,
id1275022,
id0562659,
id0147726,
id3061024,
id2683128,
id2200243,
id0422255,
id3290200,
id1381683,
id2388757,
id3955760,
id3813159,
id0958749,
id2224542,
id3040646,
id2657831,
id1536570,
id3699625,
id2727852,
id2523163,
id1429499,
id0851364,
id1850098,
id1337127,
id1172185,
id2733247,
id2038346,
id0869866,
id2677920,
id1532730,
id1156614,
id0345359,
id2506664,
id2120463,
id0006564,
id2824609,
id0616885,
id0668978,
id2581676,
id3340742,
id0749310,
id3535175,
id3714246,
id1665122,
id3071021,
id1538221,
id0186347,
id1276011,
id0065429,
id0998112,
id3046981,
id1987311,
id0825794,
id3055975,
id0044136,
id3347892,
id0226508,
id2074480,
id3718177,
id3106473,
id3371731,
id0489428,
id1715447,
id1637659,
id1814808,
id2552023,
id1172333,
id3262696,
id0702161,
id3933203,
id0737577,
id1749606,
id3919288,
id1187562,
id3925393,
id0189169,
id3324058,
id1915702,
id3987730,
id1515014,
id1553581,
id2006405,
id3479432,
id1846422,
id1682621,
id3368211,
id2220760,
id0400225,
id0142819,
id3357103,
id3837380,
id1906645,
id0303838,
id0260584,
id1383197,
id1765191,
id3785773,
id2313511,
id0468750,
id3654283,
id3740507,
id2353170,
id1235866,
id0876001,
id3317663,
id2083612,
id2043549,
id3405428,
id1718115,
id3743865,
id2459890,
id1866762,
id3662461,
id0862224,
id2797840,
id1945871,
id3281583,
id0058157,
id2310683,
id0193725,
id1549380,
id3033906,
id0828198,
id3385295,
id2780280,
id3546072,
id2951122,
id3280526,
id2003587,
id2301013,
id0890333,
id1190727,
id1246220,
id3652773,
id2508263,
id2920518,
id0635940,
id3187628,
id2757086,
id2871408,
id0092245,
id2155445,
id3399756,
id1025038,
id1470065,
id3737631,
id3425573,
id3066430,
id2235436,
id1662874,
id2667919,
id2605109,
id1603391,
id1030945,
id0285444,
id1866997,
id0657090,
id2974935,
id2767716,
id0340193,
id1790614,
id2499942,
id0504533,
id2304135,
id2809455,
id1195631,
id1142861,
id2710041,
id1780988,
id1908092,
id1661273,
id1699467,
id0116120,
id1573692,
id1976581,
id2833263,
id3973163,
id3262792,
id0562960,
id0452701,
id0004611,
id3008372,
id3860558,
id2564635,
id3075537,
id3405570,
id3740722,
id3362215,
id0859362,
id2540910,
id2418682,
id2781278,
id0397023,
id3714865,
id1690968,
id1401092,
id1017250,
id0375061,
id1659265,
id0646353,
id2610469,
id2216881,
id0269713,
id2425028,
id3865111,
id3430482,
id3516174,
id0529605,
id2781394,
id2447357,
id2425566,
id3764135,
id1638636,
id3185400,
id1498383,
id2180075,
id0169350,
id0482463,
id3558655,
id3989487,
id2430181,
id1639726,
id2743356,
id1163790,
id0696867,
id2024105,
id0474603,
id3188325,
id2467874,
id0604019,
id0865723,
id3678023,
id2820549,
id0367361,
id1063279,
id1695367,
id1146058,
id2553447,
id1632564,
id3093290,
id3695619,
id1680648,
id1602124,
id2006792,
id1014909,
id3172170,
id3253284,
id2928821,
id3072042,
id2989063,
id3356223,
id2552502,
id1195812,
id1961114,
id0230182,
id2180230,
id0407867,
id0663919,
id0689391,
id0238383,
id0993294,
id1895006,
id3330606,
id2762115,
id1284627,
id2019479,
id3407406,
id3004820,
id3426453,
id2339375,
id1703956,
id3391024,
id3261057,
id2976083,
id2501478,
id2023832,
id2141229,
id3008745,
id0227148,
id2785408,
id1686927,
id1179498,
id1718002,
id2184015,
id1153356,
id2462884,
id2566734,
id0575626,
id2441849,
id2317943,
id3337012,
id1135157,
id0167085,
id1490080,
id1916357,
id0454507,
id0497728,
id2182246,
id3539183,
id3288703,
id3767687,
id0618509,
id1881769,
id2616079,
id2854168,
id3873234,
id3804439,
id0657658,
id3227131,
id3087090,
id0515470,
id0252566,
id2754498,
id1474554,
id1699805,
id0674649,
id0539854,
id0990531,
id3108657,
id3343108,
id2670160,
id1742666,
id1259810,
id1821509,
id0212179,
id0453397,
id0657891,
id3172172,
id2673717,
id0716966,
id0695162,
id1770794,
id3605755,
id1755497,
id0631533,
id3155541,
id1075547,
id3594671,
id0783842,
id1057930,
id0620421,
id2470478,
id2791719,
id0342800,
id1589054,
id2707722,
id3534730,
id3021890,
id0170358,
id0166152,
id1947172,
id1684071,
id2598907,
id2452842,
id2315812,
id0758306,
id2642595,
id0034248,
id2791921,
id2909214,
id3504718,
id3733644,
id2465082,
id3752455,
id0626964,
id3976378,
id1799391,
id2310826,
id3323527,
id2321312,
id2023108,
id2990266,
id3330194,
id2355297,
id2064936,
id3547354,
id2100586,
id1501938,
id1008522,
id0721645,
id3381585,
id1152667,
id2581433,
id3183318,
id3241643,
id3819455,
id2484873,
id2761352,
id2163149,
id0697338,
id3944070,
id3428414,
id2246134,
id1601722,
id1462226,
id2374704,
id3556010,
id1102498,
id3507184,
id3889822,
id0089674,
id3793165,
id2918125,
id2286105,
id2923809,
id2108075,
id3404937,
id2342413,
id3385894,
id3663599,
id0931084,
id3462112,
id2274598,
id0562247,
id2064462,
id3565381,
id0497109,
id1517579,
id0967424,
id2658413,
id0572778,
id1547905,
id0936311,
id1837060,
id3078352,
id1780656,
id1390161,
id2110437,
id1292154,
id1800443,
id0699864,
id2994810,
id3649378,
id2417593,
id0122900,
id1436459,
id2176403,
id1995731,
id0378951,
id1176005,
id0261586,
id3909586,
id2366210,
id3530872,
id1413070,
id1279947,
id3108958,
id3021532,
id3492542,
id3906921,
id0023943,
id0856809,
id3218532,
id2932879,
id0479909,
id0182133,
id2680494,
id0887783,
id0406186,
id0093985,
id3081642,
id1327609,
id3244077,
id0967057,
id2944517,
id0367204,
id3467503,
id0014246,
id1063983,
id1304582,
id2077564,
id1157646,
id3350466,
id1625710,
id0574038,
id2002846,
id3521689,
id2945099,
id1340547,
id1277334,
id0671616,
id2855364,
id0364525,
id0576921,
id1406047,
id1747741,
id3509763,
id1354077,
id0268957,
id3397398,
id2950071,
id1723444,
id0488050,
id3565967,
id1060606,
id1931141,
id1162284,
id3923387,
id0299118,
id1765721,
id1273274,
id2974944,
id1612794,
id2064976,
id1574152,
id0304839,
id2056338,
id3564339,
id2258614,
id0393508,
id0695652,
id1219955,
id3441959,
id0272759,
id2658627,
id1946750,
id0941930,
id3828411,
id0848763,
id1715509,
id3962734,
id2084456,
id1415277,
id3728792,
id0151452,
id2823333,
id1592716,
id3439106,
id2768093,
id2461412,
id1110957,
id3454893,
id2348442,
id2898868,
id3419569,
id1125997,
id1563368,
id2075723,
id0630909,
id1508322,
id3275190,
id3342378,
id1399323,
id0435764,
id3841612,
id1596394,
id0150713,
id3739314,
id0435664,
id1015943,
id2075278,
id1069246,
id3453399,
id2893184,
id3049497,
id0618488,
id2046683,
id3202721,
id2533807,
id2440964,
id3887294,
id1028879,
id1038114,
id0163221,
id3820599,
id2332759,
id1342260,
id0139640,
id1590022,
id1710540,
id3963680,
id1395652,
id1789915,
id3139132,
id1564695,
id0174140,
id3882536,
id3009783,
id0807193,
id1603879,
id1013157,
id3333220,
id2984246,
id2986821,
id3562266,
id3495651,
id2026555,
id0698849,
id2134691,
id0702012,
id3615332,
id0892248,
id1026124,
id2621002,
id3466349,
id3749164,
id0339143,
id3162471,
id3613739,
id0897441,
id2089720,
id0146026,
id2062712,
id1478859,
id1084530,
id1603910,
id2839061,
id0918828,
id3017135,
id3066732,
id3748681,
id0343716,
id0593212,
id3266200,
id2349356,
id2543228,
id2042102,
id2242287,
id1020593,
id0821653,
id0052256,
id3695290,
id0950235,
id1467428,
id3721313,
id0470264,
id0174408,
id2641173,
id2599289,
id1483277,
id2393583,
id1760480,
id0823963,
id2101958,
id2817885,
id0359885,
id3035412,
id3268428,
id3345245,
id0505129,
id2732851,
id2377305,
id1711877,
id0605649,
id0059815,
id2632008,
id2081356,
id2248097,
id2918932,
id2336913,
id3930540,
id1933109,
id0367004,
id2813680,
id0328383,
id0388601,
id1018496,
id2204288,
id0732147,
id2074419,
id3631157,
id2619327,
id1238008,
id0758757,
id3554270,
id2794414,
id2120983,
id1749160,
id2195150,
id1489479,
id2993192,
id2808763,
id2529531,
id3234796,
id3980177,
id2733426,
id1888590,
id0075079,
id0336084,
id3288213,
id3650536,
id3742813,
id2868447,
id0560368,
id2544793,
id1081367,
id3752123,
id3225804,
id3960770,
id1288369,
id1026920,
id1792470,
id3892766,
id0521248,
id2195580,
id0263825,
id3456113,
id0060546,
id3102492,
id3030363,
id3614522,
id3485326,
id2691192,
id3709274,
id2862952,
id3977735,
id1358935,
id2748611,
id2664090,
id1918293,
id3118434,
id3130021,
id1338866,
id2326012,
id1252780,
id1938228,
id2889908,
id3905758,
id3171946,
id0963070,
id0577429,
id3791651,
id2577799,
id2665148,
id1989873,
id1531625,
id3966367,
id0238649,
id2058884,
id1870977,
id3690487,
id0531308,
id2582038,
id3874888,
id2742295,
id3607018,
id3990854,
id2618707,
id1553568,
id1023326,
id0596625,
id0726788,
id2942530,
id2026732,
id2415760,
id0842440,
id0122726,
id2794227,
id0528530,
id1743519,
id2646199,
id2959375,
id3907078,
id0001808,
id3094511,
id3401667,
id0389581,
id0096822,
id1557047,
id1785809,
id1285104,
id3534806,
id1156817,
id2070156,
id3846798,
id0363450,
id2148148,
id0460054,
id0042370,
id0603086,
id3110580,
id1664519,
id0533394,
id3208025,
id2746366,
id1457215,
id3100812,
id1905499,
id2706282,
id0128568,
id3247021,
id1159024,
id1327371,
id3106602,
id0698085,
id0225284,
id2181011,
id3000937,
id1063260,
id2951582,
id2058465,
id0521602,
id0198297,
id0619155,
id3860883,
id2083511,
id0075879,
id0432784,
id1356242,
id1658555,
id1480293,
id0703211,
id2235324,
id0103679,
id3881260,
id2199498,
id3260243,
id0208288,
id2923244,
id2459656,
id2280330,
id2834117,
id3752334,
id3345187,
id3958766,
id3215475,
id3438909,
id0916025,
id3132664,
id1674296,
id1429927,
id2204774,
id2614447,
id2051727,
id0480056,
id2360450,
id2663644,
id1013121,
id1438186,
id0607198,
id2397760,
id2193802,
id1683305,
id3689522,
id3530032,
id3728300,
id2069286,
id2983074,
id2439852,
id0955982,
id2358171,
id0655112,
id0294022,
id0467745,
id3783357,
id0120290,
id3629865,
id2524079,
id0523841,
id3175913,
id2260951,
id0780619,
id2099033,
id2308517,
id1213898,
id1259581,
id1393925,
id2212235,
id3347952,
id3289604,
id3323942,
id1489484,
id0960349,
id2001225,
id0617958,
id0075804,
id0258953,
id1393770,
id0400621,
id1458134,
id2340402,
id0990640,
id3618832,
id3841187,
id0291971,
id0221176,
id3158932,
id0444412,
id3449889,
id3020976,
id1116479,
id3060776,
id1119203,
id1955907,
id0954227,
id3270420,
id1268741,
id3675613,
id2166203,
id0014358,
id1065762,
id0139813,
id3593103,
id1928596,
id1167763,
id2297656,
id0440170,
id3207475,
id2985327,
id2244905,
id0294672,
id0383442,
id1673438,
id2543637,
id0481433,
id2574697,
id1277841,
id2672673,
id1455457,
id2053845,
id0430653,
id3343013,
id1255395,
id0455071,
id1741998,
id0724888,
id2606539,
id0477241,
id1610812,
id0725258,
id2530468,
id2782846,
id3839466,
id0311628,
id2478823,
id2640482,
id2718581,
id2793505,
id2408675,
id1687457,
id3392302,
id1676171,
id0492056,
id3056541,
id1908631,
id1193833,
id1380778,
id0831317,
id1220173,
id0095671,
id2407181,
id3049452,
id0558183,
id0327471,
id0169962,
id2636958,
id2261709,
id3929892,
id3542573,
id0875511,
id2218465,
id3439136,
id2584824,
id0057102,
id3883379,
id0834541,
id2837110,
id2475280,
id2339247,
id0460914,
id1243216,
id2227339,
id0726536,
id1241109,
id3187667,
id2261000,
id3304375,
id0290696,
id3583691,
id2655737,
id0731375,
id2246647,
id1417899,
id3601343,
id1588915,
id2454589,
id0864461,
id0299431,
id1279867,
id2079100,
id1312311,
id1786393,
id3817213,
id2489720,
id2284266,
id3292217,
id1825073,
id1190347,
id1371278,
id1426971,
id1704705,
id3129593,
id2762728,
id0152460,
id2444186,
id0455812,
id3037474,
id2557393,
id3090171,
id3025533,
id2698574,
id0247262,
id2193786,
id1533290,
id2176678,
id2748035,
id1109078,
id2375621,
id0551843,
id1044534,
id2817859,
id1925687,
id0889661,
id0296980,
id0513491,
id3328637,
id3612224,
id0213895,
id2293383,
id3827619,
id0573064,
id3489723,
id0066379,
id1871623,
id0507369,
id1913358,
id1191757,
id1946910,
id2096056,
id1518816,
id3081841,
id2431274,
id2329999,
id2041292,
id2554150,
id2251048,
id0194485,
id0070107,
id3546111,
id0657717,
id0617875,
id1526207,
id3081270,
id2108252,
id0519502,
id0308119,
id1203403,
id0567402,
id2777951,
id1048375,
id0700767,
id2570991,
id2875429,
id2578514,
id3497338,
id1950065,
id1021941,
id0088768,
id1706540,
id1906085,
id1276375,
id0747399,
id1409715,
id1627513,
id0350384,
id2827747,
id1589598,
id1645096,
id3462793,
id2924717,
id1278777,
id3994472,
id3579311,
id1107766,
id2191817,
id2387896,
id3978159,
id2704769,
id2884925,
id3206849,
id2245159,
id2589944,
id2955812,
id2245005,
id2146389,
id0017608,
id2647003,
id1603933,
id1803341,
id1279670,
id2958242,
id3094932,
id3312014,
id0122611,
id2453965,
id0511739,
id0327757,
id0800042,
id0802295,
id3263050,
id1630168,
id2343331,
id1650055,
id1548826,
id3397613,
id1555518,
id3953781,
id1228081,
id3531120,
id0268625,
id3410981,
id3879786,
id1051420,
id1496788,
id3140805,
id0013876,
id2630998,
id1165967,
id0236091,
id0594579,
id0914952,
id2698283,
id2771629,
id3183238,
id1072685,
id3372105,
id0790048,
id2789393,
id0123060,
id0646366,
id3029193,
id3960306,
id1208918,
id1330154,
id2120178,
id0433641,
id1417486,
id3296385,
id2304804,
id3920032,
id1822000,
id0937770,
id1504115,
id0532416,
id0152856,
id3320536,
id2120383,
id2855840,
id0048534,
id0998362,
id3966669,
id2136785,
id0260550,
id2238344,
id0119529,
id0786668,
id1677593,
id0756277,
id1811933,
id0638445,
id0145986,
id3762780,
id3078740,
id2154925,
id3547913,
id1831435,
id2210836,
id3955857,
id0244421,
id3230359,
id3623427,
id2751337,
id0895276,
id0556378,
id1111690,
id1694478,
id3627851,
id0714397,
id2572632,
id0906173,
id0912208,
id0339400,
id3020537,
id0736766,
id1038471,
id2479253,
id3522451,
id2728407,
id2277235,
id2506148,
id1798128,
id2912804,
id0316750,
id2149739,
id0907509,
id1422111,
id1602088,
id1269803,
id2922032,
id3639615,
id1199623,
id0473930,
id2806536,
id2435171,
id2021220,
id3439837,
id0683299,
id0260238,
id3768704,
id0017745,
id3390965,
id1505529,
id0278520,
id1492565,
id3760752,
id1134828,
id2799544,
id0767164,
id1257702,
id3248547,
id2692028,
id3816176,
id1905689,
id0322236,
id3399015,
id1707152,
id3381073,
id3806471,
id0846260,
id3397537,
id2088418,
id2687165,
id1260472,
id3416091,
id2770669,
id3155817,
id1001884,
id1193585,
id0629828,
id0668271,
id0148916,
id3818584,
id0409355,
id0185452,
id3715647,
id3079509,
id3833916,
id2246760,
id2261159,
id2705059,
id1459676,
id0466914,
id0115367,
id2722098,
id3252460,
id2330367,
id2061374,
id3162982,
id1509932,
id3104221,
id1783442,
id0385731,
id2394424,
id1806044,
id2824490,
id3265699,
id3985023,
id0517860,
id2550966,
id2989178,
id0284729,
id3398594,
id2941380,
id3673169,
id1285458,
id3384707,
id0062168,
id0528830,
id2537503,
id1216042,
id0065326,
id0375117,
id2863461,
id2806242,
id1288950,
id1972859,
id0169149,
id2309508,
id1195985,
id2197842,
id0673157,
id0944053,
id3281001,
id1399795,
id2356430,
id2075540,
id1096547,
id0077533,
id2393341,
id2317916,
id1404025,
id1789932,
id0785517,
id0600477,
id2127110,
id3587407,
id2217957,
id3664508,
id3885308,
id3707895,
id1741938,
id2342732,
id3371266,
id0265129,
id2278316,
id3616917,
id3449351,
id3307304,
id3466900,
id3275766,
id0806505,
id2844611,
id2853985,
id2702525,
id1613887,
id3026166,
id0994239,
id2108446,
id2641800,
id3732636,
id0480736,
id0916004,
id1824494,
id3203725,
id0730707,
id3943510,
id1965686,
id3667468,
id1903846,
id2857300,
id3221900,
id0864574,
id0387254,
id3898796,
id1375850,
id1816356,
id1742071,
id1245701,
id2238276,
id2089290,
id0342854,
id3415784,
id2737033,
id3084922,
id1517062,
id2486702,
id3465516,
id0571784,
id3030628,
id1864061,
id2677977,
id2019076,
id1326385,
id3582036,
id0314768,
id0500598,
id1354535,
id1767081,
id3533158,
id0881179,
id1561692,
id3277195,
id0148062,
id3683920,
id3587297,
id2857858,
id0538631,
id0531554,
id3640013,
id2059851,
id2383153,
id2423665,
id1291137,
id2100454,
id2110193,
id0664421,
id2982731,
id3337605,
id0004213,
id1772525,
id0929739,
id3910905,
id1627729,
id3152913,
id2853052,
id3970029,
id0381403,
id1288937,
id3391910,
id2897564,
id1999176,
id2261354,
id1551192,
id0374741,
id1275432,
id1926700,
id1322531,
id1041269,
id3131091,
id2523131,
id3205133,
id2228661,
id2632335,
id3041853,
id0775366,
id2388164,
id3319156,
id1276285,
id0928754,
id1411317,
id0756391,
id1826992,
id3531961,
id3625706,
id0166101,
id2996860,
id0291076,
id2483724,
id2385795,
id3059778,
id0572514,
id3004942,
id0698724,
id2725282,
id2955896,
id0810403,
id3884438,
id3563287,
id2224532,
id2509886,
id1128411,
id2596793,
id1990523,
id3703469,
id3519837,
id1476946,
id1462509,
id0302955,
id2789548,
id0905777,
id0572856,
id2135041,
id2238436,
id0842160,
id2415967,
id2835552,
id2087588,
id2379413,
id2541787,
id3648792,
id2232772,
id0814481,
id2286792,
id0110714,
id3314909,
id1995645,
id0377140,
id3350375,
id0546012,
id3072800,
id2426358,
id3390609,
id0097045,
id0719087,
id3732819,
id1358095,
id3297702,
id3632732,
id0726734,
id1086539,
id2116550,
id1332305,
id1231857,
id0699778,
id3782697,
id3289953,
id3902943,
id1537677,
id0899184,
id1907104,
id3404873,
id1469501,
id2673037,
id1520864,
id2281678,
id2428812,
id3048241,
id1979816,
id2857543,
id3483261,
id3483006,
id0722404,
id2413816,
id2011616,
id3916010,
id0772826,
id0022076,
id1661117,
id2718333,
id3628610,
id0080473,
id1538893,
id3980749,
id1233516,
id3943752,
id3804888,
id0598412,
id1924045,
id2055920,
id2689732,
id2095387,
id3025541,
id3448383,
id2431656,
id1419731,
id3223916,
id2141481,
id1696328,
id1893052,
id0879579,
id3296430,
id2256818,
id2455015,
id2635046,
id2079149,
id2998136,
id1243527,
id1054776,
id0794834,
id2868600,
id1465386,
id2710345,
id0084397,
id0634834,
id0886609,
id1387850,
id3732786,
id2059775,
id3039109,
id1178798,
id1544973,
id2583083,
id1264222,
id3360260,
id1997020,
id3002097,
id0670610,
id3639304,
id3514313,
id1373292,
id1858444,
id1121850,
id2319767,
id2131513,
id0827476,
id2416274,
id1432053,
id3085627,
id0906271,
id2333444,
id3968643,
id0190469,
id0419432,
id2367972,
id0410740,
id3981025,
id0060029,
id0122055,
id0599331,
id3413215,
id0747159,
id2976969,
id1207974,
id0544496,
id2035422,
id3087536,
id2434627,
id3683557,
id2492665,
id0131161,
id1016430,
id3588242,
id3595613,
id1956210,
id1515060,
id3608644,
id2522853,
id0842904,
id3388900,
id0875826,
id3458048,
id2502253,
id3916129,
id0120567,
id3127323,
id1708765,
id3532809,
id0328529,
id2410337,
id3046643,
id2844178,
id0649663,
id0125136,
id1962898,
id3778119,
id0844815,
id0772011,
id2761073,
id1891700,
id0427904,
id3242049,
id2169253,
id1831193,
id3799103,
id2409541,
id2043266,
id1324818,
id1759476,
id3391776,
id1698864,
id0205295,
id0142074,
id0229674,
id1291769,
id2142585,
id3500143,
id3332818,
id1311897,
id3485878,
id2110269,
id0325695,
id2673607,
id1028797,
id0015981,
id0595682,
id1977259,
id3335763,
id0799150,
id2076692,
id3058228,
id2630838,
id3446515,
id3636784,
id1439496,
id2856482,
id3810284,
id0717149,
id1133686,
id1115734,
id1575787,
id1204039,
id3068617,
id2593062,
id1199187,
id1331842,
id2922485,
id1104969,
id3169654,
id0117962,
id3265324,
id2522254,
id1467479,
id0976801,
id1151741,
id3630356,
id0439203,
id1328745,
id0518614,
id2065903,
id2668818,
id3971645,
id0746781,
id2144695,
id2205589,
id2278425,
id2970400,
id1078010,
id3942689,
id3775305,
id0454571,
id3742000,
id3916034,
id0107889,
id3341337,
id3019447,
id2745189,
id0299420,
id3790170,
id0155336,
id1758210,
id3136915,
id2732766,
id0731298,
id0316942,
id2892609,
id0588708,
id2996136,
id3403985,
id2431605,
id3219453,
id0678886,
id2776194,
id0458294,
id0484815,
id2761496,
id1199808,
id0867609,
id3096730,
id1306283,
id3727527,
id2863661,
id1496149,
id0034996,
id2148978,
id0396546,
id3597355,
id1540029,
id1713856,
id0755162,
id3297526,
id3885089,
id1292008,
id3765298,
id1379141,
id0409520,
id0057983,
id0302148,
id2414813,
id1066005,
id0500275,
id1457305,
id3960427,
id2268212,
id1015733,
id1580210,
id2916453,
id1011053,
id1101240,
id2517454,
id0780511,
id0678975,
id3096417,
id0368689,
id1751688,
id1065819,
id3778953,
id0395209,
id1674131,
id3042145,
id3316452,
id0524609,
id3067887,
id1887225,
id3606990,
id2531828,
id2463758,
id1604213,
id0392674,
id0535669,
id0796920,
id2074273,
id3370066,
id0768857,
id0697836,
id3421005,
id2760209,
id1680952,
id0818895,
id3612180,
id3369145,
id2718892,
id0027756,
id1490332,
id2805017,
id2747323,
id1315590,
id3899174,
id1713305,
id0164556,
id3197499,
id1583911,
id3910310,
id0572687,
id0699570,
id3534497,
id0795685,
id1859056,
id2962943,
id0505968,
id0657191,
id2121776,
id3418378,
id1278451,
id2054753,
id1644900,
id0875638,
id3054362,
id2376932,
id3253665,
id2416117,
id2593180,
id1700833,
id3017021,
id1621819,
id2714999,
id2394670,
id3263244,
id3526570,
id1670141,
id2081998,
id0779577,
id1987083,
id0256683,
id0997806,
id1131170,
id1142211,
id0340529,
id2588594,
id0231419,
id1723771,
id3296616,
id3334371,
id0020127,
id1953385,
id2018346,
id1171059,
id1769468,
id2378072,
id1207979,
id1786961,
id3074165,
id2714391,
id0033611,
id0585688,
id0184335,
id0411201,
id3742591,
id0163407,
id3613036,
id3171343,
id3208501,
id1426521,
id3637619,
id2997546,
id0882201,
id1420932,
id3680067,
id1182818,
id2786495,
id0834712,
id3754507,
id0464201,
id2172771,
id2243757,
id0937196,
id1915265,
id2262202,
id1577515,
id3495669,
id3477654,
id3454887,
id1121010,
id2736813,
id1906979,
id2311075,
id1919299,
id0545258,
id2848204,
id1480000,
id0686078,
id1240603,
id1107931,
id0013825,
id1746609,
id2255090,
id1204663,
id2981079,
id0285499,
id3712579,
id2807006,
id2043589,
id2369574,
id0790573,
id1961617,
id1867671,
id1334597,
id1092160,
id0676853,
id2370823,
id1290987,
id1129625,
id3207801,
id0343805,
id1303882,
id2574790,
id3893621,
id2304077,
id2156826,
id1662835,
id2897974,
id0532471,
id3440305,
id3676402,
id2330304,
id3912788,
id2176500,
id1836135,
id2342189,
id0641351,
id3924246,
id0301015,
id2442792,
id2835009,
id0729509,
id0987633,
id0663771,
id3120010,
id0157888,
id1816763,
id0252455,
id0814823,
id0608030,
id3875304,
id1994107,
id0241502,
id1320928,
id3727363,
id2202684,
id1766628,
id0721940,
id0965442,
id0732646,
id2466210,
id2837705,
id2748995,
id2021520,
id3089293,
id1443933,
id0647915,
id2044287,
id3404380,
id0294614,
id1294358,
id0267131,
id2775878,
id3908583,
id2894044,
id2534246,
id3428158,
id2687553,
id3032499,
id2914865,
id3090043,
id3453132,
id2795533,
id2425063,
id2883696,
id3471554,
id0065880,
id2568051,
id2490142,
id2809172,
id1131394,
id2240141,
id1819805,
id3020128,
id1713465,
id0554682,
id0597007,
id1780873,
id1624546,
id3191544,
id2035006,
id0487912,
id3012999,
id3076796,
id1153687,
id2914646,
id0805741,
id1405568,
id1267570,
id1370981,
id2104507,
id2093041,
id1836631,
id0971925,
id1099913,
id3659368,
id1694011,
id1697832,
id2230901,
id0750081,
id3451216,
id2041769,
id3711542,
id3187623,
id1342998,
id0896909,
id1179102,
id1297255,
id2384584,
id3863085,
id1743749,
id2542682,
id3196772,
id1133914,
id3471823,
id1317521,
id0534113,
id0941873,
id3008957,
id3558227,
id1656317,
id3819079,
id1768089,
id0404493,
id1047696,
id2347418,
id2864823,
id1426285,
id3530437,
id0641868,
id0921690,
id2118215,
id3111989,
id0608886,
id1451854,
id2813054,
id3903750,
id1633910,
id1978850,
id0104957,
id1086079,
id0216572,
id3991516,
id0610514,
id3855004,
id0166748,
id0125286,
id2597819,
id0180991,
id0515655,
id0090855,
id2127830,
id3117255,
id3281969,
id2186387,
id2014024,
id2010079,
id2758608,
id0818825,
id0870230,
id2040287,
id0544982,
id3042899,
id2363847,
id0652644,
id0875133,
id3741497,
id2719717,
id2299164,
id3600884,
id0316211,
id2451543,
id3933102,
id0918776,
id2260487,
id3985103,
id1479225,
id3932541,
id3884813,
id1511123,
id2313661,
id3202866,
id1654812,
id3976398,
id3582117,
id3614975,
id2701600,
id3998467,
id3286469,
id1635860,
id1142079,
id2302778,
id3184156,
id1263609,
id0392270,
id2264085,
id2280216,
id2267344,
id2063508,
id2231872,
id3983311,
id3982261,
id1343696,
id3451180,
id1613910,
id2943622,
id1679367,
id3950207,
id3522641,
id1073641,
id2295782,
id1541678,
id2766607,
id2551114,
id3997473,
id1724075,
id0318321,
id2160726,
id2519251,
id3658053,
id2758279,
id3332339,
id1627775,
id2515734,
id1032680,
id2194271,
id2437465,
id0139530,
id2073502,
id1300264,
id3618912,
id1305003,
id1215963,
id2158869,
id3530979,
id2836080,
id1304095,
id2641239,
id1122704,
id0827816,
id3763586,
id1638868,
id1798427,
id3213281,
id3230807,
id2544515,
id3809557,
id1064150,
id0129646,
id0096522,
id2632811,
id1577247,
id0497562,
id0849520,
id3315793,
id0666797,
id0313424,
id2125308,
id2864881,
id3996392,
id0324936,
id2563850,
id1269100,
id0385856,
id2171614,
id2951384,
id1430068,
id1362521,
id2956135,
id3854992,
id2066816,
id0361896,
id3390986,
id2323598,
id2732363,
id2344618,
id3170081,
id0138649,
id1989549,
id1313574,
id3971287,
id1969010,
id2223983,
id3872960,
id0824560,
id3346800,
id1723554,
id2778020,
id0405469,
id3353859,
id3418874,
id3220998,
id3146477,
id3428086,
id2953489,
id1393870,
id0018722,
id2952972,
id0226227,
id3066843,
id1549196,
id2548163,
id1116843,
id3837192,
id3118258,
id3583822,
id1292870,
id1654041,
id0574287,
id3770463,
id0750528,
id3574234,
id2268089,
id3748014,
id2118931,
id1680123,
id2621863,
id1699430,
id1391129,
id1559716,
id2555438,
id1969055,
id3361627,
id2846675,
id0687715,
id2921667,
id2820853,
id1531995,
id1009227,
id1652478,
id1543607,
id2722127,
id3899016,
id0244310,
id2808996,
id1437919,
id3621400,
id2735653,
id1276154,
id1923209,
id2028644,
id0818207,
id3629814,
id3402425,
id3624083,
id0330520,
id3649720,
id0972614,
id2472585,
id1668019,
id3060009,
id3246717,
id2373988,
id0211228,
id2013898,
id1167453,
id0665562,
id2180744,
id0358677,
id0022502,
id3226881,
id0281959,
id3454592,
id2131452,
id3983130,
id0134372,
id1049336,
id3221579,
id0286250,
id3100715,
id3237761,
id0898371,
id1863499,
id1440762,
id1564993,
id0972962,
id1056337,
id1161717,
id2635311,
id0795342,
id0095622,
id0153836,
id0741392,
id2281858,
id1698499,
id0627090,
id2797917,
id0718769,
id2080487,
id0600771,
id2107449,
id3618371,
id2374639,
id2496287,
id3006078,
id3039830,
id2810347,
id2008958,
id2739632,
id3872400,
id1796492,
id0414010,
id1818336,
id3808526,
id2448070,
id0969204,
id3337102,
id3108746,
id2112857,
id0709978,
id3820366,
id2189940,
id1177989,
id0988406,
id3619662,
id0757025,
id3708371,
id1046916,
id2669067,
id0530939,
id3348918,
id2916923,
id1167229,
id1790365,
id1361284,
id3248349,
id3164943,
id0534849,
id1128084,
id2927272,
id2385092,
id2845527,
id2476519,
id0838201,
id0589102,
id3478777,
id1241025,
id1453706,
id2776481,
id0704994,
id2282420,
id1109936,
id3628186,
id2101326,
id2060916,
id2687974,
id1176280,
id0879545,
id1688514,
id0041013,
id3393452,
id2399799,
id2236181,
id0752264,
id2646850,
id2796186,
id2866798,
id3217111,
id2231377,
id2567003,
id1567796,
id2522057,
id3875683,
id1825918,
id1862921,
id1630285,
id2234683,
id1946445,
id2160442,
id0685893,
id1948025,
id1083396,
id0221431,
id0318218,
id1804993,
id2031420,
id3950907,
id1005967,
id0625975,
id3547889,
id2470808,
id2115376,
id1007989,
id1178340,
id0513389,
id0232120,
id3753102,
id2623070,
id0538508,
id0872968,
id1003428,
id3468409,
id1488844,
id2954938,
id3949312,
id0741543,
id2499573,
id3830911,
id2539010,
id1540187,
id0164787,
id1733216,
id1680224,
id0031578,
id2402376,
id1899327,
id0073612,
id3852449,
id3759545,
id1426469,
id0893140,
id2418875,
id3222827,
id2451723,
id2420052,
id2558105,
id3693220,
id2801648,
id1923954,
id2160379,
id0312876,
id3770460,
id0258725,
id3304566,
id3242606,
id3516521,
id1547985,
id0469783,
id3885658,
id0533254,
id0285306,
id3515188,
id2390493,
id0390749,
id2748642,
id3809742,
id3207217,
id3542799,
id0747936,
id1289877,
id0214033,
id1511738,
id2381787,
id1867766,
id2504573,
id3548161,
id2145764,
id3002496,
id3486743,
id2162445,
id1599792,
id0002001,
id2360707,
id3775238,
id1488756,
id1801288,
id0048153,
id0572873,
id0655430,
id3309833,
id0075395,
id2787145,
id2025272,
id3034173,
id2559706,
id3303688,
id1944265,
id1018014,
id3424030,
id0243844,
id2626277,
id0796453,
id3894225,
id2334989,
id1097805,
id0279153,
id1111859,
id2655815,
id3179388,
id3600639,
id1556025,
id1418074,
id2465329,
id3155349,
id3065424,
id3892133,
id3766040,
id1011915,
id2019683,
id1572176,
id0111406,
id3609862,
id0583691,
id3072404,
id0570097,
id2730899,
id1547993,
id3217409,
id0202464,
id1653279,
id1731245,
id0596894,
id0236667,
id1117138,
id2621643,
id3139213,
id0331611,
id3658454,
id1389736,
id2972459,
id0062031,
id3096877,
id0942330,
id2703932,
id1748704,
id3904172,
id3373447,
id2098101,
id3888883,
id1077015,
id3863837,
id2951561,
id1929007,
id3364718,
id3824878,
id2649916,
id1926519,
id2550789,
id3021034,
id3025171,
id3174723,
id0697892,
id2932638,
id2000496,
id1898284,
id1579749,
id1635353,
id3034079,
id0900333,
id2588981,
id1396560,
id0488318,
id1289487,
id1019482,
id0489907,
id2727678,
id0691684,
id2658365,
id0012186,
id2945972,
id0464458,
id1794677,
id0903147,
id0440790,
id1771245,
id0492853,
id1835520,
id3684685,
id0096219,
id0195631,
id1490615,
id1322284,
id3229185,
id3113110,
id0190433,
id1636547,
id2351924,
id0552350,
id1785385,
id3936704,
id2175867,
id2785201,
id3254774,
id2480005,
id1192900,
id2183040,
id3358851,
id1403119,
id2375475,
id3393006,
id2751044,
id2678436,
id2304859,
id0274290,
id1261371,
id2656350,
id3143781,
id3549267,
id0752161,
id2557008,
id1950416,
id1278859,
id1885859,
id3544565,
id0569626,
id2512041,
id2822811,
id0325671,
id3081424,
id3031122,
id0925428,
id0404050,
id0326035,
id3030244,
id0034582,
id0586412,
id3689295,
id0768566,
id3936171,
id2682959,
id2794723,
id0995900,
id2248623,
id0083551,
id1927342,
id2983810,
id2635461,
id3604035,
id0362094,
id3896522,
id3703468,
id0121951,
id2000447,
id2533230,
id0813338,
id2462862,
id1310842,
id1004456,
id0624447,
id1909863,
id3146028,
id3160308,
id1192958,
id2675045,
id1463610,
id0894677,
id3375050,
id2040942,
id3278649,
id3965678,
id3996886,
id2396914,
id3738237,
id1072300,
id0563929,
id2272173,
id3714506,
id0744255,
id1028554,
id3072479,
id3100477,
id3698797,
id2157850,
id1559024,
id2534582,
id1842187,
id2193987,
id2855547,
id1816365,
id0286915,
id0215531,
id0151427,
id3166075,
id1818648,
id1433048,
id1266337,
id1148720,
id1825977,
id1792311,
id2327454,
id2675017,
id0774314,
id2549740,
id3360558,
id1160906,
id1683595,
id3860628,
id3490727,
id0513310,
id1518675,
id0356350,
id1589374,
id1894224,
id0712065,
id1676212,
id0135272,
id2300405,
id1658509,
id2384615,
id3807216,
id3062355,
id3536976,
id3898909,
id0683741,
id3784674,
id1063543,
id1176517,
id1848134,
id1666571,
id1787561,
id0210831,
id1350311,
id1492084,
id3453783,
id1588398,
id3719949,
id1827225,
id3453149,
id2405824,
id2374176,
id3775822,
id0610028,
id3998140,
id0163620,
id3575078,
id3256876,
id2897572,
id1460073,
id1774580,
id2814039,
id3414187,
id1196704,
id2572231,
id1729466,
id3108967,
id0787501,
id0284760,
id2459887,
id2634943,
id1527155,
id0961216,
id2186123,
id1889338,
id2712708,
id2907493,
id1686176,
id1281914,
id3104064,
id0386766,
id1755206,
id1205436,
id0187441,
id0023275,
id3020684,
id3794157,
id1092998,
id2917991,
id1807726,
id2074928,
id2533013,
id2660634,
id1947710,
id0316043,
id1817131,
id0878930,
id1272500,
id2639682,
id3072035,
id3281837,
id3314095,
id1200367,
id3276909,
id2290531,
id1456204,
id2259873,
id1599231,
id3400008,
id3650963,
id0429499,
id0752951,
id3571052,
id0369590,
id1601848,
id3886528,
id1545958,
id2171966,
id3397615,
id3623400,
id2990787,
id2662354,
id2336743,
id1897472,
id2731815,
id1171662,
id3061347,
id3079291,
id0548459,
id1924132,
id3083388,
id3360285,
id0766287,
id0730871,
id1189406,
id1050620,
id3467159,
id3951980,
id0974782,
id1664404,
id3851592,
id2910009,
id1469981,
id1351672,
id1106019,
id1479915,
id0893429,
id3163262,
id3608700,
id2020796,
id0002208,
id0825934,
id0038707,
id3594290,
id0863794,
id1936776,
id0040869,
id3235508,
id2788712,
id2908324,
id0400793,
id2667760,
id2686917,
id0383487,
id1028215,
id0965154,
id1913200,
id0187877,
id2404059,
id1227887,
id2725510,
id2848065,
id2325980,
id2634794,
id3130656,
id3945322,
id1398394,
id0470092,
id3463352,
id1785078,
id1759559,
id1250502,
id3250648,
id1546166,
id0270389,
id2373725,
id3783235,
id0236010,
id2281560,
id0436331,
id2239504,
id3052824,
id1989949,
id0946030,
id2254329,
id0503901,
id0649734,
id3917363,
id0064753,
id2915727,
id1640118,
id0426138,
id1889593,
id1230665,
id1651796,
id2795810,
id3740475,
id0458610,
id2417589,
id3184649,
id0886200,
id1085409,
id3944361,
id3329875,
id0129054,
id3476632,
id3279601,
id1289263,
id2069445,
id0733549,
id1306654,
id0950040,
id2975244,
id3445251,
id1309379,
id0286711,
id2035464,
id0646727,
id0399821,
id1924191,
id3391903,
id1751252,
id1920576,
id1757326,
id1296299,
id2586975,
id3878442,
id1327151,
id0414778,
id2420157,
id0908603,
id2014280,
id1947210,
id2757214,
id2119245,
id3879207,
id3197171,
id2979995,
id2086453,
id0881875,
id3133209,
id3496834,
id3782260,
id1079747,
id2056544,
id3931173,
id3682624,
id2031899,
id0710154,
id0808026,
id1422749,
id1337063,
id3518529,
id0358917,
id3760101,
id0342346,
id1698390,
id0915756,
id3779410,
id0191752,
id1601036,
id1567956,
id0794768,
id2943298,
id0140992,
id3830321,
id0368459,
id0269768,
id1017437,
id1537073,
id1369163,
id1120679,
id0449601,
id2650883,
id0316495,
id2905026,
id3328044,
id0965363,
id0870794,
id0345078,
id2800309,
id3413912,
id0558654,
id0474688,
id0430157,
id2891869,
id0174052,
id2889222,
id2102504,
id1905449,
id3278345,
id3083302,
id3899111,
id0936486,
id1744545,
id0204871,
id1056465,
id1809557,
id2828604,
id0936848,
id3160372,
id2976460,
id1558402,
id1650756,
id3075594,
id0341357,
id3626974,
id0808505,
id0681453,
id3212517,
id1835237,
id0011659,
id1504628,
id3860660,
id0134566,
id1423026,
id3781041,
id2690696,
id1662169,
id3197317,
id2830866,
id1679274,
id0174035,
id3669919,
id0824252,
id0957337,
id0459224,
id1769933,
id3122510,
id1909463,
id3645804,
id3808693,
id0979811,
id3340605,
id0377988,
id0096749,
id3554690,
id0416027,
id0241062,
id2854142,
id0313638,
id0604782,
id2992294,
id0030479,
id1088478,
id2315408,
id2848768,
id0768735,
id3241755,
id3484297,
id2731947,
id3286929,
id1555251,
id0487143,
id2473386,
id2988765,
id1901346,
id3923034,
id0080723,
id3144600,
id2431870,
id1080855,
id0595077,
id1087786,
id0571878,
id2024851,
id2566434,
id0144685,
id0107732,
id3541682,
id1981559,
id0291357,
id2994503,
id0280809,
id0809107,
id2056717,
id2017123,
id2201463,
id3557237,
id2013332,
id3559120,
id3712788,
id3930367,
id2474489,
id2277849,
id2368410,
id3653041,
id2687625,
id0525768,
id3794539,
id3180975,
id1061876,
id3933150,
id3855478,
id1544463,
id2036714,
id0371002,
id3894345,
id0284870,
id2421073,
id3493327,
id3948053,
id2004253,
id0991570,
id2971390,
id1092531,
id1837326,
id3177816,
id0189877,
id0249904,
id2074701,
id3483315,
id3276223,
id1868119,
id2257180,
id1786202,
id0777462,
id2146022,
id1710433,
id3691064,
id1344705,
id3970076,
id1654678,
id0491941,
id3289325,
id1338367,
id0480440,
id1711530,
id0124794,
id3525136,
id0594621,
id0419237,
id1486529,
id3777900,
id1604359,
id0434357,
id3692550,
id2930338,
id3503221,
id3261861,
id3258652,
id0037351,
id2994840,
id3376754,
id1812795,
id0668871,
id1334485,
id2548645,
id1179314,
id0207478,
id3686634,
id2074031,
id3894058,
id1052822,
id1351240,
id3823614,
id1991815,
id0442149,
id0838443,
id3483186,
id3347203,
id0442632,
id1954448,
id3815777,
id2807675,
id1345122,
id1853133,
id1471104,
id0364895,
id1020285,
id2405058,
id0706113,
id1568617,
id2137479,
id1694683,
id0204116,
id3107056,
id0870116,
id1528033,
id3716681,
id3636155,
id0268007,
id3264694,
id2165652,
id1186886,
id2342507,
id1839459,
id0106999,
id2115636,
id1828582,
id1480009,
id2858839,
id2454479,
id2858946,
id3998766,
id2583326,
id0378237,
id2130709,
id0315145,
id1427131,
id1911160,
id1246494,
id0413683,
id1117721,
id3282473,
id3726957,
id3138776,
id0608878,
id3289663,
id0058883,
id0908508,
id0943405,
id0278606,
id1910793,
id3837262,
id3348224,
id3175157,
id2066089,
id1883525,
id1273030,
id0867710,
id3628270,
id2631199,
id0174491,
id1812618,
id0243643,
id0348319,
id0903200,
id1297063,
id3637906,
id0008548,
id2496224,
id2573505,
id3620196,
id1404416,
id1484470,
id1666966,
id3269927,
id0570833,
id3314369,
id0735994,
id2306535,
id0567716,
id0594305,
id2585309,
id1417642,
id3201490,
id0246900,
id0417364,
id0710522,
id1040789,
id3775898,
id0991036,
id1844052,
id1958170,
id1550736,
id3479532,
id3209326,
id1356639,
id3910325,
id0078153,
id2976826,
id1991128,
id0177282,
id2816613,
id0585058,
id0775622,
id1187119,
id1426475,
id3108745,
id2831439,
id0517452,
id2506611,
id0958814,
id2862380,
id3599272,
id2798320,
id1453893,
id0631197,
id2277185,
id2929378,
id0750220,
id1136317,
id3059925,
id2519883,
id0012771,
id3484019,
id0270566,
id1912935,
id3279321,
id2606712,
id3966504,
id0344701,
id2310231,
id0544484,
id3327441,
id3889702,
id0269267,
id0793432,
id2385156,
id3870548,
id2646676,
id0256027,
id2693286,
id2448958,
id1013177,
id2076477,
id1639378,
id2450813,
id3461950,
id0422283,
id3467620,
id2215851,
id3819538,
id0759482,
id3891578,
id1788106,
id1053942,
id1639308,
id3245969,
id2278792,
id0012300,
id2792195,
id2668646,
id0284196,
id1910147,
id0158620,
id2804337,
id1603205,
id3417925,
id0212496,
id3122602,
id2492281,
id1363799,
id3743690,
id3763697,
id1890097,
id2836396,
id0857443,
id2181257,
id3084240,
id2897457,
id0728788,
id0407216,
id0883772,
id1129557,
id2112618,
id1221630,
id3611416,
id3696128,
id2089916,
id3062609,
id0620436,
id0662893,
id1665605,
id0888970,
id0697634,
id3490383,
id3734890,
id0741575,
id2407531,
id0845240,
id0327623,
id0327960,
id3661329,
id1526269,
id1549188,
id0455076,
id0775588,
id3034897,
id2321168,
id3001680,
id0564767,
id2153547,
id0110867,
id2381364,
id2404378,
id2955591,
id1148651,
id1572910,
id0305824,
id0186271,
id1582961,
id3845479,
id2336092,
id3498804,
id1547321,
id2406708,
id0222793,
id2489357,
id3124289,
id3137822,
id1008416,
id2592375,
id0945275,
id0251486,
id0393775,
id0090566,
id0244123,
id2254100,
id3869322,
id3354606,
id1347541,
id0757958,
id0305214,
id3350882,
id0677489,
id0196700,
id3606952,
id1482440,
id1019377,
id1790368,
id0177548,
id2096861,
id0903259,
id3774814,
id3612173,
id3917181,
id0657775,
id3363033,
id1207037,
id3498608,
id0165254,
id3889239,
id2519556,
id1976627,
id1942192,
id1282726,
id2395356,
id2910308,
id2487174,
id3466348,
id2885486,
id1827529,
id1069273,
id0365375,
id0344922,
id1464207,
id0731537,
id3260128,
id3870890,
id2301169,
id2428520,
id3842044,
id0883838,
id2559699,
id0692078,
id1458139,
id1465680,
id3055865,
id2127501,
id2345026,
id2964650,
id0851287,
id3026700,
id0615895,
id2245697,
id3385185,
id2631052,
id1567896,
id0866687,
id1706794,
id2479061,
id0566994,
id2844403,
id1645514,
id2053630,
id2862944,
id2125840,
id1114904,
id2740857,
id2779445,
id1306357,
id2942736,
id2548701,
id1338144,
id2397482,
id1649366,
id3536615,
id2423206,
id3666644,
id2728829,
id2121021,
id2839377,
id3639242,
id1796680,
id0255161,
id0897783,
id1313351,
id0784333,
id2852968,
id3422456,
id1722686,
id1173563,
id0991753,
id3648231,
id3280997,
id3005903,
id1724128,
id2669045,
id0021850,
id3532164,
id3475148,
id2686939,
id0354117,
id2120644,
id0748250,
id0711464,
id1859067,
id1581448,
id1551721,
id3544178,
id3658074,
id0038658,
id1635186,
id0837450,
id1220280,
id1434911,
id1655710,
id0187991,
id3374942,
id3019754,
id2216005,
id1105035,
id1470141,
id3458260,
id0101707,
id1753560,
id1964475,
id1806703,
id2216896,
id1623943,
id3379059,
id1724660,
id1789412,
id3694934,
id0618279,
id1369296,
id0696025,
id1337306,
id3824174,
id1398670,
id0169215,
id3301194,
id0673107,
id3218580,
id1166189,
id2213849,
id1168070,
id2987193,
id0469631,
id1932427,
id0796797,
id2443121,
id0866871,
id1126555,
id0112312,
id1818714,
id3908008,
id0854636,
id0778899,
id1780381,
id0902791,
id0342358,
id3701513,
id3157535,
id0940213,
id3657839,
id3767529,
id0147186,
id2323623,
id0474046,
id1218132,
id2686895,
id3899239,
id0432449,
id2133529,
id0825839,
id3284705,
id3582445,
id2981441,
id1374463,
id1671369,
id0624943,
id1451706,
id1621889,
id3085573,
id2640335,
id2568700,
id0037839,
id2079751,
id1530864,
id2023893,
id0035190,
id1006203,
id2617745,
id3534680,
id3767674,
id0135106,
id3536987,
id1126491,
id1153909,
id0122444,
id0463875,
id1113882,
id1002422,
id0246582,
id1318017,
id1074144,
id2745763,
id3855230,
id1868442,
id3888628,
id1242775,
id2760393,
id3469652,
id3203084,
id1303086,
id1546188,
id0346017,
id0649881,
id2042515,
id0968978,
id0910170,
id3984185,
id0627086,
id3531098,
id0185006,
id0175833,
id1578306,
id2470003,
id3141054,
id1833183,
id0962532,
id3158730,
id2160946,
id3339360,
id1961570,
id3791816,
id1264621,
id3657593,
id1250303,
id3428526,
id0013741,
id0949817,
id0856173,
id2417459,
id3422853,
id0268779,
id0984637,
id2131153,
id2560522,
id3626973,
id0036872,
id0643093,
id2603887,
id3090339,
id1268920,
id0704775,
id2753792,
id2362132,
id2759197,
id3227676,
id3906913,
id2014866,
id1694848,
id2085749,
id0062380,
id3625092,
id1998935,
id2177950,
id3958712,
id1540484,
id0891509,
id0482560,
id2718674,
id0338060,
id0040043,
id0020426,
id1067886,
id1391504,
id3237246,
id3170665,
id2449118,
id2019760,
id0858052,
id2645965,
id2121687,
id0134961,
id0658265,
id1324279,
id3754650,
id3598231,
id3859659,
id0475669,
id0193542,
id2839501,
id1363997,
id1882575,
id0260788,
id1730799,
id3359329,
id0095041,
id0917569,
id0729346,
id2477992,
id1687070,
id3904598,
id3409095,
id1935477,
id1280673,
id2140645,
id3606550,
id3166576,
id0266293,
id3573000,
id0096954,
id3421970,
id1202195,
id3002047,
id2472198,
id1860140,
id3283314,
id1776347,
id0076882,
id2361150,
id1423328,
id2270105,
id2487366,
id3965864,
id0011990,
id0360866,
id0254645,
id1378166,
id3024373,
id1969168,
id0876728,
id1089048,
id3828749,
id0237671,
id1114720,
id1171025,
id2307250,
id2580220,
id1787583,
id3416415,
id0814727,
id0468820,
id3916013,
id3158346,
id2238323,
id3496177,
id0137170,
id2006589,
id3442172,
id3268005,
id3682305,
id3086831,
id3285755,
id2735981,
id0019614,
id0170810,
id2138459,
id3143820,
id2795204,
id2215691,
id3127065,
id0984761,
id3031623,
id0201357,
id0389544,
id0856287,
id3613338,
id0906079,
id1808787,
id1964429,
id1891226,
id0276123,
id3781639,
id2669449,
id2349244,
id2581231,
id2339711,
id1757045,
id0239532,
id0858222,
id0794182,
id3989551,
id3637395,
id1504698,
id3115776,
id0879689,
id2245453,
id3337015,
id0944379,
id3410374,
id3773293,
id3543657,
id1266948,
id3434465,
id3757155,
id3356176,
id2198756,
id2753230,
id3564453,
id2442912,
id1806688,
id1417986,
id2744506,
id1442794,
id2761302,
id2698422,
id1478222,
id2950973,
id3566035,
id0703288,
id0971197,
id2994017,
id0536111,
id1761424,
id1925490,
id0097682,
id0028812,
id2751783,
id0787729,
id0698795,
id2725342,
id3372747,
id0652147,
id0489674,
id3356012,
id0880084,
id2316849,
id0280900,
id2204234,
id2018729,
id0463417,
id1036018,
id3979104,
id1021616,
id3875763,
id2620649,
id0710383,
id3526006,
id0678012,
id1861868,
id1525475,
id2402515,
id0841398,
id0600882,
id2886946,
id1246983,
id1396208,
id1283213,
id1769801,
id0758266,
id0463390,
id0142714,
id1688589,
id0613251,
id1611990,
id2113341,
id0602402,
id1294624,
id2355281,
id3261135,
id0971142,
id1377941,
id3697963,
id2029396,
id2243195,
id2122735,
id2777816,
id2668919,
id1911665,
id0697686,
id0365855,
id2891986,
id2323113,
id0247481,
id1178131,
id0146523,
id2036063,
id3967858,
id3529254,
id0059641,
id3021688,
id0142425,
id0462895,
id2904599,
id3852087,
id1009098,
id2929528,
id0832105,
id2352798,
id2941298,
id3669886,
id3593974,
id2339389,
id1370994,
id1738656,
id1868862,
id3902376,
id3879429,
id3738317,
id3338736,
id1866184,
id0497895,
id2139594,
id2018039,
id2525468,
id2686288,
id1315290,
id0160197,
id1834470,
id2878034,
id3340922,
id1149080,
id2582532,
id1385076,
id2232699,
id2176431,
id2876143,
id2002072,
id2356638,
id2047796,
id2520612,
id1943996,
id1172779,
id2472694,
id0322575,
id3290831,
id0025296,
id3341928,
id1083365,
id0909457,
id1909272,
id1756399,
id2131054,
id2633047,
id1866725,
id3602826,
id2418015,
id0566449,
id2713238,
id2997633,
id3774381,
id2707950,
id3000348,
id1957052,
id2343481,
id0424969,
id2022358,
id3570696,
id1809317,
id3639525,
id2650286,
id2235668,
id0089549,
id2796372,
id0651551,
id2275816,
id0172245,
id2266661,
id1385218,
id1688436,
id2824108,
id3048182,
id3895973,
id1354802,
id3310598,
id2465927,
id3825894,
id3460584,
id2284426,
id0567075,
id1517068,
id1295021,
id0517068,
id2075465,
id3061280,
id1876176,
id3359228,
id3350845,
id3139622,
id2705088,
id2880862,
id3846951,
id0978849,
id0308874,
id0619526,
id3931432,
id1761323,
id1410582,
id1999932,
id2455302,
id1033936,
id3835460,
id1794306,
id1823315,
id2846165,
id2683247,
id1062283,
id0380870,
id3229154,
id0416300,
id0740548,
id3273165,
id0558107,
id0159877,
id1220296,
id1698389,
id2465359,
id0905317,
id2872431,
id2029241,
id1026605,
id3100436,
id2310207,
id0084743,
id2593730,
id0316916,
id2652460,
id1768067,
id2832681,
id1149405,
id3831212,
id1851382,
id2595573,
id3255889,
id3754085,
id3691040,
id2051966,
id3297482,
id2116476,
id0812739,
id0241988,
id0972341,
id1024092,
id3806278,
id1715196,
id2811289,
id0554396,
id3009655,
id2271677,
id3322875,
id1920298,
id3335369,
id2285475,
id2146669,
id3823072,
id3703980,
id1747403,
id1007313,
id2460462,
id1192171,
id0231327,
id0778026,
id3832016,
id2130914,
id1976052,
id1674087,
id0826821,
id1458846,
id1408982,
id3985495,
id0711537,
id1237890,
id3073694,
id2941609,
id0060463,
id2348652,
id2976614,
id2051376,
id1024054,
id3749950,
id3221528,
id1808363,
id0104929,
id3814762,
id0999064,
id1173732,
id1416920,
id2432193,
id3820494,
id0258188,
id0688299,
id2982098,
id0008398,
id2093972,
id3274414,
id3601059,
id3353773,
id0845447,
id2850635,
id3024915,
id1113720,
id1477957,
id1201982,
id1062363,
id3750290,
id0697728,
id0389993,
id3448924,
id1508726,
id1008087,
id3359670,
id2512130,
id1690251,
id3961203,
id1602507,
id1727133,
id3426687,
id1041923,
id1856879,
id0599710,
id0111951,
id0605975,
id3957318,
id2206915,
id2693989,
id2572756,
id2169858,
id0714068,
id3123905,
id2907609,
id0810845,
id1245534,
id2151628,
id2217657,
id3268702,
id2233155,
id2927753,
id3537970,
id0753695,
id3395465,
id3376937,
id3342216,
id0846893,
id1786303,
id3594680,
id3623918,
id2045923,
id0718710,
id2257319,
id1153390,
id1464487,
id1067090,
id1658471,
id2240021,
id3613343,
id0537391,
id2715042,
id2806893,
id3282330,
id3056151,
id2562715,
id3210321,
id3431833,
id2638892,
id0447377,
id0424498,
id0572313,
id3654843,
id3065511,
id3464381,
id1107659,
id2605325,
id2179175,
id0781162,
id3138633,
id2608143,
id0191824,
id1778212,
id1667973,
id2748518,
id3545259,
id2892993,
id0056484,
id1388815,
id1252897,
id0790261,
id0445353,
id1882342,
id0265703,
id0790798,
id2377153,
id0335006,
id3781575,
id0183758,
id3066676,
id3624321,
id2102648,
id0882583,
id3271321,
id2540850,
id1440651,
id3349336,
id2462976,
id0374279,
id0346105,
id3048265,
id0944831,
id1292918,
id2334298,
id3311104,
id1325373,
id2794236,
id2273832,
id1056769,
id3120333,
id2015819,
id3170031,
id3279595,
id3002228,
id0806636,
id1055603,
id2544892,
id0890591,
id1625729,
id1192426,
id2877745,
id2814404,
id1108511,
id2719045,
id2117844,
id2275336,
id1401846,
id0480135,
id1539229,
id0768632,
id3252580,
id1200641,
id2492252,
id1687770,
id3129590,
id1157087,
id3836198,
id1957285,
id1836558,
id3677285,
id1920776,
id1029703,
id2214616,
id1434200,
id3535134,
id2869286,
id1609611,
id3832493,
id0452626,
id1929276,
id2430089,
id0388644,
id1133246,
id2560133,
id0921795,
id1594238,
id3419056,
id3285269,
id2404839,
id0562773,
id1605835,
id1568491,
id0076095,
id2779500,
id3520241,
id1863563,
id3575436,
id0367130,
id2527910,
id1851059,
id2002163,
id0700661,
id2078769,
id1101149,
id0462896,
id0582313,
id1409643,
id3653930,
id3443837,
id2935636,
id0959187,
id0355379,
id3264674,
id1408585,
id1620223,
id0429403,
id3614408,
id3294220,
id2662985,
id2535310,
id2558023,
id0922845,
id1732033,
id2091666,
id2437659,
id1696248,
id3498065,
id0904472,
id1553996,
id2474964,
id1623167,
id3427350,
id2145668,
id2481624,
id1279491,
id0620464,
id3711754,
id0263477,
id2838832,
id1523976,
id1454337,
id3294664,
id3098950,
id0350829,
id2729397,
id0317340,
id0882666,
id1455172,
id0603340,
id0926680,
id3287128,
id3048442,
id3898752,
id0089659,
id1750030,
id0458883,
id0609576,
id3777329,
id1193755,
id3818041,
id2618184,
id3968128,
id0418468,
id1877563,
id1851947,
id3376470,
id2482986,
id0805391,
id1868353,
id1380701,
id2003327,
id3537621,
id1075958,
id2028561,
id1511676,
id3555341,
id1847343,
id0193521,
id2508198,
id2137934,
id2685422,
id3560546,
id3020059,
id2452478,
id3551131,
id2611403,
id2583785,
id1228627,
id2758700,
id1687100,
id2666877,
id3372260,
id0174262,
id0831174,
id3760364,
id2719759,
id2548974,
id3577789,
id2546959,
id3268986,
id1283379,
id0425166,
id0963759,
id2364364,
id0729012,
id2702071,
id1681488,
id1053879,
id2233346,
id0329621,
id0958728,
id1096601,
id3950083,
id2405327,
id0179536,
id3389025,
id1448810,
id2881525,
id1641745,
id3824855,
id3789688,
id2146264,
id3514417,
id0364654,
id1321918,
id3364996,
id1680315,
id3046394,
id2245509,
id1908609,
id3994881,
id0763191,
id1941781,
id0450088,
id3150081,
id3477687,
id3112210,
id3297146,
id2293898,
id2014596,
id3942508,
id2044390,
id1155459,
id1817543,
id1413098,
id1461993,
id3939399,
id2981599,
id3461027,
id2539576,
id3425041,
id2024091,
id1846874,
id1333103,
id3792814,
id2640596,
id3544227,
id3183196,
id0523487,
id2837071,
id3522077,
id0238916,
id2839532,
id1798887,
id1072251,
id1271986,
id0636976,
id3584482,
id1409399,
id3649053,
id3651188,
id0945159,
id0919266,
id3509026,
id2932816,
id1930581,
id0315254,
id1693416,
id1545878,
id1678062,
id1247522,
id0543628,
id3419898,
id2366450,
id1856144,
id0929977,
id2449566,
id2486853,
id1707467,
id1376748,
id2574576,
id3010193,
id0980630,
id1564962,
id0674914,
id1498387,
id0052882,
id1691381,
id2452875,
id2867617,
id0941300,
id2582545,
id3132184,
id0130191,
id1063913,
id1670663,
id1840694,
id1724542,
id2505447,
id3565738,
id3246049,
id0142468,
id3718064,
id3855092,
id1760333,
id2909404,
id0586528,
id3438287,
id0130784,
id3485617,
id0232145,
id3249822,
id3512958,
id3003945,
id0175052,
id0821872,
id2240273,
id1252811,
id1394751,
id0980154,
id2189373,
id0631367,
id3075935,
id3647852,
id1835268,
id1633837,
id0238454,
id1587081,
id1562493,
id3508703,
id2682599,
id1546169,
id1686029,
id3435876,
id2794792,
id3747319,
id1415698,
id3267497,
id1278593,
id2911882,
id3802255,
id2257931,
id2905192,
id0464044,
id2044198,
id1042556,
id2592143,
id0497507,
id0121250,
id3485166,
id2123527,
id1936230,
id1413027,
id0289370,
id2105271,
id0056554,
id0705493,
id2947020,
id1824151,
id2658078,
id1536382,
id3658995,
id2652969,
id2500482,
id0654669,
id2078154,
id1039566,
id3388546,
id3742375,
id3932962,
id2135873,
id0147414,
id1472709,
id1421052,
id3335609,
id1655936,
id3573272,
id3563135,
id3413880,
id2065855,
id1246953,
id2665973,
id1971354,
id1496982,
id0919928,
id3146068,
id0809960,
id1276582,
id0234652,
id3037624,
id0876774,
id0654775,
id3386557,
id0418934,
id0650381,
id3214796,
id0213807,
id3043911,
id1199354,
id1107538,
id1756635,
id1210092,
id1214055,
id3496402,
id2249888,
id2179359,
id0703481,
id1287966,
id2388416,
id1537578,
id3461681,
id3470715,
id3824967,
id0927347,
id3652263,
id2364496,
id1592597,
id2304278,
id3732171,
id3478077,
id1310832,
id3535194,
id2412753,
id0239789,
id2786554,
id1659579,
id3123379,
id2656545,
id2734480,
id2619059,
id2665758,
id2884765,
id0709159,
id3112286,
id3316814,
id3311071,
id2232938,
id3988770,
id0553374,
id2825961,
id0366364,
id0188609,
id3600363,
id2199924,
id2400214,
id1185816,
id0225953,
id3835945,
id2768659,
id2255059,
id2306188,
id3092155,
id1066959,
id0341694,
id1332312,
id1314370,
id2270166,
id0500489,
id3323539,
id1527833,
id1290474,
id2566890,
id1731871,
id3838393,
id1796521,
id1718081,
id1407640,
id1048538,
id3498306,
id2414492,
id1113796,
id2558433,
id2348469,
id0264828,
id3617537,
id2831636,
id0248439,
id3186557,
id1789931,
id2434491,
id2529978,
id2100687,
id3892269,
id2927123,
id1041121,
id1218022,
id0366663,
id3805185,
id3514370,
id1852085,
id3735675,
id3886535,
id1546163,
id1934420,
id2583887,
id0602407,
id2491869,
id3058263,
id0156223,
id1501056,
id0279524,
id3254251,
id3403044,
id0539401,
id2474584,
id2547057,
id1034529,
id3933578,
id3007434,
id1262252,
id0678321,
id2099178,
id3423349,
id1626192,
id1785828,
id1980302,
id2599896,
id2857474,
id3524178,
id2676293,
id2067815,
id3161995,
id2449245,
id2538389,
id2381648,
id2904991,
id0465596,
id1968950,
id3860455,
id1210391,
id0275134,
id3601662,
id3856740,
id0304778,
id0220638,
id2263085,
id3441802,
id2438036,
id2188296,
id0944189,
id2538173,
id1279808,
id3010535,
id0263355,
id0063315,
id1287350,
id0997837,
id1780776,
id3131721,
id3131556,
id1490932,
id1999410,
id2152959,
id1295186,
id2532139,
id0816758,
id3135920,
id0662732,
id1948303,
id2739437,
id0067514,
id3876403,
id1019513,
id2243720,
id2896509,
id1419143,
id2924998,
id0578084,
id3766411,
id1744350,
id0003478,
id1751474,
id0771961,
id1165353,
id3587499,
id0641993,
id2733779,
id1435874,
id1555129,
id2240889,
id1664531,
id3695221,
id1394485,
id3654770,
id3192346,
id3487209,
id3998202,
id1756611,
id3379549,
id3505648,
id0894482,
id2305471,
id2002513,
id2786552,
id1996062,
id2469917,
id2194191,
id0083082,
id2753350,
id2033679,
id0045723,
id2734892,
id3488582,
id0188828,
id0998278,
id0930896,
id1089623,
id0370137,
id0126439,
id1349914,
id2918925,
id3913450,
id2933816,
id3400089,
id3889950,
id0881644,
id3864815,
id1548433,
id2954294,
id2841089,
id1455416,
id2106679,
id1349608,
id0679987,
id3401826,
id3875073,
id0479885,
id1458489,
id3340162,
id3959405,
id2552943,
id0733130,
id1636210,
id3760110,
id2185938,
id3781075,
id1866123,
id0516847,
id0942276,
id1020837,
id3433949,
id3433538,
id1346590,
id2701466,
id1458332,
id3761309,
id3241508,
id0462019,
id0217652,
id1254163,
id1675752,
id0348597,
id3055987,
id0575355,
id2518948,
id3761633,
id2423509,
id0561221,
id2169381,
id0530324,
id1765338,
id0829248,
id3199932,
id2890300,
id2474332,
id3945499,
id0142911,
id3968687,
id2274056,
id1899110,
id3502250,
id3922324,
id2930260,
id2093801,
id1022581,
id3918606,
id1709891,
id1482494,
id0551232,
id2721738,
id2340109,
id3582635,
id0858920,
id1980500,
id0495486,
id3894053,
id1524335,
id2935346,
id0491323,
id3783903,
id2127685,
id1205084,
id3036077,
id3446791,
id1510335,
id0939668,
id0015493,
id3188224,
id1446004,
id3229782,
id0180978,
id3526224,
id3539365,
id2138154,
id0138211,
id1006651,
id3164250,
id3646224,
id2078078,
id2328464,
id3895439,
id2082065,
id1023979,
id3608635,
id0431342,
id3176347,
id3600404,
id0680702,
id0709345,
id1076294,
id2596578,
id0666881,
id1065378,
id1911850,
id0399774,
id2500256,
id0454942,
id1662605,
id3771595,
id0975354,
id0793848,
id0231183,
id3750013,
id3469715,
id3737596,
id1249052,
id3822954,
id1360109,
id0798932,
id3782232,
id1685742,
id2811706,
id3810007,
id2278015,
id1846737,
id1010480,
id3349135,
id0356911,
id3990334,
id0885771,
id2484200,
id3414998,
id0421102,
id3945637,
id0461120,
id3160727,
id0214830,
id3841067,
id1201583,
id3515089,
id1129132,
id3212628,
id0429367,
id3056822,
id3288101,
id3723232,
id1479954,
id3182327,
id3495852,
id1066616,
id2164866,
id3429591,
id1184774,
id0754986,
id1441690,
id2088963,
id0475577,
id1200220,
id2608927,
id0016794,
id1900251,
id2305730,
id3474427,
id3416881,
id2495348,
id1462398,
id2246377,
id2493266,
id2931287,
id0772236,
id2643415,
id3974509,
id0647858,
id0031030,
id2937841,
id3418391,
id1279700,
id1839072,
id1714140,
id3309160,
id0275614,
id2123750,
id1957982,
id2895422,
id3199078,
id0225443,
id0712283,
id2656259,
id2797394,
id3750236,
id1554172,
id3268014,
id2805828,
id3417448,
id3071156,
id0312324,
id3669194,
id0277533,
id2782897,
id1788479,
id0317125,
id3432898,
id2674936,
id0240704,
id0136331,
id0126796,
id3886846,
id2591026,
id1591037,
id1160055,
id0810833,
id1660070,
id3888892,
id3336406,
id0060001,
id1138989,
id1409098,
id1708411,
id3324259,
id3160056,
id1442426,
id0453108,
id3404130,
id3813168,
id3108829,
id3178772,
id0338236,
id2871861,
id3507681,
id3344698,
id3183500,
id1446444,
id0036777,
id2254006,
id2811776,
id2549809,
id1177526,
id1634560,
id0603500,
id1143306,
id2799761,
id1774875,
id0599830,
id3917382,
id2565139,
id0233910,
id3033419,
id1954300,
id1657665,
id3572873,
id1899139,
id2303435,
id1074683,
id1557156,
id2673560,
id1315001,
id3730225,
id3044416,
id0346849,
id0117566,
id3517280,
id0571411,
id3646089,
id2820612,
id2459257,
id3044752,
id2704865,
id0539362,
id2929729,
id1064659,
id0851845,
id1015304,
id0575474,
id2539363,
id1096974,
id2188871,
id0950754,
id3400624,
id3385709,
id2304183,
id1896090,
id3374026,
id2539964,
id3401961,
id1908291,
id3414732,
id2757668,
id2299227,
id1098206,
id3756343,
id2264044,
id3765474,
id0453665,
id3001067,
id1482012,
id0372675,
id2941339,
id3007595,
id3287993,
id0453889,
id1567124,
id3771793,
id2145370,
id2707113,
id3382849,
id0747746,
id3625338,
id1628621,
id3626324,
id2371567,
id0256565,
id1076681,
id1956578,
id0075464,
id1702931,
id1881389,
id2754186,
id3579495,
id3827099,
id1804670,
id1468483,
id2959610,
id2175255,
id2439213,
id0802682,
id3544946,
id0705211,
id2957352,
id0692645,
id2421414,
id2092367,
id2649194,
id2784486,
id2881722,
id0902559,
id3848219,
id2413510,
id3053920,
id2295954,
id1888886,
id0849033,
id3964313,
id1875862,
id1926558,
id1688056,
id1024053,
id3562638,
id2966331,
id1855566,
id1634488,
id2099914,
id0720135,
id2972244,
id0378433,
id1890164,
id2621915,
id1614306,
id3617275,
id1032853,
id3016430,
id0777959,
id1425859,
id0077908,
id3249429,
id2370911,
id0950265,
id2712895,
id3008694,
id1516588,
id1767949,
id2909082,
id0511579,
id3575740,
id3710320,
id1675971,
id3497818,
id0161324,
id1262245,
id1495475,
id1334783,
id3804145,
id0896250,
id1187060,
id1739282,
id3299293,
id1159260,
id2933053,
id0591696,
id0418371,
id0821804,
id2354099,
id2509119,
id1592709,
id3286579,
id1441016,
id2871516,
id2655392,
id2489575,
id1475438,
id3073371,
id1880953,
id2075641,
id0983007,
id0778469,
id2430863,
id3546893,
id0955301,
id1159641,
id2685185,
id1402939,
id3782052,
id1836911,
id0015665,
id0676218,
id1550415,
id3926794,
id1003520,
id0980948,
id3505106,
id3474654,
id0181627,
id1451856,
id0313100,
id2021177,
id0721027,
id0034767,
id1977402,
id2811867,
id1798137,
id2757160,
id3096060,
id3531583,
id2931750,
id1624641,
id2436592,
id0344743,
id1050214,
id3240617,
id2312198,
id1573660,
id3761594,
id3436124,
id2529160,
id1223332,
id1940919,
id0878371,
id0562396,
id2053266,
id2017052,
id0428521,
id2680257,
id1964807,
id0791361,
id0048469,
id1477513,
id2952562,
id2901791,
id0128967,
id3386568,
id2159827,
id2904032,
id3080680,
id3933635,
id1165078,
id1110116,
id2127648,
id2932437,
id2201972,
id3217990,
id2592985,
id0748482,
id1682172,
id2333055,
id0989771,
id1686397,
id1381222,
id3980303,
id1808527,
id0282674,
id3503104,
id3708874,
id2202667,
id2782536,
id1148603,
id1566281,
id2375735,
id1139456,
id1291196,
id2984797,
id2415011,
id2085717,
id1425515,
id3649249,
id3992293,
id0675754,
id3083429,
id3006197,
id0365279,
id1844349,
id2909389,
id0727165,
id2397849,
id1943539,
id1728139,
id1147838,
id3293787,
id1590224,
id2017823,
id0105334,
id3411252,
id1051608,
id0451483,
id0841367,
id0978448,
id1751998,
id1902638,
id0678812,
id0688557,
id3488603,
id0879129,
id1410327,
id0747069,
id3172290,
id3709041,
id0669470,
id0111291,
id3619190,
id1265039,
id0048420,
id0199574,
id1006857,
id1298999,
id3610722,
id1675125,
id2064174,
id2008082,
id0052311,
id3283774,
id1607700,
id3156193,
id0549479,
id3082082,
id3903529,
id0151881,
id0871543,
id0000672,
id2143545,
id2993455,
id1822940,
id1680266,
id1135184,
id1309194,
id1437834,
id2562344,
id3739581,
id2192203,
id3568761,
id0227060,
id3857772,
id0543315,
id2288910,
id3022113,
id3514372,
id3315476,
id3941524,
id0743617,
id2015683,
id0288019,
id1400911,
id2462438,
id1758796,
id0309461,
id2141652,
id0397578,
id1281721,
id0193028,
id3824623,
id0206849,
id3608763,
id3275310,
id3951136,
id2545523,
id3437030,
id3751392,
id3773237,
id2797506,
id0721364,
id3616014,
id0972297,
id2818532,
id2185976,
id0000761,
id2383768,
id2412028,
id1959391,
id2787286,
id2768745,
id2105040,
id3537554,
id1056737,
id2811309,
id1377434,
id2657891,
id3424102,
id3520035,
id1178246,
id1434805,
id0069163,
id1211682,
id1985702,
id1745469,
id3324990,
id0073274,
id1567879,
id3517556,
id3571776,
id1724084,
id2617289,
id2881560,
id2718480,
id2566204,
id2112388,
id1393586,
id2143647,
id0292080,
id1820645,
id1829810,
id1168321,
id3343976,
id2407333,
id1297602,
id1365474,
id2313371,
id3377682,
id3689176,
id0820607,
id3281169,
id0467274,
id1517817,
id0125032,
id3213351,
id0928428,
id0749020,
id3244428,
id0675599,
id0468792,
id2597417,
id1752400,
id0258521,
id2755747,
id1493034,
id0627204,
id2958436,
id0340338,
id2375667,
id3803931,
id2903693,
id1891600,
id0656890,
id2615009,
id3965762,
id1591014,
id3743700,
id1653599,
id2213522,
id2704370,
id3772348,
id3156314,
id3960093,
id1634545,
id1493390,
id3701578,
id2311544,
id2451745,
id0510381,
id2212648,
id3254558,
id1329304,
id1804187,
id0296573,
id0120667,
id0062128,
id1631730,
id3408235,
id1864779,
id0104472,
id2657874,
id2946597,
id0440023,
id0698887,
id1129846,
id1354279,
id3449892,
id3044583,
id1381158,
id1059597,
id0323043,
id3348442,
id0324418,
id0853768,
id3724945,
id3964153,
id3435936,
id0935337,
id2136779,
id3657126,
id1145474,
id1462183,
id3840702,
id1134805,
id3295029,
id3745565,
id1616575,
id1436087,
id2679967,
id3967030,
id0005731,
id1350243,
id0098463,
id3834398,
id0809373,
id0657846,
id2696614,
id0776809,
id0332596,
id1601972,
id0808105,
id1198073,
id0438271,
id1942048,
id2411119,
id1442295,
id0379757,
id3861834,
id2049566,
id3351146,
id1119994,
id3446487,
id0748390,
id0896335,
id2418616,
id1721775,
id0231797,
id3353430,
id2582373,
id0387181,
id3634596,
id1680666,
id2847779,
id3950923,
id0544719,
id3868261,
id1854760,
id1116179,
id1128325,
id0400666,
id1832129,
id3675363,
id1608879,
id2659363,
id0638825,
id3902227,
id3903429,
id2572258,
id1857737,
id1768489,
id3095491,
id0403182,
id1297383,
id2710704,
id0323472,
id3024844,
id3959737,
id1920134,
id0934064,
id1378350,
id3806637,
id1658602,
id0113895,
id1978237,
id3687220,
id1230999,
id3912151,
id3253481,
id3533654,
id0170413,
id0001044,
id2553024,
id2969639,
id1520659,
id2809515,
id2196172,
id1663978,
id2046115,
id2490435,
id3912917,
id2159511,
id2808993,
id3491300,
id0632209,
id3991627,
id0124475,
id2923070,
id3995406,
id0804125,
id0833896,
id1888144,
id3775909,
id1702651,
id1852917,
id3191447,
id0793213,
id3660098,
id0104557,
id3601299,
id2042221,
id0986514,
id0349834,
id0814713,
id1068971,
id1536851,
id3698250,
id3795926,
id1450366,
id1667432,
id1194819,
id3775814,
id2445532,
id1665186,
id1494089,
id2613083,
id3090930,
id1397905,
id1077166,
id1163623,
id2833240,
id1222725,
id0546341,
id2429826,
id2836110,
id2274784,
id3281838,
id3242970,
id3188972,
id0221134,
id0735821,
id1002233,
id2680495,
id2828245,
id2180503,
id0107557,
id0497096,
id2573601,
id3236456,
id3790628,
id1420101,
id2979446,
id1233230,
id2296101,
id0000164,
id3673289,
id2838568,
id1122272,
id1347154,
id3557797,
id0575015,
id2187394,
id3094065,
id2885648,
id3135396,
id1527652,
id1811361,
id1241998,
id2736239,
id2683886,
id0061544,
id3826600,
id0721783,
id3629569,
id1376088,
id3304998,
id1446878,
id3429331,
id1013526,
id2813891,
id0676008,
id0422348,
id3119926,
id0653517,
id2624075,
id1461207,
id1381597,
id1006305,
id3333993,
id1462353,
id0607090,
id0314664,
id3067562,
id0779146,
id1585164,
id0023669,
id0366874,
id1417974,
id1155108,
id2093468,
id0224554,
id3287084,
id1505271,
id1825080,
id3032755,
id3252061,
id3463233,
id1857910,
id1116393,
id3952939,
id3578063,
id3353575,
id3975967,
id3672130,
id1783577,
id1177751,
id3558200,
id2953736,
id3339378,
id3503213,
id0253848,
id2120498,
id0916433,
id1965716,
id1995200,
id0828181,
id0065532,
id2155290,
id2708241,
id2485138,
id2758551,
id3339946,
id1666455,
id3688492,
id3292216,
id2198783,
id2999488,
id1295206,
id3647086,
id1534912,
id2476683,
id2583738,
id3280357,
id0297570,
id1446814,
id0357638,
id3751319,
id1158633,
id0404391,
id1471682,
id1379739,
id2572598,
id2260434,
id3464918,
id1920639,
id2679351,
id1139419,
id2925209,
id3577970,
id1785824,
id1161531,
id2785033,
id1829155,
id3015593,
id1324283,
id0100753,
id0703130,
id2586261,
id2554791,
id2673110,
id0370747,
id3754501,
id2892704,
id1782120,
id3314537,
id2155783,
id0294923,
id2225714,
id0397588,
id0185092,
id0892478,
id1560295,
id1669219,
id0586392,
id3918003,
id0807797,
id2805304,
id1638857,
id2567765,
id0520758,
id2118286,
id0239720,
id1398408,
id3039030,
id1040844,
id1408950,
id3237184,
id2341933,
id2211273,
id0542391,
id0970886,
id3183000,
id2982746,
id0895545,
id0169431,
id3549192,
id0795238,
id3354338,
id2505705,
id0596180,
id3046992,
id0240882,
id1058535,
id2115350,
id0389616,
id2593312,
id0402539,
id2534240,
id2952717,
id2799878,
id0920358,
id2875136,
id2757950,
id2984595,
id2689565,
id0506572,
id2052660,
id2304741,
id1092161,
id3446830,
id0951735,
id3020268,
id0309009,
id1430543,
id3491590,
id3363604,
id3256939,
id3632390,
id1593392,
id1907182,
id1781155,
id3737196,
id1148048,
id1714693,
id1184239,
id2538452,
id1230274,
id2500786,
id3944658,
id1971857,
id1886686,
id3596084,
id1091477,
id1463984,
id0625935,
id2005775,
id2941483,
id1678253,
id2680785,
id2115229,
id0843794,
id0222074,
id0980323,
id2198128,
id1445677,
id2354376,
id1791698,
id1428140,
id3954143,
id1443501,
id3782820,
id1416094,
