datetime,casual,registered,count
2012-06-14 13:00,64.0,238.0,296.0
2011-11-13 0:00,12.0,87.0,91.0
2012-08-16 1:00,4.0,20.0,26.0
2011-12-14 19:00,11.0,247.0,275.0
2011-10-12 6:00,5.0,81.0,84.0
2011-03-06 23:00,1.0,10.0,11.0
2012-01-05 10:00,7.0,85.0,96.0
2011-07-13 15:00,7.0,55.0,65.0
2012-07-07 10:00,117.0,210.0,327.0
2012-02-17 10:00,16.0,130.0,160.0
2012-06-14 4:00,0.0,8.0,8.0
2012-06-15 8:00,52.0,678.0,719.0
2012-10-03 1:00,3.0,17.0,20.0
2011-01-07 6:00,1.0,28.0,28.0
2011-12-01 23:00,3.0,53.0,73.0
2012-12-12 7:00,6.0,315.0,337.0
2012-11-07 19:00,14.0,312.0,335.0
2012-10-07 2:00,9.0,50.0,69.0
2011-11-17 9:00,10.0,209.0,199.0
2012-07-14 21:00,58.0,184.0,230.0
2011-03-09 10:00,9.0,47.0,59.0
2011-02-17 6:00,2.0,42.0,42.0
2012-12-17 15:00,20.0,177.0,181.0
2011-09-10 3:00,4.0,14.0,18.0
2011-10-01 21:00,12.0,66.0,80.0
2011-10-10 23:00,21.0,60.0,68.0
2011-12-17 9:00,16.0,116.0,125.0
2011-01-06 18:00,3.0,125.0,124.0
2011-09-12 8:00,24.0,521.0,417.0
2012-06-16 2:00,12.0,58.0,69.0
2011-10-03 13:00,14.0,94.0,99.0
2011-07-10 15:00,168.0,198.0,367.0
2012-09-07 8:00,31.0,715.0,536.0
2012-11-09 7:00,7.0,276.0,297.0
2011-06-08 12:00,31.0,132.0,166.0
2012-05-11 7:00,18.0,305.0,393.0
2011-02-07 5:00,0.0,5.0,5.0
2012-12-15 22:00,27.0,141.0,192.0
2012-09-10 17:00,107.0,734.0,779.0
2011-09-13 15:00,45.0,146.0,191.0
2011-04-02 16:00,76.0,97.0,161.0
2012-11-18 17:00,64.0,232.0,319.0
2011-07-03 11:00,142.0,198.0,312.0
2011-08-17 3:00,0.0,4.0,5.0
2012-03-02 12:00,28.0,189.0,205.0
2011-05-08 5:00,2.0,6.0,7.0
2012-05-15 21:00,27.0,128.0,132.0
2012-05-13 12:00,166.0,352.0,560.0
2012-10-01 15:00,77.0,230.0,306.0
2012-03-03 15:00,170.0,245.0,423.0
2011-02-03 11:00,2.0,44.0,51.0
2011-08-06 1:00,19.0,59.0,77.0
2012-11-13 0:00,6.0,30.0,40.0
2011-11-11 22:00,10.0,106.0,118.0
2012-08-08 20:00,52.0,300.0,367.0
2012-05-02 5:00,2.0,38.0,39.0
2011-02-11 7:00,2.0,81.0,95.0
2011-04-14 20:00,23.0,150.0,201.0
2012-11-03 10:00,82.0,233.0,338.0
2012-01-18 23:00,1.0,42.0,45.0
2011-02-09 14:00,4.0,55.0,63.0
2012-03-01 4:00,1.0,3.0,5.0
2012-01-17 2:00,0.0,2.0,3.0
2011-05-09 9:00,32.0,187.0,200.0
2012-01-09 22:00,2.0,77.0,78.0
2012-01-07 19:00,52.0,238.0,246.0
2011-09-13 14:00,44.0,136.0,184.0
2011-05-12 10:00,31.0,98.0,133.0
2012-09-09 3:00,6.0,28.0,37.0
2011-11-13 17:00,118.0,247.0,367.0
2012-08-01 13:00,64.0,223.0,288.0
2011-10-17 10:00,34.0,106.0,139.0
2011-09-01 23:00,19.0,84.0,87.0
2011-03-17 23:00,7.0,37.0,43.0
2012-12-18 21:00,11.0,203.0,223.0
2011-09-01 6:00,6.0,98.0,105.0
2011-04-15 8:00,15.0,46.0,100.0
2011-05-08 22:00,30.0,82.0,101.0
2011-03-07 7:00,3.0,92.0,102.0
2011-05-14 18:00,47.0,95.0,169.0
2011-02-10 23:00,1.0,25.0,24.0
2012-02-18 17:00,102.0,263.0,448.0
2011-08-12 1:00,4.0,17.0,26.0
2011-02-04 12:00,6.0,62.0,68.0
2012-12-13 10:00,18.0,168.0,188.0
2011-06-14 13:00,45.0,147.0,191.0
2012-12-10 23:00,7.0,92.0,99.0
2011-11-14 5:00,1.0,19.0,19.0
2012-06-06 19:00,42.0,420.0,450.0
2012-06-19 5:00,1.0,31.0,30.0
2012-09-15 2:00,18.0,62.0,75.0
2011-11-02 20:00,13.0,174.0,185.0
2011-09-06 12:00,14.0,82.0,112.0
2011-04-19 15:00,31.0,96.0,141.0
2012-10-18 19:00,43.0,459.0,469.0
2011-08-01 10:00,45.0,88.0,129.0
2011-12-04 21:00,19.0,100.0,120.0
2012-09-04 9:00,28.0,255.0,295.0
2011-05-14 19:00,19.0,70.0,96.0
2011-11-15 13:00,24.0,98.0,129.0
2012-05-15 17:00,83.0,755.0,680.0
2011-10-12 5:00,1.0,20.0,20.0
2012-09-03 2:00,13.0,32.0,50.0
2011-05-17 7:00,9.0,149.0,150.0
2011-09-16 14:00,52.0,145.0,191.0
2011-08-01 11:00,52.0,108.0,155.0
2012-12-05 6:00,5.0,101.0,96.0
2012-01-05 8:00,6.0,338.0,442.0
2011-03-11 18:00,13.0,202.0,200.0
2011-01-05 7:00,1.0,90.0,82.0
2011-09-12 5:00,1.0,21.0,24.0
2012-10-08 23:00,12.0,101.0,98.0
2011-08-02 0:00,9.0,26.0,40.0
2012-03-05 4:00,0.0,3.0,3.0
2011-11-11 17:00,27.0,233.0,261.0
2011-05-04 1:00,3.0,7.0,8.0
2011-05-14 8:00,11.0,55.0,75.0
2011-03-07 0:00,-0.0,4.0,5.0
2011-03-09 7:00,4.0,112.0,113.0
2011-12-05 23:00,8.0,56.0,64.0
2012-04-14 10:00,116.0,210.0,330.0
2012-05-09 2:00,1.0,4.0,5.0
2011-02-10 10:00,2.0,37.0,39.0
2011-11-06 20:00,30.0,112.0,137.0
2011-01-18 20:00,2.0,52.0,53.0
2011-08-02 21:00,34.0,150.0,186.0
2011-12-04 9:00,16.0,114.0,140.0
2011-05-18 9:00,12.0,108.0,112.0
2011-01-11 17:00,2.0,124.0,105.0
2011-06-07 15:00,45.0,134.0,178.0
2012-11-06 15:00,26.0,205.0,224.0
2012-09-18 1:00,2.0,11.0,14.0
2011-07-09 8:00,37.0,107.0,139.0
2012-07-16 10:00,56.0,133.0,197.0
2011-08-09 7:00,21.0,293.0,296.0
2011-11-14 16:00,56.0,245.0,300.0
2012-02-18 22:00,15.0,102.0,116.0
2012-08-11 4:00,3.0,8.0,10.0
2011-09-05 7:00,15.0,77.0,97.0
2012-12-18 7:00,7.0,308.0,367.0
2011-09-17 3:00,5.0,14.0,21.0
2011-06-05 10:00,74.0,167.0,258.0
2012-04-14 21:00,46.0,192.0,273.0
2011-02-01 3:00,0.0,2.0,2.0
2012-09-09 22:00,35.0,128.0,153.0
2011-03-15 19:00,8.0,131.0,133.0
2012-11-01 0:00,5.0,46.0,47.0
2012-07-07 6:00,8.0,33.0,62.0
2012-02-10 15:00,16.0,161.0,171.0
2011-06-05 4:00,1.0,6.0,9.0
2012-04-18 14:00,16.0,79.0,112.0
2012-02-07 11:00,14.0,132.0,154.0
2012-08-03 22:00,55.0,191.0,258.0
2012-09-13 17:00,100.0,755.0,809.0
2012-09-17 16:00,62.0,315.0,367.0
2012-09-07 15:00,88.0,244.0,345.0
2011-04-18 0:00,7.0,18.0,25.0
2011-08-07 9:00,83.0,128.0,196.0
2012-10-08 12:00,123.0,299.0,390.0
2011-05-17 15:00,45.0,143.0,186.0
2012-06-15 6:00,6.0,145.0,141.0
2011-01-02 19:00,8.0,60.0,64.0
2011-07-08 2:00,3.0,10.0,16.0
2012-07-15 1:00,18.0,78.0,94.0
2011-05-17 19:00,44.0,308.0,356.0
2011-07-12 11:00,46.0,119.0,171.0
2012-09-14 22:00,20.0,176.0,179.0
2011-09-08 19:00,6.0,86.0,89.0
2012-02-13 15:00,17.0,150.0,175.0
2012-08-07 17:00,84.0,705.0,723.0
2012-03-19 3:00,1.0,3.0,5.0
2012-06-10 15:00,219.0,284.0,512.0
2011-12-05 16:00,26.0,238.0,284.0
2012-01-17 11:00,7.0,98.0,106.0
2012-01-19 18:00,7.0,218.0,237.0
2011-03-02 17:00,39.0,278.0,335.0
2012-02-19 19:00,11.0,102.0,117.0
2012-05-11 8:00,47.0,708.0,723.0
2012-01-01 4:00,1.0,4.0,4.0
2012-12-04 15:00,50.0,220.0,278.0
2011-06-17 8:00,20.0,504.0,416.0
2012-04-07 21:00,71.0,184.0,277.0
2011-11-14 12:00,40.0,151.0,189.0
2012-05-14 17:00,23.0,293.0,218.0
2011-12-11 17:00,21.0,218.0,212.0
2012-10-07 16:00,43.0,191.0,261.0
2012-12-02 19:00,23.0,164.0,218.0
2011-11-16 22:00,5.0,47.0,55.0
2011-02-09 8:00,3.0,195.0,177.0
2012-06-16 12:00,237.0,359.0,606.0
2011-04-07 9:00,15.0,131.0,134.0
2012-09-14 10:00,67.0,170.0,254.0
2011-07-02 20:00,120.0,173.0,271.0
2011-08-11 8:00,29.0,346.0,463.0
2012-01-16 1:00,1.0,25.0,23.0
2011-09-04 9:00,70.0,114.0,180.0
2012-10-07 21:00,21.0,130.0,152.0
2012-05-10 9:00,39.0,287.0,333.0
2012-12-05 2:00,1.0,6.0,8.0
2012-09-04 14:00,61.0,191.0,279.0
2012-08-12 11:00,204.0,282.0,482.0
2012-03-08 23:00,11.0,79.0,94.0
2011-09-15 23:00,8.0,55.0,55.0
2012-12-19 9:00,11.0,266.0,294.0
2011-04-09 8:00,11.0,35.0,60.0
2012-10-02 14:00,12.0,107.0,131.0
2012-12-13 3:00,1.0,6.0,6.0
2012-08-13 4:00,0.0,7.0,7.0
2011-06-07 3:00,1.0,3.0,5.0
2012-08-19 3:00,6.0,34.0,34.0
2011-02-12 11:00,20.0,77.0,97.0
2012-11-07 12:00,22.0,201.0,224.0
2012-01-05 22:00,4.0,86.0,98.0
2012-08-02 2:00,2.0,10.0,11.0
2012-07-01 14:00,144.0,207.0,360.0
2012-09-10 23:00,15.0,88.0,117.0
2011-08-08 2:00,2.0,3.0,6.0
2011-03-07 1:00,-0.0,2.0,3.0
2011-11-03 4:00,1.0,4.0,5.0
2012-05-19 10:00,128.0,264.0,395.0
2012-09-15 15:00,267.0,315.0,599.0
2011-04-01 7:00,2.0,77.0,61.0
2012-01-19 6:00,1.0,58.0,60.0
2011-10-15 22:00,54.0,124.0,191.0
2011-02-07 23:00,3.0,25.0,27.0
2012-09-03 13:00,156.0,244.0,375.0
2012-11-02 18:00,30.0,474.0,489.0
2012-10-17 22:00,9.0,146.0,148.0
2011-03-15 10:00,11.0,50.0,64.0
2011-12-10 17:00,20.0,185.0,206.0
2011-04-13 12:00,8.0,42.0,48.0
2012-11-10 23:00,26.0,123.0,131.0
2012-07-08 14:00,132.0,209.0,358.0
2011-06-02 7:00,24.0,254.0,335.0
2012-07-08 12:00,152.0,258.0,414.0
2012-06-08 14:00,102.0,237.0,332.0
2011-10-06 7:00,11.0,255.0,315.0
2012-08-11 8:00,32.0,157.0,180.0
2012-08-15 13:00,66.0,218.0,275.0
2012-03-13 23:00,19.0,77.0,96.0
2011-05-19 15:00,36.0,150.0,212.0
2011-12-12 1:00,1.0,8.0,9.0
2012-05-08 2:00,1.0,5.0,5.0
2011-12-14 9:00,6.0,204.0,183.0
2011-02-04 1:00,1.0,5.0,6.0
2012-03-09 10:00,15.0,122.0,145.0
2012-08-07 20:00,44.0,277.0,335.0
2011-12-06 0:00,5.0,22.0,29.0
2011-01-06 11:00,3.0,45.0,48.0
2011-03-07 19:00,8.0,118.0,129.0
2012-04-16 14:00,164.0,227.0,367.0
2011-02-06 15:00,33.0,79.0,131.0
2012-07-09 20:00,48.0,305.0,366.0
2012-04-06 16:00,108.0,293.0,442.0
2011-05-19 4:00,1.0,4.0,6.0
2012-02-06 11:00,8.0,100.0,108.0
2011-09-17 8:00,21.0,64.0,94.0
2012-06-06 14:00,67.0,221.0,283.0
2011-10-07 7:00,7.0,138.0,177.0
2012-05-12 11:00,210.0,302.0,517.0
2012-04-19 3:00,0.0,4.0,4.0
2012-11-19 18:00,29.0,549.0,557.0
2012-12-02 6:00,2.0,14.0,13.0
2011-12-04 13:00,69.0,206.0,272.0
2012-01-03 14:00,4.0,83.0,87.0
2012-11-17 20:00,28.0,187.0,232.0
2011-02-14 18:00,10.0,197.0,190.0
2011-08-15 6:00,5.0,71.0,82.0
2012-10-17 4:00,1.0,7.0,8.0
2011-01-04 21:00,2.0,49.0,49.0
2011-10-02 4:00,1.0,5.0,6.0
2012-07-02 9:00,45.0,272.0,312.0
2012-01-02 12:00,26.0,136.0,152.0
2011-09-18 16:00,115.0,247.0,383.0
2011-05-01 12:00,90.0,200.0,326.0
2011-08-05 3:00,1.0,5.0,6.0
2011-06-16 6:00,4.0,77.0,91.0
2012-11-12 18:00,75.0,310.0,416.0
2012-10-14 23:00,18.0,85.0,100.0
2011-12-11 21:00,5.0,73.0,74.0
2012-02-07 10:00,11.0,111.0,132.0
2012-11-18 12:00,137.0,317.0,487.0
2011-06-06 15:00,51.0,133.0,187.0
2012-11-12 19:00,57.0,294.0,348.0
2011-04-17 22:00,35.0,70.0,116.0
2012-10-05 19:00,61.0,425.0,524.0
2011-10-11 21:00,21.0,133.0,152.0
2011-01-17 23:00,1.0,13.0,15.0
2012-09-12 22:00,26.0,182.0,194.0
2011-05-06 18:00,46.0,305.0,333.0
2011-06-03 6:00,7.0,105.0,113.0
2011-03-11 10:00,12.0,54.0,69.0
2011-01-06 23:00,1.0,23.0,25.0
2012-02-03 19:00,10.0,242.0,242.0
2012-05-17 21:00,41.0,254.0,292.0
2012-09-07 19:00,84.0,455.0,535.0
2012-05-12 5:00,1.0,8.0,12.0
2011-04-12 19:00,15.0,133.0,155.0
2012-04-19 11:00,58.0,171.0,230.0
2011-10-19 7:00,12.0,173.0,142.0
2011-11-18 16:00,22.0,218.0,242.0
2012-11-01 8:00,26.0,593.0,817.0
2012-07-05 3:00,2.0,6.0,7.0
2012-02-11 0:00,6.0,64.0,58.0
2012-02-16 8:00,8.0,466.0,532.0
2012-10-01 19:00,45.0,480.0,492.0
2011-08-04 19:00,45.0,283.0,345.0
2012-09-17 22:00,10.0,101.0,125.0
2011-04-12 3:00,3.0,4.0,4.0
2012-08-03 12:00,76.0,229.0,313.0
2012-06-07 12:00,70.0,250.0,313.0
2011-07-03 18:00,105.0,141.0,276.0
2011-02-02 16:00,11.0,94.0,101.0
2012-09-17 18:00,59.0,647.0,713.0
2012-10-07 13:00,117.0,258.0,437.0
2012-01-14 0:00,3.0,42.0,40.0
2011-11-05 8:00,9.0,91.0,81.0
2012-07-15 7:00,18.0,43.0,67.0
2011-03-12 3:00,2.0,7.0,8.0
2011-07-10 4:00,3.0,6.0,9.0
2011-04-08 21:00,5.0,53.0,57.0
2012-02-03 12:00,18.0,167.0,178.0
2011-03-06 12:00,18.0,58.0,67.0
2012-06-03 3:00,7.0,28.0,33.0
2012-04-05 1:00,4.0,13.0,12.0
2011-08-06 12:00,153.0,232.0,377.0
2011-11-04 0:00,4.0,35.0,33.0
2012-12-17 9:00,16.0,274.0,287.0
2012-08-08 10:00,56.0,154.0,205.0
2011-05-04 5:00,0.0,9.0,9.0
2011-02-17 0:00,2.0,13.0,17.0
2011-04-18 16:00,58.0,158.0,228.0
2012-09-03 16:00,137.0,322.0,407.0
2012-04-12 4:00,0.0,5.0,5.0
2012-09-18 15:00,13.0,99.0,128.0
2011-06-04 12:00,168.0,242.0,427.0
2011-11-13 14:00,107.0,204.0,301.0
2011-09-16 3:00,1.0,3.0,4.0
2011-08-19 18:00,62.0,318.0,401.0
2012-09-17 12:00,64.0,209.0,272.0
2011-12-17 16:00,26.0,165.0,216.0
2012-04-06 21:00,31.0,168.0,227.0
2011-08-07 15:00,102.0,138.0,215.0
2011-09-12 14:00,50.0,129.0,181.0
2012-02-16 10:00,4.0,64.0,75.0
2011-10-17 17:00,56.0,460.0,537.0
2011-07-14 0:00,9.0,36.0,43.0
2011-12-07 10:00,3.0,40.0,39.0
2012-12-13 18:00,18.0,484.0,536.0
2011-11-16 13:00,5.0,47.0,52.0
2012-11-17 7:00,3.0,41.0,52.0
2012-08-09 11:00,74.0,181.0,233.0
2012-12-08 22:00,13.0,123.0,137.0
2012-09-17 0:00,9.0,30.0,43.0
2012-10-01 10:00,58.0,168.0,228.0
2012-10-05 6:00,6.0,151.0,142.0
2012-12-10 7:00,7.0,308.0,341.0
2011-03-05 19:00,33.0,108.0,134.0
2011-11-17 3:00,0.0,3.0,4.0
2011-05-17 10:00,11.0,51.0,69.0
2012-12-19 21:00,11.0,186.0,222.0
2012-09-07 12:00,85.0,250.0,338.0
2011-04-15 2:00,5.0,30.0,34.0
2011-08-05 13:00,61.0,161.0,229.0
2011-01-08 11:00,5.0,47.0,53.0
2011-06-14 15:00,46.0,143.0,191.0
2011-06-07 9:00,33.0,190.0,220.0
2012-07-08 6:00,7.0,27.0,51.0
2011-12-19 13:00,11.0,138.0,149.0
2011-08-10 0:00,9.0,36.0,40.0
2012-05-07 21:00,33.0,182.0,238.0
2012-01-08 6:00,1.0,9.0,10.0
2011-01-06 19:00,2.0,82.0,86.0
2011-08-17 21:00,34.0,163.0,185.0
2012-02-04 0:00,6.0,53.0,56.0
2012-05-19 7:00,13.0,101.0,128.0
2011-06-12 3:00,8.0,18.0,25.0
2011-06-09 22:00,28.0,133.0,157.0
2011-01-07 9:00,5.0,102.0,109.0
2012-05-10 7:00,21.0,369.0,429.0
2012-01-02 21:00,4.0,77.0,91.0
2011-03-19 1:00,10.0,47.0,54.0
2012-07-15 14:00,144.0,231.0,388.0
2012-11-11 10:00,111.0,227.0,309.0
2011-10-14 11:00,13.0,70.0,91.0
2012-10-08 6:00,2.0,33.0,23.0
2012-03-09 9:00,11.0,234.0,233.0
2011-07-06 23:00,19.0,74.0,102.0
2012-01-03 18:00,4.0,153.0,161.0
2011-01-18 13:00,2.0,49.0,47.0
2012-07-17 4:00,0.0,8.0,8.0
2012-01-07 12:00,82.0,207.0,258.0
2012-03-09 2:00,1.0,4.0,6.0
2012-08-09 1:00,5.0,19.0,26.0
2011-10-17 22:00,18.0,109.0,134.0
2012-01-16 2:00,1.0,17.0,15.0
2012-08-03 23:00,29.0,131.0,160.0
2012-08-10 22:00,47.0,192.0,238.0
2012-10-03 23:00,16.0,99.0,125.0
2012-08-04 21:00,92.0,220.0,296.0
2011-06-19 4:00,2.0,6.0,9.0
2012-02-11 20:00,1.0,85.0,81.0
2011-09-02 17:00,80.0,488.0,510.0
2012-06-02 0:00,22.0,98.0,126.0
2011-04-13 19:00,16.0,140.0,190.0
2012-12-05 1:00,2.0,16.0,16.0
2011-11-02 9:00,6.0,142.0,167.0
2012-01-10 11:00,15.0,127.0,169.0
2012-03-15 20:00,21.0,259.0,286.0
2011-06-04 14:00,184.0,196.0,396.0
2011-05-11 5:00,2.0,21.0,23.0
2012-11-18 16:00,90.0,267.0,410.0
2011-12-08 18:00,8.0,277.0,272.0
2011-10-10 9:00,42.0,134.0,196.0
2011-11-16 11:00,4.0,43.0,48.0
2011-08-19 15:00,61.0,157.0,224.0
2012-01-16 15:00,22.0,110.0,124.0
2012-06-19 3:00,0.0,4.0,5.0
2012-04-07 5:00,2.0,7.0,11.0
2012-09-07 2:00,2.0,14.0,16.0
2012-12-10 4:00,0.0,6.0,7.0
2012-12-08 5:00,1.0,9.0,13.0
2012-11-16 0:00,4.0,50.0,52.0
2012-01-15 19:00,5.0,104.0,98.0
2011-02-06 21:00,5.0,35.0,42.0
2012-01-19 21:00,4.0,111.0,112.0
2011-06-09 8:00,31.0,358.0,490.0
2012-09-17 23:00,6.0,55.0,77.0
2012-08-05 6:00,5.0,22.0,29.0
2011-02-13 7:00,1.0,6.0,8.0
2011-10-01 15:00,78.0,183.0,241.0
2012-03-04 19:00,9.0,126.0,150.0
2011-07-14 19:00,59.0,295.0,387.0
2012-08-09 6:00,6.0,153.0,142.0
2012-10-09 5:00,1.0,32.0,32.0
2011-12-06 12:00,5.0,56.0,71.0
2012-04-05 2:00,4.0,5.0,7.0
2012-11-15 7:00,6.0,341.0,390.0
2012-04-09 21:00,22.0,113.0,118.0
2011-04-17 13:00,121.0,154.0,279.0
2012-04-19 14:00,66.0,188.0,260.0
2012-11-08 14:00,37.0,201.0,245.0
2012-05-05 19:00,82.0,219.0,328.0
2012-11-19 21:00,17.0,187.0,218.0
2012-01-01 1:00,8.0,44.0,58.0
2011-12-01 19:00,9.0,238.0,280.0
2011-07-06 16:00,44.0,216.0,280.0
2011-03-04 6:00,1.0,32.0,33.0
2011-02-16 15:00,16.0,86.0,108.0
2012-12-03 2:00,1.0,5.0,8.0
2012-01-16 14:00,16.0,100.0,124.0
2011-11-15 7:00,18.0,289.0,292.0
2012-09-05 12:00,58.0,231.0,291.0
2011-06-08 6:00,5.0,90.0,89.0
2011-08-09 4:00,0.0,5.0,5.0
2011-09-17 19:00,75.0,183.0,232.0
2012-08-06 23:00,18.0,92.0,115.0
2012-03-16 5:00,1.0,20.0,21.0
2012-07-18 6:00,8.0,159.0,174.0
2011-04-07 20:00,15.0,110.0,144.0
2012-01-14 13:00,18.0,126.0,168.0
2012-05-08 21:00,40.0,192.0,238.0
2011-04-11 5:00,1.0,11.0,14.0
2011-02-01 7:00,1.0,57.0,46.0
2012-07-03 10:00,59.0,145.0,203.0
2011-02-19 19:00,9.0,75.0,88.0
2011-08-02 4:00,0.0,4.0,5.0
2012-02-13 11:00,10.0,98.0,101.0
2012-07-04 20:00,100.0,242.0,333.0
2012-08-04 19:00,150.0,312.0,450.0
2012-10-16 16:00,63.0,374.0,455.0
2012-03-05 15:00,15.0,132.0,136.0
2011-12-05 13:00,16.0,129.0,150.0
2012-02-09 0:00,1.0,22.0,23.0
2011-06-06 12:00,52.0,143.0,198.0
2012-03-01 8:00,10.0,296.0,489.0
2011-09-03 4:00,3.0,5.0,8.0
2012-02-02 10:00,8.0,67.0,69.0
2011-08-12 9:00,44.0,198.0,243.0
2011-08-09 1:00,4.0,11.0,16.0
2012-01-07 3:00,5.0,13.0,15.0
2012-09-14 21:00,53.0,252.0,266.0
2011-08-16 20:00,40.0,215.0,268.0
2012-06-11 19:00,69.0,437.0,499.0
2012-08-18 7:00,13.0,75.0,105.0
2011-05-16 20:00,27.0,180.0,217.0
2011-01-03 7:00,1.0,72.0,66.0
2011-04-09 5:00,0.0,3.0,5.0
2011-10-11 13:00,34.0,137.0,173.0
2011-02-12 0:00,2.0,22.0,22.0
2011-06-03 17:00,79.0,447.0,574.0
2011-02-13 1:00,2.0,26.0,23.0
2011-12-11 8:00,4.0,66.0,70.0
2011-02-19 1:00,8.0,25.0,31.0
2011-06-02 15:00,43.0,150.0,190.0
2012-10-12 17:00,83.0,666.0,761.0
2011-09-10 23:00,19.0,62.0,76.0
2012-11-02 19:00,23.0,345.0,362.0
2011-12-08 13:00,8.0,136.0,131.0
2012-05-07 7:00,15.0,403.0,398.0
2011-10-13 22:00,16.0,113.0,138.0
2011-07-02 10:00,135.0,185.0,313.0
2012-05-14 7:00,6.0,144.0,118.0
2012-08-03 17:00,98.0,654.0,701.0
2011-12-04 7:00,5.0,21.0,23.0
2012-12-19 20:00,13.0,285.0,312.0
2011-10-03 20:00,9.0,110.0,122.0
2011-12-07 9:00,4.0,67.0,61.0
2011-05-19 22:00,12.0,75.0,81.0
2012-01-09 2:00,1.0,3.0,5.0
2012-01-14 16:00,24.0,127.0,167.0
2011-01-11 1:00,0.0,4.0,4.0
2012-10-05 15:00,103.0,274.0,387.0
2011-03-01 19:00,7.0,116.0,131.0
2011-01-08 22:00,1.0,25.0,25.0
2012-11-08 13:00,36.0,230.0,259.0
2012-12-04 6:00,2.0,115.0,107.0
2011-11-17 19:00,7.0,200.0,239.0
2012-02-19 0:00,7.0,64.0,64.0
2011-03-16 11:00,16.0,59.0,81.0
2012-12-13 6:00,2.0,148.0,141.0
2012-02-07 4:00,0.0,3.0,3.0
2011-06-18 1:00,17.0,53.0,77.0
2011-12-04 16:00,58.0,226.0,317.0
2011-01-10 14:00,6.0,53.0,59.0
2011-06-05 7:00,9.0,27.0,53.0
2011-01-02 12:00,35.0,49.0,66.0
2011-07-02 11:00,173.0,206.0,353.0
2011-08-11 1:00,6.0,14.0,19.0
2012-09-13 16:00,78.0,385.0,462.0
2011-12-11 23:00,3.0,38.0,52.0
2011-02-18 1:00,2.0,10.0,12.0
2012-07-19 18:00,86.0,606.0,687.0
2012-11-03 22:00,23.0,146.0,175.0
2011-11-05 4:00,1.0,5.0,6.0
2012-01-02 7:00,3.0,46.0,62.0
2011-02-04 23:00,3.0,30.0,35.0
2011-03-05 18:00,57.0,108.0,209.0
2012-04-03 17:00,97.0,604.0,662.0
2012-01-11 13:00,4.0,68.0,64.0
2012-02-01 5:00,1.0,19.0,20.0
2011-06-15 17:00,63.0,449.0,566.0
2012-02-18 15:00,92.0,225.0,349.0
2012-05-01 20:00,51.0,318.0,375.0
2011-06-01 19:00,28.0,250.0,306.0
2012-05-11 9:00,60.0,293.0,361.0
2011-08-12 14:00,73.0,152.0,215.0
2011-03-04 10:00,8.0,52.0,62.0
2011-02-18 8:00,14.0,305.0,253.0
2012-11-01 1:00,2.0,17.0,18.0
2012-02-05 9:00,12.0,78.0,104.0
2011-08-03 3:00,2.0,4.0,5.0
2011-01-01 1:00,2.0,18.0,17.0
2011-01-04 14:00,5.0,51.0,58.0
2011-12-03 7:00,2.0,26.0,28.0
2011-08-12 21:00,46.0,158.0,203.0
2012-11-02 1:00,3.0,20.0,24.0
2012-07-14 0:00,47.0,115.0,148.0
2012-02-01 18:00,29.0,543.0,634.0
2011-03-08 2:00,1.0,2.0,3.0
2012-03-04 12:00,70.0,241.0,313.0
2012-01-03 20:00,3.0,83.0,79.0
2012-11-17 21:00,22.0,172.0,213.0
2011-05-13 18:00,21.0,151.0,182.0
2012-02-02 6:00,1.0,62.0,79.0
2012-05-02 18:00,56.0,644.0,752.0
2012-04-12 13:00,66.0,195.0,260.0
2011-09-09 11:00,11.0,67.0,87.0
2011-09-06 2:00,1.0,3.0,5.0
2012-08-18 11:00,186.0,296.0,488.0
2011-01-05 17:00,6.0,138.0,138.0
2012-01-06 3:00,1.0,4.0,5.0
2012-10-16 10:00,47.0,176.0,221.0
2011-12-04 5:00,1.0,6.0,6.0
2011-11-11 16:00,48.0,208.0,261.0
2012-03-13 14:00,56.0,181.0,241.0
2011-04-11 17:00,75.0,278.0,332.0
2011-06-12 5:00,2.0,7.0,11.0
2011-05-07 4:00,2.0,4.0,7.0
2012-07-05 0:00,10.0,51.0,59.0
2011-05-06 6:00,4.0,92.0,79.0
2012-10-18 6:00,4.0,142.0,137.0
2011-03-05 4:00,1.0,3.0,4.0
2012-07-06 21:00,52.0,230.0,281.0
2012-02-09 17:00,14.0,392.0,423.0
2012-05-11 3:00,2.0,5.0,6.0
2012-12-13 8:00,15.0,512.0,753.0
2012-12-17 4:00,0.0,6.0,6.0
2011-10-12 18:00,11.0,121.0,124.0
2011-09-01 3:00,0.0,4.0,5.0
2011-12-17 11:00,23.0,167.0,174.0
2011-12-17 23:00,4.0,48.0,72.0
2012-06-02 19:00,159.0,330.0,467.0
2011-10-17 9:00,25.0,209.0,213.0
2011-12-19 16:00,19.0,215.0,231.0
2012-02-18 8:00,5.0,88.0,88.0
2011-09-13 3:00,1.0,4.0,5.0
2012-09-13 6:00,6.0,156.0,153.0
2011-01-05 15:00,7.0,62.0,67.0
2012-05-10 17:00,95.0,710.0,784.0
2012-01-02 17:00,16.0,160.0,185.0
2012-09-09 16:00,223.0,364.0,587.0
2012-03-17 11:00,88.0,207.0,294.0
2011-11-12 8:00,8.0,82.0,78.0
2012-04-06 4:00,1.0,4.0,5.0
2012-11-06 13:00,25.0,210.0,222.0
2012-05-04 6:00,7.0,118.0,119.0
2012-10-13 11:00,150.0,288.0,450.0
2012-05-01 12:00,57.0,195.0,266.0
2011-11-16 19:00,5.0,89.0,113.0
2012-07-09 22:00,30.0,160.0,202.0
2012-10-09 4:00,0.0,6.0,7.0
2012-03-09 8:00,11.0,464.0,401.0
2011-11-05 9:00,16.0,133.0,149.0
2012-05-12 20:00,142.0,260.0,391.0
2012-12-06 15:00,21.0,214.0,243.0
2011-11-07 23:00,7.0,54.0,59.0
2012-02-16 18:00,4.0,180.0,176.0
2011-09-07 18:00,13.0,148.0,154.0
2011-02-10 17:00,4.0,152.0,152.0
2011-06-14 20:00,37.0,217.0,273.0
2011-11-06 16:00,97.0,243.0,355.0
2012-11-14 13:00,27.0,228.0,252.0
2011-11-15 6:00,7.0,103.0,103.0
2012-10-12 18:00,49.0,534.0,564.0
2012-01-09 8:00,5.0,334.0,398.0
2011-05-05 21:00,29.0,166.0,184.0
2012-09-17 10:00,54.0,139.0,209.0
2012-08-18 9:00,103.0,254.0,341.0
2012-04-10 5:00,1.0,25.0,28.0
2011-11-11 10:00,18.0,150.0,165.0
2011-11-15 15:00,34.0,141.0,175.0
2012-03-01 18:00,39.0,537.0,655.0
2011-10-11 2:00,2.0,4.0,6.0
2011-04-16 3:00,3.0,9.0,15.0
2011-07-04 12:00,181.0,199.0,369.0
2011-04-05 8:00,4.0,90.0,53.0
2011-06-09 3:00,1.0,4.0,5.0
2011-04-19 3:00,1.0,3.0,4.0
2011-12-02 4:00,0.0,4.0,4.0
2011-10-04 19:00,29.0,302.0,345.0
2012-12-12 18:00,18.0,457.0,497.0
2012-06-11 7:00,20.0,453.0,379.0
2011-12-10 14:00,58.0,176.0,243.0
2012-04-19 2:00,1.0,6.0,7.0
2012-04-08 13:00,184.0,296.0,545.0
2012-04-04 6:00,6.0,109.0,120.0
2012-01-16 23:00,2.0,38.0,39.0
2011-09-12 16:00,59.0,234.0,306.0
2011-05-07 11:00,109.0,203.0,303.0
2012-07-01 15:00,143.0,250.0,397.0
2011-01-15 13:00,18.0,76.0,99.0
2012-03-06 2:00,0.0,3.0,4.0
2011-02-15 1:00,1.0,4.0,4.0
2011-11-09 13:00,27.0,155.0,182.0
2011-09-19 21:00,26.0,138.0,168.0
2012-07-02 8:00,36.0,556.0,648.0
2011-03-09 15:00,15.0,67.0,76.0
2011-09-05 11:00,130.0,145.0,242.0
2012-12-09 0:00,7.0,94.0,100.0
2011-06-08 3:00,0.0,4.0,5.0
2011-03-13 3:00,4.0,11.0,15.0
2011-01-05 19:00,3.0,92.0,96.0
2012-10-01 18:00,51.0,544.0,529.0
2011-08-14 19:00,97.0,158.0,262.0
2011-06-04 2:00,15.0,45.0,62.0
2012-09-19 11:00,65.0,216.0,272.0
2012-06-15 11:00,80.0,216.0,308.0
2011-03-15 9:00,7.0,113.0,125.0
2012-06-09 11:00,219.0,300.0,531.0
2012-02-07 12:00,15.0,164.0,172.0
2012-03-11 22:00,23.0,83.0,95.0
2012-11-19 13:00,38.0,208.0,253.0
2012-04-05 4:00,1.0,5.0,5.0
2011-02-03 15:00,4.0,58.0,65.0
2012-02-12 23:00,1.0,38.0,34.0
2011-05-18 17:00,57.0,420.0,483.0
2012-02-17 20:00,11.0,201.0,199.0
2011-07-07 3:00,1.0,4.0,5.0
2011-04-06 11:00,19.0,62.0,95.0
2012-06-12 14:00,13.0,89.0,100.0
2012-06-06 11:00,69.0,204.0,266.0
2011-10-19 15:00,7.0,56.0,70.0
2012-05-06 2:00,11.0,48.0,71.0
2011-05-18 12:00,11.0,82.0,104.0
2012-07-08 19:00,113.0,240.0,341.0
2012-07-09 16:00,77.0,322.0,411.0
2011-07-08 4:00,1.0,5.0,6.0
2012-10-07 20:00,32.0,158.0,190.0
2011-12-14 5:00,0.0,17.0,15.0
2011-03-08 22:00,6.0,44.0,46.0
2012-04-15 11:00,213.0,255.0,459.0
2012-11-15 15:00,30.0,216.0,256.0
2012-08-11 13:00,219.0,302.0,540.0
2011-03-18 19:00,63.0,185.0,277.0
2011-01-11 22:00,0.0,21.0,20.0
2011-09-05 23:00,10.0,40.0,58.0
2011-10-07 1:00,4.0,15.0,19.0
2011-11-09 20:00,14.0,181.0,199.0
2011-06-14 18:00,53.0,425.0,502.0
2011-02-08 20:00,2.0,69.0,70.0
2011-07-13 8:00,32.0,326.0,411.0
2012-12-11 6:00,1.0,119.0,113.0
2011-07-14 13:00,46.0,153.0,196.0
2012-12-06 10:00,14.0,144.0,158.0
2011-12-06 15:00,6.0,58.0,71.0
2011-09-03 12:00,146.0,244.0,368.0
2012-06-03 4:00,2.0,9.0,12.0
2012-02-14 22:00,6.0,105.0,109.0
2011-07-09 4:00,3.0,5.0,8.0
2012-05-06 19:00,96.0,243.0,343.0
2012-02-01 11:00,14.0,138.0,161.0
2011-12-13 6:00,1.0,65.0,75.0
2011-02-17 23:00,6.0,46.0,45.0
2011-12-14 8:00,8.0,349.0,389.0
2012-12-06 14:00,18.0,184.0,202.0
2012-02-19 22:00,2.0,50.0,58.0
2011-10-12 10:00,13.0,80.0,111.0
2012-07-05 12:00,59.0,203.0,264.0
2011-05-12 4:00,1.0,4.0,6.0
2011-10-13 6:00,3.0,59.0,67.0
2012-08-02 9:00,54.0,289.0,352.0
2012-06-04 9:00,47.0,281.0,320.0
2011-05-09 12:00,54.0,148.0,203.0
2011-02-17 20:00,13.0,122.0,146.0
2012-08-19 6:00,6.0,27.0,43.0
2012-06-10 16:00,191.0,312.0,498.0
2011-02-05 12:00,3.0,33.0,40.0
2011-12-03 17:00,48.0,220.0,313.0
2012-08-05 21:00,49.0,144.0,183.0
2011-12-13 23:00,3.0,49.0,64.0
2011-06-14 16:00,52.0,246.0,307.0
2011-05-05 23:00,10.0,70.0,74.0
2012-11-12 8:00,22.0,202.0,185.0
2012-10-19 11:00,35.0,205.0,238.0
2011-04-16 0:00,11.0,36.0,48.0
2011-11-09 17:00,29.0,438.0,486.0
2012-08-14 23:00,23.0,102.0,134.0
2012-03-04 14:00,104.0,195.0,276.0
2012-06-18 1:00,4.0,12.0,19.0
2012-05-19 14:00,267.0,297.0,584.0
2011-07-14 10:00,40.0,106.0,138.0
2012-05-03 4:00,1.0,5.0,6.0
2011-10-15 11:00,104.0,214.0,317.0
2012-04-13 1:00,3.0,16.0,22.0
2012-04-17 0:00,10.0,34.0,47.0
2011-02-02 5:00,-0.0,4.0,5.0
2011-03-15 7:00,5.0,107.0,113.0
2012-09-14 23:00,27.0,130.0,153.0
2012-03-17 19:00,83.0,268.0,328.0
2012-12-13 1:00,1.0,14.0,14.0
2012-06-09 20:00,142.0,270.0,399.0
2011-11-06 23:00,9.0,43.0,60.0
2012-12-06 13:00,18.0,216.0,219.0
2012-10-12 8:00,32.0,594.0,748.0
2011-07-12 8:00,38.0,342.0,419.0
2011-07-16 20:00,109.0,173.0,256.0
2011-04-18 4:00,1.0,3.0,3.0
2011-04-17 20:00,65.0,99.0,162.0
2012-12-12 23:00,6.0,96.0,92.0
2011-07-14 11:00,51.0,130.0,170.0
2011-05-10 18:00,64.0,430.0,522.0
2012-06-15 15:00,97.0,255.0,343.0
2011-12-03 18:00,27.0,183.0,218.0
2011-03-12 11:00,40.0,76.0,112.0
2012-08-02 14:00,72.0,185.0,249.0
2012-08-07 1:00,5.0,15.0,23.0
2011-11-04 23:00,8.0,76.0,89.0
2012-02-09 19:00,7.0,269.0,276.0
2012-04-02 13:00,60.0,170.0,245.0
2012-10-04 8:00,20.0,615.0,663.0
2012-04-13 9:00,43.0,265.0,327.0
2012-03-13 4:00,1.0,3.0,4.0
2012-09-16 3:00,5.0,24.0,32.0
2011-03-04 22:00,7.0,51.0,58.0
2012-07-02 2:00,3.0,7.0,9.0
2011-10-07 16:00,77.0,263.0,345.0
2012-12-11 12:00,21.0,197.0,234.0
2012-06-12 20:00,32.0,267.0,262.0
2011-03-01 18:00,12.0,218.0,216.0
2012-04-16 6:00,4.0,29.0,33.0
2012-06-06 3:00,0.0,5.0,6.0
2012-06-11 23:00,19.0,91.0,117.0
2012-03-07 20:00,21.0,260.0,296.0
2011-01-07 23:00,2.0,26.0,28.0
2011-07-06 2:00,3.0,7.0,9.0
2011-04-16 15:00,26.0,56.0,78.0
2011-03-08 8:00,7.0,249.0,244.0
2012-01-02 19:00,8.0,120.0,119.0
2012-06-02 23:00,34.0,137.0,173.0
2011-05-09 20:00,30.0,216.0,243.0
2011-06-10 7:00,25.0,244.0,282.0
2011-06-09 1:00,5.0,13.0,19.0
2011-06-14 3:00,2.0,4.0,4.0
2011-03-18 21:00,44.0,100.0,158.0
2011-06-13 8:00,24.0,354.0,421.0
2011-04-08 19:00,2.0,46.0,36.0
2012-12-02 4:00,1.0,9.0,10.0
2011-07-01 11:00,71.0,141.0,206.0
2011-10-16 18:00,77.0,214.0,319.0
2012-09-18 0:00,5.0,22.0,34.0
2011-10-14 7:00,9.0,138.0,133.0
2011-01-16 14:00,20.0,67.0,87.0
2012-08-12 14:00,218.0,283.0,512.0
2012-07-06 20:00,68.0,272.0,335.0
2012-08-11 1:00,19.0,82.0,99.0
2012-12-11 0:00,4.0,27.0,33.0
2011-07-16 11:00,154.0,211.0,322.0
2012-08-07 4:00,1.0,7.0,7.0
2011-09-01 1:00,4.0,13.0,17.0
2012-03-17 20:00,70.0,219.0,279.0
2012-11-18 1:00,8.0,70.0,80.0
2011-09-02 14:00,60.0,147.0,209.0
2011-07-04 5:00,4.0,8.0,11.0
2012-11-13 1:00,1.0,9.0,10.0
2011-02-15 11:00,7.0,52.0,60.0
2011-04-09 9:00,16.0,66.0,84.0
2011-10-04 11:00,32.0,122.0,172.0
2012-06-14 1:00,4.0,20.0,24.0
2011-02-12 14:00,37.0,77.0,133.0
2011-06-15 4:00,1.0,5.0,5.0
2012-05-08 7:00,24.0,435.0,475.0
2011-09-10 11:00,136.0,213.0,304.0
2012-01-19 22:00,3.0,81.0,90.0
2012-10-03 20:00,51.0,334.0,425.0
2011-08-02 12:00,46.0,143.0,186.0
2011-10-10 11:00,114.0,170.0,219.0
2012-01-07 13:00,76.0,195.0,305.0
2011-01-06 5:00,-0.0,5.0,5.0
2012-02-02 16:00,20.0,252.0,266.0
2012-03-13 20:00,39.0,285.0,328.0
2011-02-02 1:00,0.0,3.0,4.0
2012-04-07 13:00,209.0,268.0,527.0
2011-12-01 17:00,16.0,389.0,419.0
2012-07-11 2:00,2.0,8.0,9.0
2011-05-01 0:00,14.0,54.0,72.0
2012-03-04 8:00,13.0,70.0,75.0
2011-11-01 19:00,18.0,265.0,303.0
2011-11-18 17:00,22.0,382.0,409.0
2012-06-10 4:00,5.0,9.0,12.0
2011-06-02 6:00,12.0,114.0,124.0
2011-07-02 4:00,2.0,6.0,9.0
2011-08-16 14:00,47.0,134.0,180.0
2012-04-03 1:00,1.0,10.0,13.0
2012-05-05 11:00,164.0,296.0,443.0
2011-01-09 1:00,0.0,18.0,13.0
2012-05-08 12:00,55.0,187.0,264.0
2012-09-05 21:00,27.0,226.0,232.0
2012-04-02 9:00,27.0,238.0,270.0
2012-07-10 19:00,42.0,301.0,360.0
2012-04-17 18:00,92.0,657.0,696.0
2012-03-08 11:00,32.0,156.0,205.0
2012-05-03 15:00,69.0,230.0,301.0
2012-04-15 14:00,248.0,260.0,482.0
2011-07-12 2:00,3.0,5.0,9.0
2011-08-14 11:00,80.0,162.0,247.0
2012-06-11 20:00,53.0,281.0,348.0
2012-09-03 3:00,7.0,12.0,23.0
2012-09-03 6:00,6.0,22.0,29.0
2011-01-03 0:00,1.0,6.0,9.0
2011-06-06 4:00,1.0,3.0,4.0
2011-06-06 22:00,27.0,118.0,156.0
2012-07-04 21:00,65.0,203.0,252.0
2012-03-09 15:00,48.0,199.0,248.0
2011-02-02 15:00,10.0,71.0,87.0
2012-12-10 13:00,6.0,115.0,118.0
2011-10-19 5:00,1.0,14.0,16.0
2011-09-16 0:00,7.0,26.0,32.0
2011-01-18 19:00,2.0,86.0,86.0
2011-06-13 2:00,2.0,4.0,7.0
2012-04-17 22:00,33.0,142.0,166.0
2011-09-19 12:00,38.0,137.0,185.0
2012-10-13 4:00,2.0,9.0,9.0
2012-05-09 6:00,5.0,118.0,113.0
2012-12-01 3:00,3.0,20.0,23.0
2011-06-09 16:00,37.0,190.0,248.0
2011-09-15 15:00,34.0,137.0,178.0
2011-03-13 7:00,7.0,14.0,26.0
2011-05-15 10:00,57.0,164.0,248.0
2011-06-19 3:00,11.0,20.0,29.0
2012-08-18 17:00,245.0,378.0,592.0
2012-08-17 7:00,31.0,462.0,472.0
2011-02-12 20:00,4.0,57.0,63.0
2011-08-18 0:00,7.0,36.0,42.0
2011-07-19 0:00,10.0,27.0,39.0
2011-07-12 20:00,47.0,208.0,275.0
2012-12-19 13:00,26.0,233.0,260.0
2012-01-01 23:00,9.0,44.0,51.0
2011-07-14 8:00,30.0,338.0,421.0
2011-05-09 18:00,68.0,426.0,495.0
2011-03-13 13:00,119.0,134.0,244.0
2011-07-18 20:00,48.0,209.0,266.0
2011-11-18 12:00,19.0,161.0,177.0
2012-09-10 21:00,33.0,228.0,274.0
2012-07-06 18:00,92.0,568.0,636.0
2011-12-19 6:00,1.0,77.0,83.0
2011-07-16 6:00,6.0,13.0,14.0
2011-03-01 1:00,1.0,3.0,4.0
2012-07-07 14:00,181.0,243.0,428.0
2012-06-04 12:00,77.0,216.0,294.0
2011-01-16 21:00,2.0,25.0,30.0
2011-06-09 4:00,1.0,5.0,6.0
2011-05-05 3:00,1.0,2.0,4.0
2011-10-11 18:00,32.0,322.0,367.0
2011-08-06 20:00,46.0,98.0,164.0
2011-01-02 0:00,5.0,30.0,30.0
2012-07-03 20:00,41.0,218.0,286.0
2011-06-04 6:00,12.0,25.0,29.0
2011-03-06 20:00,1.0,11.0,12.0
2011-09-11 11:00,128.0,201.0,301.0
2011-04-05 19:00,14.0,132.0,158.0
2011-04-01 6:00,1.0,35.0,32.0
2011-12-17 10:00,18.0,125.0,142.0
2011-03-09 14:00,12.0,62.0,73.0
2011-05-14 6:00,7.0,13.0,20.0
2012-08-18 8:00,36.0,186.0,202.0
2012-03-05 0:00,2.0,15.0,19.0
2012-12-17 23:00,3.0,71.0,72.0
2011-02-07 8:00,2.0,213.0,183.0
2012-10-19 14:00,87.0,252.0,362.0
2012-07-05 10:00,56.0,146.0,193.0
2012-02-08 12:00,8.0,142.0,130.0
2011-08-04 9:00,31.0,182.0,220.0
2011-12-12 22:00,4.0,83.0,90.0
2011-03-08 16:00,19.0,105.0,110.0
2012-07-09 6:00,3.0,80.0,93.0
2011-01-02 11:00,27.0,43.0,51.0
2011-03-12 8:00,7.0,29.0,40.0
2011-03-12 22:00,19.0,44.0,62.0
2011-02-03 7:00,1.0,88.0,88.0
2011-05-16 2:00,3.0,4.0,8.0
2012-08-03 13:00,90.0,219.0,306.0
2012-08-19 15:00,163.0,279.0,456.0
2012-12-11 18:00,17.0,488.0,510.0
2011-11-05 21:00,17.0,118.0,137.0
2012-03-05 9:00,9.0,204.0,216.0
2011-03-05 7:00,2.0,14.0,19.0
2012-07-08 20:00,90.0,183.0,265.0
2011-05-02 21:00,40.0,142.0,177.0
2012-09-12 19:00,63.0,488.0,559.0
2012-08-03 7:00,27.0,440.0,423.0
2012-09-06 6:00,5.0,130.0,143.0
2011-05-08 16:00,183.0,257.0,430.0
2011-09-15 10:00,37.0,99.0,137.0
2011-09-19 19:00,37.0,295.0,353.0
2012-07-16 1:00,4.0,13.0,20.0
2011-07-18 12:00,56.0,135.0,193.0
2012-09-13 13:00,75.0,255.0,316.0
2012-11-05 8:00,16.0,504.0,688.0
2011-02-16 12:00,10.0,71.0,89.0
2012-10-15 1:00,2.0,13.0,14.0
2011-06-15 7:00,18.0,246.0,275.0
2011-07-12 15:00,41.0,121.0,164.0
2012-04-08 17:00,215.0,298.0,505.0
2011-12-11 13:00,35.0,207.0,270.0
2011-01-10 16:00,6.0,65.0,70.0
2012-05-08 9:00,35.0,261.0,326.0
2011-09-12 21:00,38.0,139.0,177.0
2011-07-05 21:00,40.0,152.0,189.0
2012-09-08 12:00,194.0,340.0,553.0
2012-04-05 11:00,32.0,142.0,206.0
2011-10-17 20:00,30.0,199.0,243.0
2012-02-18 16:00,75.0,227.0,293.0
2011-04-15 7:00,6.0,41.0,56.0
2011-07-06 6:00,7.0,104.0,118.0
2011-09-19 11:00,35.0,105.0,158.0
2012-03-14 22:00,23.0,135.0,156.0
2011-11-17 6:00,3.0,79.0,86.0
2012-11-16 20:00,21.0,260.0,292.0
2011-06-10 0:00,8.0,36.0,46.0
2012-01-19 5:00,0.0,11.0,11.0
2012-05-15 15:00,59.0,203.0,262.0
2011-01-16 16:00,14.0,64.0,81.0
2012-08-15 6:00,6.0,146.0,141.0
2012-08-07 14:00,69.0,183.0,253.0
2012-05-10 11:00,52.0,183.0,254.0
2011-02-13 17:00,34.0,95.0,146.0
2012-02-10 7:00,3.0,203.0,205.0
2012-10-17 12:00,56.0,244.0,298.0
2011-01-01 19:00,4.0,24.0,26.0
2012-08-15 1:00,5.0,20.0,24.0
2011-03-09 12:00,11.0,71.0,78.0
2011-01-09 4:00,-0.0,2.0,2.0
2012-06-17 11:00,162.0,272.0,428.0
2011-05-18 19:00,12.0,118.0,137.0
2012-12-08 7:00,5.0,64.0,69.0
2011-07-10 7:00,18.0,47.0,71.0
2012-02-19 10:00,22.0,112.0,134.0
2011-06-18 17:00,164.0,249.0,426.0
2012-04-18 8:00,26.0,307.0,305.0
2011-07-01 7:00,24.0,230.0,301.0
2011-08-19 19:00,29.0,192.0,235.0
2011-05-09 0:00,10.0,27.0,33.0
2011-07-04 0:00,28.0,57.0,98.0
2012-06-17 23:00,24.0,87.0,106.0
2011-11-13 23:00,13.0,55.0,63.0
2012-11-03 17:00,78.0,266.0,418.0
2012-04-13 2:00,2.0,8.0,10.0
2012-10-08 19:00,40.0,276.0,293.0
2011-06-16 12:00,35.0,158.0,204.0
2011-10-07 4:00,1.0,5.0,5.0
2011-02-05 17:00,4.0,49.0,63.0
2011-10-08 14:00,201.0,207.0,373.0
2011-01-07 7:00,2.0,83.0,79.0
2011-02-16 3:00,0.0,2.0,2.0
2011-06-12 4:00,3.0,6.0,8.0
2012-05-04 12:00,31.0,112.0,146.0
2011-11-15 12:00,29.0,148.0,183.0
2012-05-12 3:00,8.0,19.0,26.0
2012-04-12 15:00,72.0,194.0,258.0
2011-03-09 9:00,6.0,126.0,109.0
2011-09-13 7:00,15.0,283.0,280.0
2011-06-14 10:00,37.0,101.0,138.0
2012-12-15 2:00,5.0,48.0,42.0
2012-03-15 5:00,1.0,21.0,24.0
2011-06-10 3:00,1.0,4.0,6.0
2012-12-07 12:00,22.0,209.0,247.0
2012-01-11 18:00,3.0,156.0,128.0
2012-12-16 10:00,37.0,193.0,252.0
2012-07-03 6:00,7.0,144.0,158.0
2012-08-03 3:00,1.0,7.0,7.0
2011-03-15 0:00,2.0,11.0,16.0
2012-01-15 7:00,2.0,17.0,17.0
2012-02-11 2:00,2.0,26.0,24.0
2011-09-11 10:00,104.0,192.0,280.0
2012-10-14 13:00,219.0,354.0,636.0
2011-04-18 6:00,4.0,61.0,57.0
2011-06-11 8:00,35.0,97.0,154.0
2012-01-01 6:00,1.0,4.0,6.0
2011-04-12 13:00,20.0,67.0,103.0
2012-10-03 13:00,48.0,215.0,270.0
2012-08-06 3:00,1.0,5.0,5.0
2012-08-19 9:00,83.0,149.0,255.0
2012-06-19 17:00,85.0,693.0,775.0
2012-05-08 22:00,11.0,74.0,99.0
2012-11-06 8:00,11.0,508.0,608.0
2011-04-05 1:00,3.0,9.0,11.0
2011-07-18 2:00,3.0,5.0,9.0
2011-10-14 13:00,36.0,168.0,222.0
2011-02-09 20:00,1.0,33.0,35.0
2012-06-18 12:00,23.0,101.0,131.0
2011-05-01 15:00,124.0,182.0,305.0
2011-09-01 8:00,29.0,482.0,492.0
2012-04-04 1:00,4.0,13.0,16.0
2012-07-14 18:00,97.0,275.0,317.0
2012-10-16 9:00,41.0,312.0,375.0
2011-03-13 9:00,25.0,48.0,74.0
2012-09-15 23:00,38.0,141.0,178.0
2012-11-12 23:00,17.0,95.0,102.0
2012-08-05 18:00,102.0,218.0,347.0
2012-02-12 10:00,4.0,71.0,80.0
2011-07-07 19:00,49.0,289.0,384.0
2011-02-16 14:00,16.0,78.0,105.0
2012-10-11 9:00,27.0,330.0,339.0
2011-11-03 14:00,28.0,138.0,174.0
2011-01-03 10:00,4.0,42.0,51.0
2012-07-17 22:00,36.0,165.0,209.0
2012-03-02 23:00,8.0,71.0,89.0
2011-03-12 12:00,45.0,94.0,141.0
2011-09-02 1:00,4.0,14.0,18.0
2012-11-15 4:00,1.0,7.0,7.0
2011-05-10 23:00,15.0,65.0,69.0
2011-10-18 12:00,50.0,154.0,198.0
2012-03-12 22:00,21.0,122.0,144.0
2012-10-05 0:00,13.0,61.0,79.0
2011-07-13 10:00,41.0,100.0,140.0
2011-05-18 20:00,10.0,85.0,91.0
2011-11-07 13:00,38.0,148.0,183.0
2011-04-02 15:00,20.0,56.0,59.0
2012-03-18 16:00,110.0,224.0,395.0
2012-03-10 5:00,0.0,5.0,6.0
2011-02-19 15:00,39.0,72.0,118.0
2011-02-11 1:00,0.0,5.0,5.0
2011-01-11 18:00,1.0,65.0,65.0
2011-10-19 23:00,6.0,48.0,54.0
2011-03-16 12:00,21.0,72.0,85.0
2012-01-14 2:00,2.0,25.0,22.0
2011-06-02 23:00,18.0,85.0,104.0
2011-01-09 12:00,9.0,67.0,77.0
2012-05-13 14:00,211.0,274.0,489.0
2012-04-11 16:00,34.0,238.0,330.0
2012-11-09 19:00,20.0,325.0,362.0
2012-08-02 5:00,2.0,41.0,41.0
2012-11-03 21:00,22.0,183.0,211.0
2011-01-05 23:00,1.0,21.0,23.0
2012-08-02 10:00,59.0,156.0,211.0
2012-05-15 12:00,54.0,214.0,263.0
2011-04-15 23:00,16.0,50.0,60.0
2011-02-13 4:00,1.0,3.0,3.0
2011-01-05 6:00,1.0,30.0,31.0
2012-01-04 22:00,2.0,78.0,90.0
2011-05-06 22:00,29.0,149.0,166.0
2012-08-09 7:00,14.0,425.0,413.0
2011-12-19 23:00,6.0,63.0,64.0
2011-06-11 1:00,19.0,58.0,80.0
2012-06-19 20:00,54.0,315.0,379.0
2011-09-11 1:00,13.0,51.0,58.0
2012-02-13 22:00,4.0,88.0,94.0
2012-02-01 9:00,11.0,254.0,264.0
2012-08-15 8:00,47.0,578.0,557.0
2012-03-02 8:00,12.0,485.0,513.0
2011-08-03 1:00,5.0,13.0,17.0
2011-12-02 6:00,1.0,69.0,81.0
2011-11-03 8:00,12.0,417.0,401.0
2011-03-05 2:00,3.0,21.0,20.0
2011-11-14 2:00,3.0,4.0,7.0
2012-02-04 5:00,1.0,6.0,6.0
2012-09-14 14:00,96.0,225.0,322.0
2012-05-13 13:00,192.0,330.0,594.0
2011-07-01 15:00,69.0,158.0,230.0
2012-08-11 19:00,50.0,189.0,242.0
2011-07-15 4:00,1.0,5.0,6.0
2012-01-16 4:00,0.0,3.0,2.0
2011-11-04 13:00,26.0,165.0,191.0
2012-10-16 14:00,57.0,224.0,279.0
2011-08-10 20:00,41.0,216.0,258.0
2011-01-05 2:00,0.0,2.0,2.0
2011-12-09 23:00,6.0,70.0,98.0
2011-12-15 13:00,15.0,147.0,162.0
2011-11-16 23:00,5.0,41.0,50.0
2012-07-18 8:00,47.0,561.0,617.0
2012-05-04 3:00,1.0,5.0,8.0
2012-06-18 19:00,47.0,406.0,451.0
2012-02-12 2:00,1.0,18.0,20.0
2011-06-04 15:00,186.0,198.0,347.0
2011-01-03 19:00,2.0,87.0,86.0
2011-02-09 19:00,1.0,45.0,48.0
2012-07-05 1:00,5.0,18.0,20.0
2012-11-09 15:00,74.0,250.0,320.0
2011-12-06 9:00,7.0,122.0,144.0
2012-07-12 1:00,4.0,19.0,24.0
2011-04-19 10:00,24.0,66.0,101.0
2012-03-16 23:00,7.0,69.0,77.0
2011-07-07 10:00,42.0,101.0,135.0
2011-02-13 14:00,49.0,79.0,106.0
2012-04-18 19:00,25.0,310.0,379.0
2012-01-15 21:00,4.0,74.0,83.0
2012-09-17 14:00,61.0,184.0,267.0
2012-04-12 0:00,4.0,29.0,33.0
2012-01-11 20:00,1.0,63.0,60.0
2011-09-11 20:00,67.0,129.0,202.0
2012-08-09 17:00,96.0,665.0,735.0
2011-02-05 22:00,4.0,33.0,39.0
2012-02-13 19:00,7.0,281.0,261.0
2011-03-04 5:00,0.0,6.0,6.0
2011-07-12 23:00,23.0,75.0,98.0
2011-04-08 5:00,0.0,12.0,12.0
2012-08-03 9:00,58.0,322.0,382.0
2011-12-17 19:00,4.0,83.0,94.0
2012-06-10 11:00,205.0,284.0,490.0
2012-02-19 14:00,50.0,183.0,264.0
2012-06-06 16:00,74.0,360.0,448.0
2012-02-10 19:00,9.0,242.0,249.0
2011-03-15 12:00,15.0,70.0,85.0
2012-08-19 1:00,19.0,81.0,91.0
2012-09-19 0:00,7.0,40.0,45.0
2011-09-08 11:00,9.0,62.0,85.0
2011-07-15 8:00,45.0,369.0,356.0
2012-11-15 8:00,18.0,513.0,725.0
2011-12-08 10:00,7.0,85.0,91.0
2011-07-09 16:00,187.0,234.0,396.0
2011-01-01 16:00,23.0,56.0,94.0
2011-01-06 13:00,7.0,63.0,67.0
2012-02-12 9:00,4.0,54.0,65.0
2011-10-19 22:00,7.0,70.0,87.0
2011-12-13 19:00,9.0,238.0,255.0
2011-09-05 8:00,41.0,86.0,138.0
2011-09-17 18:00,71.0,157.0,294.0
2012-08-14 11:00,61.0,183.0,247.0
2012-08-18 10:00,140.0,270.0,409.0
2011-03-18 22:00,38.0,89.0,146.0
2012-03-07 2:00,1.0,4.0,4.0
2012-01-10 2:00,1.0,3.0,5.0
2011-10-17 8:00,23.0,363.0,447.0
2012-03-03 9:00,9.0,94.0,106.0
2012-05-18 17:00,120.0,691.0,794.0
2011-09-12 19:00,54.0,310.0,393.0
2011-08-18 22:00,28.0,128.0,154.0
2012-06-01 8:00,19.0,547.0,497.0
2012-07-02 22:00,32.0,160.0,213.0
2011-03-08 23:00,3.0,24.0,28.0
2012-03-02 1:00,2.0,13.0,16.0
2012-05-17 15:00,75.0,237.0,294.0
2012-10-15 18:00,34.0,451.0,424.0
2012-04-16 23:00,30.0,95.0,136.0
2011-12-02 8:00,7.0,298.0,365.0
2012-04-09 14:00,78.0,167.0,247.0
2011-03-05 10:00,16.0,57.0,70.0
2011-05-05 1:00,2.0,10.0,13.0
2012-12-03 16:00,59.0,357.0,450.0
2012-09-19 23:00,14.0,104.0,131.0
2012-11-04 18:00,56.0,235.0,301.0
2012-12-04 13:00,40.0,213.0,266.0
2011-06-10 14:00,63.0,143.0,207.0
2012-12-06 16:00,20.0,295.0,325.0
2011-02-01 16:00,5.0,73.0,70.0
2011-12-13 15:00,16.0,146.0,163.0
2011-12-01 4:00,0.0,5.0,5.0
2012-10-18 22:00,12.0,141.0,145.0
2012-01-04 3:00,0.0,2.0,2.0
2012-05-01 15:00,65.0,193.0,265.0
2011-08-07 16:00,101.0,176.0,323.0
2012-05-13 2:00,10.0,52.0,73.0
2011-01-15 21:00,6.0,44.0,56.0
2012-12-04 2:00,1.0,6.0,9.0
2011-09-10 5:00,2.0,8.0,10.0
2011-12-03 9:00,13.0,111.0,132.0
2012-07-01 6:00,7.0,22.0,30.0
2011-05-12 6:00,6.0,88.0,77.0
2012-04-17 3:00,1.0,4.0,6.0
2012-05-19 19:00,176.0,329.0,468.0
2012-08-03 4:00,1.0,7.0,8.0
2012-08-04 0:00,34.0,120.0,144.0
2011-09-02 10:00,43.0,103.0,147.0
2012-03-06 4:00,0.0,2.0,2.0
2011-05-06 0:00,8.0,26.0,33.0
2012-03-19 2:00,2.0,4.0,7.0
2012-07-02 20:00,55.0,289.0,364.0
2011-07-06 22:00,27.0,124.0,153.0
2012-09-07 4:00,1.0,7.0,8.0
2011-01-10 7:00,1.0,62.0,58.0
2012-05-19 4:00,4.0,7.0,10.0
2012-11-03 9:00,32.0,203.0,235.0
2011-10-18 6:00,5.0,97.0,105.0
2011-08-04 17:00,60.0,456.0,536.0
2011-10-05 8:00,29.0,386.0,415.0
2011-12-18 6:00,1.0,9.0,11.0
2011-10-15 17:00,159.0,252.0,412.0
2011-07-13 2:00,3.0,7.0,10.0
2012-06-07 16:00,78.0,364.0,441.0
2011-04-06 18:00,45.0,308.0,348.0
2012-09-11 20:00,43.0,333.0,388.0
2011-10-04 3:00,1.0,4.0,4.0
2011-10-01 20:00,14.0,75.0,90.0
2012-06-12 1:00,3.0,13.0,20.0
2012-07-09 17:00,95.0,652.0,715.0
2012-04-04 11:00,63.0,173.0,237.0
2012-01-10 5:00,1.0,17.0,17.0
2012-06-08 11:00,92.0,220.0,308.0
2011-10-07 19:00,46.0,275.0,344.0
2011-04-18 17:00,56.0,329.0,385.0
2011-02-16 10:00,5.0,51.0,59.0
2012-11-06 20:00,13.0,244.0,257.0
2011-08-08 19:00,58.0,290.0,378.0
2012-07-01 1:00,20.0,79.0,91.0
2012-05-05 14:00,130.0,201.0,281.0
2012-05-14 23:00,15.0,75.0,96.0
2012-03-08 18:00,48.0,552.0,653.0
2011-06-04 7:00,16.0,66.0,89.0
2012-05-07 5:00,2.0,29.0,35.0
2012-08-09 18:00,95.0,645.0,747.0
2011-12-02 5:00,1.0,17.0,18.0
2011-06-01 1:00,3.0,13.0,18.0
2011-11-13 2:00,11.0,46.0,55.0
2011-08-15 5:00,1.0,17.0,18.0
2012-08-03 18:00,86.0,588.0,673.0
2012-02-03 0:00,4.0,34.0,38.0
2011-07-06 13:00,42.0,143.0,187.0
2011-05-05 7:00,11.0,211.0,210.0
2012-05-01 17:00,97.0,725.0,784.0
2011-10-02 14:00,35.0,118.0,135.0
2011-05-04 16:00,29.0,216.0,272.0
2011-03-14 9:00,11.0,99.0,118.0
2012-12-01 4:00,2.0,9.0,10.0
2012-12-17 8:00,16.0,503.0,642.0
2011-06-01 17:00,59.0,412.0,506.0
2011-03-12 0:00,4.0,22.0,29.0
2011-03-08 19:00,10.0,132.0,138.0
2012-03-17 12:00,100.0,284.0,384.0
2011-07-05 14:00,48.0,131.0,183.0
2011-05-19 18:00,61.0,446.0,535.0
2011-01-14 1:00,0.0,4.0,5.0
2011-05-01 20:00,38.0,109.0,140.0
2012-06-17 5:00,2.0,10.0,12.0
2011-02-02 19:00,3.0,109.0,115.0
2011-11-18 11:00,14.0,124.0,138.0
2011-12-08 17:00,11.0,363.0,345.0
2011-05-05 22:00,22.0,121.0,144.0
2012-04-10 3:00,1.0,3.0,4.0
2011-11-16 2:00,2.0,4.0,5.0
2011-09-12 18:00,63.0,443.0,521.0
2011-08-04 20:00,34.0,190.0,247.0
2012-10-13 3:00,3.0,18.0,22.0
2012-11-18 3:00,5.0,25.0,28.0
2011-06-03 21:00,41.0,158.0,208.0
2011-04-01 0:00,1.0,7.0,8.0
2011-04-06 16:00,46.0,150.0,208.0
2012-12-09 6:00,1.0,22.0,18.0
2012-06-07 2:00,2.0,9.0,10.0
2012-04-04 23:00,21.0,83.0,108.0
2012-09-06 18:00,77.0,737.0,780.0
2011-08-01 23:00,19.0,63.0,85.0
2011-01-14 17:00,7.0,137.0,139.0
2012-06-09 9:00,99.0,257.0,345.0
2012-02-16 11:00,5.0,70.0,78.0
2012-01-08 14:00,74.0,183.0,250.0
2012-03-04 2:00,6.0,45.0,52.0
2012-01-13 21:00,6.0,108.0,115.0
2012-06-05 21:00,36.0,216.0,260.0
2012-10-03 14:00,55.0,214.0,290.0
2012-04-01 14:00,150.0,214.0,354.0
2011-11-06 6:00,3.0,8.0,11.0
2012-04-18 11:00,23.0,83.0,112.0
2011-06-08 10:00,36.0,99.0,139.0
2012-08-04 8:00,39.0,174.0,209.0
2011-10-05 19:00,34.0,294.0,370.0
2012-05-01 8:00,13.0,348.0,432.0
2012-01-07 16:00,90.0,229.0,326.0
2012-01-08 2:00,5.0,40.0,46.0
2012-08-01 10:00,57.0,160.0,226.0
2012-04-18 17:00,33.0,466.0,529.0
2011-04-11 22:00,25.0,84.0,120.0
2011-05-16 4:00,1.0,4.0,5.0
2012-10-16 11:00,48.0,202.0,261.0
2012-04-01 0:00,13.0,64.0,92.0
2011-10-13 10:00,6.0,54.0,74.0
2011-08-13 3:00,4.0,17.0,21.0
2012-07-15 22:00,59.0,129.0,183.0
2011-01-04 7:00,1.0,66.0,65.0
2011-02-03 22:00,1.0,41.0,43.0
2011-11-09 18:00,21.0,311.0,355.0
2011-08-17 4:00,0.0,4.0,5.0
2012-06-07 19:00,69.0,479.0,561.0
2012-07-01 19:00,126.0,242.0,348.0
2011-10-19 0:00,6.0,26.0,32.0
2011-08-07 21:00,49.0,106.0,144.0
2011-11-07 5:00,0.0,19.0,20.0
2011-08-07 7:00,14.0,33.0,52.0
2012-05-06 12:00,155.0,336.0,524.0
2012-12-14 8:00,10.0,501.0,606.0
2011-02-04 10:00,4.0,49.0,56.0
2011-08-10 13:00,43.0,145.0,191.0
2012-04-05 16:00,70.0,297.0,404.0
2012-11-17 16:00,127.0,310.0,433.0
2012-04-14 3:00,2.0,13.0,21.0
2012-03-07 15:00,36.0,202.0,238.0
2011-05-04 14:00,27.0,131.0,166.0
2012-02-18 18:00,62.0,268.0,351.0
2011-04-17 9:00,38.0,63.0,87.0
2012-07-07 5:00,3.0,14.0,17.0
2012-02-02 2:00,1.0,5.0,5.0
2011-06-02 13:00,43.0,153.0,194.0
2012-06-13 10:00,52.0,144.0,201.0
2011-01-05 12:00,7.0,61.0,65.0
2012-07-08 9:00,61.0,158.0,249.0
2012-07-09 3:00,1.0,4.0,6.0
2011-12-04 6:00,1.0,8.0,12.0
2012-12-19 0:00,3.0,43.0,41.0
2012-09-18 21:00,13.0,170.0,176.0
2011-07-03 9:00,84.0,129.0,209.0
2012-07-16 20:00,52.0,296.0,354.0
2012-08-07 18:00,79.0,699.0,773.0
2011-01-01 7:00,1.0,9.0,14.0
2012-12-07 23:00,7.0,102.0,102.0
2012-06-01 13:00,73.0,251.0,320.0
2012-08-13 17:00,103.0,668.0,731.0
2011-12-18 17:00,18.0,212.0,207.0
2011-04-07 17:00,39.0,340.0,377.0
2012-12-01 21:00,14.0,121.0,157.0
2011-01-12 0:00,0.0,8.0,9.0
2011-03-04 8:00,7.0,251.0,240.0
2011-08-14 22:00,10.0,46.0,68.0
2011-12-09 13:00,19.0,162.0,186.0
2011-03-12 16:00,78.0,132.0,197.0
2012-05-19 5:00,2.0,8.0,12.0
2012-11-09 13:00,71.0,250.0,321.0
2011-05-05 5:00,1.0,15.0,16.0
2011-08-10 1:00,4.0,13.0,18.0
2012-11-10 9:00,51.0,209.0,257.0
2011-12-18 9:00,10.0,92.0,115.0
2011-06-17 19:00,17.0,170.0,191.0
2012-08-04 9:00,104.0,242.0,334.0
2012-11-06 16:00,25.0,292.0,312.0
2011-05-19 19:00,38.0,305.0,385.0
2012-08-13 14:00,78.0,190.0,267.0
2011-03-14 15:00,18.0,63.0,85.0
2012-04-19 13:00,63.0,212.0,284.0
2012-03-15 9:00,25.0,270.0,304.0
2012-09-10 5:00,1.0,38.0,38.0
2011-06-02 8:00,30.0,345.0,419.0
2011-10-03 11:00,20.0,106.0,137.0
2012-01-04 2:00,0.0,3.0,4.0
2012-12-18 5:00,1.0,39.0,39.0
2011-10-09 17:00,146.0,268.0,392.0
2011-03-14 1:00,1.0,4.0,5.0
2012-03-04 1:00,6.0,56.0,60.0
2012-03-17 2:00,8.0,37.0,41.0
2011-03-10 12:00,2.0,15.0,23.0
2011-12-06 7:00,5.0,154.0,173.0
2012-11-13 16:00,33.0,305.0,338.0
2012-08-08 21:00,45.0,246.0,274.0
2012-07-08 8:00,32.0,106.0,165.0
2011-12-15 12:00,15.0,157.0,160.0
2012-01-12 10:00,11.0,111.0,130.0
2012-06-14 15:00,76.0,238.0,293.0
2011-03-05 22:00,15.0,41.0,54.0
2011-08-15 21:00,39.0,141.0,187.0
2011-11-10 1:00,2.0,10.0,12.0
2012-07-09 7:00,13.0,269.0,190.0
2012-08-15 0:00,8.0,49.0,56.0
2011-02-13 21:00,12.0,47.0,60.0
2011-07-11 22:00,39.0,115.0,162.0
2012-09-15 16:00,244.0,377.0,557.0
2011-02-13 6:00,1.0,2.0,2.0
2011-10-16 2:00,10.0,45.0,56.0
2011-10-06 18:00,40.0,432.0,496.0
2011-10-17 2:00,3.0,5.0,8.0
2012-05-06 5:00,3.0,8.0,10.0
2012-08-05 15:00,161.0,255.0,418.0
2011-05-10 16:00,54.0,252.0,314.0
2011-01-01 21:00,6.0,36.0,44.0
2012-12-02 18:00,49.0,232.0,326.0
2012-02-01 6:00,3.0,54.0,61.0
2012-07-15 10:00,113.0,238.0,346.0
2012-03-03 11:00,60.0,189.0,219.0
2011-08-01 22:00,30.0,120.0,157.0
2011-11-10 8:00,10.0,267.0,291.0
2011-08-01 19:00,55.0,298.0,382.0
2012-09-05 7:00,15.0,371.0,370.0
2012-01-06 18:00,42.0,485.0,572.0
2011-02-18 23:00,12.0,43.0,54.0
2011-08-03 11:00,37.0,124.0,162.0
2012-08-15 3:00,0.0,6.0,6.0
2012-10-17 14:00,56.0,220.0,270.0
2012-12-16 18:00,19.0,198.0,174.0
2012-10-14 20:00,62.0,177.0,260.0
2012-12-19 15:00,25.0,230.0,264.0
2012-02-15 17:00,14.0,429.0,430.0
2012-02-02 21:00,5.0,139.0,139.0
2012-01-18 5:00,0.0,15.0,15.0
2012-10-04 2:00,2.0,9.0,11.0
2011-03-01 0:00,2.0,8.0,13.0
2012-07-12 16:00,71.0,341.0,418.0
2012-01-19 23:00,3.0,57.0,57.0
2012-04-01 10:00,85.0,205.0,299.0
2012-09-02 5:00,4.0,13.0,16.0
2012-11-19 7:00,12.0,370.0,339.0
2012-09-17 6:00,5.0,132.0,141.0
2012-07-14 12:00,167.0,326.0,481.0
2011-09-14 9:00,24.0,182.0,206.0
2011-02-02 12:00,3.0,52.0,54.0
2011-10-07 17:00,81.0,462.0,557.0
2011-01-09 5:00,-0.0,1.0,1.0
2011-10-15 20:00,70.0,167.0,221.0
2011-04-04 10:00,33.0,63.0,96.0
2011-02-01 18:00,3.0,139.0,155.0
2012-04-10 12:00,68.0,199.0,275.0
2012-11-10 4:00,2.0,8.0,11.0
2012-03-04 23:00,4.0,44.0,54.0
2011-08-07 22:00,38.0,73.0,101.0
2012-04-11 22:00,10.0,108.0,126.0
2012-03-06 8:00,8.0,469.0,459.0
2011-12-11 11:00,20.0,151.0,192.0
2012-11-11 2:00,6.0,59.0,70.0
2012-11-04 11:00,116.0,261.0,358.0
2011-07-14 12:00,45.0,161.0,203.0
2011-05-05 11:00,36.0,123.0,162.0
2011-09-19 1:00,4.0,10.0,14.0
2012-03-10 12:00,42.0,189.0,251.0
2012-06-01 16:00,63.0,280.0,344.0
2011-07-11 19:00,43.0,279.0,326.0
2012-07-03 23:00,18.0,96.0,115.0
2012-06-06 21:00,31.0,229.0,261.0
2011-06-17 4:00,1.0,4.0,4.0
2011-09-03 18:00,121.0,204.0,352.0
2012-11-18 23:00,14.0,77.0,77.0
2012-01-05 21:00,4.0,106.0,110.0
2012-03-10 2:00,4.0,32.0,31.0
2011-09-16 1:00,3.0,13.0,17.0
2012-06-01 2:00,2.0,13.0,20.0
2012-02-02 19:00,8.0,280.0,271.0
2012-04-14 16:00,259.0,326.0,485.0
2011-07-07 1:00,4.0,12.0,16.0
2011-08-15 20:00,41.0,188.0,246.0
2012-10-02 9:00,11.0,174.0,169.0
2011-10-15 19:00,91.0,200.0,265.0
2012-07-17 0:00,11.0,36.0,53.0
2011-05-17 13:00,16.0,90.0,116.0
2012-03-17 9:00,30.0,159.0,174.0
2012-06-18 17:00,68.0,584.0,642.0
2012-02-08 1:00,1.0,9.0,11.0
2012-02-02 12:00,15.0,179.0,181.0
2012-04-19 12:00,57.0,213.0,292.0
2011-12-19 14:00,17.0,139.0,154.0
2011-07-07 8:00,26.0,479.0,479.0
2011-02-05 9:00,2.0,25.0,31.0
2011-03-12 20:00,24.0,59.0,90.0
2012-11-08 0:00,2.0,39.0,34.0
2011-11-03 23:00,9.0,71.0,84.0
2011-01-17 12:00,9.0,57.0,67.0
2011-01-13 16:00,6.0,71.0,71.0
2011-01-13 7:00,1.0,73.0,73.0
2011-12-17 4:00,1.0,5.0,6.0
2011-12-09 5:00,1.0,17.0,18.0
2011-04-07 11:00,26.0,75.0,104.0
2011-05-18 11:00,10.0,66.0,85.0
2011-02-10 21:00,2.0,58.0,62.0
2012-06-11 16:00,82.0,317.0,402.0
2011-01-16 11:00,10.0,47.0,54.0
2011-04-17 3:00,3.0,11.0,20.0
2011-06-19 5:00,3.0,8.0,10.0
2011-01-01 9:00,12.0,55.0,67.0
2011-11-02 6:00,2.0,88.0,97.0
2012-06-09 23:00,48.0,151.0,194.0
2012-07-07 17:00,141.0,290.0,458.0
2011-10-15 1:00,15.0,56.0,71.0
2012-05-02 1:00,5.0,18.0,22.0
2012-10-11 17:00,73.0,746.0,826.0
2011-12-13 16:00,18.0,218.0,234.0
2011-05-07 12:00,174.0,250.0,424.0
2011-08-06 3:00,8.0,17.0,21.0
2012-11-03 1:00,6.0,64.0,67.0
2011-04-02 6:00,2.0,4.0,6.0
2012-12-01 1:00,7.0,69.0,69.0
2011-04-01 21:00,8.0,74.0,85.0
2012-12-05 7:00,9.0,222.0,208.0
2011-07-19 11:00,44.0,112.0,155.0
2012-09-08 17:00,60.0,214.0,242.0
2012-08-15 21:00,46.0,252.0,273.0
2012-02-14 7:00,3.0,219.0,218.0
2012-12-08 21:00,14.0,133.0,153.0
2011-10-15 16:00,200.0,253.0,402.0
2011-03-11 14:00,21.0,67.0,84.0
2012-08-17 8:00,57.0,704.0,713.0
2012-06-12 10:00,12.0,74.0,89.0
2012-06-18 13:00,42.0,179.0,231.0
2011-02-06 14:00,37.0,79.0,128.0
2012-03-17 16:00,215.0,320.0,476.0
2011-04-09 12:00,81.0,111.0,166.0
2012-07-13 5:00,2.0,38.0,41.0
2011-10-10 19:00,58.0,170.0,261.0
2012-08-12 16:00,209.0,343.0,557.0
2012-03-05 1:00,1.0,7.0,8.0
2012-03-19 16:00,66.0,297.0,350.0
2011-10-12 2:00,1.0,5.0,6.0
2011-03-12 17:00,81.0,137.0,220.0
2011-12-17 6:00,1.0,12.0,14.0
2011-07-14 15:00,47.0,149.0,192.0
2011-11-01 10:00,20.0,105.0,122.0
2011-11-02 1:00,1.0,11.0,12.0
2011-02-14 23:00,3.0,21.0,26.0
2012-08-16 3:00,1.0,6.0,6.0
2012-03-02 9:00,11.0,230.0,251.0
2012-10-11 5:00,2.0,38.0,39.0
2012-09-09 19:00,144.0,285.0,413.0
2012-06-19 4:00,1.0,6.0,6.0
2012-09-01 3:00,7.0,21.0,29.0
2012-06-15 17:00,116.0,695.0,772.0
2012-07-13 1:00,5.0,24.0,35.0
2012-06-02 6:00,4.0,26.0,35.0
2011-07-12 7:00,23.0,240.0,309.0
2012-02-04 4:00,1.0,5.0,5.0
2012-02-18 14:00,101.0,216.0,323.0
2012-10-03 7:00,9.0,338.0,316.0
2012-05-19 16:00,232.0,369.0,559.0
2012-10-12 20:00,28.0,282.0,335.0
2011-05-05 6:00,2.0,77.0,64.0
2011-02-09 3:00,-0.0,1.0,2.0
2012-12-01 11:00,63.0,223.0,314.0
2012-11-11 5:00,1.0,10.0,14.0
2011-09-01 14:00,34.0,101.0,156.0
2012-12-18 3:00,1.0,5.0,6.0
2011-07-14 18:00,66.0,431.0,527.0
2011-01-18 16:00,3.0,60.0,61.0
2011-06-03 0:00,15.0,43.0,59.0
2011-09-07 10:00,8.0,46.0,66.0
2011-03-17 5:00,1.0,9.0,9.0
2011-12-01 14:00,15.0,134.0,153.0
2011-05-03 23:00,15.0,59.0,67.0
2011-03-04 23:00,5.0,33.0,39.0
2012-02-01 21:00,13.0,197.0,212.0
2011-05-18 0:00,6.0,24.0,30.0
2012-10-01 20:00,25.0,184.0,236.0
2011-08-05 4:00,0.0,5.0,5.0
2012-05-05 13:00,185.0,316.0,578.0
2011-06-05 5:00,3.0,7.0,12.0
2011-01-15 6:00,0.0,3.0,3.0
2011-09-05 22:00,12.0,49.0,78.0
2011-06-14 5:00,2.0,19.0,21.0
2012-03-13 21:00,33.0,201.0,222.0
2012-04-17 9:00,46.0,276.0,331.0
2011-02-19 23:00,4.0,33.0,38.0
2011-06-13 14:00,51.0,128.0,178.0
2012-07-03 12:00,64.0,212.0,274.0
2012-12-15 1:00,6.0,65.0,64.0
2011-05-17 8:00,11.0,232.0,222.0
2012-02-04 15:00,50.0,194.0,290.0
2011-01-16 8:00,3.0,18.0,30.0
2012-07-09 4:00,1.0,5.0,6.0
2011-04-03 4:00,1.0,4.0,5.0
2011-01-18 12:00,3.0,47.0,47.0
2011-04-08 10:00,18.0,58.0,81.0
2012-07-12 15:00,69.0,222.0,280.0
2012-07-04 18:00,138.0,339.0,422.0
2012-06-14 8:00,46.0,603.0,584.0
2012-04-15 3:00,8.0,28.0,33.0
2012-11-04 2:00,6.0,51.0,64.0
2011-06-10 19:00,54.0,275.0,359.0
2011-04-07 18:00,29.0,314.0,344.0
2011-01-01 11:00,31.0,63.0,82.0
2011-04-19 11:00,29.0,79.0,123.0
2011-01-12 14:00,3.0,49.0,55.0
2011-02-09 6:00,0.0,28.0,28.0
2012-04-19 17:00,99.0,662.0,721.0
2012-03-02 7:00,7.0,236.0,258.0
2011-12-11 0:00,3.0,56.0,58.0
2011-06-19 23:00,28.0,58.0,87.0
2011-02-09 22:00,1.0,21.0,25.0
2011-04-05 16:00,18.0,102.0,135.0
2011-08-10 8:00,32.0,340.0,409.0
2012-05-04 10:00,56.0,151.0,220.0
2012-05-04 11:00,77.0,202.0,299.0
2011-06-02 4:00,2.0,5.0,6.0
2012-02-06 6:00,1.0,80.0,82.0
2012-10-03 21:00,37.0,224.0,264.0
2012-05-09 8:00,25.0,727.0,630.0
2012-11-04 23:00,7.0,77.0,83.0
2011-07-12 9:00,33.0,181.0,225.0
2012-04-15 7:00,14.0,57.0,66.0
2011-02-19 17:00,32.0,88.0,146.0
2012-05-19 8:00,36.0,146.0,210.0
2011-06-02 0:00,12.0,37.0,42.0
2012-04-10 7:00,11.0,311.0,337.0
2011-10-16 11:00,107.0,210.0,331.0
2012-04-11 23:00,8.0,65.0,69.0
2011-11-08 6:00,2.0,83.0,87.0
2012-07-07 1:00,19.0,77.0,93.0
2012-04-17 1:00,4.0,14.0,21.0
2012-02-17 23:00,8.0,78.0,89.0
2012-01-04 23:00,1.0,49.0,52.0
2012-02-03 17:00,26.0,411.0,437.0
2011-04-12 4:00,1.0,5.0,5.0
2011-03-16 10:00,16.0,53.0,73.0
2012-03-08 0:00,5.0,29.0,33.0
2012-07-05 5:00,2.0,40.0,38.0
2011-11-07 17:00,52.0,443.0,534.0
2012-02-19 7:00,2.0,19.0,18.0
2012-09-13 14:00,72.0,224.0,289.0
2011-09-18 4:00,2.0,5.0,8.0
2011-04-17 14:00,128.0,138.0,245.0
2011-10-03 7:00,12.0,242.0,230.0
2012-04-03 4:00,1.0,4.0,4.0
2011-03-10 1:00,0.0,2.0,4.0
2012-08-05 4:00,2.0,10.0,12.0
2011-05-02 2:00,2.0,4.0,6.0
2012-10-19 18:00,36.0,540.0,491.0
2012-09-05 15:00,60.0,227.0,287.0
2012-12-15 15:00,128.0,301.0,493.0
2012-04-10 20:00,36.0,241.0,323.0
2012-04-14 1:00,17.0,51.0,72.0
2011-11-16 3:00,1.0,3.0,4.0
2012-08-11 20:00,23.0,117.0,133.0
2012-11-03 19:00,48.0,250.0,308.0
2011-11-19 11:00,88.0,194.0,245.0
2012-09-04 6:00,6.0,117.0,126.0
2012-09-16 21:00,68.0,190.0,243.0
2012-10-08 18:00,63.0,314.0,402.0
2011-09-12 6:00,5.0,82.0,100.0
2012-11-07 22:00,5.0,97.0,103.0
2012-11-19 9:00,23.0,278.0,310.0
2012-10-18 2:00,1.0,8.0,9.0
2012-04-08 22:00,41.0,106.0,143.0
2012-06-10 3:00,8.0,30.0,37.0
2011-05-19 7:00,9.0,170.0,183.0
2011-03-07 9:00,6.0,102.0,118.0
2011-07-17 20:00,97.0,149.0,220.0
2011-04-04 9:00,23.0,128.0,145.0
2011-06-10 10:00,45.0,115.0,168.0
2011-11-03 6:00,2.0,91.0,109.0
2012-06-06 18:00,68.0,528.0,573.0
2012-03-10 7:00,2.0,29.0,35.0
2011-06-16 18:00,22.0,340.0,333.0
2012-09-15 22:00,47.0,173.0,224.0
2012-11-17 2:00,4.0,38.0,41.0
2011-01-10 18:00,5.0,139.0,134.0
2012-07-12 5:00,2.0,39.0,39.0
2012-10-01 5:00,1.0,35.0,39.0
2012-09-16 10:00,138.0,287.0,425.0
2012-01-09 14:00,3.0,75.0,78.0
2011-07-19 6:00,8.0,103.0,118.0
2012-05-07 2:00,2.0,6.0,10.0
2012-09-18 17:00,22.0,379.0,286.0
2011-11-04 8:00,10.0,291.0,301.0
2012-12-05 5:00,2.0,40.0,37.0
2012-10-15 21:00,33.0,207.0,268.0
2012-01-18 6:00,1.0,86.0,80.0
2011-11-03 2:00,1.0,6.0,6.0
2012-06-17 20:00,95.0,206.0,288.0
2011-12-06 23:00,4.0,41.0,48.0
2011-07-11 3:00,1.0,3.0,5.0
2011-11-03 16:00,32.0,246.0,288.0
2012-03-08 1:00,2.0,10.0,11.0
2012-07-11 7:00,15.0,394.0,340.0
2011-11-16 12:00,5.0,46.0,52.0
2011-12-05 2:00,1.0,4.0,5.0
2011-10-19 11:00,7.0,51.0,60.0
2012-01-09 13:00,9.0,101.0,106.0
2011-03-13 8:00,17.0,22.0,47.0
2011-10-17 7:00,17.0,277.0,314.0
2012-04-10 9:00,30.0,246.0,305.0
2012-04-14 5:00,1.0,7.0,13.0
2012-06-02 5:00,2.0,12.0,14.0
2012-11-05 23:00,4.0,80.0,82.0
2011-08-10 12:00,44.0,150.0,200.0
2012-10-01 0:00,8.0,35.0,46.0
2012-01-07 7:00,2.0,26.0,35.0
2012-08-13 9:00,47.0,308.0,357.0
2012-10-15 22:00,26.0,150.0,176.0
2012-01-09 20:00,3.0,119.0,112.0
2012-02-14 18:00,12.0,385.0,368.0
2012-12-04 9:00,18.0,277.0,337.0
2011-07-16 22:00,66.0,139.0,196.0
2012-03-14 23:00,14.0,82.0,98.0
2012-08-10 11:00,30.0,123.0,172.0
2012-12-10 19:00,31.0,422.0,436.0
2011-01-17 16:00,9.0,55.0,72.0
2011-07-19 2:00,3.0,6.0,9.0
2011-05-02 14:00,52.0,129.0,185.0
2011-02-11 11:00,5.0,52.0,61.0
2012-02-05 23:00,3.0,49.0,55.0
2012-04-01 17:00,136.0,270.0,450.0
2011-09-11 23:00,16.0,40.0,62.0
2012-04-14 20:00,82.0,224.0,346.0
2011-03-15 4:00,1.0,2.0,2.0
2011-04-13 6:00,1.0,31.0,31.0
2012-08-16 0:00,9.0,48.0,58.0
2012-06-18 23:00,9.0,61.0,76.0
2011-08-18 6:00,4.0,91.0,101.0
2011-09-13 12:00,44.0,154.0,196.0
2012-01-16 6:00,0.0,7.0,7.0
2011-07-13 17:00,40.0,335.0,390.0
2011-01-11 14:00,3.0,47.0,50.0
2011-02-02 20:00,2.0,54.0,56.0
2011-07-16 15:00,199.0,208.0,362.0
2012-11-04 12:00,129.0,357.0,527.0
2011-08-17 6:00,4.0,94.0,100.0
2012-03-18 0:00,13.0,79.0,102.0
2012-07-10 1:00,5.0,15.0,23.0
2012-01-03 1:00,0.0,6.0,9.0
2012-10-19 8:00,13.0,399.0,437.0
2012-05-03 11:00,42.0,176.0,241.0
2012-09-01 21:00,19.0,104.0,118.0
2012-11-09 3:00,1.0,5.0,6.0
2012-10-18 20:00,35.0,290.0,364.0
2011-02-15 17:00,11.0,237.0,219.0
2012-05-10 4:00,1.0,6.0,8.0
2011-06-04 4:00,3.0,6.0,9.0
2011-12-04 11:00,40.0,160.0,210.0
2011-08-05 6:00,6.0,100.0,107.0
2011-11-13 5:00,2.0,6.0,7.0
2011-09-10 9:00,47.0,125.0,192.0
2012-12-16 15:00,75.0,255.0,348.0
2011-11-04 9:00,19.0,193.0,184.0
2012-03-17 13:00,167.0,288.0,510.0
2012-01-15 4:00,0.0,3.0,3.0
2011-06-19 22:00,47.0,99.0,131.0
2012-09-11 23:00,18.0,99.0,125.0
2011-02-16 16:00,17.0,128.0,139.0
2012-12-17 17:00,17.0,409.0,397.0
2012-11-12 6:00,2.0,38.0,27.0
2012-06-09 21:00,99.0,234.0,331.0
2012-07-07 23:00,35.0,128.0,167.0
2012-07-19 13:00,68.0,219.0,276.0
2012-08-09 22:00,28.0,172.0,215.0
2012-05-03 6:00,5.0,115.0,124.0
2012-12-06 20:00,7.0,177.0,196.0
2012-03-10 11:00,43.0,152.0,212.0
2012-05-18 19:00,86.0,445.0,521.0
2011-02-18 21:00,19.0,99.0,124.0
2012-10-01 3:00,1.0,4.0,5.0
2011-06-12 2:00,13.0,41.0,53.0
2012-07-17 23:00,21.0,101.0,129.0
2012-10-04 3:00,1.0,5.0,7.0
2012-08-11 16:00,244.0,342.0,520.0
2011-05-14 3:00,7.0,15.0,22.0
2011-07-01 18:00,82.0,408.0,508.0
2012-01-13 8:00,8.0,406.0,394.0
2011-04-06 5:00,0.0,10.0,11.0
2011-08-11 23:00,20.0,87.0,109.0
2011-10-18 4:00,1.0,4.0,5.0
2011-06-17 6:00,4.0,75.0,78.0
2012-02-08 16:00,4.0,100.0,115.0
2012-12-13 17:00,22.0,575.0,612.0
2012-01-09 1:00,1.0,7.0,9.0
2011-04-17 0:00,13.0,43.0,55.0
2012-03-19 0:00,8.0,26.0,39.0
2012-05-16 8:00,28.0,805.0,679.0
2012-11-12 14:00,105.0,233.0,339.0
2011-01-12 11:00,2.0,43.0,51.0
2011-01-02 17:00,17.0,81.0,100.0
2011-08-17 11:00,42.0,128.0,168.0
2011-08-01 0:00,11.0,26.0,41.0
2011-07-12 13:00,49.0,128.0,168.0
2012-03-14 21:00,36.0,224.0,255.0
2011-09-09 20:00,11.0,107.0,121.0
2012-05-02 9:00,18.0,244.0,242.0
2011-12-06 2:00,1.0,4.0,6.0
2012-01-14 3:00,1.0,12.0,12.0
2012-08-08 18:00,87.0,665.0,771.0
2012-11-06 2:00,1.0,5.0,6.0
2011-07-03 15:00,137.0,184.0,303.0
2011-10-09 21:00,30.0,109.0,146.0
2012-03-03 22:00,30.0,109.0,136.0
2011-07-08 10:00,49.0,110.0,163.0
2011-08-16 13:00,47.0,145.0,189.0
2011-05-16 1:00,7.0,10.0,16.0
2012-04-12 12:00,43.0,196.0,273.0
2011-11-09 9:00,6.0,122.0,151.0
2012-01-17 15:00,14.0,130.0,152.0
2011-02-05 1:00,2.0,25.0,23.0
2011-04-06 20:00,19.0,126.0,170.0
2012-02-07 0:00,2.0,22.0,24.0
2011-12-01 7:00,3.0,166.0,153.0
2012-02-09 22:00,4.0,104.0,102.0
2012-06-05 8:00,26.0,803.0,759.0
2011-11-16 8:00,6.0,136.0,145.0
2011-06-13 6:00,7.0,89.0,101.0
2012-02-17 12:00,22.0,174.0,191.0
2012-08-10 3:00,1.0,6.0,7.0
2012-08-03 0:00,15.0,60.0,79.0
2011-09-19 15:00,47.0,131.0,174.0
2011-10-05 2:00,1.0,6.0,7.0
2011-05-08 9:00,57.0,142.0,198.0
2012-04-16 11:00,94.0,210.0,311.0
2011-12-05 22:00,7.0,84.0,96.0
2012-02-10 13:00,13.0,162.0,157.0
2012-06-09 7:00,14.0,124.0,162.0
2012-12-15 21:00,35.0,191.0,243.0
2011-11-19 6:00,2.0,10.0,15.0
2011-03-16 7:00,4.0,99.0,94.0
2012-05-16 22:00,38.0,182.0,188.0
2011-12-05 6:00,2.0,82.0,91.0
2012-02-06 8:00,5.0,435.0,412.0
2012-05-05 18:00,116.0,315.0,487.0
2012-12-18 13:00,42.0,232.0,268.0
2011-08-18 21:00,23.0,138.0,168.0
2011-04-19 18:00,37.0,324.0,368.0
2012-08-02 12:00,72.0,228.0,288.0
2011-01-04 9:00,3.0,98.0,88.0
2012-02-05 21:00,8.0,87.0,88.0
2011-03-04 7:00,3.0,104.0,107.0
2012-10-18 15:00,63.0,235.0,289.0
2012-05-04 5:00,2.0,40.0,39.0
2012-07-12 8:00,42.0,618.0,636.0
2011-06-19 13:00,162.0,215.0,390.0
2012-10-04 21:00,46.0,262.0,320.0
2011-10-04 17:00,51.0,469.0,565.0
2012-03-18 8:00,30.0,85.0,104.0
2011-02-16 23:00,4.0,31.0,35.0
2011-08-05 16:00,66.0,246.0,325.0
2012-07-02 17:00,93.0,616.0,697.0
2012-08-07 16:00,56.0,271.0,341.0
2012-02-17 1:00,1.0,11.0,13.0
2011-12-07 2:00,1.0,3.0,4.0
2011-02-08 7:00,2.0,105.0,103.0
2012-06-06 12:00,70.0,244.0,310.0
2011-06-17 18:00,73.0,333.0,492.0
2011-03-14 0:00,2.0,6.0,10.0
2011-10-07 13:00,69.0,166.0,237.0
2012-03-14 19:00,57.0,403.0,472.0
2011-11-06 19:00,30.0,127.0,168.0
2012-04-15 23:00,32.0,89.0,123.0
2012-07-18 5:00,2.0,39.0,37.0
2011-04-11 7:00,11.0,152.0,154.0
2012-09-12 18:00,93.0,761.0,800.0
2011-02-08 10:00,3.0,40.0,45.0
2012-12-12 12:00,20.0,207.0,235.0
2012-08-15 12:00,64.0,239.0,305.0
2012-10-18 13:00,60.0,257.0,335.0
2012-11-13 6:00,1.0,67.0,78.0
2012-12-13 12:00,23.0,235.0,263.0
2011-10-05 6:00,4.0,102.0,115.0
2011-09-12 9:00,37.0,175.0,210.0
2012-05-04 8:00,22.0,618.0,544.0
2011-01-17 19:00,2.0,29.0,31.0
2011-10-10 18:00,156.0,254.0,404.0
2011-07-18 10:00,50.0,90.0,138.0
2012-06-01 20:00,8.0,116.0,98.0
2011-04-10 6:00,2.0,5.0,8.0
2012-12-14 5:00,1.0,30.0,34.0
2011-02-02 21:00,2.0,51.0,55.0
2012-08-07 12:00,62.0,209.0,277.0
2012-01-09 5:00,0.0,15.0,16.0
2012-04-07 20:00,99.0,203.0,315.0
2012-04-07 19:00,113.0,268.0,379.0
2012-06-01 3:00,1.0,5.0,6.0
2011-03-04 18:00,13.0,200.0,183.0
2012-08-18 6:00,5.0,27.0,35.0
2011-08-13 2:00,11.0,47.0,70.0
2012-12-18 16:00,25.0,317.0,365.0
2011-07-13 5:00,2.0,23.0,25.0
2011-05-06 8:00,23.0,526.0,393.0
2012-10-10 13:00,55.0,252.0,304.0
2012-10-19 9:00,14.0,244.0,225.0
2011-11-19 19:00,24.0,153.0,184.0
2012-01-04 6:00,1.0,57.0,61.0
2012-06-10 19:00,133.0,256.0,398.0
2011-05-09 14:00,53.0,133.0,185.0
2011-09-01 0:00,8.0,31.0,37.0
2011-02-19 5:00,0.0,1.0,2.0
2011-10-04 10:00,29.0,103.0,140.0
2012-03-11 8:00,8.0,71.0,74.0
2011-11-16 17:00,17.0,204.0,261.0
2012-04-07 0:00,25.0,72.0,106.0
2011-10-10 7:00,10.0,60.0,73.0
2012-11-13 4:00,0.0,5.0,6.0
2012-04-04 12:00,68.0,208.0,285.0
2011-11-09 12:00,28.0,161.0,193.0
2012-05-18 14:00,105.0,236.0,337.0
2011-03-15 22:00,5.0,46.0,50.0
2011-10-13 4:00,1.0,4.0,5.0
2012-06-08 16:00,104.0,370.0,475.0
2011-09-11 3:00,11.0,19.0,27.0
2011-05-18 3:00,0.0,2.0,3.0
2011-10-15 3:00,4.0,15.0,20.0
2012-08-10 0:00,12.0,59.0,77.0
2012-10-14 21:00,37.0,152.0,204.0
2012-04-03 12:00,64.0,201.0,278.0
2012-03-16 21:00,8.0,116.0,110.0
2012-01-11 9:00,6.0,217.0,203.0
2012-04-05 13:00,55.0,200.0,267.0
2011-11-11 21:00,6.0,112.0,123.0
2011-11-17 4:00,1.0,4.0,5.0
2012-12-09 5:00,1.0,10.0,14.0
2012-07-17 6:00,8.0,145.0,165.0
2011-02-12 10:00,8.0,62.0,76.0
2012-06-04 5:00,1.0,31.0,33.0
2011-09-18 15:00,122.0,201.0,335.0
2012-03-19 9:00,32.0,260.0,302.0
2012-12-07 7:00,4.0,197.0,211.0
2011-05-19 1:00,6.0,14.0,17.0
2012-04-11 5:00,1.0,23.0,26.0
2011-09-17 13:00,81.0,181.0,272.0
2012-04-13 21:00,52.0,195.0,275.0
2012-08-09 16:00,78.0,330.0,409.0
2012-03-17 5:00,2.0,6.0,8.0
2012-10-03 0:00,5.0,28.0,41.0
2012-01-04 14:00,5.0,73.0,75.0
2012-03-05 22:00,5.0,78.0,90.0
2011-04-16 2:00,5.0,29.0,34.0
2011-05-08 8:00,35.0,65.0,121.0
2011-11-09 1:00,1.0,10.0,12.0
2011-09-19 0:00,9.0,22.0,31.0
2011-08-03 16:00,26.0,162.0,222.0
2011-08-09 16:00,55.0,223.0,284.0
2012-07-11 0:00,9.0,39.0,50.0
2012-09-09 1:00,19.0,86.0,100.0
2011-12-08 0:00,1.0,17.0,19.0
2012-10-14 16:00,229.0,358.0,615.0
2011-09-07 3:00,0.0,3.0,3.0
2011-01-10 4:00,-0.0,1.0,1.0
2012-07-12 4:00,1.0,8.0,9.0
2012-01-10 6:00,1.0,78.0,68.0
2011-02-15 8:00,4.0,241.0,225.0
2012-06-03 11:00,204.0,286.0,486.0
2012-03-12 18:00,66.0,586.0,749.0
2011-04-11 19:00,46.0,205.0,282.0
2012-03-14 16:00,63.0,314.0,365.0
2011-10-02 10:00,43.0,147.0,189.0
2011-12-12 21:00,5.0,111.0,116.0
2011-03-02 19:00,10.0,119.0,129.0
2012-05-04 16:00,106.0,366.0,496.0
2011-10-10 14:00,183.0,172.0,317.0
2012-05-07 9:00,24.0,231.0,278.0
2012-05-13 17:00,218.0,332.0,540.0
2012-01-05 16:00,14.0,211.0,219.0
2012-09-03 14:00,138.0,234.0,325.0
2011-08-01 14:00,44.0,109.0,145.0
2011-09-04 5:00,3.0,9.0,10.0
2012-04-16 2:00,5.0,39.0,53.0
2012-01-15 11:00,13.0,105.0,110.0
2011-04-01 22:00,8.0,57.0,60.0
2011-12-07 14:00,4.0,43.0,46.0
2012-07-18 9:00,44.0,259.0,305.0
2012-12-18 10:00,26.0,169.0,202.0
2012-05-04 7:00,18.0,367.0,322.0
2012-04-13 0:00,12.0,36.0,46.0
2011-12-03 16:00,70.0,208.0,286.0
2012-02-13 2:00,0.0,3.0,3.0
2012-01-13 22:00,3.0,77.0,84.0
2012-07-17 12:00,55.0,195.0,239.0
2011-05-06 17:00,65.0,464.0,552.0
2011-05-04 23:00,7.0,42.0,43.0
2012-03-02 0:00,4.0,34.0,39.0
2012-08-10 1:00,6.0,24.0,35.0
2012-02-11 10:00,5.0,87.0,83.0
2011-12-14 15:00,13.0,143.0,148.0
2011-12-01 1:00,2.0,9.0,8.0
2012-06-18 9:00,23.0,244.0,268.0
2012-06-06 20:00,35.0,271.0,350.0
2011-02-14 5:00,1.0,6.0,7.0
2012-12-14 13:00,30.0,239.0,285.0
2012-05-09 1:00,4.0,15.0,18.0
2012-07-14 6:00,6.0,25.0,29.0
2012-07-06 13:00,86.0,215.0,304.0
2012-04-10 2:00,1.0,4.0,6.0
2012-10-08 8:00,23.0,213.0,189.0
2011-04-07 15:00,44.0,103.0,155.0
2012-09-06 23:00,14.0,108.0,130.0
2011-06-01 18:00,51.0,322.0,406.0
2012-07-10 0:00,9.0,36.0,48.0
2012-02-05 1:00,3.0,39.0,40.0
2012-10-18 23:00,13.0,104.0,114.0
2011-12-06 14:00,6.0,52.0,63.0
2011-09-06 7:00,13.0,261.0,248.0
2011-09-17 14:00,85.0,170.0,265.0
2011-09-14 22:00,27.0,128.0,157.0
2012-06-12 3:00,0.0,4.0,5.0
2011-01-03 23:00,1.0,19.0,20.0
2011-12-06 3:00,0.0,3.0,5.0
2011-04-09 17:00,46.0,112.0,177.0
2012-02-09 15:00,11.0,155.0,160.0
2012-03-14 7:00,15.0,302.0,351.0
2012-09-07 22:00,47.0,188.0,249.0
2011-11-04 11:00,22.0,121.0,134.0
2012-07-06 5:00,3.0,39.0,43.0
2011-08-17 17:00,59.0,434.0,553.0
2011-12-04 18:00,31.0,163.0,211.0
2011-05-10 14:00,46.0,136.0,178.0
2012-07-16 5:00,2.0,34.0,37.0
2012-02-05 12:00,23.0,170.0,206.0
2012-08-08 4:00,0.0,7.0,7.0
2011-08-19 13:00,58.0,157.0,215.0
2012-05-13 11:00,158.0,273.0,425.0
2012-09-08 10:00,114.0,266.0,370.0
2012-08-18 15:00,284.0,325.0,621.0
2011-04-02 0:00,6.0,30.0,33.0
2011-11-16 0:00,2.0,17.0,19.0
2011-12-03 15:00,79.0,197.0,272.0
2012-12-19 17:00,26.0,558.0,590.0
2012-07-18 22:00,36.0,183.0,219.0
2011-05-17 1:00,4.0,10.0,13.0
2012-11-19 19:00,24.0,399.0,406.0
2012-07-05 17:00,70.0,554.0,595.0
2012-10-17 9:00,26.0,303.0,315.0
2012-12-03 23:00,8.0,96.0,105.0
2011-03-07 12:00,11.0,60.0,75.0
2012-12-06 2:00,1.0,7.0,7.0
2012-02-05 10:00,19.0,113.0,136.0
2011-11-08 3:00,0.0,3.0,4.0
2011-08-12 2:00,3.0,11.0,18.0
2012-03-09 5:00,0.0,12.0,16.0
2011-12-10 0:00,6.0,52.0,62.0
2012-01-12 1:00,1.0,7.0,9.0
2011-06-10 23:00,32.0,106.0,139.0
2012-12-19 16:00,26.0,309.0,372.0
2012-01-14 10:00,14.0,102.0,101.0
2012-12-03 6:00,2.0,128.0,126.0
2012-05-02 21:00,25.0,217.0,240.0
2011-01-03 21:00,2.0,47.0,48.0
2012-07-16 0:00,10.0,33.0,47.0
2012-11-11 6:00,3.0,22.0,20.0
2012-02-04 8:00,6.0,88.0,87.0
2011-12-01 10:00,9.0,103.0,115.0
2012-09-04 3:00,1.0,4.0,6.0
2012-02-05 3:00,2.0,16.0,15.0
2011-02-05 15:00,3.0,33.0,35.0
2011-04-10 10:00,33.0,73.0,103.0
2012-07-04 10:00,134.0,226.0,376.0
2011-11-08 2:00,1.0,4.0,5.0
2011-08-17 0:00,6.0,34.0,40.0
2012-06-14 19:00,73.0,472.0,562.0
2011-11-07 11:00,24.0,106.0,136.0
2012-07-04 7:00,14.0,188.0,210.0
2012-01-08 5:00,1.0,5.0,8.0
2012-10-07 15:00,47.0,163.0,214.0
2011-09-02 5:00,2.0,23.0,24.0
2011-09-02 19:00,64.0,287.0,338.0
2012-12-15 10:00,54.0,221.0,309.0
2011-03-01 17:00,16.0,225.0,211.0
2011-09-08 0:00,3.0,17.0,21.0
2012-04-09 7:00,15.0,334.0,381.0
2012-06-10 13:00,232.0,318.0,581.0
2011-12-19 3:00,1.0,3.0,3.0
2011-05-07 2:00,9.0,39.0,53.0
2011-05-14 13:00,15.0,68.0,91.0
2012-03-06 12:00,12.0,124.0,126.0
2011-02-15 4:00,0.0,1.0,2.0
2012-08-17 4:00,0.0,7.0,9.0
2011-03-19 7:00,7.0,22.0,38.0
2011-05-12 8:00,22.0,610.0,550.0
2011-09-09 17:00,50.0,339.0,398.0
2012-09-10 3:00,1.0,3.0,5.0
2012-09-02 4:00,3.0,8.0,12.0
2012-03-05 18:00,4.0,164.0,183.0
2011-04-19 5:00,1.0,14.0,16.0
2011-03-09 2:00,1.0,2.0,3.0
2012-04-10 6:00,3.0,110.0,110.0
2011-05-17 5:00,1.0,14.0,14.0
2012-04-03 15:00,79.0,193.0,265.0
2012-02-12 5:00,-0.0,3.0,2.0
2011-07-07 18:00,56.0,390.0,483.0
2012-01-12 18:00,16.0,363.0,393.0
2011-09-14 8:00,19.0,540.0,414.0
2012-07-11 14:00,66.0,207.0,264.0
2012-10-07 10:00,76.0,209.0,321.0
2011-12-01 20:00,8.0,194.0,209.0
2012-04-15 9:00,79.0,158.0,258.0
2012-06-07 17:00,95.0,722.0,778.0
2012-03-06 16:00,21.0,221.0,219.0
2011-02-09 5:00,-0.0,5.0,6.0
2011-12-03 2:00,4.0,29.0,34.0
2012-01-14 21:00,4.0,77.0,87.0
2012-12-12 22:00,8.0,128.0,139.0
2012-09-01 23:00,29.0,112.0,147.0
2011-09-06 6:00,4.0,76.0,80.0
2011-06-06 19:00,47.0,303.0,396.0
2012-12-04 22:00,14.0,134.0,153.0
2011-05-12 13:00,44.0,143.0,188.0
2012-05-14 0:00,9.0,31.0,46.0
2011-12-18 8:00,5.0,66.0,70.0
2011-04-08 6:00,2.0,58.0,46.0
2012-10-05 22:00,45.0,192.0,217.0
2011-08-10 7:00,16.0,236.0,297.0
2012-03-11 19:00,63.0,237.0,262.0
2012-03-15 14:00,72.0,187.0,240.0
2012-06-01 18:00,13.0,256.0,164.0
2011-06-17 22:00,14.0,105.0,128.0
2012-12-12 11:00,19.0,171.0,199.0
2012-06-17 21:00,74.0,178.0,234.0
2012-12-06 23:00,4.0,96.0,106.0
2012-08-19 5:00,2.0,10.0,11.0
2012-03-02 22:00,9.0,111.0,113.0
2012-09-12 1:00,3.0,19.0,23.0
2011-10-14 20:00,36.0,210.0,246.0
2012-05-09 23:00,7.0,44.0,54.0
2011-08-11 13:00,47.0,154.0,194.0
2012-06-10 21:00,76.0,173.0,231.0
2011-07-04 10:00,136.0,158.0,302.0
2011-08-11 9:00,33.0,195.0,219.0
2012-05-06 11:00,112.0,235.0,376.0
2011-08-12 11:00,64.0,143.0,202.0
2011-11-09 6:00,2.0,84.0,89.0
2011-05-10 0:00,6.0,24.0,31.0
2011-02-04 3:00,0.0,2.0,2.0
2011-09-04 14:00,139.0,200.0,286.0
2012-07-12 23:00,21.0,116.0,144.0
2011-01-09 17:00,6.0,71.0,72.0
2011-06-09 7:00,14.0,285.0,318.0
2011-10-15 4:00,1.0,6.0,8.0
2011-04-03 10:00,55.0,85.0,131.0
2012-12-11 10:00,19.0,157.0,200.0
2012-06-06 10:00,59.0,169.0,222.0
2011-02-10 14:00,4.0,55.0,60.0
2012-04-18 10:00,29.0,77.0,96.0
2011-09-09 19:00,24.0,174.0,186.0
2012-07-09 19:00,70.0,483.0,552.0
2011-10-10 20:00,65.0,152.0,198.0
2012-04-09 19:00,60.0,417.0,481.0
2011-03-12 9:00,9.0,58.0,77.0
2011-12-18 1:00,4.0,43.0,45.0
2011-07-14 17:00,72.0,458.0,583.0
2012-03-17 3:00,3.0,14.0,17.0
2012-05-10 16:00,74.0,326.0,427.0
2011-01-17 20:00,1.0,24.0,25.0
2011-06-17 3:00,1.0,4.0,5.0
2012-06-08 17:00,116.0,692.0,772.0
2012-02-09 7:00,3.0,229.0,233.0
2011-07-08 14:00,58.0,139.0,199.0
2011-02-05 16:00,3.0,35.0,40.0
2011-02-11 9:00,3.0,98.0,109.0
2012-05-08 18:00,66.0,637.0,663.0
2011-05-09 13:00,55.0,138.0,195.0
2012-05-10 0:00,6.0,26.0,36.0
2011-09-01 12:00,41.0,154.0,200.0
2012-07-07 13:00,182.0,234.0,423.0
2012-08-07 7:00,20.0,458.0,437.0
2011-12-19 20:00,13.0,210.0,207.0
2012-11-19 11:00,29.0,165.0,206.0
2011-03-12 18:00,45.0,74.0,158.0
2011-02-11 20:00,3.0,64.0,68.0
2012-10-04 16:00,69.0,386.0,500.0
2011-10-17 16:00,44.0,239.0,296.0
2011-05-08 13:00,174.0,241.0,410.0
2012-10-09 2:00,1.0,4.0,6.0
2012-09-08 9:00,77.0,226.0,311.0
2011-12-10 11:00,38.0,175.0,192.0
2012-02-01 20:00,14.0,256.0,278.0
2011-11-15 18:00,28.0,384.0,437.0
2011-05-11 19:00,34.0,285.0,340.0
2011-06-04 20:00,100.0,165.0,260.0
2011-02-08 12:00,4.0,61.0,66.0
2011-04-17 6:00,3.0,6.0,10.0
2011-08-19 10:00,51.0,118.0,165.0
2012-07-18 13:00,50.0,176.0,216.0
2012-07-06 0:00,13.0,60.0,76.0
2012-07-01 13:00,148.0,249.0,407.0
2011-06-06 14:00,51.0,126.0,180.0
2011-11-05 10:00,36.0,168.0,190.0
2011-07-10 9:00,94.0,134.0,197.0
2011-03-03 8:00,4.0,206.0,189.0
2011-02-10 1:00,-0.0,4.0,4.0
2011-01-07 17:00,6.0,126.0,141.0
2012-12-06 12:00,17.0,214.0,203.0
2012-03-13 0:00,4.0,28.0,34.0
2011-10-18 13:00,51.0,144.0,188.0
2012-10-13 23:00,23.0,128.0,136.0
2011-04-12 22:00,5.0,38.0,38.0
2011-10-06 16:00,36.0,248.0,296.0
2011-11-13 8:00,16.0,74.0,89.0
2011-02-12 21:00,4.0,52.0,56.0
2012-09-16 7:00,15.0,45.0,57.0
2011-11-16 9:00,4.0,72.0,74.0
2011-06-02 11:00,39.0,134.0,171.0
2012-03-03 1:00,3.0,37.0,42.0
2012-04-18 20:00,20.0,216.0,267.0
2012-09-15 3:00,8.0,24.0,28.0
2012-02-14 15:00,15.0,155.0,170.0
2012-06-15 20:00,72.0,303.0,368.0
2011-10-05 18:00,56.0,443.0,543.0
2011-04-18 23:00,13.0,49.0,55.0
2011-07-02 18:00,163.0,219.0,381.0
2011-03-12 4:00,1.0,3.0,3.0
2011-02-19 10:00,22.0,67.0,95.0
2012-03-13 3:00,0.0,2.0,3.0
2012-10-09 7:00,13.0,408.0,458.0
2011-05-01 4:00,2.0,5.0,7.0
2011-01-15 11:00,8.0,48.0,58.0
2012-07-15 13:00,198.0,279.0,539.0
2011-11-05 0:00,8.0,71.0,106.0
2012-07-13 11:00,85.0,204.0,294.0
2011-06-03 22:00,38.0,145.0,192.0
2011-08-03 23:00,13.0,63.0,81.0
2011-10-12 21:00,6.0,59.0,67.0
2011-04-14 9:00,22.0,137.0,159.0
2012-01-13 16:00,13.0,202.0,194.0
2011-01-03 15:00,9.0,57.0,62.0
2011-01-02 3:00,2.0,8.0,9.0
2011-05-14 11:00,33.0,108.0,143.0
2012-12-03 4:00,0.0,7.0,9.0
2011-12-05 1:00,2.0,8.0,12.0
2011-08-06 5:00,2.0,8.0,10.0
2011-01-08 0:00,2.0,17.0,19.0
2012-11-13 23:00,4.0,82.0,82.0
2011-09-12 1:00,4.0,8.0,14.0
2011-03-13 21:00,9.0,32.0,45.0
2011-03-01 3:00,1.0,1.0,2.0
2012-05-07 17:00,88.0,662.0,722.0
2012-03-01 6:00,2.0,79.0,88.0
2012-08-17 13:00,107.0,242.0,333.0
2012-05-18 9:00,60.0,303.0,377.0
2011-12-08 23:00,3.0,49.0,66.0
2012-09-19 20:00,39.0,311.0,382.0
2011-07-13 19:00,37.0,259.0,315.0
2012-10-09 16:00,42.0,309.0,389.0
2012-05-19 21:00,96.0,232.0,310.0
2011-01-04 12:00,4.0,51.0,54.0
2011-07-09 18:00,166.0,214.0,379.0
2012-09-11 0:00,7.0,38.0,43.0
2011-01-05 4:00,-0.0,2.0,2.0
2012-08-18 0:00,23.0,103.0,127.0
2012-08-05 23:00,27.0,73.0,108.0
2011-08-10 9:00,32.0,191.0,211.0
2012-04-14 6:00,2.0,23.0,25.0
2012-09-06 20:00,38.0,269.0,299.0
2012-11-19 6:00,3.0,129.0,129.0
2011-05-17 16:00,47.0,245.0,292.0
2012-01-12 4:00,-0.0,2.0,3.0
2011-02-18 4:00,0.0,2.0,3.0
2012-08-19 20:00,68.0,161.0,232.0
2011-07-18 13:00,49.0,121.0,173.0
2011-06-09 21:00,27.0,126.0,169.0
2012-06-03 1:00,26.0,76.0,94.0
2011-12-09 21:00,6.0,127.0,132.0
2012-10-12 5:00,1.0,40.0,41.0
2012-01-12 0:00,1.0,15.0,21.0
2011-09-01 10:00,37.0,106.0,139.0
2012-02-10 5:00,0.0,16.0,17.0
2012-09-17 20:00,35.0,268.0,311.0
2011-07-06 9:00,21.0,135.0,172.0
2012-08-13 6:00,7.0,138.0,156.0
2012-04-04 22:00,36.0,154.0,174.0
2011-02-05 21:00,3.0,39.0,46.0
2012-04-11 9:00,16.0,236.0,259.0
2011-10-14 19:00,44.0,275.0,330.0
2011-09-08 23:00,4.0,44.0,47.0
2011-06-17 12:00,56.0,172.0,232.0
2012-03-19 6:00,4.0,96.0,109.0
2011-09-11 14:00,147.0,214.0,320.0
2011-11-19 17:00,71.0,217.0,303.0
2011-01-11 7:00,1.0,89.0,79.0
2011-06-08 19:00,40.0,271.0,347.0
2011-12-10 23:00,3.0,60.0,79.0
2012-10-04 23:00,26.0,132.0,173.0
2011-10-10 16:00,206.0,271.0,424.0
2012-12-12 15:00,20.0,206.0,226.0
2011-05-16 17:00,32.0,211.0,269.0
2011-07-02 21:00,76.0,151.0,215.0
2011-06-01 22:00,30.0,132.0,159.0
2012-09-13 3:00,1.0,6.0,7.0
2011-11-18 8:00,5.0,329.0,372.0
2012-10-09 9:00,24.0,282.0,310.0
2011-05-14 4:00,4.0,6.0,9.0
2011-05-15 5:00,2.0,7.0,9.0
2011-04-10 1:00,8.0,37.0,47.0
2012-03-16 16:00,23.0,141.0,161.0
2012-06-08 13:00,98.0,257.0,346.0
2012-11-09 10:00,36.0,174.0,229.0
2011-08-19 2:00,2.0,8.0,9.0
2011-12-11 12:00,24.0,201.0,267.0
2011-09-13 18:00,59.0,433.0,529.0
2012-07-07 22:00,59.0,158.0,219.0
2012-03-10 9:00,12.0,111.0,142.0
2011-09-01 11:00,41.0,131.0,165.0
2011-09-10 12:00,148.0,244.0,368.0
2011-03-12 14:00,76.0,77.0,150.0
2012-06-03 18:00,180.0,324.0,481.0
2011-12-07 15:00,4.0,50.0,50.0
2011-03-15 13:00,15.0,69.0,81.0
2012-09-07 23:00,21.0,114.0,140.0
2012-01-17 18:00,16.0,455.0,448.0
2011-10-02 13:00,42.0,122.0,160.0
2011-04-08 8:00,5.0,155.0,100.0
2011-12-05 11:00,11.0,82.0,105.0
2011-02-08 4:00,0.0,1.0,2.0
2011-07-12 6:00,7.0,106.0,114.0
2012-11-19 15:00,39.0,207.0,256.0
2011-10-14 10:00,11.0,65.0,85.0
2011-12-04 0:00,7.0,74.0,84.0
2011-05-14 14:00,36.0,105.0,148.0
2011-11-03 12:00,25.0,164.0,193.0
2011-08-17 9:00,29.0,189.0,216.0
2011-09-07 22:00,5.0,50.0,56.0
2011-12-02 14:00,23.0,154.0,187.0
2012-11-08 16:00,34.0,305.0,369.0
2012-02-16 4:00,0.0,3.0,3.0
2011-09-16 23:00,25.0,95.0,105.0
2011-09-10 15:00,169.0,214.0,367.0
2011-12-09 0:00,2.0,26.0,28.0
2011-11-13 11:00,98.0,200.0,315.0
2012-09-12 11:00,61.0,207.0,272.0
2012-09-02 14:00,75.0,148.0,252.0
2012-03-04 5:00,2.0,5.0,6.0
2011-11-06 9:00,16.0,107.0,136.0
2012-03-14 15:00,71.0,217.0,263.0
2011-07-15 3:00,2.0,5.0,6.0
2011-06-15 9:00,26.0,189.0,220.0
2011-06-06 0:00,13.0,24.0,36.0
2012-12-15 12:00,139.0,351.0,497.0
2012-01-02 1:00,4.0,29.0,32.0
2012-06-15 4:00,1.0,7.0,8.0
2011-10-08 23:00,24.0,72.0,88.0
2012-05-17 22:00,31.0,183.0,196.0
2012-04-15 0:00,25.0,87.0,121.0
2011-05-11 0:00,6.0,29.0,32.0
2012-10-02 7:00,10.0,236.0,205.0
2011-11-16 18:00,7.0,98.0,136.0
2012-01-16 17:00,15.0,147.0,169.0
2012-11-02 16:00,43.0,309.0,374.0
2011-01-17 7:00,1.0,13.0,17.0
2011-03-17 10:00,17.0,52.0,71.0
2012-10-14 2:00,10.0,56.0,76.0
2012-07-13 16:00,97.0,355.0,450.0
2011-06-01 2:00,2.0,7.0,9.0
2012-04-15 18:00,187.0,294.0,452.0
2011-02-05 13:00,2.0,28.0,37.0
2011-01-19 10:00,3.0,36.0,44.0
2012-08-19 0:00,27.0,118.0,137.0
2011-11-11 12:00,36.0,206.0,255.0
2012-12-03 1:00,2.0,14.0,16.0
2012-02-11 21:00,1.0,55.0,59.0
2012-11-05 7:00,7.0,357.0,373.0
2012-06-19 2:00,1.0,5.0,6.0
2012-06-07 13:00,74.0,245.0,299.0
2011-09-16 22:00,28.0,129.0,150.0
2012-03-12 20:00,24.0,257.0,282.0
2012-03-02 17:00,15.0,239.0,270.0
2012-03-11 16:00,128.0,281.0,434.0
2012-10-04 7:00,14.0,415.0,409.0
2012-09-09 6:00,4.0,23.0,28.0
2012-07-01 5:00,5.0,13.0,16.0
2012-07-14 15:00,190.0,300.0,521.0
2012-07-04 14:00,138.0,224.0,351.0
2011-11-03 20:00,17.0,189.0,216.0
2012-06-09 1:00,21.0,83.0,109.0
2012-05-06 9:00,47.0,132.0,204.0
2011-02-18 6:00,3.0,44.0,50.0
2012-06-14 6:00,11.0,162.0,159.0
2012-02-11 4:00,1.0,4.0,4.0
2012-12-01 13:00,66.0,232.0,336.0
2012-04-11 14:00,27.0,156.0,220.0
2011-03-12 19:00,39.0,73.0,111.0
2012-03-04 21:00,8.0,85.0,90.0
2011-03-01 5:00,0.0,6.0,5.0
2011-08-14 15:00,137.0,195.0,332.0
2011-11-07 15:00,51.0,147.0,182.0
2012-10-06 9:00,82.0,244.0,344.0
2012-02-10 3:00,1.0,3.0,4.0
2011-08-10 19:00,51.0,284.0,369.0
2012-03-15 3:00,1.0,5.0,5.0
2012-03-14 9:00,31.0,262.0,312.0
2011-04-03 19:00,41.0,80.0,121.0
2011-04-09 1:00,4.0,29.0,42.0
2011-07-12 0:00,14.0,28.0,44.0
2012-11-14 0:00,3.0,37.0,35.0
2011-01-12 9:00,3.0,95.0,92.0
2012-03-07 10:00,19.0,115.0,149.0
2012-01-09 17:00,4.0,148.0,149.0
2012-10-11 20:00,25.0,311.0,378.0
2012-08-06 1:00,6.0,14.0,22.0
2011-11-10 15:00,8.0,77.0,87.0
2011-08-10 15:00,44.0,137.0,179.0
2012-09-18 16:00,14.0,142.0,159.0
2012-06-16 6:00,6.0,35.0,59.0
2012-11-05 18:00,26.0,471.0,504.0
2012-07-09 8:00,28.0,692.0,542.0
2011-09-09 7:00,4.0,99.0,78.0
2011-12-13 22:00,6.0,96.0,101.0
2012-04-15 20:00,109.0,191.0,293.0
2012-07-04 6:00,8.0,38.0,71.0
2012-06-17 18:00,157.0,317.0,463.0
2012-08-03 14:00,99.0,204.0,301.0
2012-11-17 14:00,173.0,279.0,466.0
2012-10-11 6:00,5.0,161.0,150.0
2012-08-15 19:00,67.0,472.0,537.0
2011-08-16 22:00,30.0,127.0,153.0
2012-05-14 18:00,32.0,499.0,430.0
2011-03-03 3:00,0.0,2.0,2.0
2011-11-04 2:00,1.0,9.0,10.0
2012-05-18 13:00,101.0,254.0,356.0
2012-06-16 11:00,214.0,300.0,525.0
2012-09-05 19:00,63.0,478.0,512.0
2011-01-04 22:00,2.0,35.0,37.0
2012-05-04 22:00,24.0,167.0,183.0
2012-06-15 1:00,5.0,24.0,33.0
2012-01-04 15:00,7.0,106.0,113.0
2012-11-07 6:00,3.0,140.0,137.0
2012-01-05 6:00,1.0,83.0,85.0
2011-09-07 11:00,5.0,41.0,46.0
2012-01-15 6:00,0.0,6.0,6.0
2012-03-01 22:00,9.0,109.0,121.0
2011-12-05 7:00,6.0,194.0,203.0
2011-07-17 6:00,6.0,11.0,16.0
2012-07-16 9:00,50.0,272.0,320.0
2011-10-10 5:00,2.0,8.0,9.0
2012-01-09 6:00,1.0,79.0,79.0
2012-04-04 2:00,2.0,5.0,7.0
2012-11-10 7:00,6.0,41.0,52.0
2012-02-16 5:00,0.0,17.0,19.0
2012-04-06 11:00,51.0,161.0,235.0
2011-08-15 7:00,12.0,195.0,189.0
2011-03-08 6:00,2.0,35.0,34.0
2011-02-10 4:00,-0.0,2.0,2.0
2012-11-07 15:00,21.0,197.0,217.0
2012-06-05 6:00,5.0,129.0,130.0
2012-03-04 17:00,35.0,190.0,272.0
2011-10-14 22:00,24.0,130.0,159.0
2011-03-02 23:00,3.0,22.0,25.0
2012-05-02 16:00,64.0,346.0,396.0
2012-08-04 16:00,183.0,315.0,450.0
2012-01-15 22:00,5.0,61.0,82.0
2011-08-19 23:00,13.0,72.0,80.0
2012-11-19 8:00,24.0,575.0,642.0
2012-11-04 14:00,132.0,265.0,383.0
2011-08-14 1:00,10.0,52.0,50.0
2012-04-06 9:00,27.0,237.0,293.0
2012-04-05 17:00,85.0,624.0,712.0
2012-12-12 1:00,3.0,16.0,17.0
2012-03-10 20:00,15.0,158.0,175.0
2011-02-12 15:00,29.0,80.0,116.0
2011-07-09 6:00,4.0,12.0,15.0
2012-05-16 11:00,63.0,197.0,266.0
2012-07-09 10:00,36.0,121.0,161.0
2012-09-11 8:00,38.0,758.0,816.0
2012-09-01 9:00,98.0,247.0,342.0
2012-10-16 3:00,1.0,4.0,5.0
2011-02-14 12:00,22.0,88.0,118.0
2012-08-01 2:00,1.0,8.0,8.0
2012-11-08 21:00,17.0,199.0,233.0
2012-09-17 1:00,4.0,14.0,21.0
2011-03-12 5:00,0.0,2.0,2.0
2011-02-17 18:00,21.0,265.0,351.0
2012-09-09 7:00,13.0,42.0,68.0
2011-07-11 14:00,40.0,105.0,148.0
2012-06-05 19:00,54.0,454.0,533.0
2012-04-09 2:00,4.0,4.0,8.0
2011-12-10 5:00,1.0,5.0,5.0
2011-04-15 22:00,12.0,48.0,53.0
2011-09-11 8:00,34.0,51.0,95.0
2011-12-12 4:00,0.0,5.0,4.0
2012-10-18 4:00,1.0,7.0,9.0
2011-03-11 17:00,18.0,216.0,209.0
2011-09-18 9:00,55.0,129.0,171.0
2012-08-14 22:00,37.0,167.0,218.0
2011-07-19 9:00,39.0,186.0,222.0
2012-04-13 6:00,4.0,110.0,113.0
2012-08-11 23:00,33.0,97.0,115.0
2012-10-08 0:00,11.0,57.0,73.0
2011-12-06 16:00,6.0,79.0,81.0
2011-10-19 13:00,9.0,84.0,99.0
2012-03-10 19:00,21.0,174.0,193.0
2011-11-05 15:00,101.0,196.0,277.0
2012-02-11 12:00,25.0,161.0,203.0
2012-11-17 6:00,2.0,15.0,19.0
2011-10-17 3:00,1.0,3.0,5.0
2012-05-10 6:00,5.0,142.0,150.0
2012-05-07 14:00,67.0,164.0,246.0
2011-10-09 5:00,2.0,7.0,10.0
2012-07-19 22:00,13.0,102.0,120.0
2012-04-09 15:00,78.0,187.0,262.0
2012-04-19 22:00,25.0,156.0,178.0
2011-04-17 15:00,114.0,128.0,234.0
2011-04-19 9:00,15.0,107.0,118.0
2011-12-04 12:00,65.0,214.0,302.0
2011-11-07 4:00,1.0,4.0,5.0
2012-06-04 3:00,2.0,4.0,6.0
2012-08-07 21:00,36.0,206.0,222.0
2011-01-14 0:00,1.0,8.0,9.0
2011-01-03 17:00,8.0,134.0,136.0
2012-10-04 0:00,7.0,32.0,50.0
2012-08-18 12:00,253.0,355.0,619.0
2011-04-06 21:00,14.0,99.0,126.0
2012-09-09 12:00,219.0,386.0,670.0
2012-10-12 0:00,8.0,59.0,61.0
2011-11-14 17:00,75.0,461.0,560.0
2011-04-08 14:00,6.0,37.0,41.0
2012-06-13 3:00,1.0,5.0,6.0
2011-08-16 3:00,1.0,4.0,5.0
2012-12-09 23:00,5.0,61.0,61.0
2011-05-09 22:00,24.0,109.0,140.0
2012-03-05 11:00,13.0,95.0,104.0
2012-12-14 11:00,20.0,181.0,231.0
2011-06-15 10:00,36.0,104.0,141.0
2011-04-16 11:00,5.0,35.0,31.0
2012-11-05 11:00,28.0,165.0,198.0
2011-10-19 17:00,14.0,142.0,195.0
2011-11-07 18:00,31.0,422.0,456.0
2011-12-18 14:00,34.0,167.0,190.0
2012-01-07 4:00,3.0,4.0,4.0
2012-11-18 6:00,2.0,19.0,19.0
2011-11-19 2:00,3.0,27.0,31.0
2011-05-15 1:00,9.0,49.0,59.0
2012-04-12 20:00,25.0,230.0,312.0
2011-02-15 5:00,0.0,6.0,5.0
2012-12-08 18:00,38.0,279.0,270.0
2012-07-14 17:00,100.0,230.0,299.0
2012-01-11 10:00,5.0,95.0,106.0
2011-11-08 8:00,11.0,271.0,282.0
2011-05-14 12:00,19.0,76.0,95.0
2011-09-06 0:00,3.0,16.0,24.0
2012-03-12 19:00,36.0,379.0,424.0
2012-12-07 3:00,1.0,6.0,5.0
2012-01-09 15:00,3.0,79.0,79.0
2011-08-02 9:00,32.0,186.0,217.0
2011-02-14 3:00,0.0,1.0,2.0
2011-02-03 10:00,2.0,44.0,50.0
2012-08-19 16:00,157.0,344.0,495.0
2012-07-19 16:00,71.0,320.0,398.0
2012-12-05 14:00,46.0,219.0,272.0
2011-06-07 21:00,36.0,152.0,193.0
2012-06-11 13:00,76.0,188.0,257.0
2011-02-14 4:00,1.0,2.0,2.0
2012-04-08 3:00,4.0,20.0,25.0
2011-08-05 1:00,5.0,16.0,22.0
2012-07-13 15:00,95.0,237.0,317.0
2012-10-06 2:00,15.0,55.0,69.0
2011-03-19 13:00,87.0,133.0,258.0
2011-06-04 1:00,24.0,53.0,74.0
2012-11-19 20:00,18.0,288.0,293.0
2012-11-15 13:00,32.0,224.0,257.0
2012-06-11 22:00,31.0,154.0,200.0
2011-11-03 17:00,41.0,447.0,556.0
2012-02-14 14:00,15.0,154.0,158.0
2012-10-03 8:00,18.0,559.0,569.0
2011-01-11 10:00,3.0,43.0,48.0
2012-05-01 0:00,6.0,30.0,37.0
2012-07-19 5:00,2.0,37.0,36.0
2011-11-01 7:00,8.0,220.0,227.0
2011-03-17 4:00,1.0,2.0,2.0
2011-05-02 3:00,1.0,4.0,5.0
2012-05-17 3:00,1.0,6.0,6.0
2012-10-06 13:00,156.0,298.0,494.0
2012-01-14 5:00,0.0,4.0,5.0
2012-12-13 16:00,21.0,295.0,328.0
2011-08-18 5:00,1.0,22.0,22.0
2012-04-15 13:00,255.0,313.0,598.0
2011-05-09 11:00,52.0,126.0,171.0
2012-01-19 7:00,2.0,139.0,150.0
2012-11-16 6:00,3.0,143.0,129.0
2011-03-05 23:00,13.0,37.0,47.0
2011-11-19 21:00,24.0,127.0,148.0
2012-07-02 1:00,4.0,14.0,20.0
2011-04-12 17:00,18.0,191.0,173.0
2011-03-11 2:00,-0.0,4.0,4.0
2012-09-15 7:00,13.0,133.0,168.0
2012-10-02 6:00,3.0,94.0,113.0
2012-03-08 4:00,1.0,3.0,4.0
2012-02-12 8:00,3.0,51.0,49.0
2011-10-14 8:00,16.0,369.0,326.0
2012-05-05 22:00,31.0,121.0,157.0
2011-04-03 8:00,18.0,28.0,48.0
2012-10-07 22:00,18.0,112.0,120.0
2012-05-05 21:00,40.0,148.0,203.0
2011-12-15 16:00,13.0,162.0,181.0
2012-10-14 5:00,2.0,10.0,13.0
2011-02-07 14:00,12.0,60.0,79.0
2012-05-01 21:00,46.0,216.0,263.0
2011-03-04 11:00,11.0,56.0,72.0
2012-12-06 4:00,0.0,7.0,8.0
2012-02-16 16:00,6.0,120.0,112.0
2011-10-17 11:00,41.0,122.0,168.0
2011-10-09 20:00,63.0,137.0,209.0
2011-03-10 6:00,1.0,13.0,21.0
2011-10-02 6:00,2.0,11.0,17.0
2012-04-06 6:00,3.0,113.0,104.0
2012-11-05 5:00,0.0,28.0,30.0
2012-11-10 20:00,68.0,229.0,279.0
2012-05-06 17:00,142.0,305.0,452.0
2011-09-15 19:00,18.0,276.0,288.0
2012-12-10 16:00,20.0,237.0,220.0
2011-03-16 22:00,8.0,50.0,52.0
2012-01-08 10:00,32.0,151.0,189.0
2011-01-11 2:00,0.0,2.0,2.0
2011-03-13 10:00,55.0,79.0,135.0
2012-11-05 2:00,1.0,5.0,6.0
2011-09-12 11:00,48.0,116.0,165.0
2011-09-06 18:00,15.0,187.0,200.0
2012-09-19 14:00,66.0,235.0,289.0
2011-10-19 21:00,8.0,94.0,117.0
2011-01-07 16:00,7.0,71.0,76.0
2012-02-03 3:00,1.0,4.0,4.0
2011-09-12 0:00,8.0,21.0,30.0
2011-10-15 14:00,199.0,206.0,390.0
2011-07-16 13:00,173.0,214.0,379.0
2011-07-16 23:00,43.0,101.0,148.0
2011-07-12 5:00,3.0,23.0,26.0
2012-02-03 14:00,22.0,157.0,176.0
2012-11-08 12:00,32.0,231.0,263.0
2011-07-16 5:00,4.0,9.0,10.0
2012-08-11 11:00,160.0,273.0,415.0
2011-04-03 0:00,7.0,34.0,40.0
2012-05-10 18:00,78.0,660.0,734.0
2011-02-18 22:00,16.0,55.0,73.0
2012-03-03 20:00,37.0,176.0,202.0
2011-09-04 17:00,147.0,252.0,357.0
2011-10-10 8:00,23.0,89.0,166.0
2012-03-05 10:00,10.0,90.0,102.0
2011-05-19 8:00,21.0,387.0,364.0
2012-09-04 12:00,57.0,221.0,295.0
2012-02-19 12:00,38.0,184.0,216.0
2012-04-04 9:00,41.0,291.0,345.0
2012-07-18 11:00,52.0,155.0,198.0
2011-12-09 6:00,1.0,70.0,81.0
2011-02-11 0:00,1.0,9.0,10.0
2012-02-16 0:00,2.0,26.0,26.0
2012-06-19 11:00,59.0,176.0,244.0
2012-02-13 7:00,1.0,149.0,150.0
2011-03-06 16:00,5.0,20.0,23.0
2011-09-06 5:00,1.0,17.0,17.0
2012-08-12 20:00,120.0,220.0,321.0
2012-05-04 17:00,106.0,692.0,797.0
2011-01-04 11:00,4.0,42.0,51.0
2011-09-10 14:00,170.0,202.0,356.0
2012-10-05 1:00,5.0,24.0,32.0
2011-06-18 8:00,34.0,89.0,121.0
2011-02-06 11:00,31.0,67.0,98.0
2012-05-13 4:00,2.0,8.0,11.0
2011-02-14 15:00,22.0,80.0,103.0
2012-05-15 10:00,40.0,132.0,188.0
2012-10-06 21:00,50.0,223.0,284.0
2011-10-03 10:00,21.0,92.0,120.0
2012-02-16 6:00,1.0,101.0,94.0
2011-11-06 22:00,17.0,69.0,87.0
2012-03-06 14:00,17.0,143.0,151.0
2012-02-10 9:00,9.0,212.0,220.0
2011-09-01 19:00,48.0,305.0,389.0
2011-11-02 23:00,8.0,63.0,71.0
2012-05-14 14:00,52.0,150.0,215.0
2012-11-11 8:00,18.0,119.0,125.0
2012-02-12 11:00,6.0,73.0,84.0
2011-07-04 16:00,190.0,216.0,368.0
2012-03-05 8:00,9.0,456.0,511.0
2011-12-15 11:00,10.0,112.0,116.0
2011-02-01 22:00,2.0,41.0,40.0
2011-12-14 11:00,9.0,114.0,124.0
2011-01-10 23:00,1.0,18.0,20.0
2011-08-06 18:00,54.0,145.0,230.0
2011-07-19 18:00,61.0,395.0,454.0
2012-09-12 21:00,41.0,266.0,271.0
2011-07-06 8:00,37.0,419.0,438.0
2012-10-15 23:00,10.0,98.0,103.0
2012-02-05 18:00,17.0,115.0,147.0
2011-08-06 23:00,25.0,67.0,106.0
2011-10-16 8:00,23.0,67.0,105.0
2011-11-03 10:00,15.0,91.0,107.0
2011-07-09 2:00,14.0,40.0,52.0
2011-06-11 20:00,85.0,146.0,223.0
2011-12-02 3:00,1.0,4.0,4.0
2012-09-11 13:00,74.0,239.0,302.0
2012-05-06 3:00,6.0,23.0,33.0
2011-03-01 22:00,4.0,42.0,43.0
2012-11-03 6:00,2.0,32.0,32.0
2011-11-11 6:00,1.0,19.0,19.0
2011-01-09 15:00,11.0,58.0,70.0
2011-06-03 8:00,25.0,350.0,424.0
2012-08-19 11:00,53.0,144.0,194.0
2012-12-08 13:00,63.0,237.0,302.0
2012-12-03 20:00,18.0,255.0,264.0
2011-06-10 16:00,58.0,241.0,304.0
2012-07-06 4:00,0.0,8.0,9.0
2012-07-06 12:00,87.0,230.0,316.0
2011-01-08 4:00,0.0,2.0,3.0
2012-11-09 12:00,49.0,251.0,305.0
2012-04-10 8:00,22.0,619.0,690.0
2012-01-05 20:00,6.0,157.0,154.0
2011-01-03 5:00,-0.0,5.0,5.0
2011-10-07 21:00,32.0,159.0,190.0
2012-12-15 18:00,56.0,327.0,363.0
2012-05-14 3:00,1.0,3.0,5.0
2012-01-02 8:00,7.0,93.0,91.0
2011-10-03 0:00,3.0,21.0,28.0
2012-06-14 9:00,47.0,303.0,325.0
2011-10-07 20:00,39.0,213.0,248.0
2011-01-17 6:00,-0.0,4.0,4.0
2011-04-10 18:00,54.0,125.0,180.0
2011-12-17 17:00,15.0,153.0,180.0
2011-11-11 1:00,5.0,50.0,48.0
2011-05-16 5:00,1.0,20.0,21.0
2011-09-15 3:00,1.0,4.0,5.0
2011-03-17 0:00,4.0,14.0,19.0
2012-01-11 7:00,2.0,196.0,193.0
2012-09-17 15:00,64.0,202.0,278.0
2011-08-19 5:00,1.0,25.0,26.0
2012-08-10 20:00,68.0,280.0,354.0
2011-01-05 0:00,0.0,8.0,10.0
2011-07-08 18:00,51.0,331.0,354.0
2012-07-05 16:00,61.0,263.0,339.0
2011-07-09 22:00,68.0,138.0,200.0
2012-12-13 7:00,6.0,292.0,343.0
2012-02-13 5:00,0.0,12.0,12.0
2012-06-02 14:00,272.0,318.0,563.0
2012-01-14 1:00,1.0,35.0,32.0
2011-01-13 3:00,-0.0,1.0,2.0
2012-08-17 20:00,57.0,283.0,375.0
2011-06-17 9:00,40.0,197.0,243.0
2012-08-10 17:00,108.0,667.0,752.0
2012-10-03 4:00,1.0,7.0,8.0
2011-02-11 19:00,5.0,105.0,115.0
2011-08-06 11:00,134.0,203.0,296.0
2012-07-10 9:00,50.0,278.0,340.0
2012-03-04 13:00,96.0,247.0,343.0
2011-12-17 21:00,5.0,71.0,86.0
2011-11-13 20:00,55.0,146.0,206.0
2012-04-12 19:00,45.0,362.0,427.0
2011-10-12 19:00,8.0,94.0,108.0
2012-10-11 11:00,54.0,207.0,259.0
2012-10-02 3:00,1.0,4.0,6.0
2011-08-03 13:00,40.0,143.0,182.0
2012-06-07 9:00,41.0,294.0,344.0
2012-04-19 15:00,77.0,216.0,285.0
2012-05-02 10:00,26.0,130.0,166.0
2012-10-17 21:00,16.0,220.0,224.0
2012-07-13 4:00,1.0,9.0,9.0
2011-06-10 5:00,2.0,24.0,30.0
2012-12-11 3:00,0.0,3.0,4.0
2012-07-17 18:00,84.0,606.0,657.0
2011-07-13 16:00,20.0,134.0,151.0
2011-02-04 15:00,9.0,66.0,75.0
2011-12-11 2:00,3.0,27.0,29.0
2011-06-15 2:00,2.0,6.0,8.0
2012-12-16 23:00,8.0,68.0,74.0
2012-09-18 12:00,25.0,125.0,182.0
2011-05-06 12:00,46.0,175.0,231.0
2012-04-02 5:00,1.0,23.0,25.0
2011-04-15 1:00,10.0,36.0,47.0
2012-11-11 22:00,25.0,105.0,132.0
2011-11-18 7:00,2.0,182.0,167.0
2011-11-18 5:00,0.0,18.0,19.0
2012-08-10 19:00,88.0,441.0,520.0
2012-06-14 22:00,29.0,162.0,184.0
2011-11-17 2:00,1.0,5.0,6.0
2012-02-05 15:00,39.0,146.0,205.0
2011-10-15 8:00,25.0,94.0,140.0
2011-08-16 1:00,4.0,11.0,16.0
2012-04-07 7:00,10.0,72.0,129.0
2012-06-19 7:00,19.0,417.0,385.0
2011-11-10 3:00,1.0,4.0,4.0
2011-07-08 16:00,33.0,174.0,234.0
2012-04-09 1:00,2.0,11.0,14.0
2012-05-10 13:00,60.0,219.0,286.0
2012-12-16 14:00,73.0,230.0,288.0
2012-07-02 21:00,43.0,223.0,269.0
2011-08-13 11:00,117.0,195.0,269.0
2011-04-09 16:00,62.0,94.0,156.0
2011-06-17 14:00,57.0,153.0,217.0
2011-04-01 18:00,17.0,243.0,192.0
2011-06-03 14:00,65.0,156.0,220.0
2011-02-11 17:00,10.0,217.0,207.0
2011-10-06 12:00,34.0,167.0,199.0
2012-01-06 1:00,1.0,10.0,12.0
2011-12-05 10:00,11.0,76.0,99.0
2011-01-18 15:00,3.0,48.0,52.0
2012-01-14 15:00,28.0,128.0,161.0
2012-07-15 5:00,4.0,13.0,18.0
2011-03-17 2:00,1.0,2.0,3.0
2012-06-11 18:00,97.0,609.0,671.0
2011-09-08 14:00,26.0,112.0,158.0
2012-04-10 23:00,9.0,64.0,79.0
2011-01-12 15:00,3.0,50.0,55.0
2011-12-06 18:00,7.0,127.0,156.0
2012-09-14 7:00,12.0,348.0,285.0
2012-07-18 0:00,8.0,45.0,55.0
2011-04-18 20:00,41.0,145.0,203.0
2012-01-12 12:00,10.0,130.0,139.0
2012-04-09 5:00,1.0,26.0,26.0
2012-09-06 2:00,2.0,10.0,10.0
2012-09-09 11:00,198.0,303.0,504.0
2012-03-18 15:00,122.0,241.0,427.0
2011-01-02 23:00,2.0,15.0,19.0
2011-03-08 17:00,23.0,234.0,232.0
2011-05-11 8:00,26.0,529.0,439.0
2011-01-06 1:00,0.0,4.0,5.0
2012-05-14 2:00,2.0,6.0,10.0
2011-02-17 9:00,9.0,119.0,127.0
2011-02-15 12:00,7.0,68.0,70.0
2011-10-15 7:00,11.0,49.0,59.0
2011-10-10 17:00,180.0,305.0,474.0
2011-03-07 11:00,8.0,44.0,61.0
2012-12-03 9:00,17.0,287.0,300.0
2012-03-10 3:00,2.0,14.0,14.0
2011-10-08 8:00,22.0,92.0,114.0
2012-08-14 15:00,78.0,209.0,278.0
2011-05-04 19:00,15.0,203.0,222.0
2012-10-10 16:00,69.0,383.0,482.0
2012-06-16 16:00,242.0,379.0,562.0
2012-09-14 16:00,89.0,377.0,505.0
2012-09-04 15:00,65.0,209.0,281.0
2012-06-19 19:00,65.0,461.0,546.0
2011-10-08 0:00,25.0,78.0,106.0
2011-06-12 10:00,99.0,194.0,287.0
2011-04-12 5:00,1.0,19.0,19.0
2011-05-07 13:00,178.0,223.0,409.0
2011-12-14 0:00,1.0,22.0,22.0
2011-03-04 4:00,0.0,1.0,2.0
2012-03-07 17:00,44.0,554.0,655.0
2012-10-19 22:00,26.0,193.0,202.0
2012-05-02 2:00,2.0,7.0,9.0
2012-07-17 11:00,66.0,161.0,217.0
2011-06-11 3:00,8.0,17.0,23.0
2012-03-05 21:00,6.0,106.0,114.0
2012-03-13 22:00,28.0,135.0,152.0
2011-07-08 6:00,10.0,115.0,139.0
2011-07-08 22:00,40.0,124.0,148.0
2012-04-09 16:00,83.0,283.0,393.0
2011-12-13 21:00,6.0,129.0,127.0
2012-10-02 21:00,8.0,136.0,150.0
2011-07-13 9:00,33.0,183.0,219.0
2012-10-13 1:00,8.0,69.0,78.0
2011-09-02 13:00,57.0,154.0,221.0
2012-09-06 13:00,33.0,186.0,226.0
2012-03-01 20:00,14.0,209.0,231.0
2011-05-06 3:00,1.0,3.0,5.0
2011-11-18 10:00,12.0,106.0,113.0
2012-10-08 15:00,49.0,196.0,236.0
2011-08-16 21:00,34.0,152.0,189.0
2012-06-17 0:00,29.0,107.0,135.0
2012-10-09 14:00,47.0,202.0,264.0
2011-03-14 23:00,4.0,26.0,30.0
2011-04-14 13:00,40.0,107.0,149.0
2012-04-04 4:00,0.0,4.0,5.0
2011-01-09 19:00,2.0,44.0,38.0
2012-12-09 3:00,3.0,25.0,30.0
2012-05-16 16:00,75.0,363.0,447.0
2011-06-06 2:00,2.0,4.0,8.0
2012-10-15 2:00,1.0,6.0,7.0
2012-06-10 12:00,218.0,355.0,638.0
2012-12-09 20:00,6.0,97.0,103.0
2011-06-06 6:00,5.0,69.0,86.0
2012-08-10 14:00,90.0,226.0,327.0
2011-05-10 19:00,46.0,302.0,371.0
2012-07-01 2:00,18.0,66.0,97.0
2011-02-19 7:00,3.0,22.0,37.0
2011-07-16 16:00,184.0,244.0,381.0
2011-07-10 3:00,11.0,20.0,30.0
2012-10-09 10:00,28.0,154.0,194.0
2012-07-11 5:00,2.0,40.0,38.0
2012-06-04 18:00,92.0,686.0,727.0
2011-08-15 15:00,41.0,106.0,165.0
2011-06-08 1:00,4.0,12.0,18.0
2011-06-08 9:00,31.0,186.0,218.0
2012-09-15 13:00,252.0,334.0,647.0
2012-05-16 14:00,70.0,221.0,282.0
2012-01-17 0:00,1.0,16.0,20.0
2012-03-16 19:00,17.0,211.0,240.0
2011-05-04 4:00,0.0,1.0,2.0
2012-09-19 1:00,3.0,16.0,20.0
2011-11-14 1:00,3.0,8.0,10.0
2012-11-15 19:00,19.0,367.0,412.0
2012-02-05 20:00,10.0,101.0,102.0
2012-10-15 8:00,43.0,604.0,597.0
2012-05-02 11:00,26.0,145.0,192.0
2011-10-17 18:00,44.0,442.0,528.0
2012-05-11 12:00,98.0,244.0,346.0
2012-11-05 20:00,14.0,254.0,271.0
2011-03-18 16:00,71.0,168.0,227.0
2011-11-01 1:00,2.0,10.0,13.0
2011-12-07 20:00,2.0,44.0,34.0
2012-02-09 2:00,1.0,5.0,5.0
2012-04-03 8:00,19.0,664.0,707.0
2011-01-06 16:00,7.0,75.0,76.0
2012-10-12 6:00,3.0,142.0,139.0
2012-08-11 18:00,113.0,286.0,415.0
2011-11-15 1:00,4.0,10.0,12.0
2012-09-05 8:00,42.0,709.0,634.0
2012-02-11 23:00,0.0,36.0,37.0
2012-10-11 18:00,49.0,672.0,745.0
2012-08-03 2:00,3.0,13.0,17.0
2012-02-02 23:00,4.0,64.0,63.0
2012-07-04 13:00,129.0,240.0,387.0
2012-09-02 8:00,38.0,96.0,154.0
2012-08-17 10:00,78.0,188.0,275.0
2011-07-17 3:00,10.0,19.0,28.0
2011-07-09 23:00,42.0,99.0,145.0
2012-02-07 16:00,15.0,233.0,232.0
2012-11-08 11:00,30.0,188.0,228.0
2011-02-07 2:00,1.0,2.0,2.0
2011-05-06 1:00,5.0,12.0,16.0
2011-10-09 0:00,16.0,77.0,94.0
2012-07-12 9:00,45.0,299.0,337.0
2012-04-18 1:00,3.0,16.0,19.0
2012-09-18 18:00,21.0,450.0,349.0
2011-12-04 15:00,62.0,198.0,301.0
2012-06-13 19:00,63.0,476.0,528.0
2011-10-06 2:00,1.0,6.0,8.0
2011-06-06 5:00,1.0,18.0,23.0
2011-06-03 20:00,50.0,208.0,253.0
2012-09-04 1:00,5.0,14.0,23.0
2011-07-10 0:00,32.0,97.0,125.0
2011-03-10 7:00,1.0,26.0,31.0
2011-02-17 10:00,10.0,52.0,68.0
2012-01-19 1:00,0.0,7.0,8.0
2011-01-09 16:00,9.0,65.0,81.0
2011-04-04 4:00,1.0,3.0,3.0
2011-05-11 7:00,19.0,304.0,277.0
2011-03-15 14:00,17.0,61.0,76.0
2012-04-02 12:00,40.0,157.0,237.0
2012-09-16 9:00,77.0,192.0,275.0
2011-04-11 20:00,40.0,121.0,163.0
2012-05-02 6:00,3.0,68.0,72.0
2011-04-16 5:00,1.0,4.0,5.0
2012-06-10 6:00,7.0,25.0,37.0
2012-07-08 21:00,68.0,165.0,211.0
2011-09-13 9:00,37.0,182.0,223.0
2012-01-10 18:00,14.0,410.0,413.0
2012-06-02 18:00,211.0,400.0,565.0
2012-03-15 2:00,4.0,7.0,9.0
2011-12-12 6:00,1.0,70.0,78.0
2012-04-07 18:00,164.0,331.0,495.0
2012-10-16 12:00,50.0,231.0,284.0
2011-08-09 0:00,11.0,28.0,40.0
2011-12-17 0:00,6.0,66.0,75.0
2012-04-04 17:00,94.0,646.0,700.0
2012-05-01 2:00,1.0,5.0,7.0
2012-09-06 9:00,13.0,151.0,149.0
2011-02-06 2:00,3.0,17.0,17.0
2012-09-06 17:00,82.0,678.0,703.0
2011-09-14 10:00,38.0,105.0,151.0
2011-04-15 18:00,43.0,159.0,206.0
2012-01-01 12:00,76.0,188.0,250.0
2012-03-15 10:00,40.0,143.0,179.0
2012-10-17 8:00,24.0,587.0,742.0
2012-06-10 8:00,37.0,115.0,151.0
2012-02-09 14:00,11.0,140.0,150.0
2012-01-19 16:00,12.0,163.0,167.0
2012-03-17 22:00,51.0,132.0,173.0
2012-10-14 15:00,232.0,316.0,618.0
2011-06-18 18:00,128.0,223.0,372.0
2012-12-01 5:00,1.0,10.0,11.0
2011-08-19 16:00,66.0,247.0,330.0
2011-05-10 7:00,11.0,215.0,219.0
2012-10-15 13:00,20.0,172.0,169.0
2011-05-02 5:00,1.0,17.0,18.0
2012-09-07 11:00,81.0,217.0,316.0
2012-12-06 3:00,1.0,5.0,6.0
2012-09-18 10:00,20.0,81.0,135.0
2011-01-06 8:00,2.0,193.0,173.0
2012-05-17 6:00,7.0,152.0,158.0
2011-12-01 2:00,1.0,4.0,5.0
2012-02-15 4:00,0.0,2.0,3.0
2011-05-06 20:00,40.0,204.0,235.0
2011-05-19 21:00,25.0,176.0,202.0
2012-11-09 11:00,41.0,202.0,257.0
2012-07-07 12:00,162.0,261.0,448.0
2011-10-04 2:00,1.0,4.0,5.0
2011-05-19 17:00,43.0,392.0,468.0
2011-10-09 19:00,69.0,157.0,266.0
2012-09-07 21:00,53.0,230.0,275.0
2012-06-05 14:00,54.0,184.0,247.0
2012-07-07 8:00,36.0,144.0,195.0
2011-07-18 11:00,51.0,111.0,168.0
2012-03-15 23:00,12.0,84.0,99.0
2012-01-16 12:00,13.0,113.0,124.0
2011-02-14 14:00,29.0,52.0,75.0
2011-07-08 3:00,2.0,5.0,6.0
2011-11-18 14:00,22.0,146.0,166.0
2011-03-11 7:00,5.0,124.0,135.0
2012-07-02 3:00,2.0,5.0,6.0
2012-03-17 1:00,5.0,46.0,49.0
2012-01-10 12:00,15.0,158.0,179.0
2011-12-16 12:00,14.0,149.0,159.0
2012-09-13 8:00,37.0,912.0,905.0
2011-10-16 10:00,81.0,196.0,303.0
2011-12-18 22:00,4.0,48.0,65.0
2012-02-14 1:00,1.0,7.0,8.0
2012-08-11 15:00,272.0,302.0,563.0
2011-07-11 4:00,1.0,4.0,6.0
2011-09-09 22:00,9.0,78.0,91.0
2011-01-16 9:00,6.0,31.0,47.0
2012-07-08 1:00,20.0,77.0,96.0
2012-04-01 19:00,90.0,205.0,290.0
2011-04-14 6:00,3.0,65.0,54.0
2012-04-01 13:00,125.0,234.0,409.0
2012-11-02 10:00,38.0,178.0,230.0
2012-06-05 1:00,2.0,11.0,14.0
2011-05-04 20:00,12.0,143.0,151.0
2011-09-05 5:00,3.0,8.0,11.0
2011-03-17 15:00,24.0,94.0,122.0
2011-12-01 9:00,7.0,192.0,177.0
2012-12-05 0:00,5.0,48.0,46.0
2011-01-17 0:00,3.0,14.0,17.0
2012-05-16 17:00,83.0,691.0,769.0
2011-12-08 22:00,4.0,81.0,94.0
2011-10-03 16:00,27.0,184.0,202.0
2012-11-15 5:00,0.0,33.0,34.0
2011-01-16 1:00,3.0,21.0,21.0
2011-05-17 0:00,7.0,20.0,27.0
2012-07-04 12:00,162.0,287.0,462.0
2011-09-10 7:00,12.0,29.0,60.0
2012-03-02 10:00,26.0,131.0,161.0
2011-05-03 19:00,43.0,308.0,356.0
2011-03-18 5:00,1.0,8.0,10.0
2012-05-17 16:00,79.0,361.0,444.0
2012-01-07 18:00,70.0,267.0,366.0
2012-01-12 11:00,11.0,110.0,126.0
2011-12-07 12:00,4.0,47.0,51.0
2012-06-07 6:00,5.0,138.0,136.0
2011-07-13 7:00,21.0,229.0,310.0
2011-04-12 6:00,4.0,79.0,91.0
2011-05-19 23:00,10.0,62.0,62.0
2011-08-02 10:00,42.0,94.0,139.0
2011-10-09 3:00,6.0,18.0,26.0
2011-06-06 23:00,19.0,65.0,78.0
2012-06-01 14:00,54.0,140.0,207.0
2012-03-07 16:00,40.0,285.0,335.0
2011-06-10 9:00,37.0,194.0,248.0
2011-12-11 16:00,27.0,178.0,278.0
2011-02-04 17:00,8.0,150.0,171.0
2012-08-13 3:00,1.0,4.0,6.0
2012-08-06 17:00,106.0,640.0,728.0
2012-09-14 13:00,79.0,234.0,340.0
2012-07-11 20:00,50.0,317.0,377.0
2012-11-13 22:00,7.0,115.0,132.0
2012-09-19 15:00,70.0,251.0,305.0
2012-01-16 18:00,11.0,133.0,131.0
2011-09-02 8:00,33.0,541.0,438.0
2011-03-18 7:00,14.0,128.0,131.0
2011-08-09 14:00,46.0,119.0,158.0
2012-12-09 19:00,7.0,114.0,134.0
2012-01-08 7:00,3.0,22.0,38.0
2011-04-12 1:00,5.0,9.0,15.0
2011-10-08 13:00,197.0,220.0,403.0
2011-07-11 2:00,3.0,5.0,10.0
2012-08-10 2:00,3.0,13.0,19.0
2012-04-06 8:00,18.0,565.0,569.0
2011-05-08 0:00,29.0,78.0,109.0
2012-04-17 4:00,3.0,7.0,8.0
2012-03-14 14:00,62.0,198.0,246.0
2012-06-14 14:00,62.0,209.0,274.0
2012-11-15 16:00,27.0,308.0,357.0
2011-07-19 7:00,22.0,281.0,315.0
2012-10-17 13:00,53.0,237.0,283.0
2012-04-12 6:00,3.0,114.0,111.0
2011-01-04 17:00,8.0,181.0,158.0
2011-06-18 6:00,6.0,15.0,18.0
2011-10-11 9:00,35.0,209.0,233.0
2012-01-01 8:00,6.0,48.0,58.0
2012-10-10 23:00,9.0,110.0,109.0
2011-11-01 12:00,31.0,159.0,191.0
2012-10-13 17:00,146.0,374.0,591.0
2012-12-10 21:00,8.0,155.0,164.0
2011-09-09 16:00,67.0,254.0,305.0
2011-09-01 7:00,18.0,291.0,300.0
2011-09-01 17:00,61.0,466.0,578.0
2012-05-12 18:00,210.0,374.0,537.0
2012-07-14 4:00,2.0,10.0,10.0
2012-07-06 14:00,83.0,202.0,277.0
2012-06-08 9:00,52.0,302.0,377.0
2012-12-15 17:00,79.0,315.0,452.0
2012-03-16 22:00,8.0,95.0,91.0
2011-02-10 6:00,0.0,27.0,28.0
2012-04-07 12:00,237.0,265.0,449.0
2012-10-16 2:00,2.0,5.0,8.0
2011-04-15 5:00,1.0,6.0,8.0
2012-11-07 2:00,1.0,4.0,5.0
2012-06-11 21:00,43.0,208.0,244.0
2011-10-05 21:00,15.0,153.0,169.0
2011-10-10 6:00,3.0,17.0,22.0
2011-07-15 11:00,63.0,144.0,208.0
2011-02-15 21:00,2.0,56.0,57.0
2011-08-02 14:00,48.0,126.0,167.0
2011-09-08 20:00,8.0,104.0,120.0
2011-07-02 3:00,9.0,18.0,24.0
2011-08-07 17:00,85.0,129.0,250.0
2012-04-05 12:00,35.0,190.0,261.0
2012-04-05 7:00,9.0,314.0,348.0
2012-12-02 1:00,7.0,73.0,75.0
2011-06-08 18:00,51.0,361.0,434.0
2011-09-11 17:00,167.0,259.0,424.0
2011-02-09 21:00,1.0,47.0,53.0
2012-12-08 4:00,1.0,8.0,10.0
2012-04-04 19:00,67.0,429.0,512.0
2012-07-11 22:00,34.0,183.0,214.0
2012-05-11 14:00,103.0,235.0,324.0
2011-01-17 1:00,1.0,18.0,19.0
2011-10-10 12:00,188.0,223.0,353.0
2012-02-08 3:00,0.0,3.0,3.0
2012-07-12 6:00,8.0,167.0,172.0
2011-08-03 17:00,34.0,340.0,379.0
2011-04-13 1:00,1.0,4.0,5.0
2012-05-11 18:00,114.0,668.0,736.0
2011-11-10 17:00,13.0,254.0,298.0
2011-03-18 0:00,7.0,17.0,27.0
2012-05-17 23:00,24.0,113.0,142.0
2012-07-01 10:00,118.0,236.0,374.0
2011-08-05 19:00,63.0,279.0,362.0
2011-01-09 21:00,0.0,23.0,25.0
2011-12-08 21:00,6.0,140.0,133.0
2011-06-14 4:00,1.0,5.0,5.0
2012-02-16 21:00,6.0,150.0,150.0
2011-07-18 18:00,62.0,395.0,491.0
2011-08-03 22:00,14.0,71.0,82.0
2012-07-17 2:00,2.0,6.0,9.0
2012-08-15 15:00,65.0,231.0,293.0
2012-08-11 7:00,13.0,76.0,102.0
2011-08-14 9:00,22.0,66.0,82.0
2012-03-12 0:00,5.0,19.0,28.0
2012-07-12 12:00,64.0,236.0,300.0
2012-01-07 23:00,13.0,81.0,84.0
2011-01-01 4:00,1.0,2.0,2.0
2011-05-12 7:00,13.0,262.0,271.0
2012-11-04 6:00,3.0,20.0,17.0
2011-06-16 7:00,11.0,198.0,201.0
2012-06-07 5:00,1.0,34.0,37.0
2012-04-06 3:00,1.0,4.0,4.0
2012-08-13 10:00,59.0,144.0,208.0
2012-05-02 7:00,13.0,332.0,296.0
2012-11-16 23:00,11.0,124.0,120.0
2011-04-16 23:00,18.0,47.0,56.0
2011-06-10 11:00,56.0,137.0,203.0
2012-08-14 12:00,65.0,224.0,289.0
2012-02-14 13:00,13.0,160.0,162.0
2011-05-05 19:00,45.0,295.0,355.0
2012-09-06 19:00,61.0,437.0,498.0
2011-03-07 16:00,16.0,86.0,99.0
2011-04-17 17:00,120.0,177.0,294.0
2012-04-17 13:00,74.0,207.0,277.0
2011-02-03 19:00,3.0,100.0,111.0
2012-02-10 14:00,16.0,152.0,166.0
2011-06-10 13:00,59.0,155.0,220.0
2011-05-10 11:00,34.0,121.0,157.0
2012-05-19 13:00,241.0,324.0,627.0
2012-05-02 0:00,10.0,44.0,55.0
2012-10-06 16:00,241.0,398.0,587.0
2012-04-14 0:00,18.0,69.0,103.0
2012-12-04 14:00,41.0,197.0,258.0
2012-09-08 8:00,30.0,158.0,175.0
2012-12-13 19:00,13.0,330.0,354.0
2011-05-16 3:00,2.0,3.0,5.0
2011-03-06 19:00,1.0,14.0,16.0
2012-04-14 4:00,2.0,5.0,7.0
2011-08-19 1:00,3.0,12.0,16.0
2012-05-12 13:00,238.0,324.0,624.0
2011-01-19 11:00,4.0,39.0,47.0
2012-01-02 23:00,3.0,45.0,44.0
2011-01-02 13:00,34.0,55.0,86.0
2011-08-14 2:00,9.0,38.0,40.0
2011-02-15 15:00,9.0,63.0,81.0
2011-05-03 1:00,4.0,10.0,14.0
2011-06-07 12:00,44.0,141.0,190.0
2011-11-07 1:00,2.0,8.0,11.0
2011-11-11 19:00,15.0,167.0,183.0
2011-02-09 16:00,5.0,74.0,73.0
2012-04-02 8:00,23.0,626.0,624.0
2012-03-06 13:00,15.0,154.0,143.0
2011-11-16 5:00,1.0,12.0,12.0
2012-11-03 5:00,2.0,10.0,11.0
2011-09-11 9:00,83.0,123.0,195.0
2012-02-12 22:00,1.0,51.0,52.0
2011-08-05 10:00,49.0,116.0,167.0
2011-03-01 7:00,3.0,103.0,109.0
2011-02-16 22:00,5.0,51.0,55.0
2012-09-02 6:00,6.0,18.0,26.0
2011-01-02 15:00,9.0,26.0,28.0
2011-08-03 2:00,4.0,7.0,9.0
2011-06-01 12:00,26.0,125.0,162.0
2012-09-16 13:00,250.0,352.0,654.0
2012-05-16 9:00,30.0,263.0,299.0
2012-11-17 18:00,74.0,286.0,355.0
2012-02-08 15:00,4.0,87.0,76.0
2011-11-07 12:00,24.0,145.0,176.0
2012-02-01 23:00,6.0,74.0,83.0
2011-08-08 16:00,59.0,212.0,277.0
2011-07-14 23:00,21.0,84.0,87.0
2011-01-19 5:00,-0.0,4.0,5.0
2011-12-17 18:00,11.0,140.0,145.0
2011-03-16 15:00,16.0,71.0,80.0
2011-06-09 2:00,1.0,7.0,8.0
2012-03-05 16:00,15.0,159.0,175.0
2012-09-03 21:00,54.0,165.0,211.0
2011-11-02 16:00,31.0,239.0,268.0
2011-01-08 19:00,2.0,47.0,46.0
2012-10-13 21:00,38.0,201.0,258.0
2011-06-14 14:00,44.0,131.0,174.0
2012-08-04 14:00,245.0,280.0,475.0
2012-07-11 10:00,53.0,156.0,204.0
2012-03-07 18:00,35.0,553.0,646.0
2011-07-11 16:00,42.0,200.0,252.0
2012-01-04 21:00,2.0,88.0,95.0
2011-08-18 16:00,49.0,232.0,297.0
2012-05-08 10:00,37.0,122.0,187.0
2011-10-05 4:00,1.0,4.0,6.0
2011-08-07 0:00,21.0,87.0,102.0
2012-02-06 4:00,0.0,3.0,3.0
2012-03-09 12:00,24.0,177.0,203.0
2011-02-18 18:00,52.0,253.0,403.0
2012-03-03 21:00,40.0,164.0,195.0
2012-02-13 13:00,15.0,143.0,151.0
2012-02-12 17:00,11.0,127.0,127.0
2012-11-03 23:00,20.0,128.0,126.0
2012-07-03 22:00,24.0,152.0,183.0
2011-01-15 12:00,10.0,63.0,71.0
2011-04-18 12:00,41.0,99.0,150.0
2012-05-11 21:00,64.0,238.0,289.0
2012-12-06 1:00,1.0,15.0,12.0
2012-08-01 4:00,0.0,6.0,7.0
2011-02-19 0:00,14.0,32.0,53.0
2012-05-05 15:00,130.0,177.0,272.0
2011-08-11 2:00,3.0,8.0,11.0
2012-08-01 12:00,66.0,225.0,300.0
2011-12-14 2:00,1.0,5.0,5.0
2011-08-14 16:00,140.0,234.0,357.0
2011-04-06 3:00,1.0,2.0,3.0
2012-09-15 14:00,281.0,324.0,580.0
2012-08-01 6:00,6.0,144.0,139.0
2011-05-03 16:00,46.0,244.0,307.0
2011-01-17 17:00,6.0,59.0,64.0
2012-11-16 9:00,25.0,296.0,331.0
2011-10-01 12:00,78.0,186.0,224.0
2012-05-07 3:00,1.0,4.0,6.0
2011-02-10 16:00,4.0,75.0,73.0
2011-08-06 17:00,89.0,144.0,273.0
2012-10-03 2:00,1.0,8.0,8.0
2011-11-12 18:00,58.0,181.0,255.0
2012-05-03 20:00,53.0,296.0,375.0
2012-06-03 6:00,5.0,23.0,21.0
2012-11-11 1:00,10.0,72.0,88.0
2012-06-19 14:00,60.0,199.0,268.0
2011-02-05 0:00,3.0,21.0,23.0
2012-06-19 8:00,27.0,755.0,678.0
2012-04-01 20:00,62.0,169.0,233.0
2012-10-09 1:00,1.0,11.0,14.0
2012-01-16 5:00,0.0,5.0,5.0
2012-07-09 13:00,65.0,199.0,277.0
2012-05-01 9:00,16.0,235.0,263.0
2012-01-15 23:00,2.0,44.0,50.0
2011-05-07 18:00,122.0,215.0,339.0
