ID,Class
TEST_00000,1
TEST_00001,1
TEST_00002,4
TEST_00003,3
TEST_00004,0
TEST_00005,4
TEST_00006,1
TEST_00007,1
TEST_00008,2
TEST_00009,2
TEST_00010,3
TEST_00011,3
TEST_00012,2
TEST_00013,4
TEST_00014,3
TEST_00015,0
TEST_00016,4
TEST_00017,4
TEST_00018,2
TEST_00019,1
TEST_00020,2
TEST_00021,4
TEST_00022,0
TEST_00023,4
TEST_00024,3
TEST_00025,4
TEST_00026,0
TEST_00027,0
TEST_00028,0
TEST_00029,3
TEST_00030,1
TEST_00031,1
TEST_00032,4
TEST_00033,3
TEST_00034,4
TEST_00035,3
TEST_00036,2
TEST_00037,4
TEST_00038,2
TEST_00039,4
TEST_00040,4
TEST_00041,0
TEST_00042,3
TEST_00043,3
TEST_00044,4
TEST_00045,1
TEST_00046,3
TEST_00047,4
TEST_00048,4
TEST_00049,1
TEST_00050,3
TEST_00051,4
TEST_00052,3
TEST_00053,2
TEST_00054,3
TEST_00055,3
TEST_00056,0
TEST_00057,2
TEST_00058,0
TEST_00059,4
TEST_00060,1
TEST_00061,2
TEST_00062,3
TEST_00063,1
TEST_00064,3
TEST_00065,2
TEST_00066,2
TEST_00067,2
TEST_00068,3
TEST_00069,0
TEST_00070,4
TEST_00071,4
TEST_00072,2
TEST_00073,4
TEST_00074,4
TEST_00075,3
TEST_00076,3
TEST_00077,2
TEST_00078,0
TEST_00079,2
TEST_00080,3
TEST_00081,2
TEST_00082,4
TEST_00083,2
TEST_00084,1
TEST_00085,0
TEST_00086,2
TEST_00087,1
TEST_00088,1
TEST_00089,3
TEST_00090,2
TEST_00091,2
TEST_00092,4
TEST_00093,3
TEST_00094,0
TEST_00095,0
TEST_00096,1
TEST_00097,3
TEST_00098,3
TEST_00099,1
TEST_00100,2
TEST_00101,4
TEST_00102,1
TEST_00103,2
TEST_00104,2
TEST_00105,2
TEST_00106,3
TEST_00107,4
TEST_00108,0
TEST_00109,1
TEST_00110,1
TEST_00111,1
TEST_00112,1
TEST_00113,2
TEST_00114,4
TEST_00115,2
TEST_00116,1
TEST_00117,3
TEST_00118,3
TEST_00119,1
TEST_00120,1
TEST_00121,3
TEST_00122,0
TEST_00123,2
TEST_00124,1
TEST_00125,3
TEST_00126,1
TEST_00127,3
TEST_00128,3
TEST_00129,3
TEST_00130,3
TEST_00131,1
TEST_00132,3
TEST_00133,3
TEST_00134,0
TEST_00135,3
TEST_00136,2
TEST_00137,0
TEST_00138,1
TEST_00139,4
TEST_00140,4
TEST_00141,4
TEST_00142,3
TEST_00143,4
TEST_00144,3
TEST_00145,0
TEST_00146,4
TEST_00147,2
TEST_00148,2
TEST_00149,4
TEST_00150,1
TEST_00151,0
TEST_00152,3
TEST_00153,4
TEST_00154,0
TEST_00155,1
TEST_00156,4
TEST_00157,1
TEST_00158,3
TEST_00159,4
TEST_00160,3
TEST_00161,2
TEST_00162,1
TEST_00163,3
TEST_00164,3
TEST_00165,0
TEST_00166,4
TEST_00167,4
TEST_00168,3
TEST_00169,3
TEST_00170,4
TEST_00171,4
TEST_00172,1
TEST_00173,0
TEST_00174,3
TEST_00175,4
TEST_00176,2
TEST_00177,2
TEST_00178,3
TEST_00179,4
TEST_00180,3
TEST_00181,3
TEST_00182,3
TEST_00183,2
TEST_00184,3
TEST_00185,2
TEST_00186,1
TEST_00187,4
TEST_00188,2
TEST_00189,1
TEST_00190,2
TEST_00191,4
TEST_00192,2
TEST_00193,4
TEST_00194,2
TEST_00195,2
TEST_00196,0
TEST_00197,2
TEST_00198,3
TEST_00199,3
TEST_00200,4
TEST_00201,3
TEST_00202,3
TEST_00203,3
TEST_00204,4
TEST_00205,0
TEST_00206,4
TEST_00207,1
TEST_00208,3
TEST_00209,2
TEST_00210,4
TEST_00211,4
TEST_00212,4
TEST_00213,3
TEST_00214,0
TEST_00215,3
TEST_00216,2
TEST_00217,3
TEST_00218,2
TEST_00219,3
TEST_00220,3
TEST_00221,4
TEST_00222,4
TEST_00223,4
TEST_00224,4
TEST_00225,1
TEST_00226,1
TEST_00227,4
TEST_00228,3
TEST_00229,3
TEST_00230,2
TEST_00231,3
TEST_00232,2
TEST_00233,4
TEST_00234,0
TEST_00235,3
TEST_00236,4
TEST_00237,4
TEST_00238,3
TEST_00239,4
TEST_00240,4
TEST_00241,4
TEST_00242,1
TEST_00243,3
TEST_00244,3
TEST_00245,3
TEST_00246,2
TEST_00247,4
TEST_00248,0
TEST_00249,3
TEST_00250,1
TEST_00251,2
TEST_00252,3
TEST_00253,3
TEST_00254,3
TEST_00255,1
TEST_00256,4
TEST_00257,2
TEST_00258,2
TEST_00259,0
TEST_00260,3
TEST_00261,2
TEST_00262,2
TEST_00263,3
TEST_00264,1
TEST_00265,2
TEST_00266,3
TEST_00267,0
TEST_00268,4
TEST_00269,2
TEST_00270,3
TEST_00271,3
TEST_00272,3
TEST_00273,2
TEST_00274,0
TEST_00275,3
TEST_00276,4
TEST_00277,2
TEST_00278,0
TEST_00279,3
TEST_00280,2
TEST_00281,1
TEST_00282,3
TEST_00283,2
TEST_00284,1
TEST_00285,1
TEST_00286,2
TEST_00287,3
TEST_00288,1
TEST_00289,1
TEST_00290,2
TEST_00291,0
TEST_00292,4
TEST_00293,4
TEST_00294,0
TEST_00295,4
TEST_00296,3
TEST_00297,1
TEST_00298,4
TEST_00299,2
TEST_00300,3
TEST_00301,3
TEST_00302,4
TEST_00303,1
TEST_00304,1
TEST_00305,1
TEST_00306,0
TEST_00307,0
TEST_00308,3
TEST_00309,3
TEST_00310,4
TEST_00311,2
TEST_00312,2
TEST_00313,4
TEST_00314,2
TEST_00315,4
TEST_00316,3
TEST_00317,2
TEST_00318,1
TEST_00319,3
TEST_00320,3
TEST_00321,3
TEST_00322,0
TEST_00323,2
TEST_00324,3
TEST_00325,2
TEST_00326,4
TEST_00327,1
TEST_00328,4
TEST_00329,4
TEST_00330,2
TEST_00331,2
TEST_00332,0
TEST_00333,2
TEST_00334,1
TEST_00335,3
TEST_00336,3
TEST_00337,0
TEST_00338,1
TEST_00339,3
TEST_00340,3
TEST_00341,1
TEST_00342,0
TEST_00343,3
TEST_00344,2
TEST_00345,2
TEST_00346,4
TEST_00347,4
TEST_00348,2
TEST_00349,2
TEST_00350,4
TEST_00351,4
TEST_00352,3
TEST_00353,4
TEST_00354,2
TEST_00355,3
TEST_00356,1
TEST_00357,1
TEST_00358,0
TEST_00359,4
TEST_00360,2
TEST_00361,3
TEST_00362,2
TEST_00363,3
TEST_00364,1
TEST_00365,4
TEST_00366,4
TEST_00367,2
TEST_00368,4
TEST_00369,1
TEST_00370,2
TEST_00371,4
TEST_00372,1
TEST_00373,3
TEST_00374,4
TEST_00375,4
TEST_00376,2
TEST_00377,3
TEST_00378,1
TEST_00379,4
TEST_00380,1
TEST_00381,4
TEST_00382,2
TEST_00383,3
TEST_00384,2
TEST_00385,4
TEST_00386,0
TEST_00387,4
TEST_00388,3
TEST_00389,1
TEST_00390,4
TEST_00391,0
TEST_00392,1
TEST_00393,4
TEST_00394,3
TEST_00395,4
TEST_00396,2
TEST_00397,3
TEST_00398,3
TEST_00399,2
TEST_00400,2
TEST_00401,3
TEST_00402,3
TEST_00403,2
TEST_00404,2
TEST_00405,3
TEST_00406,1
TEST_00407,2
TEST_00408,2
TEST_00409,4
TEST_00410,1
TEST_00411,3
TEST_00412,1
TEST_00413,3
TEST_00414,0
TEST_00415,0
TEST_00416,2
TEST_00417,3
TEST_00418,3
TEST_00419,1
TEST_00420,4
TEST_00421,3
TEST_00422,4
TEST_00423,4
TEST_00424,0
TEST_00425,1
TEST_00426,4
TEST_00427,0
TEST_00428,3
TEST_00429,4
TEST_00430,4
TEST_00431,1
TEST_00432,3
TEST_00433,2
TEST_00434,1
TEST_00435,0
TEST_00436,3
TEST_00437,2
TEST_00438,1
TEST_00439,4
TEST_00440,0
TEST_00441,4
TEST_00442,2
TEST_00443,4
TEST_00444,0
TEST_00445,4
TEST_00446,2
TEST_00447,4
TEST_00448,0
TEST_00449,2
TEST_00450,3
TEST_00451,1
TEST_00452,2
TEST_00453,2
TEST_00454,0
TEST_00455,1
TEST_00456,2
TEST_00457,2
TEST_00458,3
TEST_00459,4
TEST_00460,2
TEST_00461,3
TEST_00462,3
TEST_00463,4
TEST_00464,0
TEST_00465,2
TEST_00466,2
TEST_00467,4
TEST_00468,0
TEST_00469,4
TEST_00470,4
TEST_00471,3
TEST_00472,0
TEST_00473,4
TEST_00474,1
TEST_00475,1
TEST_00476,0
TEST_00477,2
TEST_00478,1
TEST_00479,4
TEST_00480,4
TEST_00481,3
TEST_00482,0
TEST_00483,3
TEST_00484,2
TEST_00485,4
TEST_00486,4
TEST_00487,1
TEST_00488,3
TEST_00489,4
TEST_00490,1
TEST_00491,3
TEST_00492,4
TEST_00493,2
TEST_00494,4
TEST_00495,0
TEST_00496,3
TEST_00497,1
TEST_00498,2
TEST_00499,3
TEST_00500,3
TEST_00501,4
TEST_00502,0
TEST_00503,4
TEST_00504,0
TEST_00505,0
TEST_00506,2
TEST_00507,3
TEST_00508,3
TEST_00509,1
TEST_00510,2
TEST_00511,3
TEST_00512,1
TEST_00513,4
TEST_00514,3
TEST_00515,4
TEST_00516,3
TEST_00517,2
TEST_00518,2
TEST_00519,3
TEST_00520,4
TEST_00521,1
TEST_00522,0
TEST_00523,1
TEST_00524,3
TEST_00525,3
TEST_00526,4
TEST_00527,1
TEST_00528,4
TEST_00529,1
TEST_00530,2
TEST_00531,4
TEST_00532,4
TEST_00533,4
TEST_00534,1
TEST_00535,2
TEST_00536,4
TEST_00537,3
TEST_00538,2
TEST_00539,2
TEST_00540,4
TEST_00541,3
TEST_00542,2
TEST_00543,4
TEST_00544,3
TEST_00545,4
TEST_00546,3
TEST_00547,4
TEST_00548,2
TEST_00549,2
TEST_00550,1
TEST_00551,4
TEST_00552,4
TEST_00553,3
TEST_00554,3
TEST_00555,4
TEST_00556,1
TEST_00557,2
TEST_00558,4
TEST_00559,0
TEST_00560,3
TEST_00561,1
TEST_00562,1
TEST_00563,2
TEST_00564,3
TEST_00565,4
TEST_00566,4
TEST_00567,0
TEST_00568,0
TEST_00569,0
TEST_00570,1
TEST_00571,2
TEST_00572,4
TEST_00573,4
TEST_00574,1
TEST_00575,3
TEST_00576,4
TEST_00577,1
TEST_00578,3
TEST_00579,1
TEST_00580,2
TEST_00581,2
TEST_00582,2
TEST_00583,4
TEST_00584,4
TEST_00585,1
TEST_00586,4
TEST_00587,3
TEST_00588,1
TEST_00589,1
TEST_00590,1
TEST_00591,3
TEST_00592,4
TEST_00593,4
TEST_00594,1
TEST_00595,2
TEST_00596,3
TEST_00597,2
TEST_00598,0
TEST_00599,2
TEST_00600,0
TEST_00601,4
TEST_00602,4
TEST_00603,1
TEST_00604,3
TEST_00605,2
TEST_00606,3
TEST_00607,3
TEST_00608,0
TEST_00609,3
TEST_00610,2
TEST_00611,3
TEST_00612,3
TEST_00613,4
TEST_00614,0
TEST_00615,4
TEST_00616,4
TEST_00617,4
TEST_00618,3
TEST_00619,0
TEST_00620,4
TEST_00621,4
TEST_00622,3
TEST_00623,3
TEST_00624,1
TEST_00625,3
TEST_00626,2
TEST_00627,3
TEST_00628,2
TEST_00629,4
TEST_00630,2
TEST_00631,2
TEST_00632,3
TEST_00633,4
TEST_00634,3
TEST_00635,4
TEST_00636,3
TEST_00637,4
TEST_00638,3
TEST_00639,2
TEST_00640,3
TEST_00641,0
TEST_00642,1
TEST_00643,3
TEST_00644,2
TEST_00645,2
TEST_00646,4
TEST_00647,3
TEST_00648,1
TEST_00649,3
TEST_00650,3
TEST_00651,3
TEST_00652,4
TEST_00653,3
TEST_00654,4
TEST_00655,2
TEST_00656,4
TEST_00657,4
TEST_00658,3
TEST_00659,2
TEST_00660,0
TEST_00661,3
TEST_00662,3
TEST_00663,4
TEST_00664,3
TEST_00665,4
TEST_00666,4
TEST_00667,3
TEST_00668,3
TEST_00669,4
TEST_00670,2
TEST_00671,4
TEST_00672,2
TEST_00673,1
TEST_00674,4
TEST_00675,3
TEST_00676,3
TEST_00677,4
TEST_00678,2
TEST_00679,1
TEST_00680,4
TEST_00681,3
TEST_00682,2
TEST_00683,4
TEST_00684,3
TEST_00685,3
TEST_00686,3
TEST_00687,4
TEST_00688,1
TEST_00689,2
TEST_00690,3
TEST_00691,0
TEST_00692,4
TEST_00693,4
TEST_00694,2
TEST_00695,2
TEST_00696,3
TEST_00697,4
TEST_00698,3
TEST_00699,2
TEST_00700,1
TEST_00701,1
TEST_00702,0
TEST_00703,2
TEST_00704,4
TEST_00705,0
TEST_00706,1
TEST_00707,4
TEST_00708,1
TEST_00709,4
TEST_00710,4
TEST_00711,0
TEST_00712,2
TEST_00713,2
TEST_00714,3
TEST_00715,1
TEST_00716,2
TEST_00717,2
TEST_00718,3
TEST_00719,4
TEST_00720,0
TEST_00721,4
TEST_00722,3
TEST_00723,4
TEST_00724,2
TEST_00725,4
TEST_00726,2
TEST_00727,4
TEST_00728,4
TEST_00729,2
TEST_00730,4
TEST_00731,2
TEST_00732,3
TEST_00733,4
TEST_00734,1
TEST_00735,4
TEST_00736,3
TEST_00737,1
TEST_00738,4
TEST_00739,1
TEST_00740,3
TEST_00741,4
TEST_00742,3
TEST_00743,3
TEST_00744,4
TEST_00745,3
TEST_00746,2
TEST_00747,3
TEST_00748,2
TEST_00749,2
TEST_00750,3
TEST_00751,4
TEST_00752,0
TEST_00753,1
TEST_00754,1
TEST_00755,4
TEST_00756,2
TEST_00757,3
TEST_00758,3
TEST_00759,1
TEST_00760,4
TEST_00761,3
TEST_00762,4
TEST_00763,2
TEST_00764,4
TEST_00765,1
TEST_00766,3
TEST_00767,2
TEST_00768,4
TEST_00769,2
TEST_00770,2
TEST_00771,0
TEST_00772,4
TEST_00773,0
TEST_00774,3
TEST_00775,4
TEST_00776,1
TEST_00777,2
TEST_00778,4
TEST_00779,4
TEST_00780,0
TEST_00781,4
TEST_00782,0
TEST_00783,3
TEST_00784,1
TEST_00785,4
TEST_00786,3
TEST_00787,2
TEST_00788,4
TEST_00789,4
TEST_00790,2
TEST_00791,3
TEST_00792,3
TEST_00793,0
TEST_00794,3
TEST_00795,2
TEST_00796,4
TEST_00797,2
TEST_00798,3
TEST_00799,1
TEST_00800,1
TEST_00801,4
TEST_00802,4
TEST_00803,3
TEST_00804,1
TEST_00805,3
TEST_00806,4
TEST_00807,4
TEST_00808,4
TEST_00809,3
TEST_00810,2
TEST_00811,3
TEST_00812,3
TEST_00813,2
TEST_00814,3
TEST_00815,3
TEST_00816,3
TEST_00817,4
TEST_00818,4
TEST_00819,4
TEST_00820,3
TEST_00821,4
TEST_00822,3
TEST_00823,2
TEST_00824,4
TEST_00825,1
TEST_00826,2
TEST_00827,1
TEST_00828,1
TEST_00829,3
TEST_00830,2
TEST_00831,4
TEST_00832,3
TEST_00833,0
TEST_00834,2
TEST_00835,2
TEST_00836,1
TEST_00837,1
TEST_00838,1
TEST_00839,0
TEST_00840,1
TEST_00841,4
TEST_00842,2
TEST_00843,3
TEST_00844,4
TEST_00845,2
TEST_00846,1
TEST_00847,4
TEST_00848,0
TEST_00849,3
TEST_00850,4
TEST_00851,4
TEST_00852,4
TEST_00853,4
TEST_00854,2
TEST_00855,1
TEST_00856,4
TEST_00857,1
TEST_00858,1
TEST_00859,1
TEST_00860,0
TEST_00861,2
TEST_00862,4
TEST_00863,0
TEST_00864,3
TEST_00865,3
TEST_00866,1
TEST_00867,3
TEST_00868,4
TEST_00869,3
TEST_00870,4
TEST_00871,2
TEST_00872,4
TEST_00873,3
TEST_00874,2
TEST_00875,2
TEST_00876,3
TEST_00877,3
TEST_00878,4
TEST_00879,2
TEST_00880,3
TEST_00881,1
TEST_00882,2
TEST_00883,3
TEST_00884,2
TEST_00885,2
TEST_00886,2
TEST_00887,2
TEST_00888,3
TEST_00889,2
TEST_00890,2
TEST_00891,1
TEST_00892,2
TEST_00893,3
TEST_00894,4
TEST_00895,3
TEST_00896,1
TEST_00897,4
TEST_00898,1
TEST_00899,2
TEST_00900,0
TEST_00901,4
TEST_00902,2
TEST_00903,2
TEST_00904,1
TEST_00905,1
TEST_00906,3
TEST_00907,4
TEST_00908,4
TEST_00909,3
TEST_00910,4
TEST_00911,2
TEST_00912,4
TEST_00913,0
TEST_00914,3
TEST_00915,2
TEST_00916,0
TEST_00917,4
TEST_00918,3
TEST_00919,1
TEST_00920,3
TEST_00921,3
TEST_00922,0
TEST_00923,4
TEST_00924,3
TEST_00925,3
TEST_00926,3
TEST_00927,2
TEST_00928,3
TEST_00929,3
TEST_00930,4
TEST_00931,2
TEST_00932,4
TEST_00933,2
TEST_00934,2
TEST_00935,1
TEST_00936,4
TEST_00937,3
TEST_00938,4
TEST_00939,3
TEST_00940,4
TEST_00941,1
TEST_00942,4
TEST_00943,3
TEST_00944,1
TEST_00945,2
TEST_00946,2
TEST_00947,3
TEST_00948,3
TEST_00949,2
TEST_00950,3
TEST_00951,4
TEST_00952,1
TEST_00953,1
TEST_00954,4
TEST_00955,3
TEST_00956,3
TEST_00957,4
TEST_00958,1
TEST_00959,2
TEST_00960,2
TEST_00961,3
TEST_00962,4
TEST_00963,4
TEST_00964,0
TEST_00965,3
TEST_00966,3
TEST_00967,1
TEST_00968,4
TEST_00969,3
TEST_00970,3
TEST_00971,2
TEST_00972,3
TEST_00973,4
TEST_00974,3
TEST_00975,0
TEST_00976,2
TEST_00977,3
TEST_00978,1
TEST_00979,3
TEST_00980,1
TEST_00981,4
TEST_00982,1
TEST_00983,2
TEST_00984,3
TEST_00985,3
TEST_00986,1
TEST_00987,0
TEST_00988,4
TEST_00989,3
TEST_00990,1
TEST_00991,3
TEST_00992,2
TEST_00993,3
TEST_00994,3
TEST_00995,4
TEST_00996,3
TEST_00997,1
TEST_00998,1
TEST_00999,4
TEST_01000,4
TEST_01001,3
TEST_01002,4
TEST_01003,1
TEST_01004,3
TEST_01005,1
TEST_01006,3
TEST_01007,0
TEST_01008,3
TEST_01009,3
TEST_01010,1
TEST_01011,3
TEST_01012,3
TEST_01013,4
TEST_01014,4
TEST_01015,4
TEST_01016,2
TEST_01017,2
TEST_01018,4
TEST_01019,0
TEST_01020,0
TEST_01021,4
TEST_01022,4
TEST_01023,2
TEST_01024,3
TEST_01025,3
TEST_01026,2
TEST_01027,3
TEST_01028,3
TEST_01029,3
TEST_01030,1
TEST_01031,0
TEST_01032,3
TEST_01033,1
TEST_01034,3
TEST_01035,3
TEST_01036,1
TEST_01037,3
TEST_01038,4
TEST_01039,1
TEST_01040,2
TEST_01041,3
TEST_01042,1
TEST_01043,1
TEST_01044,2
TEST_01045,0
TEST_01046,1
TEST_01047,1
TEST_01048,3
TEST_01049,4
TEST_01050,2
TEST_01051,3
TEST_01052,2
TEST_01053,2
TEST_01054,3
TEST_01055,0
TEST_01056,0
TEST_01057,4
TEST_01058,1
TEST_01059,1
TEST_01060,4
TEST_01061,1
TEST_01062,2
TEST_01063,2
TEST_01064,4
TEST_01065,1
TEST_01066,3
TEST_01067,3
TEST_01068,2
TEST_01069,4
TEST_01070,3
TEST_01071,4
TEST_01072,4
TEST_01073,3
TEST_01074,3
TEST_01075,2
TEST_01076,3
TEST_01077,1
TEST_01078,4
TEST_01079,4
TEST_01080,1
TEST_01081,1
TEST_01082,3
TEST_01083,3
TEST_01084,2
TEST_01085,2
TEST_01086,3
TEST_01087,0
TEST_01088,1
TEST_01089,3
TEST_01090,2
TEST_01091,3
TEST_01092,0
TEST_01093,1
TEST_01094,1
TEST_01095,4
TEST_01096,2
TEST_01097,0
TEST_01098,4
TEST_01099,3
TEST_01100,3
TEST_01101,0
TEST_01102,2
TEST_01103,2
TEST_01104,2
TEST_01105,3
TEST_01106,4
TEST_01107,3
TEST_01108,2
TEST_01109,4
TEST_01110,2
TEST_01111,1
TEST_01112,1
TEST_01113,2
TEST_01114,3
TEST_01115,4
TEST_01116,2
TEST_01117,2
TEST_01118,3
TEST_01119,4
TEST_01120,1
TEST_01121,2
TEST_01122,4
TEST_01123,0
TEST_01124,4
TEST_01125,0
TEST_01126,2
TEST_01127,3
TEST_01128,3
TEST_01129,3
TEST_01130,0
TEST_01131,1
TEST_01132,3
TEST_01133,2
TEST_01134,3
TEST_01135,3
TEST_01136,2
TEST_01137,1
TEST_01138,3
TEST_01139,2
TEST_01140,1
TEST_01141,4
TEST_01142,2
TEST_01143,3
TEST_01144,4
TEST_01145,1
TEST_01146,4
TEST_01147,3
TEST_01148,3
TEST_01149,0
TEST_01150,2
TEST_01151,3
TEST_01152,2
TEST_01153,2
TEST_01154,3
TEST_01155,3
TEST_01156,1
TEST_01157,4
TEST_01158,4
TEST_01159,3
TEST_01160,4
TEST_01161,3
TEST_01162,2
TEST_01163,4
TEST_01164,1
TEST_01165,2
TEST_01166,4
TEST_01167,2
TEST_01168,3
TEST_01169,2
TEST_01170,2
TEST_01171,3
TEST_01172,0
TEST_01173,3
TEST_01174,3
TEST_01175,1
TEST_01176,1
TEST_01177,4
TEST_01178,3
TEST_01179,3
TEST_01180,3
TEST_01181,4
TEST_01182,3
TEST_01183,4
TEST_01184,4
TEST_01185,1
TEST_01186,2
TEST_01187,2
TEST_01188,1
TEST_01189,4
TEST_01190,4
TEST_01191,2
TEST_01192,2
TEST_01193,2
TEST_01194,1
TEST_01195,2
TEST_01196,3
TEST_01197,3
TEST_01198,0
TEST_01199,3
TEST_01200,1
TEST_01201,3
TEST_01202,3
TEST_01203,4
TEST_01204,4
TEST_01205,1
TEST_01206,1
TEST_01207,0
TEST_01208,1
TEST_01209,0
TEST_01210,3
TEST_01211,2
TEST_01212,0
TEST_01213,3
TEST_01214,4
TEST_01215,1
TEST_01216,2
TEST_01217,0
TEST_01218,2
TEST_01219,3
TEST_01220,4
TEST_01221,2
TEST_01222,3
TEST_01223,1
TEST_01224,4
TEST_01225,4
TEST_01226,0
TEST_01227,3
TEST_01228,3
TEST_01229,3
TEST_01230,3
TEST_01231,3
TEST_01232,2
TEST_01233,2
TEST_01234,4
TEST_01235,2
TEST_01236,3
TEST_01237,0
TEST_01238,2
TEST_01239,1
TEST_01240,2
TEST_01241,1
TEST_01242,4
TEST_01243,3
TEST_01244,2
TEST_01245,1
TEST_01246,0
TEST_01247,0
TEST_01248,2
TEST_01249,2
TEST_01250,3
TEST_01251,3
TEST_01252,1
TEST_01253,1
TEST_01254,4
TEST_01255,1
TEST_01256,0
TEST_01257,4
TEST_01258,2
TEST_01259,4
TEST_01260,4
TEST_01261,0
TEST_01262,3
TEST_01263,2
TEST_01264,1
TEST_01265,4
TEST_01266,0
TEST_01267,4
TEST_01268,3
TEST_01269,0
TEST_01270,3
TEST_01271,3
TEST_01272,3
TEST_01273,2
TEST_01274,0
TEST_01275,3
TEST_01276,2
TEST_01277,3
TEST_01278,0
TEST_01279,3
TEST_01280,1
TEST_01281,2
TEST_01282,0
TEST_01283,4
TEST_01284,2
TEST_01285,4
TEST_01286,4
TEST_01287,2
TEST_01288,3
TEST_01289,4
TEST_01290,1
TEST_01291,0
TEST_01292,4
TEST_01293,0
TEST_01294,3
TEST_01295,4
TEST_01296,4
TEST_01297,4
TEST_01298,0
TEST_01299,3
TEST_01300,4
TEST_01301,2
TEST_01302,0
TEST_01303,1
TEST_01304,2
TEST_01305,4
TEST_01306,3
TEST_01307,1
TEST_01308,2
TEST_01309,2
TEST_01310,4
TEST_01311,4
TEST_01312,3
TEST_01313,3
TEST_01314,4
TEST_01315,0
TEST_01316,2
TEST_01317,2
TEST_01318,0
TEST_01319,4
TEST_01320,3
TEST_01321,3
TEST_01322,3
TEST_01323,4
TEST_01324,4
TEST_01325,3
TEST_01326,3
TEST_01327,3
TEST_01328,2
TEST_01329,0
TEST_01330,2
TEST_01331,4
TEST_01332,0
TEST_01333,3
TEST_01334,2
TEST_01335,2
TEST_01336,1
TEST_01337,3
TEST_01338,3
TEST_01339,2
TEST_01340,2
TEST_01341,0
TEST_01342,4
TEST_01343,3
TEST_01344,0
TEST_01345,2
TEST_01346,4
TEST_01347,4
TEST_01348,3
TEST_01349,0
TEST_01350,3
TEST_01351,4
TEST_01352,3
TEST_01353,4
TEST_01354,2
TEST_01355,3
TEST_01356,4
TEST_01357,4
TEST_01358,1
TEST_01359,3
TEST_01360,2
TEST_01361,3
TEST_01362,4
TEST_01363,1
TEST_01364,4
TEST_01365,3
TEST_01366,0
TEST_01367,1
TEST_01368,4
TEST_01369,0
TEST_01370,2
TEST_01371,2
TEST_01372,4
TEST_01373,2
TEST_01374,0
TEST_01375,3
TEST_01376,1
TEST_01377,2
TEST_01378,4
TEST_01379,0
TEST_01380,3
TEST_01381,2
TEST_01382,4
TEST_01383,3
TEST_01384,4
TEST_01385,1
TEST_01386,3
TEST_01387,4
TEST_01388,3
TEST_01389,2
TEST_01390,3
TEST_01391,3
TEST_01392,4
TEST_01393,4
TEST_01394,2
TEST_01395,4
TEST_01396,4
TEST_01397,2
TEST_01398,4
TEST_01399,2
TEST_01400,0
TEST_01401,2
TEST_01402,4
TEST_01403,1
TEST_01404,3
TEST_01405,0
TEST_01406,3
TEST_01407,4
TEST_01408,3
TEST_01409,2
TEST_01410,3
TEST_01411,3
TEST_01412,3
TEST_01413,3
TEST_01414,4
TEST_01415,1
TEST_01416,3
TEST_01417,4
TEST_01418,4
TEST_01419,1
TEST_01420,1
TEST_01421,0
TEST_01422,3
TEST_01423,1
TEST_01424,4
TEST_01425,2
TEST_01426,2
TEST_01427,3
TEST_01428,4
TEST_01429,3
TEST_01430,0
TEST_01431,3
TEST_01432,4
TEST_01433,1
TEST_01434,4
TEST_01435,2
TEST_01436,0
TEST_01437,1
TEST_01438,3
TEST_01439,3
TEST_01440,1
TEST_01441,4
TEST_01442,2
TEST_01443,2
TEST_01444,1
TEST_01445,2
TEST_01446,3
TEST_01447,1
TEST_01448,3
TEST_01449,0
TEST_01450,3
TEST_01451,2
TEST_01452,2
TEST_01453,2
TEST_01454,4
TEST_01455,4
TEST_01456,4
TEST_01457,0
TEST_01458,3
TEST_01459,4
TEST_01460,3
TEST_01461,0
TEST_01462,0
TEST_01463,1
TEST_01464,4
TEST_01465,0
TEST_01466,4
TEST_01467,2
TEST_01468,3
TEST_01469,3
TEST_01470,1
TEST_01471,0
TEST_01472,3
TEST_01473,0
TEST_01474,4
TEST_01475,4
TEST_01476,4
TEST_01477,0
TEST_01478,4
TEST_01479,2
TEST_01480,4
TEST_01481,3
TEST_01482,4
TEST_01483,3
TEST_01484,2
TEST_01485,3
TEST_01486,2
TEST_01487,0
TEST_01488,2
TEST_01489,3
TEST_01490,0
TEST_01491,0
TEST_01492,2
TEST_01493,3
TEST_01494,2
TEST_01495,2
TEST_01496,2
TEST_01497,1
TEST_01498,3
TEST_01499,0
TEST_01500,3
TEST_01501,3
TEST_01502,4
TEST_01503,3
TEST_01504,3
TEST_01505,3
TEST_01506,3
TEST_01507,3
TEST_01508,4
TEST_01509,2
TEST_01510,0
TEST_01511,4
TEST_01512,3
TEST_01513,4
TEST_01514,0
TEST_01515,4
TEST_01516,1
TEST_01517,4
TEST_01518,1
TEST_01519,1
TEST_01520,3
TEST_01521,3
TEST_01522,2
TEST_01523,0
TEST_01524,1
TEST_01525,0
TEST_01526,4
TEST_01527,3
TEST_01528,0
TEST_01529,4
TEST_01530,4
TEST_01531,3
TEST_01532,0
TEST_01533,3
TEST_01534,2
TEST_01535,0
TEST_01536,1
TEST_01537,0
TEST_01538,1
TEST_01539,3
TEST_01540,4
TEST_01541,0
TEST_01542,3
TEST_01543,0
TEST_01544,3
TEST_01545,2
TEST_01546,4
TEST_01547,4
TEST_01548,2
TEST_01549,4
TEST_01550,1
TEST_01551,2
TEST_01552,4
TEST_01553,1
TEST_01554,4
TEST_01555,2
TEST_01556,3
TEST_01557,3
TEST_01558,4
TEST_01559,1
TEST_01560,2
TEST_01561,2
TEST_01562,0
TEST_01563,4
TEST_01564,1
TEST_01565,0
TEST_01566,4
TEST_01567,4
TEST_01568,4
TEST_01569,3
TEST_01570,0
TEST_01571,3
TEST_01572,2
TEST_01573,3
TEST_01574,0
TEST_01575,4
TEST_01576,4
TEST_01577,1
TEST_01578,3
TEST_01579,4
TEST_01580,2
TEST_01581,1
TEST_01582,4
TEST_01583,1
TEST_01584,4
TEST_01585,1
TEST_01586,4
TEST_01587,4
TEST_01588,0
TEST_01589,1
TEST_01590,4
TEST_01591,2
TEST_01592,1
TEST_01593,3
TEST_01594,3
TEST_01595,3
TEST_01596,4
TEST_01597,3
TEST_01598,0
TEST_01599,2
TEST_01600,3
TEST_01601,0
TEST_01602,3
TEST_01603,2
TEST_01604,2
TEST_01605,0
TEST_01606,2
TEST_01607,0
TEST_01608,4
TEST_01609,3
TEST_01610,4
TEST_01611,3
TEST_01612,0
TEST_01613,3
TEST_01614,2
TEST_01615,3
TEST_01616,4
TEST_01617,3
TEST_01618,2
TEST_01619,3
TEST_01620,3
TEST_01621,1
TEST_01622,2
TEST_01623,2
TEST_01624,1
TEST_01625,3
TEST_01626,4
TEST_01627,4
TEST_01628,1
TEST_01629,4
TEST_01630,3
TEST_01631,2
TEST_01632,4
TEST_01633,4
TEST_01634,2
TEST_01635,4
TEST_01636,2
TEST_01637,2
TEST_01638,3
TEST_01639,3
TEST_01640,2
TEST_01641,0
TEST_01642,3
TEST_01643,3
TEST_01644,2
TEST_01645,4
TEST_01646,3
TEST_01647,3
TEST_01648,0
TEST_01649,0
TEST_01650,0
TEST_01651,3
TEST_01652,1
TEST_01653,3
TEST_01654,0
TEST_01655,1
TEST_01656,3
TEST_01657,3
TEST_01658,0
TEST_01659,3
TEST_01660,3
TEST_01661,3
TEST_01662,4
TEST_01663,4
TEST_01664,0
TEST_01665,3
TEST_01666,2
TEST_01667,1
TEST_01668,3
TEST_01669,4
TEST_01670,3
TEST_01671,1
TEST_01672,4
TEST_01673,3
TEST_01674,4
TEST_01675,3
TEST_01676,3
TEST_01677,4
TEST_01678,0
TEST_01679,1
TEST_01680,4
TEST_01681,4
TEST_01682,2
TEST_01683,3
TEST_01684,4
TEST_01685,2
TEST_01686,0
TEST_01687,3
TEST_01688,4
TEST_01689,1
TEST_01690,0
TEST_01691,1
TEST_01692,3
TEST_01693,3
TEST_01694,3
TEST_01695,4
TEST_01696,0
TEST_01697,4
TEST_01698,4
TEST_01699,2
TEST_01700,4
TEST_01701,1
TEST_01702,0
TEST_01703,2
TEST_01704,2
TEST_01705,2
TEST_01706,4
TEST_01707,3
TEST_01708,3
TEST_01709,3
TEST_01710,1
TEST_01711,4
TEST_01712,4
TEST_01713,1
TEST_01714,1
TEST_01715,3
TEST_01716,4
TEST_01717,2
TEST_01718,4
TEST_01719,3
TEST_01720,4
TEST_01721,4
TEST_01722,3
TEST_01723,4
TEST_01724,4
TEST_01725,2
TEST_01726,2
TEST_01727,1
TEST_01728,1
TEST_01729,0
TEST_01730,2
TEST_01731,1
TEST_01732,1
TEST_01733,2
TEST_01734,0
TEST_01735,2
TEST_01736,1
TEST_01737,4
TEST_01738,3
TEST_01739,1
TEST_01740,1
TEST_01741,3
TEST_01742,2
TEST_01743,3
TEST_01744,4
TEST_01745,3
TEST_01746,3
TEST_01747,2
TEST_01748,3
TEST_01749,1
TEST_01750,1
TEST_01751,3
TEST_01752,0
TEST_01753,3
TEST_01754,4
TEST_01755,3
TEST_01756,3
TEST_01757,2
TEST_01758,1
TEST_01759,2
TEST_01760,3
TEST_01761,4
TEST_01762,3
TEST_01763,0
TEST_01764,0
TEST_01765,4
TEST_01766,3
TEST_01767,4
TEST_01768,1
TEST_01769,0
TEST_01770,4
TEST_01771,0
TEST_01772,3
TEST_01773,4
TEST_01774,3
TEST_01775,2
TEST_01776,3
TEST_01777,3
TEST_01778,2
TEST_01779,0
TEST_01780,3
TEST_01781,4
TEST_01782,2
TEST_01783,3
TEST_01784,0
TEST_01785,3
TEST_01786,2
TEST_01787,3
TEST_01788,3
TEST_01789,2
TEST_01790,4
TEST_01791,4
TEST_01792,3
TEST_01793,4
TEST_01794,3
TEST_01795,3
TEST_01796,1
TEST_01797,4
TEST_01798,4
TEST_01799,0
TEST_01800,4
TEST_01801,3
TEST_01802,3
TEST_01803,4
TEST_01804,3
TEST_01805,4
TEST_01806,4
TEST_01807,4
TEST_01808,4
TEST_01809,2
TEST_01810,0
TEST_01811,0
TEST_01812,2
TEST_01813,1
TEST_01814,3
TEST_01815,4
TEST_01816,1
TEST_01817,0
TEST_01818,2
TEST_01819,0
TEST_01820,4
TEST_01821,1
TEST_01822,4
TEST_01823,1
TEST_01824,4
TEST_01825,3
TEST_01826,4
TEST_01827,2
TEST_01828,1
TEST_01829,4
TEST_01830,4
TEST_01831,4
TEST_01832,0
TEST_01833,4
TEST_01834,4
TEST_01835,3
TEST_01836,2
TEST_01837,4
TEST_01838,4
TEST_01839,1
TEST_01840,3
TEST_01841,3
TEST_01842,2
TEST_01843,2
TEST_01844,3
TEST_01845,2
TEST_01846,1
TEST_01847,2
TEST_01848,2
TEST_01849,2
TEST_01850,2
TEST_01851,4
TEST_01852,2
TEST_01853,3
TEST_01854,3
TEST_01855,2
TEST_01856,4
TEST_01857,4
TEST_01858,0
TEST_01859,3
TEST_01860,2
TEST_01861,2
TEST_01862,2
TEST_01863,3
TEST_01864,3
TEST_01865,2
TEST_01866,3
TEST_01867,4
TEST_01868,2
TEST_01869,4
TEST_01870,4
TEST_01871,3
TEST_01872,4
TEST_01873,3
TEST_01874,2
TEST_01875,1
TEST_01876,4
TEST_01877,4
TEST_01878,4
TEST_01879,3
TEST_01880,3
TEST_01881,4
TEST_01882,4
TEST_01883,2
TEST_01884,4
TEST_01885,3
TEST_01886,4
TEST_01887,3
TEST_01888,2
TEST_01889,3
TEST_01890,4
TEST_01891,0
TEST_01892,0
TEST_01893,3
TEST_01894,4
TEST_01895,4
TEST_01896,3
TEST_01897,3
TEST_01898,2
TEST_01899,1
TEST_01900,2
TEST_01901,0
TEST_01902,4
TEST_01903,2
TEST_01904,1
TEST_01905,3
TEST_01906,0
TEST_01907,2
TEST_01908,3
TEST_01909,3
TEST_01910,1
TEST_01911,3
TEST_01912,0
TEST_01913,3
TEST_01914,1
TEST_01915,3
TEST_01916,4
TEST_01917,2
TEST_01918,1
TEST_01919,3
TEST_01920,3
TEST_01921,1
TEST_01922,3
TEST_01923,1
TEST_01924,0
TEST_01925,2
TEST_01926,3
TEST_01927,4
TEST_01928,0
TEST_01929,0
TEST_01930,3
TEST_01931,1
TEST_01932,1
TEST_01933,0
TEST_01934,1
TEST_01935,0
TEST_01936,3
TEST_01937,3
TEST_01938,4
TEST_01939,0
TEST_01940,4
TEST_01941,2
TEST_01942,3
TEST_01943,4
TEST_01944,0
TEST_01945,0
TEST_01946,4
TEST_01947,2
TEST_01948,3
TEST_01949,4
TEST_01950,4
TEST_01951,4
TEST_01952,2
TEST_01953,3
TEST_01954,4
TEST_01955,2
TEST_01956,4
TEST_01957,4
TEST_01958,4
TEST_01959,0
TEST_01960,1
TEST_01961,3
TEST_01962,2
TEST_01963,3
TEST_01964,0
TEST_01965,4
TEST_01966,3
TEST_01967,2
TEST_01968,4
TEST_01969,2
TEST_01970,1
TEST_01971,1
TEST_01972,2
TEST_01973,4
TEST_01974,3
TEST_01975,4
TEST_01976,3
TEST_01977,2
TEST_01978,1
TEST_01979,3
TEST_01980,4
TEST_01981,2
TEST_01982,1
TEST_01983,1
TEST_01984,0
TEST_01985,3
TEST_01986,2
TEST_01987,2
TEST_01988,4
TEST_01989,1
TEST_01990,2
TEST_01991,2
TEST_01992,2
TEST_01993,4
TEST_01994,3
TEST_01995,2
TEST_01996,3
TEST_01997,4
TEST_01998,0
TEST_01999,3
TEST_02000,3
TEST_02001,3
TEST_02002,3
TEST_02003,1
TEST_02004,4
TEST_02005,1
TEST_02006,2
TEST_02007,4
TEST_02008,2
TEST_02009,3
TEST_02010,0
TEST_02011,4
TEST_02012,3
TEST_02013,2
TEST_02014,1
TEST_02015,3
TEST_02016,3
TEST_02017,3
TEST_02018,2
TEST_02019,4
TEST_02020,4
TEST_02021,2
TEST_02022,3
TEST_02023,3
TEST_02024,3
TEST_02025,1
TEST_02026,2
TEST_02027,1
TEST_02028,3
TEST_02029,3
TEST_02030,3
TEST_02031,0
TEST_02032,2
TEST_02033,2
TEST_02034,1
TEST_02035,2
TEST_02036,3
TEST_02037,2
TEST_02038,2
TEST_02039,2
TEST_02040,4
TEST_02041,4
TEST_02042,4
TEST_02043,4
TEST_02044,3
TEST_02045,1
TEST_02046,3
TEST_02047,2
TEST_02048,3
TEST_02049,4
TEST_02050,2
TEST_02051,2
TEST_02052,4
TEST_02053,2
TEST_02054,4
TEST_02055,1
TEST_02056,3
TEST_02057,2
TEST_02058,3
TEST_02059,0
TEST_02060,2
TEST_02061,1
TEST_02062,2
TEST_02063,3
TEST_02064,2
TEST_02065,4
TEST_02066,4
TEST_02067,3
TEST_02068,4
TEST_02069,4
TEST_02070,1
TEST_02071,3
TEST_02072,3
TEST_02073,2
TEST_02074,0
TEST_02075,2
TEST_02076,2
TEST_02077,0
TEST_02078,3
TEST_02079,4
TEST_02080,3
TEST_02081,0
TEST_02082,3
TEST_02083,1
TEST_02084,0
TEST_02085,0
TEST_02086,1
TEST_02087,0
TEST_02088,1
TEST_02089,4
TEST_02090,2
TEST_02091,3
TEST_02092,0
TEST_02093,4
TEST_02094,4
TEST_02095,1
TEST_02096,3
TEST_02097,0
TEST_02098,3
TEST_02099,3
TEST_02100,3
TEST_02101,4
TEST_02102,4
TEST_02103,4
TEST_02104,3
TEST_02105,2
TEST_02106,2
TEST_02107,1
TEST_02108,0
TEST_02109,3
TEST_02110,3
TEST_02111,3
TEST_02112,3
TEST_02113,1
TEST_02114,3
TEST_02115,4
TEST_02116,1
TEST_02117,2
TEST_02118,2
TEST_02119,1
TEST_02120,2
TEST_02121,1
TEST_02122,4
TEST_02123,3
TEST_02124,4
TEST_02125,3
TEST_02126,1
TEST_02127,3
TEST_02128,0
TEST_02129,1
TEST_02130,4
TEST_02131,1
TEST_02132,2
TEST_02133,4
TEST_02134,0
TEST_02135,0
TEST_02136,0
TEST_02137,3
TEST_02138,3
TEST_02139,2
TEST_02140,2
TEST_02141,1
TEST_02142,0
TEST_02143,2
TEST_02144,0
TEST_02145,3
TEST_02146,2
TEST_02147,3
TEST_02148,3
TEST_02149,0
TEST_02150,2
TEST_02151,3
TEST_02152,4
TEST_02153,1
TEST_02154,4
TEST_02155,1
TEST_02156,4
TEST_02157,1
TEST_02158,1
TEST_02159,2
TEST_02160,1
TEST_02161,2
TEST_02162,2
TEST_02163,4
TEST_02164,2
TEST_02165,3
TEST_02166,4
TEST_02167,1
TEST_02168,3
TEST_02169,2
TEST_02170,1
TEST_02171,4
TEST_02172,3
TEST_02173,0
TEST_02174,4
TEST_02175,1
TEST_02176,3
TEST_02177,3
TEST_02178,1
TEST_02179,1
TEST_02180,3
TEST_02181,3
TEST_02182,0
TEST_02183,0
TEST_02184,4
TEST_02185,4
TEST_02186,2
TEST_02187,4
TEST_02188,4
TEST_02189,2
TEST_02190,2
TEST_02191,4
TEST_02192,1
TEST_02193,3
TEST_02194,3
TEST_02195,3
TEST_02196,0
TEST_02197,2
TEST_02198,3
TEST_02199,3
TEST_02200,3
TEST_02201,0
TEST_02202,0
TEST_02203,4
TEST_02204,2
TEST_02205,2
TEST_02206,1
TEST_02207,0
TEST_02208,4
TEST_02209,2
TEST_02210,1
TEST_02211,2
TEST_02212,3
TEST_02213,3
TEST_02214,4
TEST_02215,2
TEST_02216,2
TEST_02217,1
TEST_02218,1
TEST_02219,2
TEST_02220,4
TEST_02221,4
TEST_02222,3
TEST_02223,3
TEST_02224,2
TEST_02225,2
TEST_02226,0
TEST_02227,3
TEST_02228,4
TEST_02229,3
TEST_02230,4
TEST_02231,1
TEST_02232,3
TEST_02233,3
TEST_02234,3
TEST_02235,3
TEST_02236,3
TEST_02237,2
TEST_02238,3
TEST_02239,4
TEST_02240,0
TEST_02241,1
TEST_02242,1
TEST_02243,2
TEST_02244,4
TEST_02245,1
TEST_02246,0
TEST_02247,3
TEST_02248,4
TEST_02249,4
TEST_02250,4
TEST_02251,4
TEST_02252,3
TEST_02253,4
TEST_02254,4
TEST_02255,3
TEST_02256,0
TEST_02257,2
TEST_02258,2
TEST_02259,3
TEST_02260,2
TEST_02261,3
TEST_02262,3
TEST_02263,4
TEST_02264,3
TEST_02265,3
TEST_02266,3
TEST_02267,4
TEST_02268,4
TEST_02269,3
TEST_02270,3
TEST_02271,2
TEST_02272,1
TEST_02273,3
TEST_02274,2
TEST_02275,2
TEST_02276,0
TEST_02277,1
TEST_02278,2
TEST_02279,1
TEST_02280,0
TEST_02281,4
TEST_02282,1
TEST_02283,4
TEST_02284,0
TEST_02285,3
TEST_02286,1
TEST_02287,4
TEST_02288,2
TEST_02289,1
TEST_02290,0
TEST_02291,3
TEST_02292,0
TEST_02293,1
TEST_02294,3
TEST_02295,4
TEST_02296,2
TEST_02297,4
TEST_02298,0
TEST_02299,1
TEST_02300,2
TEST_02301,0
TEST_02302,0
TEST_02303,0
TEST_02304,3
TEST_02305,3
TEST_02306,3
TEST_02307,3
TEST_02308,1
TEST_02309,1
TEST_02310,2
TEST_02311,0
TEST_02312,3
TEST_02313,4
TEST_02314,4
TEST_02315,3
TEST_02316,1
TEST_02317,4
TEST_02318,4
TEST_02319,1
TEST_02320,4
TEST_02321,1
TEST_02322,1
TEST_02323,3
TEST_02324,3
TEST_02325,2
TEST_02326,4
TEST_02327,4
TEST_02328,4
TEST_02329,1
TEST_02330,2
TEST_02331,4
TEST_02332,3
TEST_02333,0
TEST_02334,4
TEST_02335,3
TEST_02336,4
TEST_02337,0
TEST_02338,4
TEST_02339,3
TEST_02340,2
TEST_02341,2
TEST_02342,3
TEST_02343,1
TEST_02344,4
TEST_02345,4
TEST_02346,2
TEST_02347,4
TEST_02348,1
TEST_02349,3
TEST_02350,4
TEST_02351,2
TEST_02352,0
TEST_02353,2
TEST_02354,2
TEST_02355,1
TEST_02356,3
TEST_02357,0
TEST_02358,3
TEST_02359,2
TEST_02360,3
TEST_02361,4
TEST_02362,0
TEST_02363,2
TEST_02364,1
TEST_02365,3
TEST_02366,4
TEST_02367,0
TEST_02368,4
TEST_02369,4
TEST_02370,4
TEST_02371,3
TEST_02372,3
TEST_02373,4
TEST_02374,1
TEST_02375,1
TEST_02376,0
TEST_02377,0
TEST_02378,2
TEST_02379,0
TEST_02380,2
TEST_02381,1
TEST_02382,4
TEST_02383,2
TEST_02384,0
TEST_02385,2
TEST_02386,3
TEST_02387,3
TEST_02388,4
TEST_02389,4
TEST_02390,4
TEST_02391,3
TEST_02392,4
TEST_02393,3
TEST_02394,3
TEST_02395,2
TEST_02396,0
TEST_02397,4
TEST_02398,1
TEST_02399,2
TEST_02400,2
TEST_02401,4
TEST_02402,4
TEST_02403,2
TEST_02404,3
TEST_02405,4
TEST_02406,3
TEST_02407,1
TEST_02408,2
TEST_02409,2
TEST_02410,2
TEST_02411,3
TEST_02412,4
TEST_02413,1
TEST_02414,2
TEST_02415,3
TEST_02416,1
TEST_02417,2
TEST_02418,3
TEST_02419,1
TEST_02420,2
TEST_02421,4
TEST_02422,3
TEST_02423,3
TEST_02424,3
TEST_02425,2
TEST_02426,3
TEST_02427,4
TEST_02428,2
TEST_02429,1
TEST_02430,3
TEST_02431,2
TEST_02432,4
TEST_02433,2
TEST_02434,0
TEST_02435,2
TEST_02436,1
TEST_02437,0
TEST_02438,1
TEST_02439,3
TEST_02440,1
TEST_02441,3
TEST_02442,0
TEST_02443,4
TEST_02444,2
TEST_02445,4
TEST_02446,0
TEST_02447,3
TEST_02448,2
TEST_02449,3
TEST_02450,3
TEST_02451,1
TEST_02452,3
TEST_02453,4
TEST_02454,3
TEST_02455,2
TEST_02456,3
TEST_02457,3
TEST_02458,0
TEST_02459,4
TEST_02460,1
TEST_02461,2
TEST_02462,2
TEST_02463,3
TEST_02464,4
TEST_02465,2
TEST_02466,1
TEST_02467,4
TEST_02468,2
TEST_02469,2
TEST_02470,1
TEST_02471,2
TEST_02472,2
TEST_02473,4
TEST_02474,2
TEST_02475,3
TEST_02476,4
TEST_02477,2
TEST_02478,4
TEST_02479,3
TEST_02480,4
TEST_02481,1
TEST_02482,3
TEST_02483,3
TEST_02484,1
TEST_02485,0
TEST_02486,3
TEST_02487,4
TEST_02488,3
TEST_02489,4
TEST_02490,3
TEST_02491,2
TEST_02492,0
TEST_02493,1
TEST_02494,4
TEST_02495,2
TEST_02496,3
TEST_02497,4
TEST_02498,3
TEST_02499,3
TEST_02500,1
TEST_02501,3
TEST_02502,1
TEST_02503,4
TEST_02504,4
TEST_02505,2
TEST_02506,1
TEST_02507,1
TEST_02508,1
TEST_02509,3
TEST_02510,4
TEST_02511,3
TEST_02512,2
TEST_02513,2
TEST_02514,1
TEST_02515,2
TEST_02516,2
TEST_02517,3
TEST_02518,4
TEST_02519,1
TEST_02520,3
TEST_02521,2
TEST_02522,2
TEST_02523,2
TEST_02524,4
TEST_02525,3
TEST_02526,1
TEST_02527,4
TEST_02528,0
TEST_02529,3
TEST_02530,4
TEST_02531,4
TEST_02532,2
TEST_02533,0
TEST_02534,3
TEST_02535,1
TEST_02536,4
TEST_02537,2
TEST_02538,3
TEST_02539,3
TEST_02540,2
TEST_02541,2
TEST_02542,0
TEST_02543,2
TEST_02544,4
TEST_02545,4
TEST_02546,0
TEST_02547,1
TEST_02548,0
TEST_02549,1
TEST_02550,2
TEST_02551,3
TEST_02552,3
TEST_02553,0
TEST_02554,4
TEST_02555,4
TEST_02556,4
TEST_02557,3
TEST_02558,4
TEST_02559,3
TEST_02560,4
TEST_02561,1
TEST_02562,0
TEST_02563,1
TEST_02564,0
TEST_02565,3
TEST_02566,3
TEST_02567,1
TEST_02568,2
TEST_02569,0
TEST_02570,0
TEST_02571,3
TEST_02572,1
TEST_02573,0
TEST_02574,2
TEST_02575,3
TEST_02576,3
TEST_02577,1
TEST_02578,3
TEST_02579,2
TEST_02580,0
TEST_02581,3
TEST_02582,1
TEST_02583,4
TEST_02584,3
TEST_02585,1
TEST_02586,1
TEST_02587,3
TEST_02588,4
TEST_02589,1
TEST_02590,3
TEST_02591,2
TEST_02592,3
TEST_02593,0
TEST_02594,1
TEST_02595,3
TEST_02596,3
TEST_02597,3
TEST_02598,3
TEST_02599,0
TEST_02600,3
TEST_02601,3
TEST_02602,4
TEST_02603,3
TEST_02604,4
TEST_02605,0
TEST_02606,2
TEST_02607,0
TEST_02608,0
TEST_02609,3
TEST_02610,2
TEST_02611,4
TEST_02612,0
TEST_02613,4
TEST_02614,2
TEST_02615,4
TEST_02616,2
TEST_02617,2
TEST_02618,3
TEST_02619,0
TEST_02620,1
TEST_02621,0
TEST_02622,1
TEST_02623,4
TEST_02624,2
TEST_02625,4
TEST_02626,4
TEST_02627,2
TEST_02628,3
TEST_02629,2
TEST_02630,3
TEST_02631,4
TEST_02632,2
TEST_02633,4
TEST_02634,3
TEST_02635,2
TEST_02636,4
TEST_02637,2
TEST_02638,4
TEST_02639,3
TEST_02640,3
TEST_02641,4
TEST_02642,4
TEST_02643,1
TEST_02644,3
TEST_02645,1
TEST_02646,2
TEST_02647,3
TEST_02648,4
TEST_02649,2
TEST_02650,1
TEST_02651,0
TEST_02652,2
TEST_02653,2
TEST_02654,2
TEST_02655,3
TEST_02656,3
TEST_02657,3
TEST_02658,3
TEST_02659,3
TEST_02660,1
TEST_02661,2
TEST_02662,1
TEST_02663,3
TEST_02664,1
TEST_02665,4
TEST_02666,4
TEST_02667,4
TEST_02668,2
TEST_02669,3
TEST_02670,3
TEST_02671,0
TEST_02672,2
TEST_02673,2
TEST_02674,3
TEST_02675,4
TEST_02676,1
TEST_02677,2
TEST_02678,2
TEST_02679,3
TEST_02680,2
TEST_02681,1
TEST_02682,3
TEST_02683,4
TEST_02684,3
TEST_02685,4
TEST_02686,0
TEST_02687,2
TEST_02688,2
TEST_02689,4
TEST_02690,3
TEST_02691,1
TEST_02692,0
TEST_02693,2
TEST_02694,4
TEST_02695,4
TEST_02696,3
TEST_02697,4
TEST_02698,2
TEST_02699,3
TEST_02700,2
TEST_02701,1
TEST_02702,3
TEST_02703,2
TEST_02704,4
TEST_02705,0
TEST_02706,1
TEST_02707,3
TEST_02708,1
TEST_02709,4
TEST_02710,0
TEST_02711,4
TEST_02712,2
TEST_02713,3
TEST_02714,4
TEST_02715,2
TEST_02716,4
TEST_02717,3
TEST_02718,0
TEST_02719,3
TEST_02720,3
TEST_02721,2
TEST_02722,2
TEST_02723,4
TEST_02724,1
TEST_02725,3
TEST_02726,1
TEST_02727,2
TEST_02728,3
TEST_02729,4
TEST_02730,3
TEST_02731,1
TEST_02732,2
TEST_02733,3
TEST_02734,3
TEST_02735,4
TEST_02736,4
TEST_02737,4
TEST_02738,1
TEST_02739,0
TEST_02740,4
TEST_02741,3
TEST_02742,4
TEST_02743,1
TEST_02744,3
TEST_02745,2
TEST_02746,2
TEST_02747,0
TEST_02748,4
TEST_02749,4
TEST_02750,3
TEST_02751,1
TEST_02752,3
TEST_02753,3
TEST_02754,4
TEST_02755,2
TEST_02756,0
TEST_02757,0
TEST_02758,3
TEST_02759,3
TEST_02760,4
TEST_02761,2
TEST_02762,0
TEST_02763,3
TEST_02764,3
TEST_02765,3
TEST_02766,0
TEST_02767,2
TEST_02768,2
TEST_02769,4
TEST_02770,2
TEST_02771,4
TEST_02772,3
TEST_02773,3
TEST_02774,4
TEST_02775,3
TEST_02776,2
TEST_02777,2
TEST_02778,1
TEST_02779,1
TEST_02780,1
TEST_02781,4
TEST_02782,3
TEST_02783,3
TEST_02784,3
TEST_02785,2
TEST_02786,1
TEST_02787,1
TEST_02788,3
TEST_02789,4
TEST_02790,1
TEST_02791,4
TEST_02792,3
TEST_02793,4
TEST_02794,4
TEST_02795,2
TEST_02796,4
TEST_02797,4
TEST_02798,0
TEST_02799,1
TEST_02800,3
TEST_02801,4
TEST_02802,0
TEST_02803,2
TEST_02804,1
TEST_02805,0
TEST_02806,1
TEST_02807,3
TEST_02808,0
TEST_02809,2
TEST_02810,4
TEST_02811,3
TEST_02812,2
TEST_02813,0
TEST_02814,1
TEST_02815,3
TEST_02816,1
TEST_02817,2
TEST_02818,3
TEST_02819,4
TEST_02820,2
TEST_02821,3
TEST_02822,1
TEST_02823,3
TEST_02824,3
TEST_02825,3
TEST_02826,3
TEST_02827,3
TEST_02828,2
TEST_02829,4
TEST_02830,2
TEST_02831,0
TEST_02832,2
TEST_02833,3
TEST_02834,1
TEST_02835,4
TEST_02836,3
TEST_02837,3
TEST_02838,2
TEST_02839,1
TEST_02840,4
TEST_02841,4
TEST_02842,2
TEST_02843,4
TEST_02844,3
TEST_02845,3
TEST_02846,3
TEST_02847,4
TEST_02848,0
TEST_02849,3
TEST_02850,4
TEST_02851,3
TEST_02852,3
TEST_02853,4
TEST_02854,2
TEST_02855,3
TEST_02856,2
TEST_02857,4
TEST_02858,4
TEST_02859,3
TEST_02860,2
TEST_02861,2
TEST_02862,1
TEST_02863,4
TEST_02864,3
TEST_02865,4
TEST_02866,2
TEST_02867,3
TEST_02868,4
TEST_02869,3
TEST_02870,2
TEST_02871,3
TEST_02872,3
TEST_02873,3
TEST_02874,1
TEST_02875,3
TEST_02876,0
TEST_02877,1
TEST_02878,0
TEST_02879,2
TEST_02880,2
TEST_02881,2
TEST_02882,0
TEST_02883,0
TEST_02884,2
TEST_02885,1
TEST_02886,0
TEST_02887,1
TEST_02888,4
TEST_02889,0
TEST_02890,3
TEST_02891,1
TEST_02892,3
TEST_02893,4
TEST_02894,2
TEST_02895,3
TEST_02896,2
TEST_02897,2
TEST_02898,3
TEST_02899,3
TEST_02900,4
TEST_02901,1
TEST_02902,3
TEST_02903,4
TEST_02904,3
TEST_02905,0
TEST_02906,2
TEST_02907,4
TEST_02908,3
TEST_02909,4
TEST_02910,0
TEST_02911,1
TEST_02912,2
TEST_02913,3
TEST_02914,3
TEST_02915,3
TEST_02916,3
TEST_02917,2
TEST_02918,4
TEST_02919,3
TEST_02920,1
TEST_02921,2
TEST_02922,2
TEST_02923,0
TEST_02924,0
TEST_02925,3
TEST_02926,2
TEST_02927,1
TEST_02928,1
TEST_02929,4
TEST_02930,2
TEST_02931,3
TEST_02932,4
TEST_02933,3
TEST_02934,0
TEST_02935,3
TEST_02936,2
TEST_02937,1
TEST_02938,1
TEST_02939,3
TEST_02940,1
TEST_02941,3
TEST_02942,4
TEST_02943,2
TEST_02944,3
TEST_02945,2
TEST_02946,4
TEST_02947,0
TEST_02948,1
TEST_02949,2
TEST_02950,1
TEST_02951,3
TEST_02952,0
TEST_02953,4
TEST_02954,4
TEST_02955,1
TEST_02956,3
TEST_02957,3
TEST_02958,4
TEST_02959,2
TEST_02960,1
TEST_02961,3
TEST_02962,4
TEST_02963,1
TEST_02964,1
TEST_02965,3
TEST_02966,4
TEST_02967,4
TEST_02968,0
TEST_02969,3
TEST_02970,1
TEST_02971,0
TEST_02972,3
TEST_02973,3
TEST_02974,2
TEST_02975,1
TEST_02976,3
TEST_02977,3
TEST_02978,4
TEST_02979,2
TEST_02980,3
TEST_02981,4
TEST_02982,1
TEST_02983,0
TEST_02984,3
TEST_02985,0
TEST_02986,1
TEST_02987,4
TEST_02988,3
TEST_02989,1
TEST_02990,2
TEST_02991,2
TEST_02992,4
TEST_02993,4
TEST_02994,4
TEST_02995,4
TEST_02996,4
TEST_02997,1
TEST_02998,1
TEST_02999,3
TEST_03000,0
TEST_03001,1
TEST_03002,2
TEST_03003,1
TEST_03004,2
TEST_03005,2
TEST_03006,2
TEST_03007,4
TEST_03008,2
TEST_03009,0
TEST_03010,0
TEST_03011,3
TEST_03012,4
TEST_03013,2
TEST_03014,3
TEST_03015,2
TEST_03016,3
TEST_03017,3
TEST_03018,1
TEST_03019,0
TEST_03020,2
TEST_03021,3
TEST_03022,1
TEST_03023,2
TEST_03024,1
TEST_03025,1
TEST_03026,3
TEST_03027,4
TEST_03028,3
TEST_03029,0
TEST_03030,4
TEST_03031,3
TEST_03032,1
TEST_03033,4
TEST_03034,2
TEST_03035,3
TEST_03036,4
TEST_03037,2
TEST_03038,2
TEST_03039,1
TEST_03040,0
TEST_03041,0
TEST_03042,4
TEST_03043,1
TEST_03044,4
TEST_03045,3
TEST_03046,3
TEST_03047,2
TEST_03048,1
TEST_03049,3
TEST_03050,3
TEST_03051,4
TEST_03052,3
TEST_03053,4
TEST_03054,4
TEST_03055,4
TEST_03056,2
TEST_03057,1
TEST_03058,4
TEST_03059,0
TEST_03060,3
TEST_03061,0
TEST_03062,1
TEST_03063,0
TEST_03064,4
TEST_03065,1
TEST_03066,0
TEST_03067,2
TEST_03068,3
TEST_03069,3
TEST_03070,3
TEST_03071,0
TEST_03072,3
TEST_03073,4
TEST_03074,2
TEST_03075,2
TEST_03076,1
TEST_03077,3
TEST_03078,3
TEST_03079,4
TEST_03080,3
TEST_03081,1
TEST_03082,3
TEST_03083,2
TEST_03084,0
TEST_03085,0
TEST_03086,4
TEST_03087,4
TEST_03088,1
TEST_03089,0
TEST_03090,3
TEST_03091,3
TEST_03092,3
TEST_03093,4
TEST_03094,0
TEST_03095,4
TEST_03096,4
TEST_03097,3
TEST_03098,0
TEST_03099,2
TEST_03100,4
TEST_03101,3
TEST_03102,1
TEST_03103,1
TEST_03104,3
TEST_03105,1
TEST_03106,3
TEST_03107,0
TEST_03108,3
TEST_03109,1
TEST_03110,4
TEST_03111,0
TEST_03112,0
TEST_03113,4
TEST_03114,3
TEST_03115,3
TEST_03116,2
TEST_03117,4
TEST_03118,0
TEST_03119,3
TEST_03120,1
TEST_03121,2
TEST_03122,1
TEST_03123,3
TEST_03124,3
TEST_03125,4
TEST_03126,1
TEST_03127,0
TEST_03128,4
TEST_03129,0
TEST_03130,3
TEST_03131,3
TEST_03132,2
TEST_03133,2
TEST_03134,3
TEST_03135,1
TEST_03136,3
TEST_03137,4
TEST_03138,3
TEST_03139,4
TEST_03140,2
TEST_03141,1
TEST_03142,3
TEST_03143,1
TEST_03144,0
TEST_03145,1
TEST_03146,1
TEST_03147,3
TEST_03148,4
TEST_03149,0
TEST_03150,3
TEST_03151,1
TEST_03152,1
TEST_03153,4
TEST_03154,2
TEST_03155,4
TEST_03156,1
TEST_03157,4
TEST_03158,1
TEST_03159,0
TEST_03160,2
TEST_03161,0
TEST_03162,2
TEST_03163,0
TEST_03164,4
TEST_03165,4
TEST_03166,1
TEST_03167,3
TEST_03168,4
TEST_03169,3
TEST_03170,4
TEST_03171,4
TEST_03172,4
TEST_03173,2
TEST_03174,3
TEST_03175,4
TEST_03176,1
TEST_03177,4
TEST_03178,1
TEST_03179,4
TEST_03180,1
TEST_03181,0
TEST_03182,4
TEST_03183,4
TEST_03184,0
TEST_03185,3
TEST_03186,3
TEST_03187,0
TEST_03188,3
TEST_03189,1
TEST_03190,1
TEST_03191,3
TEST_03192,0
TEST_03193,3
TEST_03194,1
TEST_03195,2
TEST_03196,2
TEST_03197,4
TEST_03198,0
TEST_03199,4
TEST_03200,2
TEST_03201,0
TEST_03202,4
TEST_03203,3
TEST_03204,2
TEST_03205,4
TEST_03206,2
TEST_03207,3
TEST_03208,2
TEST_03209,3
TEST_03210,3
TEST_03211,0
TEST_03212,0
TEST_03213,1
TEST_03214,4
TEST_03215,4
TEST_03216,2
TEST_03217,0
TEST_03218,4
TEST_03219,3
TEST_03220,0
TEST_03221,4
TEST_03222,3
TEST_03223,4
TEST_03224,2
TEST_03225,0
TEST_03226,4
TEST_03227,0
TEST_03228,3
TEST_03229,2
TEST_03230,4
TEST_03231,3
TEST_03232,3
TEST_03233,1
TEST_03234,4
TEST_03235,3
TEST_03236,2
TEST_03237,3
TEST_03238,2
TEST_03239,4
TEST_03240,3
TEST_03241,0
TEST_03242,4
TEST_03243,2
TEST_03244,4
TEST_03245,1
TEST_03246,1
TEST_03247,2
TEST_03248,1
TEST_03249,2
TEST_03250,3
TEST_03251,3
TEST_03252,4
TEST_03253,4
TEST_03254,2
TEST_03255,2
TEST_03256,2
TEST_03257,4
TEST_03258,4
TEST_03259,1
TEST_03260,3
TEST_03261,2
TEST_03262,2
TEST_03263,3
TEST_03264,1
TEST_03265,1
TEST_03266,3
TEST_03267,0
TEST_03268,1
TEST_03269,3
TEST_03270,3
TEST_03271,0
TEST_03272,4
TEST_03273,1
TEST_03274,4
TEST_03275,4
TEST_03276,3
TEST_03277,4
TEST_03278,3
TEST_03279,3
TEST_03280,3
TEST_03281,1
TEST_03282,3
TEST_03283,4
TEST_03284,0
TEST_03285,4
TEST_03286,3
TEST_03287,4
TEST_03288,2
TEST_03289,4
TEST_03290,2
TEST_03291,1
TEST_03292,2
TEST_03293,4
TEST_03294,3
TEST_03295,3
TEST_03296,2
TEST_03297,1
TEST_03298,4
TEST_03299,4
TEST_03300,3
TEST_03301,4
TEST_03302,1
TEST_03303,1
TEST_03304,3
TEST_03305,2
TEST_03306,3
TEST_03307,2
TEST_03308,2
TEST_03309,3
TEST_03310,0
TEST_03311,2
TEST_03312,3
TEST_03313,3
TEST_03314,1
TEST_03315,1
TEST_03316,1
TEST_03317,3
TEST_03318,1
TEST_03319,1
TEST_03320,4
TEST_03321,4
TEST_03322,0
TEST_03323,3
TEST_03324,2
TEST_03325,3
TEST_03326,2
TEST_03327,4
TEST_03328,0
TEST_03329,3
TEST_03330,4
TEST_03331,1
TEST_03332,3
TEST_03333,3
TEST_03334,3
TEST_03335,3
TEST_03336,0
TEST_03337,4
TEST_03338,3
TEST_03339,2
TEST_03340,1
TEST_03341,1
TEST_03342,0
TEST_03343,2
TEST_03344,3
TEST_03345,4
TEST_03346,4
TEST_03347,0
TEST_03348,3
TEST_03349,4
TEST_03350,1
TEST_03351,3
TEST_03352,2
TEST_03353,2
TEST_03354,2
TEST_03355,4
TEST_03356,4
TEST_03357,4
TEST_03358,4
TEST_03359,2
TEST_03360,1
TEST_03361,0
TEST_03362,2
TEST_03363,4
TEST_03364,4
TEST_03365,4
TEST_03366,2
TEST_03367,3
TEST_03368,4
TEST_03369,2
TEST_03370,0
TEST_03371,4
TEST_03372,2
TEST_03373,3
TEST_03374,4
TEST_03375,3
TEST_03376,3
TEST_03377,2
TEST_03378,3
TEST_03379,4
TEST_03380,4
TEST_03381,3
TEST_03382,2
TEST_03383,2
TEST_03384,4
TEST_03385,1
TEST_03386,4
TEST_03387,0
TEST_03388,3
TEST_03389,3
TEST_03390,1
TEST_03391,3
TEST_03392,3
TEST_03393,2
TEST_03394,3
TEST_03395,3
TEST_03396,2
TEST_03397,2
TEST_03398,3
TEST_03399,4
TEST_03400,1
TEST_03401,1
TEST_03402,3
TEST_03403,4
TEST_03404,3
TEST_03405,2
TEST_03406,3
TEST_03407,0
TEST_03408,1
TEST_03409,3
TEST_03410,4
TEST_03411,2
TEST_03412,2
TEST_03413,3
TEST_03414,1
TEST_03415,2
TEST_03416,3
TEST_03417,4
TEST_03418,1
TEST_03419,4
TEST_03420,2
TEST_03421,4
TEST_03422,3
TEST_03423,0
TEST_03424,3
TEST_03425,2
TEST_03426,3
TEST_03427,0
TEST_03428,3
TEST_03429,1
TEST_03430,0
TEST_03431,1
TEST_03432,3
TEST_03433,3
TEST_03434,3
TEST_03435,4
TEST_03436,4
TEST_03437,0
TEST_03438,0
TEST_03439,1
TEST_03440,3
TEST_03441,2
TEST_03442,0
TEST_03443,2
TEST_03444,1
TEST_03445,0
TEST_03446,0
TEST_03447,0
TEST_03448,1
TEST_03449,3
TEST_03450,4
TEST_03451,2
TEST_03452,1
TEST_03453,1
TEST_03454,4
TEST_03455,3
TEST_03456,0
TEST_03457,4
TEST_03458,4
TEST_03459,1
TEST_03460,1
TEST_03461,4
TEST_03462,3
TEST_03463,2
TEST_03464,1
TEST_03465,4
TEST_03466,3
TEST_03467,4
TEST_03468,1
TEST_03469,2
TEST_03470,2
TEST_03471,2
TEST_03472,3
TEST_03473,0
TEST_03474,0
TEST_03475,4
TEST_03476,4
TEST_03477,1
TEST_03478,2
TEST_03479,3
TEST_03480,1
TEST_03481,2
TEST_03482,2
TEST_03483,4
TEST_03484,2
TEST_03485,1
TEST_03486,3
TEST_03487,2
TEST_03488,1
TEST_03489,4
TEST_03490,0
TEST_03491,4
TEST_03492,3
TEST_03493,0
TEST_03494,2
TEST_03495,1
TEST_03496,0
TEST_03497,4
TEST_03498,1
TEST_03499,1
TEST_03500,4
TEST_03501,3
TEST_03502,4
TEST_03503,1
TEST_03504,2
TEST_03505,4
TEST_03506,0
TEST_03507,0
TEST_03508,0
TEST_03509,2
TEST_03510,1
TEST_03511,1
TEST_03512,0
TEST_03513,3
TEST_03514,1
TEST_03515,1
TEST_03516,3
TEST_03517,2
TEST_03518,3
TEST_03519,4
TEST_03520,4
TEST_03521,1
TEST_03522,3
TEST_03523,4
TEST_03524,3
TEST_03525,1
TEST_03526,4
TEST_03527,0
TEST_03528,2
TEST_03529,3
TEST_03530,1
TEST_03531,2
TEST_03532,1
TEST_03533,3
TEST_03534,3
TEST_03535,0
TEST_03536,0
TEST_03537,1
TEST_03538,3
TEST_03539,3
TEST_03540,2
TEST_03541,2
TEST_03542,2
TEST_03543,4
TEST_03544,4
TEST_03545,3
TEST_03546,1
TEST_03547,4
TEST_03548,4
TEST_03549,0
TEST_03550,3
TEST_03551,2
TEST_03552,1
TEST_03553,3
TEST_03554,4
TEST_03555,4
TEST_03556,4
TEST_03557,1
TEST_03558,0
TEST_03559,3
TEST_03560,3
TEST_03561,2
TEST_03562,4
TEST_03563,2
TEST_03564,3
TEST_03565,3
TEST_03566,1
TEST_03567,2
TEST_03568,4
TEST_03569,1
TEST_03570,4
TEST_03571,1
TEST_03572,4
TEST_03573,3
TEST_03574,2
TEST_03575,0
TEST_03576,2
TEST_03577,2
TEST_03578,0
TEST_03579,4
TEST_03580,1
TEST_03581,4
TEST_03582,3
TEST_03583,3
TEST_03584,0
TEST_03585,2
TEST_03586,4
TEST_03587,1
TEST_03588,3
TEST_03589,1
TEST_03590,2
TEST_03591,1
TEST_03592,4
TEST_03593,4
TEST_03594,4
TEST_03595,3
TEST_03596,3
TEST_03597,1
TEST_03598,3
TEST_03599,4
TEST_03600,3
TEST_03601,3
TEST_03602,4
TEST_03603,3
TEST_03604,2
TEST_03605,3
TEST_03606,4
TEST_03607,4
TEST_03608,4
TEST_03609,2
TEST_03610,4
TEST_03611,1
TEST_03612,3
TEST_03613,2
TEST_03614,3
TEST_03615,3
TEST_03616,3
TEST_03617,4
TEST_03618,0
TEST_03619,0
TEST_03620,0
TEST_03621,2
TEST_03622,1
TEST_03623,4
TEST_03624,2
TEST_03625,3
TEST_03626,1
TEST_03627,3
TEST_03628,3
TEST_03629,3
TEST_03630,1
TEST_03631,4
TEST_03632,3
TEST_03633,3
TEST_03634,4
TEST_03635,0
TEST_03636,4
TEST_03637,4
TEST_03638,3
TEST_03639,4
TEST_03640,1
TEST_03641,2
TEST_03642,4
TEST_03643,1
TEST_03644,2
TEST_03645,4
TEST_03646,4
TEST_03647,4
TEST_03648,3
TEST_03649,0
TEST_03650,1
TEST_03651,1
TEST_03652,0
TEST_03653,1
TEST_03654,4
TEST_03655,4
TEST_03656,1
TEST_03657,3
TEST_03658,2
TEST_03659,3
TEST_03660,3
TEST_03661,4
TEST_03662,4
TEST_03663,1
TEST_03664,1
TEST_03665,3
TEST_03666,3
TEST_03667,4
TEST_03668,3
TEST_03669,0
TEST_03670,1
TEST_03671,1
TEST_03672,3
TEST_03673,3
TEST_03674,2
TEST_03675,2
TEST_03676,4
TEST_03677,0
TEST_03678,1
TEST_03679,3
TEST_03680,3
TEST_03681,4
TEST_03682,1
TEST_03683,0
TEST_03684,4
TEST_03685,3
TEST_03686,2
TEST_03687,4
TEST_03688,3
TEST_03689,3
TEST_03690,2
TEST_03691,4
TEST_03692,1
TEST_03693,3
TEST_03694,4
TEST_03695,4
TEST_03696,3
TEST_03697,3
TEST_03698,3
TEST_03699,3
TEST_03700,3
TEST_03701,3
TEST_03702,4
TEST_03703,2
TEST_03704,3
TEST_03705,4
TEST_03706,4
TEST_03707,3
TEST_03708,4
TEST_03709,0
TEST_03710,1
TEST_03711,3
TEST_03712,0
TEST_03713,1
TEST_03714,2
TEST_03715,1
TEST_03716,3
TEST_03717,3
TEST_03718,2
TEST_03719,4
TEST_03720,4
TEST_03721,0
TEST_03722,1
TEST_03723,3
TEST_03724,3
TEST_03725,4
TEST_03726,0
TEST_03727,3
TEST_03728,3
TEST_03729,4
TEST_03730,2
TEST_03731,4
TEST_03732,3
TEST_03733,3
TEST_03734,1
TEST_03735,3
TEST_03736,4
TEST_03737,1
TEST_03738,2
TEST_03739,3
TEST_03740,1
TEST_03741,3
TEST_03742,3
TEST_03743,4
TEST_03744,3
TEST_03745,3
TEST_03746,3
TEST_03747,3
TEST_03748,4
TEST_03749,1
TEST_03750,3
TEST_03751,2
TEST_03752,2
TEST_03753,3
TEST_03754,3
TEST_03755,1
TEST_03756,3
TEST_03757,4
TEST_03758,4
TEST_03759,2
TEST_03760,0
TEST_03761,2
TEST_03762,1
TEST_03763,1
TEST_03764,1
TEST_03765,1
TEST_03766,1
TEST_03767,3
TEST_03768,0
TEST_03769,2
TEST_03770,4
TEST_03771,1
TEST_03772,3
TEST_03773,4
TEST_03774,1
TEST_03775,1
TEST_03776,2
TEST_03777,2
TEST_03778,1
TEST_03779,1
TEST_03780,2
TEST_03781,1
TEST_03782,0
TEST_03783,3
TEST_03784,3
TEST_03785,2
TEST_03786,4
TEST_03787,0
TEST_03788,3
TEST_03789,4
TEST_03790,4
TEST_03791,2
TEST_03792,4
TEST_03793,4
TEST_03794,3
TEST_03795,3
TEST_03796,4
TEST_03797,2
TEST_03798,3
TEST_03799,0
TEST_03800,4
TEST_03801,4
TEST_03802,3
TEST_03803,4
TEST_03804,2
TEST_03805,3
TEST_03806,4
TEST_03807,3
TEST_03808,0
TEST_03809,4
TEST_03810,2
TEST_03811,4
TEST_03812,3
TEST_03813,0
TEST_03814,3
TEST_03815,3
TEST_03816,2
TEST_03817,3
TEST_03818,4
TEST_03819,1
TEST_03820,1
TEST_03821,1
TEST_03822,3
TEST_03823,1
TEST_03824,3
TEST_03825,3
TEST_03826,3
TEST_03827,2
TEST_03828,4
TEST_03829,1
TEST_03830,1
TEST_03831,2
TEST_03832,0
TEST_03833,2
TEST_03834,3
TEST_03835,1
TEST_03836,1
TEST_03837,4
TEST_03838,3
TEST_03839,3
TEST_03840,1
TEST_03841,3
TEST_03842,2
TEST_03843,0
TEST_03844,3
TEST_03845,4
TEST_03846,4
TEST_03847,1
TEST_03848,4
TEST_03849,1
TEST_03850,2
TEST_03851,4
TEST_03852,2
TEST_03853,1
TEST_03854,2
TEST_03855,1
TEST_03856,3
TEST_03857,4
TEST_03858,2
TEST_03859,4
TEST_03860,4
TEST_03861,1
TEST_03862,0
TEST_03863,0
TEST_03864,3
TEST_03865,1
TEST_03866,3
TEST_03867,1
TEST_03868,1
TEST_03869,2
TEST_03870,3
TEST_03871,4
TEST_03872,3
TEST_03873,4
TEST_03874,1
TEST_03875,2
TEST_03876,4
TEST_03877,2
TEST_03878,3
TEST_03879,2
TEST_03880,1
TEST_03881,4
TEST_03882,4
TEST_03883,4
TEST_03884,3
TEST_03885,3
TEST_03886,4
TEST_03887,2
TEST_03888,1
TEST_03889,3
TEST_03890,2
TEST_03891,0
TEST_03892,4
TEST_03893,0
TEST_03894,4
TEST_03895,3
TEST_03896,1
TEST_03897,4
TEST_03898,2
TEST_03899,3
TEST_03900,4
TEST_03901,1
TEST_03902,3
TEST_03903,3
TEST_03904,4
TEST_03905,2
TEST_03906,4
TEST_03907,3
TEST_03908,0
TEST_03909,4
TEST_03910,2
TEST_03911,3
TEST_03912,4
TEST_03913,0
TEST_03914,0
TEST_03915,2
TEST_03916,3
TEST_03917,1
TEST_03918,3
TEST_03919,4
TEST_03920,2
TEST_03921,2
TEST_03922,2
TEST_03923,3
TEST_03924,0
TEST_03925,2
TEST_03926,3
TEST_03927,3
TEST_03928,1
TEST_03929,1
TEST_03930,4
TEST_03931,4
TEST_03932,1
TEST_03933,3
TEST_03934,2
TEST_03935,4
TEST_03936,4
TEST_03937,3
TEST_03938,1
TEST_03939,3
TEST_03940,4
TEST_03941,1
TEST_03942,1
TEST_03943,2
TEST_03944,4
TEST_03945,4
TEST_03946,1
TEST_03947,2
TEST_03948,3
TEST_03949,1
TEST_03950,1
TEST_03951,3
TEST_03952,3
TEST_03953,1
TEST_03954,2
TEST_03955,3
TEST_03956,3
TEST_03957,3
TEST_03958,0
TEST_03959,3
TEST_03960,3
TEST_03961,4
TEST_03962,3
TEST_03963,1
TEST_03964,3
TEST_03965,3
TEST_03966,1
TEST_03967,4
TEST_03968,0
TEST_03969,4
TEST_03970,3
TEST_03971,2
TEST_03972,2
TEST_03973,0
TEST_03974,3
TEST_03975,3
TEST_03976,3
TEST_03977,3
TEST_03978,0
TEST_03979,1
TEST_03980,2
TEST_03981,4
TEST_03982,2
TEST_03983,1
TEST_03984,3
TEST_03985,3
TEST_03986,3
TEST_03987,4
TEST_03988,0
TEST_03989,3
TEST_03990,1
TEST_03991,4
TEST_03992,0
TEST_03993,4
TEST_03994,2
TEST_03995,1
TEST_03996,3
TEST_03997,0
TEST_03998,3
TEST_03999,3
TEST_04000,0
TEST_04001,3
TEST_04002,0
TEST_04003,1
TEST_04004,0
TEST_04005,4
TEST_04006,3
TEST_04007,0
TEST_04008,2
TEST_04009,1
TEST_04010,4
TEST_04011,3
TEST_04012,3
TEST_04013,1
TEST_04014,2
TEST_04015,2
TEST_04016,0
TEST_04017,0
TEST_04018,4
TEST_04019,3
TEST_04020,3
TEST_04021,2
TEST_04022,1
TEST_04023,1
TEST_04024,1
TEST_04025,4
TEST_04026,2
TEST_04027,2
TEST_04028,3
TEST_04029,4
TEST_04030,3
TEST_04031,3
TEST_04032,1
TEST_04033,1
TEST_04034,1
TEST_04035,2
TEST_04036,4
TEST_04037,3
TEST_04038,3
TEST_04039,0
TEST_04040,4
TEST_04041,3
TEST_04042,4
TEST_04043,1
TEST_04044,3
TEST_04045,2
TEST_04046,3
TEST_04047,2
TEST_04048,3
TEST_04049,3
TEST_04050,2
TEST_04051,1
TEST_04052,4
TEST_04053,2
TEST_04054,1
TEST_04055,4
TEST_04056,4
TEST_04057,2
TEST_04058,4
TEST_04059,1
TEST_04060,3
TEST_04061,3
TEST_04062,3
TEST_04063,3
TEST_04064,3
TEST_04065,2
TEST_04066,3
TEST_04067,0
TEST_04068,0
TEST_04069,0
TEST_04070,3
TEST_04071,1
TEST_04072,0
TEST_04073,2
TEST_04074,2
TEST_04075,2
TEST_04076,1
TEST_04077,1
TEST_04078,4
TEST_04079,4
TEST_04080,3
TEST_04081,1
TEST_04082,2
TEST_04083,3
TEST_04084,3
TEST_04085,3
TEST_04086,1
TEST_04087,4
TEST_04088,2
TEST_04089,4
TEST_04090,3
TEST_04091,0
TEST_04092,1
TEST_04093,3
TEST_04094,0
TEST_04095,3
TEST_04096,2
TEST_04097,2
TEST_04098,4
TEST_04099,2
TEST_04100,1
TEST_04101,3
TEST_04102,1
TEST_04103,2
TEST_04104,2
TEST_04105,3
TEST_04106,3
TEST_04107,4
TEST_04108,0
TEST_04109,2
TEST_04110,3
TEST_04111,4
TEST_04112,4
TEST_04113,4
TEST_04114,3
TEST_04115,4
TEST_04116,4
TEST_04117,1
TEST_04118,3
TEST_04119,3
TEST_04120,4
TEST_04121,4
TEST_04122,3
TEST_04123,3
TEST_04124,3
TEST_04125,2
TEST_04126,2
TEST_04127,4
TEST_04128,3
TEST_04129,1
TEST_04130,2
TEST_04131,4
TEST_04132,2
TEST_04133,0
TEST_04134,4
TEST_04135,2
TEST_04136,2
TEST_04137,4
TEST_04138,0
TEST_04139,4
TEST_04140,0
TEST_04141,3
TEST_04142,3
TEST_04143,3
TEST_04144,3
TEST_04145,3
TEST_04146,1
TEST_04147,3
TEST_04148,2
TEST_04149,4
TEST_04150,2
TEST_04151,4
TEST_04152,3
TEST_04153,3
TEST_04154,1
TEST_04155,4
TEST_04156,2
TEST_04157,2
TEST_04158,3
TEST_04159,4
TEST_04160,1
TEST_04161,2
TEST_04162,0
TEST_04163,4
TEST_04164,2
TEST_04165,1
TEST_04166,3
TEST_04167,3
TEST_04168,4
TEST_04169,1
TEST_04170,1
TEST_04171,2
TEST_04172,2
TEST_04173,3
TEST_04174,4
TEST_04175,4
TEST_04176,2
TEST_04177,1
TEST_04178,3
TEST_04179,3
TEST_04180,3
TEST_04181,1
TEST_04182,1
TEST_04183,0
TEST_04184,4
TEST_04185,4
TEST_04186,4
TEST_04187,1
TEST_04188,4
TEST_04189,2
TEST_04190,4
TEST_04191,4
TEST_04192,1
TEST_04193,3
TEST_04194,1
TEST_04195,0
TEST_04196,4
TEST_04197,2
TEST_04198,4
TEST_04199,4
TEST_04200,1
TEST_04201,3
TEST_04202,0
TEST_04203,0
TEST_04204,2
TEST_04205,0
TEST_04206,3
TEST_04207,3
TEST_04208,3
TEST_04209,2
TEST_04210,1
TEST_04211,3
TEST_04212,3
TEST_04213,3
TEST_04214,4
TEST_04215,3
TEST_04216,1
TEST_04217,3
TEST_04218,2
TEST_04219,1
TEST_04220,3
TEST_04221,3
TEST_04222,1
TEST_04223,3
TEST_04224,3
TEST_04225,2
TEST_04226,4
TEST_04227,1
TEST_04228,3
TEST_04229,4
TEST_04230,0
TEST_04231,4
TEST_04232,3
TEST_04233,3
TEST_04234,3
TEST_04235,3
TEST_04236,3
TEST_04237,4
TEST_04238,4
TEST_04239,1
TEST_04240,3
TEST_04241,3
TEST_04242,3
TEST_04243,3
TEST_04244,2
TEST_04245,3
TEST_04246,3
TEST_04247,4
TEST_04248,4
TEST_04249,3
TEST_04250,3
TEST_04251,3
TEST_04252,1
TEST_04253,0
TEST_04254,4
TEST_04255,1
TEST_04256,2
TEST_04257,4
TEST_04258,4
TEST_04259,2
TEST_04260,3
TEST_04261,2
TEST_04262,2
TEST_04263,0
TEST_04264,2
TEST_04265,4
TEST_04266,2
TEST_04267,1
TEST_04268,3
TEST_04269,0
TEST_04270,1
TEST_04271,3
TEST_04272,1
TEST_04273,4
TEST_04274,3
TEST_04275,3
TEST_04276,2
TEST_04277,4
TEST_04278,2
TEST_04279,4
TEST_04280,3
TEST_04281,2
TEST_04282,4
TEST_04283,2
TEST_04284,1
TEST_04285,3
TEST_04286,0
TEST_04287,0
TEST_04288,4
TEST_04289,1
TEST_04290,1
TEST_04291,3
TEST_04292,3
TEST_04293,2
TEST_04294,3
TEST_04295,3
TEST_04296,3
TEST_04297,4
TEST_04298,3
TEST_04299,4
TEST_04300,4
TEST_04301,3
TEST_04302,2
TEST_04303,0
TEST_04304,2
TEST_04305,3
TEST_04306,0
TEST_04307,2
TEST_04308,2
TEST_04309,3
TEST_04310,3
TEST_04311,4
TEST_04312,4
TEST_04313,4
TEST_04314,0
TEST_04315,1
TEST_04316,1
TEST_04317,1
TEST_04318,1
TEST_04319,4
TEST_04320,4
TEST_04321,4
TEST_04322,0
TEST_04323,4
TEST_04324,4
TEST_04325,4
TEST_04326,2
TEST_04327,0
TEST_04328,4
TEST_04329,1
TEST_04330,2
TEST_04331,2
TEST_04332,4
TEST_04333,4
TEST_04334,3
TEST_04335,2
TEST_04336,4
TEST_04337,1
TEST_04338,1
TEST_04339,3
TEST_04340,1
TEST_04341,2
TEST_04342,1
TEST_04343,2
TEST_04344,0
TEST_04345,3
TEST_04346,3
TEST_04347,4
TEST_04348,0
TEST_04349,2
TEST_04350,4
TEST_04351,2
TEST_04352,2
TEST_04353,4
TEST_04354,4
TEST_04355,4
TEST_04356,2
TEST_04357,3
TEST_04358,4
TEST_04359,3
TEST_04360,4
TEST_04361,3
TEST_04362,4
TEST_04363,1
TEST_04364,1
TEST_04365,4
TEST_04366,1
TEST_04367,2
TEST_04368,3
TEST_04369,3
TEST_04370,1
TEST_04371,4
TEST_04372,0
TEST_04373,1
TEST_04374,0
TEST_04375,4
TEST_04376,3
TEST_04377,2
TEST_04378,0
TEST_04379,0
TEST_04380,4
TEST_04381,2
TEST_04382,1
TEST_04383,4
TEST_04384,2
TEST_04385,1
TEST_04386,2
TEST_04387,2
TEST_04388,2
TEST_04389,1
TEST_04390,0
TEST_04391,2
TEST_04392,0
TEST_04393,1
TEST_04394,1
TEST_04395,3
TEST_04396,0
TEST_04397,2
TEST_04398,2
TEST_04399,0
TEST_04400,4
TEST_04401,0
TEST_04402,3
TEST_04403,3
TEST_04404,2
TEST_04405,3
TEST_04406,4
TEST_04407,4
TEST_04408,0
TEST_04409,3
TEST_04410,3
TEST_04411,3
TEST_04412,3
TEST_04413,4
TEST_04414,1
TEST_04415,2
TEST_04416,3
TEST_04417,3
TEST_04418,3
TEST_04419,0
TEST_04420,1
TEST_04421,0
TEST_04422,2
TEST_04423,3
TEST_04424,3
TEST_04425,0
TEST_04426,0
TEST_04427,2
TEST_04428,4
TEST_04429,0
TEST_04430,3
TEST_04431,3
TEST_04432,3
TEST_04433,4
TEST_04434,0
TEST_04435,1
TEST_04436,1
TEST_04437,3
TEST_04438,4
TEST_04439,1
TEST_04440,3
TEST_04441,0
TEST_04442,2
TEST_04443,3
TEST_04444,1
TEST_04445,3
TEST_04446,3
TEST_04447,1
TEST_04448,4
TEST_04449,2
TEST_04450,2
TEST_04451,1
TEST_04452,0
TEST_04453,1
TEST_04454,3
TEST_04455,4
TEST_04456,4
TEST_04457,3
TEST_04458,2
TEST_04459,4
TEST_04460,4
TEST_04461,2
TEST_04462,3
TEST_04463,3
TEST_04464,2
TEST_04465,1
TEST_04466,3
TEST_04467,3
TEST_04468,4
TEST_04469,1
TEST_04470,3
TEST_04471,3
TEST_04472,3
TEST_04473,1
TEST_04474,1
TEST_04475,1
TEST_04476,4
TEST_04477,3
TEST_04478,4
TEST_04479,3
TEST_04480,3
TEST_04481,0
TEST_04482,2
TEST_04483,4
TEST_04484,3
TEST_04485,4
TEST_04486,3
TEST_04487,0
TEST_04488,4
TEST_04489,2
TEST_04490,4
TEST_04491,0
TEST_04492,4
TEST_04493,4
TEST_04494,0
TEST_04495,3
TEST_04496,3
TEST_04497,3
TEST_04498,3
TEST_04499,4
TEST_04500,3
TEST_04501,1
TEST_04502,4
TEST_04503,4
TEST_04504,4
TEST_04505,3
TEST_04506,1
TEST_04507,2
TEST_04508,2
TEST_04509,3
TEST_04510,1
TEST_04511,3
TEST_04512,4
TEST_04513,1
TEST_04514,4
TEST_04515,3
TEST_04516,3
TEST_04517,0
TEST_04518,3
TEST_04519,3
TEST_04520,2
TEST_04521,3
TEST_04522,2
TEST_04523,1
TEST_04524,4
TEST_04525,1
TEST_04526,3
TEST_04527,1
TEST_04528,2
TEST_04529,4
TEST_04530,2
TEST_04531,0
TEST_04532,2
TEST_04533,1
TEST_04534,0
TEST_04535,3
TEST_04536,2
TEST_04537,0
TEST_04538,3
TEST_04539,4
TEST_04540,1
TEST_04541,3
TEST_04542,4
TEST_04543,1
TEST_04544,4
TEST_04545,2
TEST_04546,2
TEST_04547,2
TEST_04548,1
TEST_04549,3
TEST_04550,4
TEST_04551,0
TEST_04552,1
TEST_04553,4
TEST_04554,2
TEST_04555,4
TEST_04556,2
TEST_04557,0
TEST_04558,2
TEST_04559,4
TEST_04560,4
TEST_04561,3
TEST_04562,3
TEST_04563,4
TEST_04564,0
TEST_04565,3
TEST_04566,3
TEST_04567,4
TEST_04568,1
TEST_04569,3
TEST_04570,4
TEST_04571,4
TEST_04572,0
TEST_04573,4
TEST_04574,3
TEST_04575,3
TEST_04576,3
TEST_04577,4
TEST_04578,2
TEST_04579,4
TEST_04580,3
TEST_04581,4
TEST_04582,2
TEST_04583,3
TEST_04584,2
TEST_04585,3
TEST_04586,1
TEST_04587,4
TEST_04588,3
TEST_04589,0
TEST_04590,4
TEST_04591,0
TEST_04592,3
TEST_04593,1
TEST_04594,4
TEST_04595,2
TEST_04596,1
TEST_04597,3
TEST_04598,2
TEST_04599,3
TEST_04600,1
TEST_04601,0
TEST_04602,1
TEST_04603,4
TEST_04604,2
TEST_04605,1
TEST_04606,3
TEST_04607,4
TEST_04608,0
TEST_04609,2
TEST_04610,1
TEST_04611,1
TEST_04612,0
TEST_04613,4
TEST_04614,4
TEST_04615,4
TEST_04616,1
TEST_04617,3
TEST_04618,3
TEST_04619,0
TEST_04620,3
TEST_04621,2
TEST_04622,3
TEST_04623,4
TEST_04624,3
TEST_04625,2
TEST_04626,3
TEST_04627,2
TEST_04628,3
TEST_04629,3
TEST_04630,2
TEST_04631,0
TEST_04632,4
TEST_04633,4
TEST_04634,3
TEST_04635,3
TEST_04636,1
TEST_04637,3
TEST_04638,0
TEST_04639,1
TEST_04640,1
TEST_04641,1
TEST_04642,1
TEST_04643,1
TEST_04644,4
TEST_04645,1
TEST_04646,3
TEST_04647,2
TEST_04648,3
TEST_04649,0
TEST_04650,4
TEST_04651,2
TEST_04652,3
TEST_04653,1
TEST_04654,2
TEST_04655,2
TEST_04656,4
TEST_04657,1
TEST_04658,3
TEST_04659,3
TEST_04660,3
TEST_04661,0
TEST_04662,2
TEST_04663,1
TEST_04664,0
TEST_04665,4
TEST_04666,3
TEST_04667,3
TEST_04668,4
TEST_04669,2
TEST_04670,3
TEST_04671,3
TEST_04672,2
TEST_04673,3
TEST_04674,4
TEST_04675,0
TEST_04676,3
TEST_04677,3
TEST_04678,0
TEST_04679,1
TEST_04680,3
TEST_04681,3
TEST_04682,2
TEST_04683,2
TEST_04684,1
TEST_04685,3
TEST_04686,1
TEST_04687,4
TEST_04688,4
TEST_04689,4
TEST_04690,3
TEST_04691,2
TEST_04692,4
TEST_04693,4
TEST_04694,2
TEST_04695,2
TEST_04696,2
TEST_04697,2
TEST_04698,4
TEST_04699,1
TEST_04700,2
TEST_04701,2
TEST_04702,2
TEST_04703,3
TEST_04704,3
TEST_04705,4
TEST_04706,4
TEST_04707,4
TEST_04708,0
TEST_04709,2
TEST_04710,3
TEST_04711,2
TEST_04712,3
TEST_04713,3
TEST_04714,2
TEST_04715,3
TEST_04716,2
TEST_04717,4
TEST_04718,3
TEST_04719,2
TEST_04720,0
TEST_04721,2
TEST_04722,2
TEST_04723,0
TEST_04724,1
TEST_04725,2
TEST_04726,2
TEST_04727,3
TEST_04728,1
TEST_04729,1
TEST_04730,1
TEST_04731,0
TEST_04732,3
TEST_04733,0
TEST_04734,0
TEST_04735,2
TEST_04736,4
TEST_04737,0
TEST_04738,1
TEST_04739,2
TEST_04740,4
TEST_04741,0
TEST_04742,3
TEST_04743,4
TEST_04744,2
TEST_04745,0
TEST_04746,1
TEST_04747,4
TEST_04748,1
TEST_04749,2
TEST_04750,4
TEST_04751,4
TEST_04752,0
TEST_04753,4
TEST_04754,2
TEST_04755,3
TEST_04756,4
TEST_04757,3
TEST_04758,4
TEST_04759,4
TEST_04760,4
TEST_04761,4
TEST_04762,4
TEST_04763,3
TEST_04764,2
TEST_04765,2
TEST_04766,4
TEST_04767,4
TEST_04768,2
TEST_04769,2
TEST_04770,3
TEST_04771,3
TEST_04772,3
TEST_04773,3
TEST_04774,3
TEST_04775,2
TEST_04776,4
TEST_04777,0
TEST_04778,3
TEST_04779,4
TEST_04780,3
TEST_04781,2
TEST_04782,0
TEST_04783,4
TEST_04784,3
TEST_04785,4
TEST_04786,3
TEST_04787,0
TEST_04788,3
TEST_04789,2
TEST_04790,1
TEST_04791,0
TEST_04792,3
TEST_04793,3
TEST_04794,3
TEST_04795,3
TEST_04796,3
TEST_04797,2
TEST_04798,2
TEST_04799,3
TEST_04800,4
TEST_04801,4
TEST_04802,0
TEST_04803,4
TEST_04804,0
TEST_04805,0
TEST_04806,3
TEST_04807,3
TEST_04808,2
TEST_04809,1
TEST_04810,0
TEST_04811,1
TEST_04812,3
TEST_04813,0
TEST_04814,2
TEST_04815,2
TEST_04816,2
TEST_04817,1
TEST_04818,2
TEST_04819,4
TEST_04820,4
TEST_04821,1
TEST_04822,4
TEST_04823,1
TEST_04824,0
TEST_04825,0
TEST_04826,1
TEST_04827,3
TEST_04828,3
TEST_04829,2
TEST_04830,0
TEST_04831,3
TEST_04832,4
TEST_04833,4
TEST_04834,2
TEST_04835,1
TEST_04836,1
TEST_04837,3
TEST_04838,3
TEST_04839,2
TEST_04840,2
TEST_04841,2
TEST_04842,4
TEST_04843,2
TEST_04844,1
TEST_04845,3
TEST_04846,2
TEST_04847,4
TEST_04848,1
TEST_04849,3
TEST_04850,0
TEST_04851,1
TEST_04852,2
TEST_04853,1
TEST_04854,3
TEST_04855,1
TEST_04856,0
TEST_04857,3
TEST_04858,2
TEST_04859,2
TEST_04860,0
TEST_04861,2
TEST_04862,2
TEST_04863,2
TEST_04864,3
TEST_04865,4
TEST_04866,4
TEST_04867,0
TEST_04868,4
TEST_04869,1
TEST_04870,4
TEST_04871,2
TEST_04872,3
TEST_04873,4
TEST_04874,2
TEST_04875,0
TEST_04876,3
TEST_04877,3
TEST_04878,4
TEST_04879,3
TEST_04880,3
TEST_04881,3
TEST_04882,3
TEST_04883,3
TEST_04884,4
TEST_04885,0
TEST_04886,1
TEST_04887,1
TEST_04888,1
TEST_04889,1
TEST_04890,1
TEST_04891,0
TEST_04892,2
TEST_04893,2
TEST_04894,2
TEST_04895,4
TEST_04896,1
TEST_04897,1
TEST_04898,3
TEST_04899,3
TEST_04900,1
TEST_04901,2
TEST_04902,2
TEST_04903,3
TEST_04904,1
TEST_04905,4
TEST_04906,3
TEST_04907,1
TEST_04908,3
TEST_04909,4
TEST_04910,4
TEST_04911,4
TEST_04912,3
TEST_04913,4
TEST_04914,3
TEST_04915,4
TEST_04916,4
TEST_04917,1
TEST_04918,4
TEST_04919,4
TEST_04920,3
TEST_04921,2
TEST_04922,4
TEST_04923,3
TEST_04924,3
TEST_04925,3
TEST_04926,3
TEST_04927,4
TEST_04928,3
TEST_04929,3
TEST_04930,0
TEST_04931,4
TEST_04932,3
TEST_04933,1
TEST_04934,2
TEST_04935,1
TEST_04936,0
TEST_04937,2
TEST_04938,0
TEST_04939,0
TEST_04940,1
TEST_04941,4
TEST_04942,2
TEST_04943,4
TEST_04944,0
TEST_04945,1
TEST_04946,2
TEST_04947,4
TEST_04948,2
TEST_04949,2
TEST_04950,1
TEST_04951,4
TEST_04952,0
TEST_04953,3
TEST_04954,2
TEST_04955,1
TEST_04956,0
TEST_04957,4
TEST_04958,1
TEST_04959,1
TEST_04960,3
TEST_04961,4
TEST_04962,0
TEST_04963,3
TEST_04964,4
TEST_04965,1
TEST_04966,1
TEST_04967,3
TEST_04968,1
TEST_04969,3
TEST_04970,4
TEST_04971,4
TEST_04972,0
TEST_04973,1
TEST_04974,1
TEST_04975,3
TEST_04976,1
TEST_04977,0
TEST_04978,4
TEST_04979,2
TEST_04980,3
TEST_04981,3
TEST_04982,2
TEST_04983,3
TEST_04984,3
TEST_04985,2
TEST_04986,3
TEST_04987,4
TEST_04988,3
TEST_04989,4
TEST_04990,3
TEST_04991,3
TEST_04992,4
TEST_04993,3
TEST_04994,4
TEST_04995,3
TEST_04996,4
TEST_04997,3
TEST_04998,3
TEST_04999,3
TEST_05000,1
TEST_05001,2
TEST_05002,4
TEST_05003,1
TEST_05004,3
TEST_05005,3
TEST_05006,1
TEST_05007,4
TEST_05008,2
TEST_05009,1
TEST_05010,1
TEST_05011,3
TEST_05012,0
TEST_05013,0
TEST_05014,4
TEST_05015,4
TEST_05016,4
TEST_05017,4
TEST_05018,1
TEST_05019,0
TEST_05020,3
TEST_05021,2
TEST_05022,1
TEST_05023,3
TEST_05024,2
TEST_05025,2
TEST_05026,4
TEST_05027,1
TEST_05028,2
TEST_05029,4
TEST_05030,3
TEST_05031,3
TEST_05032,3
TEST_05033,4
TEST_05034,4
TEST_05035,0
TEST_05036,4
TEST_05037,1
TEST_05038,0
TEST_05039,4
TEST_05040,4
TEST_05041,2
TEST_05042,2
TEST_05043,4
TEST_05044,1
TEST_05045,4
TEST_05046,0
TEST_05047,2
TEST_05048,0
TEST_05049,3
TEST_05050,1
TEST_05051,3
TEST_05052,1
TEST_05053,1
TEST_05054,2
TEST_05055,4
TEST_05056,2
TEST_05057,3
TEST_05058,1
TEST_05059,4
TEST_05060,3
TEST_05061,4
TEST_05062,3
TEST_05063,0
TEST_05064,2
TEST_05065,2
TEST_05066,3
TEST_05067,0
TEST_05068,0
TEST_05069,4
TEST_05070,0
TEST_05071,2
TEST_05072,3
TEST_05073,3
TEST_05074,2
TEST_05075,3
TEST_05076,0
TEST_05077,1
TEST_05078,1
TEST_05079,2
TEST_05080,3
TEST_05081,4
TEST_05082,4
TEST_05083,3
TEST_05084,2
TEST_05085,2
TEST_05086,4
TEST_05087,1
TEST_05088,2
TEST_05089,1
TEST_05090,0
TEST_05091,3
TEST_05092,2
TEST_05093,4
TEST_05094,1
TEST_05095,1
TEST_05096,4
TEST_05097,4
TEST_05098,2
TEST_05099,2
TEST_05100,4
TEST_05101,3
TEST_05102,1
TEST_05103,4
TEST_05104,4
TEST_05105,0
TEST_05106,4
TEST_05107,3
TEST_05108,4
TEST_05109,0
TEST_05110,3
TEST_05111,4
TEST_05112,2
TEST_05113,1
TEST_05114,2
TEST_05115,0
TEST_05116,4
TEST_05117,4
TEST_05118,2
TEST_05119,4
TEST_05120,3
TEST_05121,2
TEST_05122,1
TEST_05123,1
TEST_05124,2
TEST_05125,0
TEST_05126,3
TEST_05127,2
TEST_05128,4
TEST_05129,0
TEST_05130,4
TEST_05131,4
TEST_05132,3
TEST_05133,3
TEST_05134,3
TEST_05135,3
TEST_05136,3
TEST_05137,3
TEST_05138,3
TEST_05139,0
TEST_05140,0
TEST_05141,0
TEST_05142,4
TEST_05143,0
TEST_05144,0
TEST_05145,3
TEST_05146,3
TEST_05147,3
TEST_05148,3
TEST_05149,3
TEST_05150,3
TEST_05151,3
TEST_05152,4
TEST_05153,4
TEST_05154,2
TEST_05155,4
TEST_05156,4
TEST_05157,3
TEST_05158,4
TEST_05159,3
TEST_05160,1
TEST_05161,1
TEST_05162,4
TEST_05163,4
TEST_05164,2
TEST_05165,3
TEST_05166,3
TEST_05167,1
TEST_05168,2
TEST_05169,4
TEST_05170,1
TEST_05171,2
TEST_05172,2
TEST_05173,2
TEST_05174,2
TEST_05175,2
TEST_05176,4
TEST_05177,3
TEST_05178,4
TEST_05179,4
TEST_05180,3
TEST_05181,0
TEST_05182,0
TEST_05183,1
TEST_05184,0
TEST_05185,0
TEST_05186,0
TEST_05187,1
TEST_05188,1
TEST_05189,3
TEST_05190,3
TEST_05191,0
TEST_05192,1
TEST_05193,4
TEST_05194,3
TEST_05195,4
TEST_05196,4
TEST_05197,3
TEST_05198,3
TEST_05199,3
TEST_05200,2
TEST_05201,3
TEST_05202,1
TEST_05203,2
TEST_05204,2
TEST_05205,3
TEST_05206,4
TEST_05207,4
TEST_05208,2
TEST_05209,3
TEST_05210,3
TEST_05211,4
TEST_05212,1
TEST_05213,2
TEST_05214,3
TEST_05215,4
TEST_05216,2
TEST_05217,2
TEST_05218,3
TEST_05219,1
TEST_05220,4
TEST_05221,0
TEST_05222,1
TEST_05223,1
TEST_05224,1
TEST_05225,3
TEST_05226,0
TEST_05227,3
TEST_05228,1
TEST_05229,3
TEST_05230,3
TEST_05231,2
TEST_05232,0
TEST_05233,3
TEST_05234,2
TEST_05235,4
TEST_05236,1
TEST_05237,3
TEST_05238,4
TEST_05239,0
TEST_05240,4
TEST_05241,0
TEST_05242,1
TEST_05243,1
TEST_05244,1
TEST_05245,3
TEST_05246,3
TEST_05247,0
TEST_05248,3
TEST_05249,2
TEST_05250,2
TEST_05251,4
TEST_05252,4
TEST_05253,1
TEST_05254,4
TEST_05255,3
TEST_05256,4
TEST_05257,3
TEST_05258,2
TEST_05259,1
TEST_05260,3
TEST_05261,1
TEST_05262,0
TEST_05263,1
TEST_05264,0
TEST_05265,4
TEST_05266,2
TEST_05267,2
TEST_05268,1
TEST_05269,4
TEST_05270,4
TEST_05271,4
TEST_05272,2
TEST_05273,1
TEST_05274,3
TEST_05275,3
TEST_05276,4
TEST_05277,4
TEST_05278,3
TEST_05279,0
TEST_05280,2
TEST_05281,1
TEST_05282,3
TEST_05283,1
TEST_05284,0
TEST_05285,3
TEST_05286,3
TEST_05287,3
TEST_05288,3
TEST_05289,3
TEST_05290,3
TEST_05291,2
TEST_05292,4
TEST_05293,4
TEST_05294,2
TEST_05295,4
TEST_05296,3
TEST_05297,3
TEST_05298,2
TEST_05299,0
TEST_05300,1
TEST_05301,3
TEST_05302,4
TEST_05303,2
TEST_05304,1
TEST_05305,3
TEST_05306,3
TEST_05307,4
TEST_05308,1
TEST_05309,3
TEST_05310,4
TEST_05311,4
TEST_05312,2
TEST_05313,0
TEST_05314,3
TEST_05315,2
TEST_05316,4
TEST_05317,4
TEST_05318,2
TEST_05319,4
TEST_05320,0
TEST_05321,4
TEST_05322,3
TEST_05323,1
TEST_05324,2
TEST_05325,3
TEST_05326,0
TEST_05327,1
TEST_05328,4
TEST_05329,3
TEST_05330,2
TEST_05331,1
TEST_05332,3
TEST_05333,3
TEST_05334,2
TEST_05335,2
TEST_05336,2
TEST_05337,4
TEST_05338,2
TEST_05339,4
TEST_05340,0
TEST_05341,3
TEST_05342,3
TEST_05343,3
TEST_05344,2
TEST_05345,2
TEST_05346,1
TEST_05347,0
TEST_05348,3
TEST_05349,0
TEST_05350,1
TEST_05351,4
TEST_05352,4
TEST_05353,4
TEST_05354,1
TEST_05355,2
TEST_05356,4
TEST_05357,1
TEST_05358,3
TEST_05359,1
TEST_05360,4
TEST_05361,3
TEST_05362,2
TEST_05363,4
TEST_05364,1
TEST_05365,1
TEST_05366,3
TEST_05367,2
TEST_05368,3
TEST_05369,1
TEST_05370,3
TEST_05371,4
TEST_05372,3
TEST_05373,3
TEST_05374,0
TEST_05375,3
TEST_05376,3
TEST_05377,4
TEST_05378,3
TEST_05379,3
TEST_05380,4
TEST_05381,4
TEST_05382,2
TEST_05383,3
TEST_05384,0
TEST_05385,4
TEST_05386,3
TEST_05387,4
TEST_05388,0
TEST_05389,4
TEST_05390,3
TEST_05391,2
TEST_05392,2
TEST_05393,1
TEST_05394,0
TEST_05395,3
TEST_05396,3
TEST_05397,3
TEST_05398,3
TEST_05399,0
TEST_05400,4
TEST_05401,2
TEST_05402,3
TEST_05403,0
TEST_05404,4
TEST_05405,1
TEST_05406,3
TEST_05407,1
TEST_05408,1
TEST_05409,4
TEST_05410,0
TEST_05411,1
TEST_05412,4
TEST_05413,1
TEST_05414,3
TEST_05415,3
TEST_05416,2
TEST_05417,1
TEST_05418,0
TEST_05419,0
TEST_05420,0
TEST_05421,3
TEST_05422,2
TEST_05423,3
TEST_05424,3
TEST_05425,4
TEST_05426,1
TEST_05427,0
TEST_05428,3
TEST_05429,2
TEST_05430,2
TEST_05431,2
TEST_05432,2
TEST_05433,3
TEST_05434,3
TEST_05435,4
TEST_05436,3
TEST_05437,4
TEST_05438,2
TEST_05439,4
TEST_05440,4
TEST_05441,2
TEST_05442,4
TEST_05443,2
TEST_05444,3
TEST_05445,4
TEST_05446,0
TEST_05447,0
TEST_05448,2
TEST_05449,4
TEST_05450,3
TEST_05451,2
TEST_05452,1
TEST_05453,3
TEST_05454,3
TEST_05455,3
TEST_05456,3
TEST_05457,4
TEST_05458,0
TEST_05459,3
TEST_05460,3
TEST_05461,2
TEST_05462,0
TEST_05463,2
TEST_05464,0
TEST_05465,0
TEST_05466,2
TEST_05467,3
TEST_05468,3
TEST_05469,4
TEST_05470,4
TEST_05471,0
TEST_05472,1
TEST_05473,0
TEST_05474,2
TEST_05475,3
TEST_05476,3
TEST_05477,2
TEST_05478,2
TEST_05479,4
TEST_05480,1
TEST_05481,0
TEST_05482,1
TEST_05483,0
TEST_05484,2
TEST_05485,4
TEST_05486,3
TEST_05487,2
TEST_05488,3
TEST_05489,3
TEST_05490,2
TEST_05491,1
TEST_05492,3
TEST_05493,3
TEST_05494,3
TEST_05495,0
TEST_05496,4
TEST_05497,4
TEST_05498,3
TEST_05499,1
TEST_05500,3
TEST_05501,3
TEST_05502,3
TEST_05503,2
TEST_05504,4
TEST_05505,3
TEST_05506,2
TEST_05507,4
TEST_05508,2
TEST_05509,4
TEST_05510,2
TEST_05511,2
TEST_05512,1
TEST_05513,3
TEST_05514,0
TEST_05515,0
TEST_05516,4
TEST_05517,4
TEST_05518,4
TEST_05519,4
TEST_05520,0
TEST_05521,3
TEST_05522,1
TEST_05523,3
TEST_05524,0
TEST_05525,2
TEST_05526,3
TEST_05527,4
TEST_05528,4
TEST_05529,4
TEST_05530,3
TEST_05531,1
TEST_05532,3
TEST_05533,0
TEST_05534,1
TEST_05535,3
TEST_05536,4
TEST_05537,4
TEST_05538,2
TEST_05539,1
TEST_05540,1
TEST_05541,4
TEST_05542,2
TEST_05543,2
TEST_05544,3
TEST_05545,3
TEST_05546,3
TEST_05547,4
TEST_05548,3
TEST_05549,2
TEST_05550,3
TEST_05551,2
TEST_05552,2
TEST_05553,0
TEST_05554,3
TEST_05555,0
TEST_05556,3
TEST_05557,4
TEST_05558,4
TEST_05559,2
TEST_05560,2
TEST_05561,3
TEST_05562,3
TEST_05563,1
TEST_05564,3
TEST_05565,4
TEST_05566,4
TEST_05567,1
TEST_05568,0
TEST_05569,4
TEST_05570,2
TEST_05571,0
TEST_05572,3
TEST_05573,2
TEST_05574,0
TEST_05575,0
TEST_05576,3
TEST_05577,0
TEST_05578,4
TEST_05579,3
TEST_05580,3
TEST_05581,3
TEST_05582,2
TEST_05583,0
TEST_05584,0
TEST_05585,4
TEST_05586,0
TEST_05587,2
TEST_05588,4
TEST_05589,4
TEST_05590,3
TEST_05591,0
TEST_05592,1
TEST_05593,3
TEST_05594,4
TEST_05595,4
TEST_05596,2
TEST_05597,4
TEST_05598,3
TEST_05599,1
TEST_05600,4
TEST_05601,3
TEST_05602,3
TEST_05603,3
TEST_05604,0
TEST_05605,4
TEST_05606,2
TEST_05607,4
TEST_05608,0
TEST_05609,2
TEST_05610,1
TEST_05611,3
TEST_05612,2
TEST_05613,4
TEST_05614,3
TEST_05615,4
TEST_05616,1
TEST_05617,1
TEST_05618,0
TEST_05619,3
TEST_05620,2
TEST_05621,4
TEST_05622,4
TEST_05623,2
TEST_05624,3
TEST_05625,3
TEST_05626,4
TEST_05627,2
TEST_05628,1
TEST_05629,3
TEST_05630,4
TEST_05631,1
TEST_05632,3
TEST_05633,1
TEST_05634,0
TEST_05635,3
TEST_05636,4
TEST_05637,0
TEST_05638,4
TEST_05639,1
TEST_05640,2
TEST_05641,4
TEST_05642,1
TEST_05643,1
TEST_05644,3
TEST_05645,1
TEST_05646,3
TEST_05647,0
TEST_05648,3
TEST_05649,2
TEST_05650,4
TEST_05651,1
TEST_05652,4
TEST_05653,1
TEST_05654,0
TEST_05655,3
TEST_05656,4
TEST_05657,3
TEST_05658,1
TEST_05659,2
TEST_05660,3
TEST_05661,4
TEST_05662,4
TEST_05663,1
TEST_05664,2
TEST_05665,1
TEST_05666,3
TEST_05667,1
TEST_05668,3
TEST_05669,2
TEST_05670,2
TEST_05671,1
TEST_05672,2
TEST_05673,4
TEST_05674,0
TEST_05675,1
TEST_05676,1
TEST_05677,0
TEST_05678,0
TEST_05679,0
TEST_05680,3
TEST_05681,2
TEST_05682,3
TEST_05683,3
TEST_05684,0
TEST_05685,3
TEST_05686,0
TEST_05687,3
TEST_05688,2
TEST_05689,0
TEST_05690,2
TEST_05691,4
TEST_05692,1
TEST_05693,0
TEST_05694,1
TEST_05695,4
TEST_05696,3
TEST_05697,3
TEST_05698,4
TEST_05699,4
TEST_05700,1
TEST_05701,2
TEST_05702,3
TEST_05703,4
TEST_05704,3
TEST_05705,2
TEST_05706,4
TEST_05707,4
TEST_05708,3
TEST_05709,2
TEST_05710,4
TEST_05711,1
TEST_05712,3
TEST_05713,1
TEST_05714,1
TEST_05715,2
TEST_05716,2
TEST_05717,1
TEST_05718,3
TEST_05719,4
TEST_05720,3
TEST_05721,4
TEST_05722,2
TEST_05723,3
TEST_05724,2
TEST_05725,0
TEST_05726,3
TEST_05727,2
TEST_05728,1
TEST_05729,1
TEST_05730,3
TEST_05731,4
TEST_05732,4
TEST_05733,3
TEST_05734,2
TEST_05735,2
TEST_05736,4
TEST_05737,2
TEST_05738,3
TEST_05739,2
TEST_05740,2
TEST_05741,1
TEST_05742,2
TEST_05743,1
TEST_05744,4
TEST_05745,1
TEST_05746,3
TEST_05747,1
TEST_05748,4
TEST_05749,4
TEST_05750,0
TEST_05751,0
TEST_05752,4
TEST_05753,4
TEST_05754,1
TEST_05755,3
TEST_05756,1
TEST_05757,1
TEST_05758,4
TEST_05759,3
TEST_05760,1
TEST_05761,4
TEST_05762,0
TEST_05763,4
TEST_05764,4
TEST_05765,3
TEST_05766,3
TEST_05767,3
TEST_05768,1
TEST_05769,3
TEST_05770,1
TEST_05771,0
TEST_05772,1
TEST_05773,0
TEST_05774,4
TEST_05775,2
TEST_05776,3
TEST_05777,1
TEST_05778,1
TEST_05779,3
TEST_05780,1
TEST_05781,2
TEST_05782,2
TEST_05783,1
TEST_05784,4
TEST_05785,2
TEST_05786,3
TEST_05787,4
TEST_05788,4
TEST_05789,4
TEST_05790,4
TEST_05791,4
TEST_05792,0
TEST_05793,3
TEST_05794,1
TEST_05795,2
TEST_05796,0
TEST_05797,4
TEST_05798,2
TEST_05799,4
TEST_05800,4
TEST_05801,3
TEST_05802,1
TEST_05803,0
TEST_05804,2
TEST_05805,3
TEST_05806,1
TEST_05807,3
TEST_05808,4
TEST_05809,4
TEST_05810,2
TEST_05811,3
TEST_05812,3
TEST_05813,4
TEST_05814,2
TEST_05815,3
TEST_05816,4
TEST_05817,2
TEST_05818,3
TEST_05819,2
TEST_05820,4
TEST_05821,3
TEST_05822,3
TEST_05823,0
TEST_05824,0
TEST_05825,0
TEST_05826,0
TEST_05827,2
TEST_05828,0
TEST_05829,2
TEST_05830,4
TEST_05831,2
TEST_05832,4
TEST_05833,2
TEST_05834,4
TEST_05835,3
TEST_05836,2
TEST_05837,1
TEST_05838,2
TEST_05839,4
TEST_05840,2
TEST_05841,4
TEST_05842,2
TEST_05843,4
TEST_05844,4
TEST_05845,2
TEST_05846,3
TEST_05847,0
TEST_05848,0
TEST_05849,1
TEST_05850,1
TEST_05851,3
TEST_05852,2
TEST_05853,3
TEST_05854,3
TEST_05855,3
TEST_05856,4
TEST_05857,0
TEST_05858,3
TEST_05859,2
TEST_05860,4
TEST_05861,2
TEST_05862,1
TEST_05863,4
TEST_05864,3
TEST_05865,0
TEST_05866,3
TEST_05867,3
TEST_05868,3
TEST_05869,4
TEST_05870,1
TEST_05871,2
TEST_05872,4
TEST_05873,2
TEST_05874,1
TEST_05875,0
TEST_05876,1
TEST_05877,2
TEST_05878,3
TEST_05879,2
TEST_05880,4
TEST_05881,2
TEST_05882,1
TEST_05883,2
TEST_05884,3
TEST_05885,3
TEST_05886,3
TEST_05887,0
TEST_05888,2
TEST_05889,2
TEST_05890,3
TEST_05891,0
TEST_05892,2
TEST_05893,2
TEST_05894,4
TEST_05895,1
TEST_05896,0
TEST_05897,4
TEST_05898,4
TEST_05899,4
TEST_05900,3
TEST_05901,3
TEST_05902,4
TEST_05903,3
TEST_05904,1
TEST_05905,1
TEST_05906,3
TEST_05907,0
TEST_05908,1
TEST_05909,4
TEST_05910,4
TEST_05911,3
TEST_05912,3
TEST_05913,3
TEST_05914,3
TEST_05915,3
TEST_05916,3
TEST_05917,3
TEST_05918,4
TEST_05919,2
TEST_05920,3
TEST_05921,4
TEST_05922,3
TEST_05923,2
TEST_05924,2
TEST_05925,2
TEST_05926,0
TEST_05927,4
TEST_05928,4
TEST_05929,3
TEST_05930,4
TEST_05931,4
TEST_05932,2
TEST_05933,0
TEST_05934,0
TEST_05935,4
TEST_05936,2
TEST_05937,2
TEST_05938,3
TEST_05939,4
TEST_05940,4
TEST_05941,0
TEST_05942,3
TEST_05943,0
TEST_05944,4
TEST_05945,1
TEST_05946,3
TEST_05947,0
TEST_05948,4
TEST_05949,2
TEST_05950,3
TEST_05951,0
TEST_05952,4
TEST_05953,1
TEST_05954,3
TEST_05955,3
TEST_05956,3
TEST_05957,3
TEST_05958,1
TEST_05959,3
TEST_05960,4
TEST_05961,4
TEST_05962,2
TEST_05963,3
TEST_05964,1
TEST_05965,4
TEST_05966,1
TEST_05967,3
TEST_05968,3
TEST_05969,2
TEST_05970,1
TEST_05971,3
TEST_05972,4
TEST_05973,3
TEST_05974,1
TEST_05975,2
TEST_05976,2
TEST_05977,3
TEST_05978,1
TEST_05979,2
TEST_05980,1
TEST_05981,1
TEST_05982,4
TEST_05983,4
TEST_05984,3
TEST_05985,4
TEST_05986,0
TEST_05987,1
TEST_05988,3
TEST_05989,3
TEST_05990,3
TEST_05991,3
TEST_05992,2
TEST_05993,0
TEST_05994,4
TEST_05995,3
TEST_05996,1
TEST_05997,3
TEST_05998,2
TEST_05999,3
TEST_06000,2
TEST_06001,3
TEST_06002,2
TEST_06003,2
TEST_06004,0
TEST_06005,4
TEST_06006,0
TEST_06007,1
TEST_06008,0
TEST_06009,4
TEST_06010,2
TEST_06011,2
TEST_06012,2
TEST_06013,2
TEST_06014,2
TEST_06015,2
TEST_06016,4
TEST_06017,4
TEST_06018,3
TEST_06019,4
TEST_06020,1
TEST_06021,3
TEST_06022,3
TEST_06023,4
TEST_06024,3
TEST_06025,1
TEST_06026,2
TEST_06027,2
TEST_06028,2
TEST_06029,2
TEST_06030,2
TEST_06031,3
TEST_06032,4
TEST_06033,2
TEST_06034,0
TEST_06035,0
TEST_06036,3
TEST_06037,0
TEST_06038,0
TEST_06039,4
TEST_06040,1
TEST_06041,1
TEST_06042,0
TEST_06043,0
TEST_06044,3
TEST_06045,2
TEST_06046,3
TEST_06047,2
TEST_06048,3
TEST_06049,2
TEST_06050,4
TEST_06051,4
TEST_06052,3
TEST_06053,1
TEST_06054,1
TEST_06055,3
TEST_06056,3
TEST_06057,4
TEST_06058,4
TEST_06059,2
TEST_06060,3
TEST_06061,1
TEST_06062,2
TEST_06063,4
TEST_06064,3
TEST_06065,3
TEST_06066,2
TEST_06067,3
TEST_06068,3
TEST_06069,1
TEST_06070,3
TEST_06071,0
TEST_06072,4
TEST_06073,1
TEST_06074,3
TEST_06075,1
TEST_06076,3
TEST_06077,3
TEST_06078,3
TEST_06079,4
TEST_06080,2
TEST_06081,2
TEST_06082,4
TEST_06083,0
TEST_06084,3
TEST_06085,0
TEST_06086,2
TEST_06087,2
TEST_06088,1
TEST_06089,4
TEST_06090,4
TEST_06091,2
TEST_06092,4
TEST_06093,4
TEST_06094,3
TEST_06095,2
TEST_06096,3
TEST_06097,3
TEST_06098,3
TEST_06099,4
TEST_06100,4
TEST_06101,4
TEST_06102,2
TEST_06103,2
TEST_06104,3
TEST_06105,4
TEST_06106,0
TEST_06107,3
TEST_06108,4
TEST_06109,3
TEST_06110,1
TEST_06111,1
TEST_06112,2
TEST_06113,1
TEST_06114,4
TEST_06115,4
TEST_06116,2
TEST_06117,1
TEST_06118,3
TEST_06119,2
TEST_06120,2
TEST_06121,3
TEST_06122,3
TEST_06123,3
TEST_06124,3
TEST_06125,4
TEST_06126,3
TEST_06127,3
TEST_06128,1
TEST_06129,0
TEST_06130,0
TEST_06131,1
TEST_06132,4
TEST_06133,4
TEST_06134,4
TEST_06135,2
TEST_06136,2
TEST_06137,2
TEST_06138,4
TEST_06139,0
TEST_06140,0
TEST_06141,3
TEST_06142,3
TEST_06143,4
TEST_06144,1
TEST_06145,0
TEST_06146,1
TEST_06147,4
TEST_06148,3
TEST_06149,1
TEST_06150,4
TEST_06151,4
TEST_06152,2
TEST_06153,4
TEST_06154,3
TEST_06155,3
TEST_06156,3
TEST_06157,4
TEST_06158,4
TEST_06159,4
TEST_06160,3
TEST_06161,4
TEST_06162,1
TEST_06163,1
TEST_06164,0
TEST_06165,0
TEST_06166,4
TEST_06167,2
TEST_06168,2
TEST_06169,2
TEST_06170,1
TEST_06171,2
TEST_06172,1
TEST_06173,4
TEST_06174,0
TEST_06175,3
TEST_06176,2
TEST_06177,2
TEST_06178,2
TEST_06179,1
TEST_06180,3
TEST_06181,4
TEST_06182,4
TEST_06183,2
TEST_06184,4
TEST_06185,2
TEST_06186,0
TEST_06187,4
TEST_06188,0
TEST_06189,3
TEST_06190,2
TEST_06191,3
TEST_06192,2
TEST_06193,3
TEST_06194,3
TEST_06195,3
TEST_06196,1
TEST_06197,1
TEST_06198,1
TEST_06199,1
TEST_06200,4
TEST_06201,2
TEST_06202,2
TEST_06203,2
TEST_06204,3
TEST_06205,3
TEST_06206,3
TEST_06207,3
TEST_06208,0
TEST_06209,2
TEST_06210,1
TEST_06211,3
TEST_06212,3
TEST_06213,4
TEST_06214,3
TEST_06215,4
TEST_06216,0
TEST_06217,3
TEST_06218,1
TEST_06219,0
TEST_06220,2
TEST_06221,1
TEST_06222,3
TEST_06223,3
TEST_06224,1
TEST_06225,2
TEST_06226,3
TEST_06227,3
TEST_06228,3
TEST_06229,2
TEST_06230,1
TEST_06231,3
TEST_06232,2
TEST_06233,0
TEST_06234,2
TEST_06235,3
TEST_06236,3
TEST_06237,2
TEST_06238,3
TEST_06239,2
TEST_06240,0
TEST_06241,4
TEST_06242,3
TEST_06243,2
TEST_06244,0
TEST_06245,3
TEST_06246,4
TEST_06247,1
TEST_06248,2
TEST_06249,4
TEST_06250,1
TEST_06251,3
TEST_06252,4
TEST_06253,4
TEST_06254,3
TEST_06255,3
TEST_06256,0
TEST_06257,2
TEST_06258,1
TEST_06259,4
TEST_06260,0
TEST_06261,3
TEST_06262,4
TEST_06263,1
TEST_06264,3
TEST_06265,0
TEST_06266,3
TEST_06267,1
TEST_06268,1
TEST_06269,3
TEST_06270,4
TEST_06271,4
TEST_06272,4
TEST_06273,4
TEST_06274,0
TEST_06275,3
TEST_06276,1
TEST_06277,2
TEST_06278,0
TEST_06279,3
TEST_06280,1
TEST_06281,0
TEST_06282,4
TEST_06283,2
TEST_06284,3
TEST_06285,1
TEST_06286,0
TEST_06287,3
TEST_06288,2
TEST_06289,3
TEST_06290,4
TEST_06291,3
TEST_06292,2
TEST_06293,2
TEST_06294,2
TEST_06295,1
TEST_06296,4
TEST_06297,2
TEST_06298,3
TEST_06299,3
TEST_06300,2
TEST_06301,4
TEST_06302,3
TEST_06303,3
TEST_06304,4
TEST_06305,2
TEST_06306,2
TEST_06307,4
TEST_06308,4
TEST_06309,2
TEST_06310,0
TEST_06311,3
TEST_06312,4
TEST_06313,1
TEST_06314,3
TEST_06315,2
TEST_06316,3
TEST_06317,2
TEST_06318,2
TEST_06319,2
TEST_06320,4
TEST_06321,0
TEST_06322,1
TEST_06323,2
TEST_06324,3
TEST_06325,1
TEST_06326,3
TEST_06327,4
TEST_06328,4
TEST_06329,1
TEST_06330,3
TEST_06331,2
TEST_06332,0
TEST_06333,1
TEST_06334,3
TEST_06335,4
TEST_06336,1
TEST_06337,2
TEST_06338,2
TEST_06339,1
TEST_06340,3
TEST_06341,4
TEST_06342,3
TEST_06343,4
TEST_06344,4
TEST_06345,2
TEST_06346,3
TEST_06347,1
TEST_06348,3
TEST_06349,1
TEST_06350,2
TEST_06351,3
TEST_06352,4
TEST_06353,2
TEST_06354,0
TEST_06355,4
TEST_06356,3
TEST_06357,4
TEST_06358,4
TEST_06359,3
TEST_06360,4
TEST_06361,3
TEST_06362,2
TEST_06363,2
TEST_06364,4
TEST_06365,3
TEST_06366,4
TEST_06367,4
TEST_06368,2
TEST_06369,3
TEST_06370,4
TEST_06371,1
TEST_06372,3
TEST_06373,3
TEST_06374,3
TEST_06375,0
TEST_06376,1
TEST_06377,4
TEST_06378,0
TEST_06379,4
TEST_06380,4
TEST_06381,3
TEST_06382,1
TEST_06383,3
TEST_06384,0
TEST_06385,4
TEST_06386,4
TEST_06387,3
TEST_06388,3
TEST_06389,1
TEST_06390,4
TEST_06391,1
TEST_06392,0
TEST_06393,1
TEST_06394,1
TEST_06395,0
TEST_06396,4
TEST_06397,2
TEST_06398,2
TEST_06399,2
TEST_06400,3
TEST_06401,1
TEST_06402,1
TEST_06403,3
TEST_06404,4
TEST_06405,2
TEST_06406,3
TEST_06407,3
TEST_06408,3
TEST_06409,3
TEST_06410,3
TEST_06411,3
TEST_06412,2
TEST_06413,3
TEST_06414,4
TEST_06415,2
TEST_06416,0
TEST_06417,2
TEST_06418,4
TEST_06419,0
TEST_06420,1
TEST_06421,0
TEST_06422,4
TEST_06423,4
TEST_06424,1
TEST_06425,4
TEST_06426,3
TEST_06427,4
TEST_06428,2
TEST_06429,2
TEST_06430,3
TEST_06431,2
TEST_06432,3
TEST_06433,4
TEST_06434,3
TEST_06435,4
TEST_06436,2
TEST_06437,2
TEST_06438,4
TEST_06439,4
TEST_06440,4
TEST_06441,3
TEST_06442,2
TEST_06443,4
TEST_06444,2
TEST_06445,4
TEST_06446,2
TEST_06447,3
TEST_06448,4
TEST_06449,1
TEST_06450,2
TEST_06451,2
TEST_06452,4
TEST_06453,0
TEST_06454,3
TEST_06455,1
TEST_06456,4
TEST_06457,3
TEST_06458,0
TEST_06459,2
TEST_06460,4
TEST_06461,4
TEST_06462,4
TEST_06463,0
TEST_06464,3
TEST_06465,1
TEST_06466,4
TEST_06467,2
TEST_06468,0
TEST_06469,1
TEST_06470,4
TEST_06471,1
TEST_06472,2
TEST_06473,3
TEST_06474,1
TEST_06475,0
TEST_06476,4
TEST_06477,3
TEST_06478,0
TEST_06479,2
TEST_06480,0
TEST_06481,4
TEST_06482,3
TEST_06483,3
TEST_06484,3
TEST_06485,4
TEST_06486,2
TEST_06487,4
TEST_06488,4
TEST_06489,1
TEST_06490,4
TEST_06491,3
TEST_06492,3
TEST_06493,2
TEST_06494,4
TEST_06495,3
TEST_06496,3
TEST_06497,3
TEST_06498,0
TEST_06499,1
TEST_06500,1
TEST_06501,3
TEST_06502,3
TEST_06503,4
TEST_06504,3
TEST_06505,2
TEST_06506,3
TEST_06507,1
TEST_06508,2
TEST_06509,3
TEST_06510,1
TEST_06511,4
TEST_06512,0
TEST_06513,3
TEST_06514,2
TEST_06515,3
TEST_06516,1
TEST_06517,2
TEST_06518,2
TEST_06519,4
TEST_06520,3
TEST_06521,3
TEST_06522,4
TEST_06523,3
TEST_06524,3
TEST_06525,4
TEST_06526,1
TEST_06527,3
TEST_06528,1
TEST_06529,1
TEST_06530,0
TEST_06531,0
TEST_06532,2
TEST_06533,3
TEST_06534,0
TEST_06535,4
TEST_06536,2
TEST_06537,2
TEST_06538,4
TEST_06539,3
TEST_06540,2
TEST_06541,2
TEST_06542,3
TEST_06543,1
TEST_06544,3
TEST_06545,4
TEST_06546,2
TEST_06547,3
TEST_06548,2
TEST_06549,4
TEST_06550,4
TEST_06551,3
TEST_06552,0
TEST_06553,3
TEST_06554,0
TEST_06555,2
TEST_06556,2
TEST_06557,1
TEST_06558,1
TEST_06559,2
TEST_06560,1
TEST_06561,4
TEST_06562,1
TEST_06563,1
TEST_06564,3
TEST_06565,3
TEST_06566,0
TEST_06567,3
TEST_06568,0
TEST_06569,0
TEST_06570,4
TEST_06571,3
TEST_06572,3
TEST_06573,2
TEST_06574,4
TEST_06575,2
TEST_06576,0
TEST_06577,1
TEST_06578,3
TEST_06579,2
TEST_06580,3
TEST_06581,1
TEST_06582,1
TEST_06583,3
TEST_06584,0
TEST_06585,2
TEST_06586,4
TEST_06587,3
TEST_06588,0
TEST_06589,3
TEST_06590,3
TEST_06591,3
TEST_06592,3
TEST_06593,4
TEST_06594,1
TEST_06595,0
TEST_06596,4
TEST_06597,4
TEST_06598,2
TEST_06599,0
TEST_06600,1
TEST_06601,3
TEST_06602,4
TEST_06603,3
TEST_06604,2
TEST_06605,1
TEST_06606,2
TEST_06607,4
TEST_06608,4
TEST_06609,4
TEST_06610,3
TEST_06611,4
TEST_06612,1
TEST_06613,2
TEST_06614,2
TEST_06615,2
TEST_06616,1
TEST_06617,0
TEST_06618,0
TEST_06619,1
TEST_06620,0
TEST_06621,0
TEST_06622,2
TEST_06623,1
TEST_06624,1
TEST_06625,2
TEST_06626,0
TEST_06627,0
TEST_06628,2
TEST_06629,2
TEST_06630,0
TEST_06631,1
TEST_06632,0
TEST_06633,4
TEST_06634,4
TEST_06635,1
TEST_06636,0
TEST_06637,1
TEST_06638,3
TEST_06639,0
TEST_06640,0
TEST_06641,1
TEST_06642,3
TEST_06643,4
TEST_06644,3
TEST_06645,4
TEST_06646,2
TEST_06647,4
TEST_06648,3
TEST_06649,1
TEST_06650,4
TEST_06651,0
TEST_06652,4
TEST_06653,2
TEST_06654,1
TEST_06655,3
TEST_06656,1
TEST_06657,3
TEST_06658,3
TEST_06659,2
TEST_06660,2
TEST_06661,3
TEST_06662,3
TEST_06663,3
TEST_06664,3
TEST_06665,2
TEST_06666,0
TEST_06667,2
TEST_06668,2
TEST_06669,3
TEST_06670,4
TEST_06671,2
TEST_06672,1
TEST_06673,2
TEST_06674,4
TEST_06675,2
TEST_06676,1
TEST_06677,2
TEST_06678,3
TEST_06679,0
TEST_06680,4
TEST_06681,3
TEST_06682,1
TEST_06683,1
TEST_06684,4
TEST_06685,1
TEST_06686,0
TEST_06687,4
TEST_06688,3
TEST_06689,4
TEST_06690,2
TEST_06691,4
TEST_06692,2
TEST_06693,2
TEST_06694,0
TEST_06695,3
TEST_06696,3
TEST_06697,3
TEST_06698,3
TEST_06699,4
TEST_06700,3
TEST_06701,2
TEST_06702,2
TEST_06703,1
TEST_06704,3
TEST_06705,4
TEST_06706,1
TEST_06707,3
TEST_06708,2
TEST_06709,3
TEST_06710,4
TEST_06711,3
TEST_06712,4
TEST_06713,4
TEST_06714,0
TEST_06715,1
TEST_06716,4
TEST_06717,3
TEST_06718,3
TEST_06719,0
TEST_06720,1
TEST_06721,3
TEST_06722,0
TEST_06723,1
TEST_06724,0
TEST_06725,0
TEST_06726,3
TEST_06727,4
TEST_06728,1
TEST_06729,3
TEST_06730,1
TEST_06731,2
TEST_06732,3
TEST_06733,3
TEST_06734,1
TEST_06735,2
TEST_06736,0
TEST_06737,3
TEST_06738,0
TEST_06739,3
TEST_06740,3
TEST_06741,4
TEST_06742,0
TEST_06743,1
TEST_06744,1
TEST_06745,3
TEST_06746,0
TEST_06747,4
TEST_06748,0
TEST_06749,1
TEST_06750,2
TEST_06751,2
TEST_06752,2
TEST_06753,1
TEST_06754,4
TEST_06755,4
TEST_06756,2
TEST_06757,3
TEST_06758,0
TEST_06759,0
TEST_06760,2
TEST_06761,4
TEST_06762,2
TEST_06763,2
TEST_06764,0
TEST_06765,3
TEST_06766,2
TEST_06767,0
TEST_06768,0
TEST_06769,1
TEST_06770,4
TEST_06771,3
TEST_06772,2
TEST_06773,4
TEST_06774,3
TEST_06775,2
TEST_06776,0
TEST_06777,2
TEST_06778,0
TEST_06779,4
TEST_06780,0
TEST_06781,1
TEST_06782,1
TEST_06783,2
TEST_06784,2
TEST_06785,4
TEST_06786,1
TEST_06787,0
TEST_06788,2
TEST_06789,0
TEST_06790,1
TEST_06791,1
TEST_06792,2
TEST_06793,1
TEST_06794,4
TEST_06795,0
TEST_06796,4
TEST_06797,3
TEST_06798,4
TEST_06799,3
TEST_06800,3
TEST_06801,3
TEST_06802,2
TEST_06803,1
TEST_06804,0
TEST_06805,3
TEST_06806,2
TEST_06807,1
TEST_06808,0
TEST_06809,1
TEST_06810,3
TEST_06811,4
TEST_06812,0
TEST_06813,3
TEST_06814,4
TEST_06815,2
TEST_06816,4
TEST_06817,1
TEST_06818,3
TEST_06819,4
TEST_06820,0
TEST_06821,2
TEST_06822,4
TEST_06823,4
TEST_06824,2
TEST_06825,3
TEST_06826,2
TEST_06827,3
TEST_06828,4
TEST_06829,3
TEST_06830,2
TEST_06831,4
TEST_06832,1
TEST_06833,4
TEST_06834,1
TEST_06835,2
TEST_06836,1
TEST_06837,2
TEST_06838,4
TEST_06839,4
TEST_06840,4
TEST_06841,3
TEST_06842,2
TEST_06843,3
TEST_06844,3
TEST_06845,3
TEST_06846,2
TEST_06847,3
TEST_06848,3
TEST_06849,3
TEST_06850,0
TEST_06851,1
TEST_06852,1
TEST_06853,4
TEST_06854,2
TEST_06855,3
TEST_06856,3
TEST_06857,0
TEST_06858,1
TEST_06859,2
TEST_06860,3
TEST_06861,0
TEST_06862,1
TEST_06863,0
TEST_06864,4
TEST_06865,2
TEST_06866,1
TEST_06867,4
TEST_06868,3
TEST_06869,1
TEST_06870,2
TEST_06871,3
TEST_06872,3
TEST_06873,3
TEST_06874,1
TEST_06875,3
TEST_06876,0
TEST_06877,3
TEST_06878,4
TEST_06879,0
TEST_06880,3
TEST_06881,4
TEST_06882,2
TEST_06883,1
TEST_06884,3
TEST_06885,2
TEST_06886,2
TEST_06887,1
TEST_06888,3
TEST_06889,2
TEST_06890,4
TEST_06891,3
TEST_06892,0
TEST_06893,2
TEST_06894,1
TEST_06895,3
TEST_06896,1
TEST_06897,4
TEST_06898,2
TEST_06899,0
TEST_06900,4
TEST_06901,3
TEST_06902,2
TEST_06903,4
TEST_06904,1
TEST_06905,4
TEST_06906,4
TEST_06907,3
TEST_06908,3
TEST_06909,4
TEST_06910,1
TEST_06911,0
TEST_06912,1
TEST_06913,4
TEST_06914,0
TEST_06915,1
TEST_06916,4
TEST_06917,3
TEST_06918,2
TEST_06919,2
TEST_06920,2
TEST_06921,1
TEST_06922,3
TEST_06923,1
TEST_06924,1
TEST_06925,4
TEST_06926,3
TEST_06927,3
TEST_06928,3
TEST_06929,1
TEST_06930,4
TEST_06931,4
TEST_06932,3
TEST_06933,0
TEST_06934,4
TEST_06935,1
TEST_06936,2
TEST_06937,0
TEST_06938,1
TEST_06939,4
TEST_06940,1
TEST_06941,2
TEST_06942,4
TEST_06943,4
TEST_06944,0
TEST_06945,2
TEST_06946,4
TEST_06947,3
TEST_06948,3
TEST_06949,1
TEST_06950,2
TEST_06951,3
TEST_06952,1
TEST_06953,4
TEST_06954,0
TEST_06955,3
TEST_06956,4
TEST_06957,2
TEST_06958,3
TEST_06959,0
TEST_06960,2
TEST_06961,3
TEST_06962,2
TEST_06963,2
TEST_06964,4
TEST_06965,3
TEST_06966,1
TEST_06967,1
TEST_06968,4
TEST_06969,2
TEST_06970,4
TEST_06971,2
TEST_06972,1
TEST_06973,1
TEST_06974,2
TEST_06975,1
TEST_06976,3
TEST_06977,2
TEST_06978,3
TEST_06979,3
TEST_06980,2
TEST_06981,3
TEST_06982,3
TEST_06983,1
TEST_06984,0
TEST_06985,2
TEST_06986,3
TEST_06987,2
TEST_06988,3
TEST_06989,4
TEST_06990,3
TEST_06991,3
TEST_06992,2
TEST_06993,0
TEST_06994,4
TEST_06995,4
TEST_06996,4
TEST_06997,0
TEST_06998,4
TEST_06999,3
TEST_07000,1
TEST_07001,3
TEST_07002,2
TEST_07003,1
TEST_07004,0
TEST_07005,1
TEST_07006,3
TEST_07007,2
TEST_07008,0
TEST_07009,4
TEST_07010,4
TEST_07011,3
TEST_07012,4
TEST_07013,0
TEST_07014,3
TEST_07015,3
TEST_07016,3
TEST_07017,3
TEST_07018,3
TEST_07019,2
TEST_07020,2
TEST_07021,3
TEST_07022,2
TEST_07023,4
TEST_07024,0
TEST_07025,4
TEST_07026,0
TEST_07027,0
TEST_07028,3
TEST_07029,2
TEST_07030,3
TEST_07031,3
TEST_07032,2
TEST_07033,3
TEST_07034,2
TEST_07035,4
TEST_07036,3
TEST_07037,2
TEST_07038,3
TEST_07039,3
TEST_07040,1
TEST_07041,2
TEST_07042,4
TEST_07043,2
TEST_07044,4
TEST_07045,4
TEST_07046,1
TEST_07047,2
TEST_07048,0
TEST_07049,1
TEST_07050,0
TEST_07051,4
TEST_07052,2
TEST_07053,3
TEST_07054,0
TEST_07055,2
TEST_07056,4
TEST_07057,4
TEST_07058,3
TEST_07059,3
TEST_07060,1
TEST_07061,3
TEST_07062,4
TEST_07063,2
TEST_07064,4
TEST_07065,4
TEST_07066,3
TEST_07067,2
TEST_07068,3
TEST_07069,4
TEST_07070,1
TEST_07071,4
TEST_07072,2
TEST_07073,4
TEST_07074,1
TEST_07075,1
TEST_07076,1
TEST_07077,2
TEST_07078,4
TEST_07079,3
TEST_07080,1
TEST_07081,4
TEST_07082,2
TEST_07083,0
TEST_07084,3
TEST_07085,4
TEST_07086,2
TEST_07087,3
TEST_07088,1
TEST_07089,2
TEST_07090,3
TEST_07091,3
TEST_07092,1
TEST_07093,0
TEST_07094,4
TEST_07095,3
TEST_07096,3
TEST_07097,4
TEST_07098,3
TEST_07099,3
TEST_07100,1
TEST_07101,3
TEST_07102,3
TEST_07103,2
TEST_07104,2
TEST_07105,2
TEST_07106,0
TEST_07107,1
TEST_07108,4
TEST_07109,4
TEST_07110,1
TEST_07111,2
TEST_07112,4
TEST_07113,3
TEST_07114,3
TEST_07115,2
TEST_07116,2
TEST_07117,3
TEST_07118,0
TEST_07119,3
TEST_07120,1
TEST_07121,3
TEST_07122,2
TEST_07123,3
TEST_07124,2
TEST_07125,2
TEST_07126,0
TEST_07127,3
TEST_07128,1
TEST_07129,3
TEST_07130,2
TEST_07131,2
TEST_07132,1
TEST_07133,4
TEST_07134,4
TEST_07135,2
TEST_07136,1
TEST_07137,3
TEST_07138,2
TEST_07139,0
TEST_07140,4
TEST_07141,3
TEST_07142,4
TEST_07143,3
TEST_07144,3
TEST_07145,4
TEST_07146,3
TEST_07147,4
TEST_07148,4
TEST_07149,3
TEST_07150,0
TEST_07151,2
TEST_07152,0
TEST_07153,4
TEST_07154,3
TEST_07155,4
TEST_07156,1
TEST_07157,4
TEST_07158,3
TEST_07159,1
TEST_07160,2
TEST_07161,3
TEST_07162,0
TEST_07163,4
TEST_07164,1
TEST_07165,3
TEST_07166,2
TEST_07167,1
TEST_07168,3
TEST_07169,0
TEST_07170,3
TEST_07171,1
TEST_07172,2
TEST_07173,4
TEST_07174,2
TEST_07175,4
TEST_07176,0
TEST_07177,4
TEST_07178,2
TEST_07179,0
TEST_07180,3
TEST_07181,2
TEST_07182,3
TEST_07183,4
TEST_07184,4
TEST_07185,4
TEST_07186,1
TEST_07187,0
TEST_07188,4
TEST_07189,3
TEST_07190,0
TEST_07191,4
TEST_07192,4
TEST_07193,3
TEST_07194,0
TEST_07195,0
TEST_07196,1
TEST_07197,4
TEST_07198,3
TEST_07199,1
TEST_07200,3
TEST_07201,1
TEST_07202,0
TEST_07203,3
TEST_07204,2
TEST_07205,4
TEST_07206,3
TEST_07207,4
TEST_07208,0
TEST_07209,4
TEST_07210,2
TEST_07211,4
TEST_07212,4
TEST_07213,1
TEST_07214,1
TEST_07215,0
TEST_07216,4
TEST_07217,1
TEST_07218,4
TEST_07219,3
TEST_07220,4
TEST_07221,4
TEST_07222,3
TEST_07223,3
TEST_07224,3
TEST_07225,2
TEST_07226,2
TEST_07227,3
TEST_07228,3
TEST_07229,3
TEST_07230,2
TEST_07231,3
TEST_07232,2
TEST_07233,3
TEST_07234,4
TEST_07235,2
TEST_07236,3
TEST_07237,0
TEST_07238,2
TEST_07239,3
TEST_07240,4
TEST_07241,4
TEST_07242,1
TEST_07243,3
TEST_07244,4
TEST_07245,2
TEST_07246,3
TEST_07247,3
TEST_07248,3
TEST_07249,4
TEST_07250,0
TEST_07251,4
TEST_07252,3
TEST_07253,3
TEST_07254,2
TEST_07255,2
TEST_07256,0
TEST_07257,1
TEST_07258,0
TEST_07259,1
TEST_07260,2
TEST_07261,4
TEST_07262,0
TEST_07263,2
TEST_07264,1
TEST_07265,1
TEST_07266,0
TEST_07267,3
TEST_07268,4
TEST_07269,2
TEST_07270,0
TEST_07271,4
TEST_07272,4
TEST_07273,3
TEST_07274,1
TEST_07275,1
TEST_07276,4
TEST_07277,3
TEST_07278,3
TEST_07279,3
TEST_07280,1
TEST_07281,3
TEST_07282,1
TEST_07283,0
TEST_07284,4
TEST_07285,3
TEST_07286,4
TEST_07287,4
TEST_07288,1
TEST_07289,3
TEST_07290,1
TEST_07291,2
TEST_07292,4
TEST_07293,0
TEST_07294,3
TEST_07295,1
TEST_07296,1
TEST_07297,2
TEST_07298,4
TEST_07299,3
TEST_07300,0
TEST_07301,0
TEST_07302,2
TEST_07303,4
TEST_07304,3
TEST_07305,3
TEST_07306,3
TEST_07307,2
TEST_07308,1
TEST_07309,0
TEST_07310,4
TEST_07311,2
TEST_07312,1
TEST_07313,4
TEST_07314,0
TEST_07315,2
TEST_07316,4
TEST_07317,0
TEST_07318,4
TEST_07319,3
TEST_07320,2
TEST_07321,3
TEST_07322,4
TEST_07323,3
TEST_07324,2
TEST_07325,4
TEST_07326,3
TEST_07327,4
TEST_07328,3
TEST_07329,2
TEST_07330,2
TEST_07331,1
TEST_07332,4
TEST_07333,2
TEST_07334,3
TEST_07335,3
TEST_07336,1
TEST_07337,3
TEST_07338,3
TEST_07339,4
TEST_07340,2
TEST_07341,2
TEST_07342,3
TEST_07343,3
TEST_07344,2
TEST_07345,3
TEST_07346,3
TEST_07347,1
TEST_07348,1
TEST_07349,4
TEST_07350,1
TEST_07351,1
TEST_07352,2
TEST_07353,4
TEST_07354,4
TEST_07355,2
TEST_07356,4
TEST_07357,0
TEST_07358,0
TEST_07359,1
TEST_07360,4
TEST_07361,1
TEST_07362,0
TEST_07363,0
TEST_07364,4
TEST_07365,4
TEST_07366,1
TEST_07367,3
TEST_07368,0
TEST_07369,0
TEST_07370,4
TEST_07371,2
TEST_07372,3
TEST_07373,3
TEST_07374,0
TEST_07375,2
TEST_07376,1
TEST_07377,1
TEST_07378,2
TEST_07379,1
TEST_07380,4
TEST_07381,1
TEST_07382,1
TEST_07383,4
TEST_07384,1
TEST_07385,1
TEST_07386,1
TEST_07387,2
TEST_07388,4
TEST_07389,4
TEST_07390,3
TEST_07391,2
TEST_07392,4
TEST_07393,1
TEST_07394,1
TEST_07395,1
TEST_07396,2
TEST_07397,4
TEST_07398,2
TEST_07399,1
TEST_07400,3
TEST_07401,4
TEST_07402,2
TEST_07403,2
TEST_07404,1
TEST_07405,0
TEST_07406,2
TEST_07407,3
TEST_07408,4
TEST_07409,1
TEST_07410,0
TEST_07411,4
TEST_07412,0
TEST_07413,4
TEST_07414,2
TEST_07415,0
TEST_07416,1
TEST_07417,4
TEST_07418,4
TEST_07419,3
TEST_07420,4
TEST_07421,2
TEST_07422,3
TEST_07423,3
TEST_07424,3
TEST_07425,4
TEST_07426,3
TEST_07427,3
TEST_07428,3
TEST_07429,1
TEST_07430,4
TEST_07431,2
TEST_07432,0
TEST_07433,0
TEST_07434,4
TEST_07435,3
TEST_07436,1
TEST_07437,3
TEST_07438,4
TEST_07439,3
TEST_07440,4
TEST_07441,4
TEST_07442,1
TEST_07443,4
TEST_07444,2
TEST_07445,4
TEST_07446,4
TEST_07447,3
TEST_07448,2
TEST_07449,3
TEST_07450,2
TEST_07451,4
TEST_07452,4
TEST_07453,1
TEST_07454,2
TEST_07455,4
TEST_07456,4
TEST_07457,4
TEST_07458,2
TEST_07459,2
TEST_07460,0
TEST_07461,0
TEST_07462,0
TEST_07463,2
TEST_07464,2
TEST_07465,1
TEST_07466,4
TEST_07467,4
TEST_07468,3
TEST_07469,3
TEST_07470,1
TEST_07471,3
TEST_07472,0
TEST_07473,1
TEST_07474,1
TEST_07475,1
TEST_07476,4
TEST_07477,4
TEST_07478,4
TEST_07479,2
TEST_07480,0
TEST_07481,4
TEST_07482,2
TEST_07483,3
TEST_07484,4
TEST_07485,1
TEST_07486,2
TEST_07487,1
TEST_07488,1
TEST_07489,4
TEST_07490,2
TEST_07491,1
TEST_07492,2
TEST_07493,3
TEST_07494,4
TEST_07495,0
TEST_07496,2
TEST_07497,2
TEST_07498,3
TEST_07499,2
TEST_07500,0
TEST_07501,3
TEST_07502,4
TEST_07503,3
TEST_07504,3
TEST_07505,0
TEST_07506,4
TEST_07507,3
TEST_07508,3
TEST_07509,4
TEST_07510,2
TEST_07511,2
TEST_07512,1
TEST_07513,2
TEST_07514,2
TEST_07515,4
TEST_07516,4
TEST_07517,0
TEST_07518,4
TEST_07519,3
TEST_07520,4
TEST_07521,1
TEST_07522,0
TEST_07523,3
TEST_07524,3
TEST_07525,3
TEST_07526,4
TEST_07527,0
TEST_07528,4
TEST_07529,2
TEST_07530,2
TEST_07531,1
TEST_07532,2
TEST_07533,2
TEST_07534,2
TEST_07535,4
TEST_07536,0
TEST_07537,2
TEST_07538,4
TEST_07539,1
TEST_07540,2
TEST_07541,4
TEST_07542,4
TEST_07543,2
TEST_07544,2
TEST_07545,0
TEST_07546,4
TEST_07547,1
TEST_07548,1
TEST_07549,2
TEST_07550,1
TEST_07551,1
TEST_07552,2
TEST_07553,4
TEST_07554,4
TEST_07555,4
TEST_07556,3
TEST_07557,3
TEST_07558,0
TEST_07559,3
TEST_07560,1
TEST_07561,3
TEST_07562,2
TEST_07563,3
TEST_07564,2
TEST_07565,4
TEST_07566,0
TEST_07567,1
TEST_07568,2
TEST_07569,4
TEST_07570,1
TEST_07571,3
TEST_07572,3
TEST_07573,2
TEST_07574,4
TEST_07575,1
TEST_07576,1
TEST_07577,2
TEST_07578,2
TEST_07579,3
TEST_07580,3
TEST_07581,2
TEST_07582,3
TEST_07583,2
TEST_07584,3
TEST_07585,2
TEST_07586,0
TEST_07587,3
TEST_07588,4
TEST_07589,0
TEST_07590,4
TEST_07591,4
TEST_07592,4
TEST_07593,0
TEST_07594,2
TEST_07595,0
TEST_07596,4
TEST_07597,4
TEST_07598,3
TEST_07599,2
TEST_07600,4
TEST_07601,4
TEST_07602,2
TEST_07603,4
TEST_07604,1
TEST_07605,1
TEST_07606,4
TEST_07607,1
TEST_07608,4
TEST_07609,4
TEST_07610,3
TEST_07611,2
TEST_07612,4
TEST_07613,2
TEST_07614,3
TEST_07615,3
TEST_07616,1
TEST_07617,3
TEST_07618,4
TEST_07619,0
TEST_07620,4
TEST_07621,2
TEST_07622,2
TEST_07623,1
TEST_07624,3
TEST_07625,1
TEST_07626,4
TEST_07627,4
TEST_07628,0
TEST_07629,2
TEST_07630,2
TEST_07631,4
TEST_07632,1
TEST_07633,4
TEST_07634,3
TEST_07635,1
TEST_07636,1
TEST_07637,3
TEST_07638,3
TEST_07639,1
TEST_07640,3
TEST_07641,2
TEST_07642,1
TEST_07643,3
TEST_07644,1
TEST_07645,0
TEST_07646,3
TEST_07647,2
TEST_07648,1
TEST_07649,0
TEST_07650,3
TEST_07651,3
TEST_07652,4
TEST_07653,3
TEST_07654,4
TEST_07655,2
TEST_07656,2
TEST_07657,2
TEST_07658,2
TEST_07659,3
TEST_07660,3
TEST_07661,3
TEST_07662,4
TEST_07663,1
TEST_07664,3
TEST_07665,2
TEST_07666,4
TEST_07667,3
TEST_07668,4
TEST_07669,4
TEST_07670,3
TEST_07671,3
TEST_07672,0
TEST_07673,4
TEST_07674,4
TEST_07675,4
TEST_07676,0
TEST_07677,1
TEST_07678,0
TEST_07679,4
TEST_07680,2
TEST_07681,1
TEST_07682,3
TEST_07683,1
TEST_07684,1
TEST_07685,4
TEST_07686,0
TEST_07687,4
TEST_07688,3
TEST_07689,0
TEST_07690,4
TEST_07691,3
TEST_07692,3
TEST_07693,0
TEST_07694,3
TEST_07695,2
TEST_07696,2
TEST_07697,3
TEST_07698,4
TEST_07699,0
TEST_07700,1
TEST_07701,1
TEST_07702,1
TEST_07703,3
TEST_07704,2
TEST_07705,3
TEST_07706,0
TEST_07707,2
TEST_07708,2
TEST_07709,4
TEST_07710,4
TEST_07711,3
TEST_07712,1
TEST_07713,3
TEST_07714,4
TEST_07715,0
TEST_07716,1
TEST_07717,4
TEST_07718,0
TEST_07719,0
TEST_07720,1
TEST_07721,3
TEST_07722,2
TEST_07723,3
TEST_07724,3
TEST_07725,3
TEST_07726,1
TEST_07727,4
TEST_07728,4
TEST_07729,3
TEST_07730,2
TEST_07731,1
TEST_07732,2
TEST_07733,1
TEST_07734,4
TEST_07735,3
TEST_07736,3
TEST_07737,1
TEST_07738,0
TEST_07739,2
TEST_07740,0
TEST_07741,4
TEST_07742,1
TEST_07743,4
TEST_07744,1
TEST_07745,1
TEST_07746,1
TEST_07747,3
TEST_07748,4
TEST_07749,1
TEST_07750,3
TEST_07751,4
TEST_07752,0
TEST_07753,4
TEST_07754,2
TEST_07755,3
TEST_07756,4
TEST_07757,3
TEST_07758,1
TEST_07759,2
TEST_07760,1
TEST_07761,2
TEST_07762,1
TEST_07763,3
TEST_07764,4
TEST_07765,3
TEST_07766,4
TEST_07767,3
TEST_07768,0
TEST_07769,4
TEST_07770,4
TEST_07771,3
TEST_07772,2
TEST_07773,2
TEST_07774,2
TEST_07775,4
TEST_07776,1
TEST_07777,3
TEST_07778,3
TEST_07779,4
TEST_07780,4
TEST_07781,3
TEST_07782,3
TEST_07783,2
TEST_07784,4
TEST_07785,2
TEST_07786,3
TEST_07787,3
TEST_07788,4
TEST_07789,2
TEST_07790,3
TEST_07791,3
TEST_07792,4
TEST_07793,0
TEST_07794,4
TEST_07795,4
TEST_07796,1
TEST_07797,1
TEST_07798,2
TEST_07799,3
TEST_07800,4
TEST_07801,3
TEST_07802,2
TEST_07803,2
TEST_07804,4
TEST_07805,0
TEST_07806,1
TEST_07807,4
TEST_07808,1
TEST_07809,0
TEST_07810,0
TEST_07811,2
TEST_07812,4
TEST_07813,3
TEST_07814,3
TEST_07815,2
TEST_07816,3
TEST_07817,3
TEST_07818,4
TEST_07819,4
TEST_07820,4
TEST_07821,1
TEST_07822,4
TEST_07823,3
TEST_07824,2
TEST_07825,0
TEST_07826,2
TEST_07827,0
TEST_07828,3
TEST_07829,1
TEST_07830,1
TEST_07831,1
TEST_07832,4
TEST_07833,4
TEST_07834,2
TEST_07835,4
TEST_07836,1
TEST_07837,3
TEST_07838,2
TEST_07839,4
TEST_07840,4
TEST_07841,0
TEST_07842,4
TEST_07843,2
TEST_07844,4
TEST_07845,2
TEST_07846,2
TEST_07847,1
TEST_07848,4
TEST_07849,2
TEST_07850,2
TEST_07851,4
TEST_07852,4
TEST_07853,2
TEST_07854,1
TEST_07855,3
TEST_07856,1
TEST_07857,4
TEST_07858,4
TEST_07859,0
TEST_07860,4
TEST_07861,3
TEST_07862,3
TEST_07863,3
TEST_07864,2
TEST_07865,1
TEST_07866,1
TEST_07867,0
TEST_07868,4
TEST_07869,0
TEST_07870,4
TEST_07871,2
TEST_07872,3
TEST_07873,1
TEST_07874,2
TEST_07875,4
TEST_07876,4
TEST_07877,3
TEST_07878,1
TEST_07879,3
TEST_07880,4
TEST_07881,1
TEST_07882,0
TEST_07883,0
TEST_07884,3
TEST_07885,1
TEST_07886,2
TEST_07887,3
TEST_07888,4
TEST_07889,4
TEST_07890,4
TEST_07891,2
TEST_07892,3
TEST_07893,2
TEST_07894,4
TEST_07895,1
TEST_07896,0
TEST_07897,3
TEST_07898,1
TEST_07899,3
TEST_07900,1
TEST_07901,0
TEST_07902,0
TEST_07903,2
TEST_07904,4
TEST_07905,0
TEST_07906,3
TEST_07907,0
TEST_07908,1
TEST_07909,2
TEST_07910,0
TEST_07911,3
TEST_07912,3
TEST_07913,2
TEST_07914,4
TEST_07915,0
TEST_07916,3
TEST_07917,3
TEST_07918,0
TEST_07919,3
TEST_07920,2
TEST_07921,1
TEST_07922,3
TEST_07923,4
TEST_07924,4
TEST_07925,4
TEST_07926,0
TEST_07927,0
TEST_07928,0
TEST_07929,1
TEST_07930,3
TEST_07931,4
TEST_07932,1
TEST_07933,4
TEST_07934,2
TEST_07935,0
TEST_07936,4
TEST_07937,0
TEST_07938,2
TEST_07939,1
TEST_07940,4
TEST_07941,4
TEST_07942,4
TEST_07943,0
TEST_07944,2
TEST_07945,4
TEST_07946,3
TEST_07947,2
TEST_07948,4
TEST_07949,2
TEST_07950,1
TEST_07951,4
TEST_07952,0
TEST_07953,4
TEST_07954,2
TEST_07955,4
TEST_07956,3
TEST_07957,3
TEST_07958,2
TEST_07959,3
TEST_07960,1
TEST_07961,3
TEST_07962,3
TEST_07963,0
TEST_07964,3
TEST_07965,3
TEST_07966,3
TEST_07967,4
TEST_07968,2
TEST_07969,2
TEST_07970,1
TEST_07971,4
TEST_07972,4
TEST_07973,3
TEST_07974,3
TEST_07975,4
TEST_07976,3
TEST_07977,3
TEST_07978,2
TEST_07979,0
TEST_07980,3
TEST_07981,3
TEST_07982,3
TEST_07983,2
TEST_07984,2
TEST_07985,1
TEST_07986,1
TEST_07987,3
TEST_07988,4
TEST_07989,3
TEST_07990,0
TEST_07991,4
TEST_07992,2
TEST_07993,2
TEST_07994,1
TEST_07995,4
TEST_07996,3
TEST_07997,3
TEST_07998,1
TEST_07999,3
TEST_08000,4
TEST_08001,4
TEST_08002,4
TEST_08003,2
TEST_08004,3
TEST_08005,2
TEST_08006,2
TEST_08007,3
TEST_08008,4
TEST_08009,0
TEST_08010,4
TEST_08011,2
TEST_08012,1
TEST_08013,2
TEST_08014,3
TEST_08015,2
TEST_08016,4
TEST_08017,2
TEST_08018,2
TEST_08019,4
TEST_08020,3
TEST_08021,3
TEST_08022,4
TEST_08023,3
TEST_08024,4
TEST_08025,3
TEST_08026,3
TEST_08027,0
TEST_08028,4
TEST_08029,4
TEST_08030,4
TEST_08031,4
TEST_08032,0
TEST_08033,2
TEST_08034,4
TEST_08035,4
TEST_08036,4
TEST_08037,2
TEST_08038,2
TEST_08039,1
TEST_08040,1
TEST_08041,2
TEST_08042,2
TEST_08043,2
TEST_08044,4
TEST_08045,1
TEST_08046,4
TEST_08047,3
TEST_08048,2
TEST_08049,3
TEST_08050,1
TEST_08051,0
TEST_08052,1
TEST_08053,3
TEST_08054,3
TEST_08055,3
TEST_08056,4
TEST_08057,4
TEST_08058,4
TEST_08059,1
TEST_08060,2
TEST_08061,3
TEST_08062,3
TEST_08063,2
TEST_08064,4
TEST_08065,0
TEST_08066,3
TEST_08067,4
TEST_08068,2
TEST_08069,1
TEST_08070,4
TEST_08071,3
TEST_08072,2
TEST_08073,3
TEST_08074,2
TEST_08075,2
TEST_08076,3
TEST_08077,4
TEST_08078,3
TEST_08079,0
TEST_08080,2
TEST_08081,4
TEST_08082,3
TEST_08083,3
TEST_08084,2
TEST_08085,3
TEST_08086,4
TEST_08087,3
TEST_08088,2
TEST_08089,1
TEST_08090,1
TEST_08091,3
TEST_08092,2
TEST_08093,3
TEST_08094,2
TEST_08095,4
TEST_08096,1
TEST_08097,3
TEST_08098,3
TEST_08099,4
TEST_08100,4
TEST_08101,1
TEST_08102,2
TEST_08103,1
TEST_08104,2
TEST_08105,3
TEST_08106,3
TEST_08107,3
TEST_08108,0
TEST_08109,1
TEST_08110,3
TEST_08111,1
TEST_08112,3
TEST_08113,4
TEST_08114,3
TEST_08115,0
TEST_08116,4
TEST_08117,3
TEST_08118,4
TEST_08119,2
TEST_08120,0
TEST_08121,1
TEST_08122,0
TEST_08123,0
TEST_08124,2
TEST_08125,1
TEST_08126,3
TEST_08127,3
TEST_08128,3
TEST_08129,0
TEST_08130,3
TEST_08131,0
TEST_08132,4
TEST_08133,3
TEST_08134,4
TEST_08135,4
TEST_08136,2
TEST_08137,3
TEST_08138,3
TEST_08139,2
TEST_08140,0
TEST_08141,2
TEST_08142,1
TEST_08143,4
TEST_08144,0
TEST_08145,2
TEST_08146,4
TEST_08147,3
TEST_08148,4
TEST_08149,3
TEST_08150,0
TEST_08151,3
TEST_08152,1
TEST_08153,3
TEST_08154,0
TEST_08155,2
TEST_08156,4
TEST_08157,3
TEST_08158,0
TEST_08159,2
TEST_08160,4
TEST_08161,1
TEST_08162,4
TEST_08163,3
TEST_08164,2
TEST_08165,4
TEST_08166,0
TEST_08167,3
TEST_08168,3
TEST_08169,4
TEST_08170,3
TEST_08171,3
TEST_08172,4
TEST_08173,2
TEST_08174,0
TEST_08175,4
TEST_08176,2
TEST_08177,4
TEST_08178,1
TEST_08179,2
TEST_08180,4
TEST_08181,3
TEST_08182,3
TEST_08183,1
TEST_08184,3
TEST_08185,0
TEST_08186,4
TEST_08187,1
TEST_08188,4
TEST_08189,4
TEST_08190,1
TEST_08191,4
TEST_08192,0
TEST_08193,2
TEST_08194,2
TEST_08195,3
TEST_08196,4
TEST_08197,1
TEST_08198,3
TEST_08199,1
TEST_08200,2
TEST_08201,4
TEST_08202,2
TEST_08203,0
TEST_08204,3
TEST_08205,3
TEST_08206,2
TEST_08207,3
TEST_08208,4
TEST_08209,4
TEST_08210,2
TEST_08211,4
TEST_08212,3
TEST_08213,4
TEST_08214,0
TEST_08215,4
TEST_08216,3
TEST_08217,0
TEST_08218,1
TEST_08219,3
TEST_08220,2
TEST_08221,3
TEST_08222,2
TEST_08223,0
TEST_08224,3
TEST_08225,0
TEST_08226,1
TEST_08227,1
TEST_08228,2
TEST_08229,4
TEST_08230,1
TEST_08231,4
TEST_08232,1
TEST_08233,2
TEST_08234,3
TEST_08235,4
TEST_08236,0
TEST_08237,4
TEST_08238,4
TEST_08239,4
TEST_08240,1
TEST_08241,4
TEST_08242,3
TEST_08243,3
TEST_08244,0
TEST_08245,3
TEST_08246,1
TEST_08247,3
TEST_08248,0
TEST_08249,1
TEST_08250,0
TEST_08251,2
TEST_08252,2
TEST_08253,3
TEST_08254,0
TEST_08255,3
TEST_08256,1
TEST_08257,4
TEST_08258,1
TEST_08259,4
TEST_08260,3
TEST_08261,4
TEST_08262,4
TEST_08263,3
TEST_08264,0
TEST_08265,3
TEST_08266,2
TEST_08267,3
TEST_08268,4
TEST_08269,0
TEST_08270,1
TEST_08271,2
TEST_08272,4
TEST_08273,4
TEST_08274,3
TEST_08275,4
TEST_08276,4
TEST_08277,4
TEST_08278,4
TEST_08279,4
TEST_08280,3
TEST_08281,2
TEST_08282,3
TEST_08283,3
TEST_08284,3
TEST_08285,1
TEST_08286,3
TEST_08287,4
TEST_08288,3
TEST_08289,1
TEST_08290,3
TEST_08291,2
TEST_08292,2
TEST_08293,2
TEST_08294,0
TEST_08295,0
TEST_08296,1
TEST_08297,1
TEST_08298,4
TEST_08299,0
TEST_08300,3
TEST_08301,0
TEST_08302,3
TEST_08303,2
TEST_08304,4
TEST_08305,3
TEST_08306,1
TEST_08307,1
TEST_08308,0
TEST_08309,2
TEST_08310,0
TEST_08311,1
TEST_08312,0
TEST_08313,4
TEST_08314,4
TEST_08315,3
TEST_08316,4
TEST_08317,1
TEST_08318,4
TEST_08319,0
TEST_08320,1
TEST_08321,1
TEST_08322,3
TEST_08323,4
TEST_08324,3
TEST_08325,2
TEST_08326,3
TEST_08327,3
TEST_08328,4
TEST_08329,3
TEST_08330,4
TEST_08331,2
TEST_08332,3
TEST_08333,3
TEST_08334,3
TEST_08335,4
TEST_08336,4
TEST_08337,4
TEST_08338,3
TEST_08339,4
TEST_08340,2
TEST_08341,3
TEST_08342,1
TEST_08343,4
TEST_08344,3
TEST_08345,3
TEST_08346,4
TEST_08347,4
TEST_08348,1
TEST_08349,1
TEST_08350,2
TEST_08351,1
TEST_08352,2
TEST_08353,1
TEST_08354,0
TEST_08355,4
TEST_08356,3
TEST_08357,0
TEST_08358,3
TEST_08359,1
TEST_08360,3
TEST_08361,2
TEST_08362,3
TEST_08363,2
TEST_08364,2
TEST_08365,2
TEST_08366,2
TEST_08367,3
TEST_08368,1
TEST_08369,3
TEST_08370,4
TEST_08371,2
TEST_08372,4
TEST_08373,0
TEST_08374,1
TEST_08375,4
TEST_08376,0
TEST_08377,3
TEST_08378,3
TEST_08379,4
TEST_08380,3
TEST_08381,1
TEST_08382,2
TEST_08383,3
TEST_08384,1
TEST_08385,4
TEST_08386,2
TEST_08387,2
TEST_08388,3
TEST_08389,3
TEST_08390,3
TEST_08391,0
TEST_08392,4
TEST_08393,3
TEST_08394,2
TEST_08395,2
TEST_08396,2
TEST_08397,2
TEST_08398,4
TEST_08399,3
TEST_08400,3
TEST_08401,3
TEST_08402,3
TEST_08403,4
TEST_08404,3
TEST_08405,3
TEST_08406,0
TEST_08407,4
TEST_08408,0
TEST_08409,2
TEST_08410,2
TEST_08411,3
TEST_08412,0
TEST_08413,4
TEST_08414,1
TEST_08415,3
TEST_08416,3
TEST_08417,4
TEST_08418,2
TEST_08419,3
TEST_08420,3
TEST_08421,4
TEST_08422,3
TEST_08423,4
TEST_08424,3
TEST_08425,2
TEST_08426,4
TEST_08427,2
TEST_08428,1
TEST_08429,4
TEST_08430,3
TEST_08431,3
TEST_08432,0
TEST_08433,0
TEST_08434,1
TEST_08435,1
TEST_08436,2
TEST_08437,2
TEST_08438,3
TEST_08439,4
TEST_08440,3
TEST_08441,3
TEST_08442,4
TEST_08443,3
TEST_08444,1
TEST_08445,1
TEST_08446,4
TEST_08447,2
TEST_08448,2
TEST_08449,4
TEST_08450,3
TEST_08451,3
TEST_08452,3
TEST_08453,2
TEST_08454,2
TEST_08455,1
TEST_08456,4
TEST_08457,1
TEST_08458,3
TEST_08459,0
TEST_08460,1
TEST_08461,3
TEST_08462,4
TEST_08463,4
TEST_08464,2
TEST_08465,4
TEST_08466,4
TEST_08467,0
TEST_08468,3
TEST_08469,3
TEST_08470,1
TEST_08471,4
TEST_08472,4
TEST_08473,4
TEST_08474,1
TEST_08475,2
TEST_08476,1
TEST_08477,4
TEST_08478,1
TEST_08479,4
TEST_08480,1
TEST_08481,1
TEST_08482,3
TEST_08483,1
TEST_08484,3
TEST_08485,1
TEST_08486,1
TEST_08487,0
TEST_08488,2
TEST_08489,3
TEST_08490,3
TEST_08491,2
TEST_08492,3
TEST_08493,3
TEST_08494,2
TEST_08495,4
TEST_08496,2
TEST_08497,4
TEST_08498,3
TEST_08499,2
TEST_08500,0
TEST_08501,0
TEST_08502,3
TEST_08503,0
TEST_08504,1
TEST_08505,0
TEST_08506,2
TEST_08507,4
TEST_08508,2
TEST_08509,3
TEST_08510,1
TEST_08511,0
TEST_08512,3
TEST_08513,4
TEST_08514,0
TEST_08515,3
TEST_08516,3
TEST_08517,0
TEST_08518,4
TEST_08519,3
TEST_08520,2
TEST_08521,3
TEST_08522,1
TEST_08523,0
TEST_08524,3
TEST_08525,4
TEST_08526,2
TEST_08527,1
TEST_08528,2
TEST_08529,2
TEST_08530,4
TEST_08531,1
TEST_08532,0
TEST_08533,2
TEST_08534,1
TEST_08535,0
TEST_08536,3
TEST_08537,4
TEST_08538,0
TEST_08539,3
TEST_08540,3
TEST_08541,3
TEST_08542,3
TEST_08543,1
TEST_08544,1
TEST_08545,4
TEST_08546,1
TEST_08547,3
TEST_08548,0
TEST_08549,4
TEST_08550,3
TEST_08551,2
TEST_08552,3
TEST_08553,2
TEST_08554,0
TEST_08555,3
TEST_08556,4
TEST_08557,3
TEST_08558,3
TEST_08559,3
TEST_08560,4
TEST_08561,3
TEST_08562,3
TEST_08563,1
TEST_08564,0
TEST_08565,4
TEST_08566,4
TEST_08567,3
TEST_08568,4
TEST_08569,3
TEST_08570,3
TEST_08571,2
TEST_08572,2
TEST_08573,2
TEST_08574,0
TEST_08575,3
TEST_08576,3
TEST_08577,3
TEST_08578,1
TEST_08579,0
TEST_08580,3
TEST_08581,4
TEST_08582,2
TEST_08583,3
TEST_08584,3
TEST_08585,4
TEST_08586,0
TEST_08587,3
TEST_08588,0
TEST_08589,1
TEST_08590,1
TEST_08591,3
TEST_08592,4
TEST_08593,4
TEST_08594,4
TEST_08595,0
TEST_08596,3
TEST_08597,1
TEST_08598,4
TEST_08599,4
TEST_08600,2
TEST_08601,4
TEST_08602,1
TEST_08603,3
TEST_08604,3
TEST_08605,0
TEST_08606,0
TEST_08607,4
TEST_08608,3
TEST_08609,4
TEST_08610,2
TEST_08611,0
TEST_08612,4
TEST_08613,3
TEST_08614,4
TEST_08615,3
TEST_08616,4
TEST_08617,4
TEST_08618,3
TEST_08619,3
TEST_08620,0
TEST_08621,2
TEST_08622,4
TEST_08623,2
TEST_08624,0
TEST_08625,3
TEST_08626,4
TEST_08627,3
TEST_08628,3
TEST_08629,1
TEST_08630,4
TEST_08631,4
TEST_08632,3
TEST_08633,2
TEST_08634,2
TEST_08635,2
TEST_08636,2
TEST_08637,1
TEST_08638,1
TEST_08639,1
TEST_08640,3
TEST_08641,0
TEST_08642,3
TEST_08643,3
TEST_08644,1
TEST_08645,3
TEST_08646,1
TEST_08647,0
TEST_08648,4
TEST_08649,1
TEST_08650,1
TEST_08651,4
TEST_08652,3
TEST_08653,3
TEST_08654,2
TEST_08655,4
TEST_08656,3
TEST_08657,2
TEST_08658,2
TEST_08659,1
TEST_08660,3
TEST_08661,3
TEST_08662,4
TEST_08663,4
TEST_08664,3
TEST_08665,2
TEST_08666,3
TEST_08667,4
TEST_08668,4
TEST_08669,0
TEST_08670,0
TEST_08671,1
TEST_08672,4
TEST_08673,2
TEST_08674,3
TEST_08675,1
TEST_08676,3
TEST_08677,4
TEST_08678,2
TEST_08679,3
TEST_08680,4
TEST_08681,3
TEST_08682,3
TEST_08683,0
TEST_08684,2
TEST_08685,2
TEST_08686,0
TEST_08687,3
TEST_08688,4
TEST_08689,1
TEST_08690,1
TEST_08691,0
TEST_08692,1
TEST_08693,4
TEST_08694,3
TEST_08695,2
TEST_08696,1
TEST_08697,2
TEST_08698,2
TEST_08699,2
TEST_08700,3
TEST_08701,4
TEST_08702,1
TEST_08703,4
TEST_08704,1
TEST_08705,0
TEST_08706,4
TEST_08707,1
TEST_08708,1
TEST_08709,2
TEST_08710,4
TEST_08711,0
TEST_08712,2
TEST_08713,0
TEST_08714,1
TEST_08715,4
TEST_08716,2
TEST_08717,0
TEST_08718,3
TEST_08719,4
TEST_08720,3
TEST_08721,4
TEST_08722,3
TEST_08723,2
TEST_08724,4
TEST_08725,1
TEST_08726,3
TEST_08727,4
TEST_08728,0
TEST_08729,3
TEST_08730,1
TEST_08731,1
TEST_08732,4
TEST_08733,3
TEST_08734,3
TEST_08735,2
TEST_08736,2
TEST_08737,1
TEST_08738,4
TEST_08739,2
TEST_08740,1
TEST_08741,2
TEST_08742,1
TEST_08743,2
TEST_08744,0
TEST_08745,3
TEST_08746,3
TEST_08747,3
TEST_08748,3
TEST_08749,2
TEST_08750,0
TEST_08751,2
TEST_08752,3
TEST_08753,3
TEST_08754,2
TEST_08755,1
TEST_08756,3
TEST_08757,2
TEST_08758,4
TEST_08759,3
TEST_08760,3
TEST_08761,0
TEST_08762,3
TEST_08763,1
TEST_08764,1
TEST_08765,2
TEST_08766,1
TEST_08767,2
TEST_08768,4
TEST_08769,3
TEST_08770,4
TEST_08771,3
TEST_08772,4
TEST_08773,1
TEST_08774,0
TEST_08775,3
TEST_08776,4
TEST_08777,3
TEST_08778,3
TEST_08779,0
TEST_08780,3
TEST_08781,2
TEST_08782,2
TEST_08783,4
TEST_08784,1
TEST_08785,4
TEST_08786,3
TEST_08787,4
TEST_08788,3
TEST_08789,2
TEST_08790,2
TEST_08791,0
TEST_08792,4
TEST_08793,3
TEST_08794,3
TEST_08795,3
TEST_08796,3
TEST_08797,4
TEST_08798,4
TEST_08799,1
TEST_08800,1
TEST_08801,3
TEST_08802,3
TEST_08803,4
TEST_08804,3
TEST_08805,3
TEST_08806,2
TEST_08807,3
TEST_08808,0
TEST_08809,2
TEST_08810,0
TEST_08811,1
TEST_08812,3
TEST_08813,2
TEST_08814,1
TEST_08815,0
TEST_08816,1
TEST_08817,4
TEST_08818,2
TEST_08819,3
TEST_08820,0
TEST_08821,3
TEST_08822,2
TEST_08823,4
TEST_08824,2
TEST_08825,4
TEST_08826,1
TEST_08827,1
TEST_08828,4
TEST_08829,3
TEST_08830,0
TEST_08831,4
TEST_08832,3
TEST_08833,4
TEST_08834,1
TEST_08835,2
TEST_08836,0
TEST_08837,4
TEST_08838,4
TEST_08839,1
TEST_08840,1
TEST_08841,0
TEST_08842,2
TEST_08843,4
TEST_08844,3
TEST_08845,4
TEST_08846,3
TEST_08847,3
TEST_08848,3
TEST_08849,3
TEST_08850,4
TEST_08851,3
TEST_08852,0
TEST_08853,3
TEST_08854,3
TEST_08855,4
TEST_08856,2
TEST_08857,4
TEST_08858,2
TEST_08859,0
TEST_08860,1
TEST_08861,3
TEST_08862,3
TEST_08863,1
TEST_08864,3
TEST_08865,3
TEST_08866,3
TEST_08867,0
TEST_08868,1
TEST_08869,4
TEST_08870,2
TEST_08871,3
TEST_08872,3
TEST_08873,0
TEST_08874,4
TEST_08875,3
TEST_08876,2
TEST_08877,4
TEST_08878,3
TEST_08879,0
TEST_08880,0
TEST_08881,3
TEST_08882,1
TEST_08883,3
TEST_08884,2
TEST_08885,3
TEST_08886,4
TEST_08887,4
TEST_08888,2
TEST_08889,1
TEST_08890,2
TEST_08891,2
TEST_08892,2
TEST_08893,4
TEST_08894,2
TEST_08895,3
TEST_08896,2
TEST_08897,2
TEST_08898,0
TEST_08899,4
TEST_08900,1
TEST_08901,3
TEST_08902,1
TEST_08903,0
TEST_08904,1
TEST_08905,2
TEST_08906,2
TEST_08907,4
TEST_08908,0
TEST_08909,1
TEST_08910,3
TEST_08911,0
TEST_08912,3
TEST_08913,4
TEST_08914,3
TEST_08915,2
TEST_08916,3
TEST_08917,1
TEST_08918,3
TEST_08919,3
TEST_08920,2
TEST_08921,4
TEST_08922,2
TEST_08923,0
TEST_08924,1
TEST_08925,3
TEST_08926,4
TEST_08927,4
TEST_08928,2
TEST_08929,2
TEST_08930,3
TEST_08931,2
TEST_08932,3
TEST_08933,4
TEST_08934,1
TEST_08935,2
TEST_08936,3
TEST_08937,4
TEST_08938,3
TEST_08939,2
TEST_08940,1
TEST_08941,1
TEST_08942,4
TEST_08943,3
TEST_08944,0
TEST_08945,3
TEST_08946,3
TEST_08947,4
TEST_08948,0
TEST_08949,0
TEST_08950,3
TEST_08951,0
TEST_08952,1
TEST_08953,0
TEST_08954,4
TEST_08955,2
TEST_08956,3
TEST_08957,1
TEST_08958,4
TEST_08959,4
TEST_08960,4
TEST_08961,3
TEST_08962,2
TEST_08963,2
TEST_08964,2
TEST_08965,3
TEST_08966,3
TEST_08967,4
TEST_08968,4
TEST_08969,4
TEST_08970,4
TEST_08971,3
TEST_08972,2
TEST_08973,2
TEST_08974,3
TEST_08975,4
TEST_08976,3
TEST_08977,3
TEST_08978,2
TEST_08979,3
TEST_08980,2
TEST_08981,3
TEST_08982,2
TEST_08983,4
TEST_08984,3
TEST_08985,1
TEST_08986,4
TEST_08987,1
TEST_08988,0
TEST_08989,3
TEST_08990,2
TEST_08991,1
TEST_08992,3
TEST_08993,0
TEST_08994,3
TEST_08995,4
TEST_08996,0
TEST_08997,0
TEST_08998,3
TEST_08999,4
TEST_09000,4
TEST_09001,0
TEST_09002,2
TEST_09003,3
TEST_09004,0
TEST_09005,1
TEST_09006,2
TEST_09007,1
TEST_09008,1
TEST_09009,3
TEST_09010,2
TEST_09011,4
TEST_09012,3
TEST_09013,3
TEST_09014,4
TEST_09015,3
TEST_09016,0
TEST_09017,2
TEST_09018,1
TEST_09019,2
TEST_09020,1
TEST_09021,2
TEST_09022,4
TEST_09023,2
TEST_09024,0
TEST_09025,1
TEST_09026,1
TEST_09027,0
TEST_09028,4
TEST_09029,3
TEST_09030,4
TEST_09031,4
TEST_09032,3
TEST_09033,4
TEST_09034,4
TEST_09035,3
TEST_09036,3
TEST_09037,0
TEST_09038,2
TEST_09039,3
TEST_09040,2
TEST_09041,0
TEST_09042,2
TEST_09043,2
TEST_09044,2
TEST_09045,4
TEST_09046,3
TEST_09047,3
TEST_09048,3
TEST_09049,1
TEST_09050,3
TEST_09051,1
TEST_09052,2
TEST_09053,4
TEST_09054,1
TEST_09055,3
TEST_09056,4
TEST_09057,0
TEST_09058,3
TEST_09059,2
TEST_09060,4
TEST_09061,1
TEST_09062,2
TEST_09063,1
TEST_09064,1
TEST_09065,1
TEST_09066,2
TEST_09067,3
TEST_09068,3
TEST_09069,4
TEST_09070,3
TEST_09071,2
TEST_09072,2
TEST_09073,4
TEST_09074,2
TEST_09075,0
TEST_09076,3
TEST_09077,2
TEST_09078,3
TEST_09079,3
TEST_09080,2
TEST_09081,2
TEST_09082,0
TEST_09083,4
TEST_09084,0
TEST_09085,0
TEST_09086,0
TEST_09087,1
TEST_09088,3
TEST_09089,3
TEST_09090,2
TEST_09091,0
TEST_09092,4
TEST_09093,2
TEST_09094,1
TEST_09095,2
TEST_09096,0
TEST_09097,1
TEST_09098,2
TEST_09099,2
TEST_09100,0
TEST_09101,4
TEST_09102,2
TEST_09103,2
TEST_09104,4
TEST_09105,0
TEST_09106,3
TEST_09107,0
TEST_09108,0
TEST_09109,4
TEST_09110,3
TEST_09111,2
TEST_09112,0
TEST_09113,2
TEST_09114,4
TEST_09115,4
TEST_09116,1
TEST_09117,2
TEST_09118,4
TEST_09119,2
TEST_09120,2
TEST_09121,3
TEST_09122,2
TEST_09123,4
TEST_09124,1
TEST_09125,4
TEST_09126,3
TEST_09127,4
TEST_09128,3
TEST_09129,3
TEST_09130,3
TEST_09131,4
TEST_09132,3
TEST_09133,2
TEST_09134,3
TEST_09135,3
TEST_09136,3
TEST_09137,3
TEST_09138,4
TEST_09139,1
TEST_09140,0
TEST_09141,3
TEST_09142,4
TEST_09143,4
TEST_09144,4
TEST_09145,0
TEST_09146,2
TEST_09147,4
TEST_09148,4
TEST_09149,1
TEST_09150,3
TEST_09151,3
TEST_09152,4
TEST_09153,4
TEST_09154,0
TEST_09155,4
TEST_09156,3
TEST_09157,4
TEST_09158,4
TEST_09159,2
TEST_09160,2
TEST_09161,3
TEST_09162,4
TEST_09163,1
TEST_09164,4
TEST_09165,0
TEST_09166,4
TEST_09167,1
TEST_09168,0
TEST_09169,2
TEST_09170,4
TEST_09171,1
TEST_09172,2
TEST_09173,2
TEST_09174,2
TEST_09175,0
TEST_09176,0
TEST_09177,4
TEST_09178,4
TEST_09179,0
TEST_09180,0
TEST_09181,3
TEST_09182,3
TEST_09183,3
TEST_09184,3
TEST_09185,3
TEST_09186,1
TEST_09187,3
TEST_09188,1
TEST_09189,2
TEST_09190,4
TEST_09191,1
TEST_09192,2
TEST_09193,2
TEST_09194,4
TEST_09195,4
TEST_09196,2
TEST_09197,3
TEST_09198,4
TEST_09199,2
TEST_09200,1
TEST_09201,0
TEST_09202,3
TEST_09203,3
TEST_09204,2
TEST_09205,4
TEST_09206,3
TEST_09207,0
TEST_09208,2
TEST_09209,3
TEST_09210,3
TEST_09211,2
TEST_09212,3
TEST_09213,3
TEST_09214,1
TEST_09215,0
TEST_09216,4
TEST_09217,3
TEST_09218,4
TEST_09219,3
TEST_09220,0
TEST_09221,3
TEST_09222,2
TEST_09223,3
TEST_09224,4
TEST_09225,3
TEST_09226,3
TEST_09227,0
TEST_09228,3
TEST_09229,3
TEST_09230,4
TEST_09231,4
TEST_09232,3
TEST_09233,3
TEST_09234,3
TEST_09235,0
TEST_09236,3
TEST_09237,3
TEST_09238,0
TEST_09239,0
TEST_09240,1
TEST_09241,2
TEST_09242,0
TEST_09243,2
TEST_09244,3
TEST_09245,4
TEST_09246,2
TEST_09247,0
TEST_09248,2
TEST_09249,3
TEST_09250,1
TEST_09251,0
TEST_09252,3
TEST_09253,2
TEST_09254,4
TEST_09255,4
TEST_09256,4
TEST_09257,3
TEST_09258,1
TEST_09259,3
TEST_09260,4
TEST_09261,4
TEST_09262,4
TEST_09263,4
TEST_09264,3
TEST_09265,1
TEST_09266,4
TEST_09267,4
TEST_09268,3
TEST_09269,4
TEST_09270,1
TEST_09271,3
TEST_09272,4
TEST_09273,0
TEST_09274,1
TEST_09275,0
TEST_09276,3
TEST_09277,2
TEST_09278,3
TEST_09279,2
TEST_09280,1
TEST_09281,2
TEST_09282,3
TEST_09283,3
TEST_09284,4
TEST_09285,2
TEST_09286,3
TEST_09287,4
TEST_09288,0
TEST_09289,0
TEST_09290,3
TEST_09291,0
TEST_09292,3
TEST_09293,3
TEST_09294,2
TEST_09295,2
TEST_09296,4
TEST_09297,3
TEST_09298,0
TEST_09299,3
TEST_09300,4
TEST_09301,3
TEST_09302,2
TEST_09303,3
TEST_09304,0
TEST_09305,4
TEST_09306,3
TEST_09307,2
TEST_09308,3
TEST_09309,4
TEST_09310,2
TEST_09311,1
TEST_09312,2
TEST_09313,3
TEST_09314,3
TEST_09315,1
TEST_09316,4
TEST_09317,4
TEST_09318,3
TEST_09319,2
TEST_09320,3
TEST_09321,3
TEST_09322,0
TEST_09323,4
TEST_09324,3
TEST_09325,4
TEST_09326,2
TEST_09327,2
TEST_09328,4
TEST_09329,2
TEST_09330,2
TEST_09331,2
TEST_09332,4
TEST_09333,1
TEST_09334,3
TEST_09335,0
TEST_09336,3
TEST_09337,4
TEST_09338,2
TEST_09339,4
TEST_09340,3
TEST_09341,3
TEST_09342,4
TEST_09343,1
TEST_09344,0
TEST_09345,4
TEST_09346,3
TEST_09347,3
TEST_09348,3
TEST_09349,3
TEST_09350,3
TEST_09351,2
TEST_09352,2
TEST_09353,2
TEST_09354,1
TEST_09355,1
TEST_09356,4
TEST_09357,0
TEST_09358,3
TEST_09359,2
TEST_09360,3
TEST_09361,1
TEST_09362,3
TEST_09363,4
TEST_09364,4
TEST_09365,0
TEST_09366,1
TEST_09367,3
TEST_09368,2
TEST_09369,0
TEST_09370,2
TEST_09371,2
TEST_09372,3
TEST_09373,4
TEST_09374,1
TEST_09375,3
TEST_09376,3
TEST_09377,3
TEST_09378,4
TEST_09379,0
TEST_09380,4
TEST_09381,1
TEST_09382,4
TEST_09383,2
TEST_09384,3
TEST_09385,3
TEST_09386,2
TEST_09387,2
TEST_09388,4
TEST_09389,3
TEST_09390,3
TEST_09391,3
TEST_09392,1
TEST_09393,3
TEST_09394,1
TEST_09395,0
TEST_09396,2
TEST_09397,2
TEST_09398,4
TEST_09399,3
TEST_09400,1
TEST_09401,2
TEST_09402,1
TEST_09403,3
TEST_09404,0
TEST_09405,2
TEST_09406,2
TEST_09407,4
TEST_09408,4
TEST_09409,1
TEST_09410,1
TEST_09411,3
TEST_09412,1
TEST_09413,3
TEST_09414,4
TEST_09415,3
TEST_09416,4
TEST_09417,3
TEST_09418,3
TEST_09419,4
TEST_09420,1
TEST_09421,3
TEST_09422,2
TEST_09423,1
TEST_09424,3
TEST_09425,4
TEST_09426,0
TEST_09427,2
TEST_09428,0
TEST_09429,4
TEST_09430,0
TEST_09431,2
TEST_09432,3
TEST_09433,0
TEST_09434,3
TEST_09435,2
TEST_09436,3
TEST_09437,4
TEST_09438,3
TEST_09439,3
TEST_09440,2
TEST_09441,3
TEST_09442,4
TEST_09443,2
TEST_09444,1
TEST_09445,4
TEST_09446,3
TEST_09447,3
TEST_09448,1
TEST_09449,2
TEST_09450,4
TEST_09451,2
TEST_09452,0
TEST_09453,4
TEST_09454,1
TEST_09455,2
TEST_09456,1
TEST_09457,4
TEST_09458,2
TEST_09459,2
TEST_09460,2
TEST_09461,3
TEST_09462,0
TEST_09463,1
TEST_09464,2
TEST_09465,1
TEST_09466,3
TEST_09467,3
TEST_09468,2
TEST_09469,2
TEST_09470,4
TEST_09471,2
TEST_09472,4
TEST_09473,0
TEST_09474,3
TEST_09475,4
TEST_09476,0
TEST_09477,2
TEST_09478,3
TEST_09479,2
TEST_09480,0
TEST_09481,4
TEST_09482,0
TEST_09483,0
TEST_09484,4
TEST_09485,2
TEST_09486,2
TEST_09487,0
TEST_09488,4
TEST_09489,1
TEST_09490,3
TEST_09491,3
TEST_09492,4
TEST_09493,3
TEST_09494,0
TEST_09495,2
TEST_09496,0
TEST_09497,2
TEST_09498,3
TEST_09499,4
TEST_09500,2
TEST_09501,3
TEST_09502,1
TEST_09503,3
TEST_09504,2
TEST_09505,4
TEST_09506,3
TEST_09507,2
TEST_09508,1
TEST_09509,3
TEST_09510,4
TEST_09511,4
TEST_09512,1
TEST_09513,4
TEST_09514,1
TEST_09515,2
TEST_09516,0
TEST_09517,2
TEST_09518,2
TEST_09519,3
TEST_09520,4
TEST_09521,2
TEST_09522,2
TEST_09523,4
TEST_09524,2
TEST_09525,3
TEST_09526,4
TEST_09527,3
TEST_09528,3
TEST_09529,0
TEST_09530,0
TEST_09531,3
TEST_09532,3
TEST_09533,3
TEST_09534,2
TEST_09535,2
TEST_09536,3
TEST_09537,3
TEST_09538,3
TEST_09539,2
TEST_09540,4
TEST_09541,4
TEST_09542,4
TEST_09543,2
TEST_09544,1
TEST_09545,4
TEST_09546,1
TEST_09547,4
TEST_09548,3
TEST_09549,2
TEST_09550,3
TEST_09551,3
TEST_09552,3
TEST_09553,4
TEST_09554,2
TEST_09555,3
TEST_09556,3
TEST_09557,2
TEST_09558,4
TEST_09559,3
TEST_09560,4
TEST_09561,1
TEST_09562,0
TEST_09563,3
TEST_09564,0
TEST_09565,3
TEST_09566,3
TEST_09567,3
TEST_09568,1
TEST_09569,1
TEST_09570,3
TEST_09571,3
TEST_09572,3
TEST_09573,0
TEST_09574,1
TEST_09575,3
TEST_09576,4
TEST_09577,0
TEST_09578,0
TEST_09579,3
TEST_09580,4
TEST_09581,2
TEST_09582,3
TEST_09583,1
TEST_09584,1
TEST_09585,2
TEST_09586,3
TEST_09587,2
TEST_09588,2
TEST_09589,2
TEST_09590,4
TEST_09591,4
TEST_09592,2
TEST_09593,4
TEST_09594,3
TEST_09595,1
TEST_09596,4
TEST_09597,1
TEST_09598,4
TEST_09599,1
TEST_09600,4
TEST_09601,3
TEST_09602,3
TEST_09603,4
TEST_09604,4
TEST_09605,0
TEST_09606,3
TEST_09607,2
TEST_09608,2
TEST_09609,3
TEST_09610,1
TEST_09611,3
TEST_09612,1
TEST_09613,0
TEST_09614,3
TEST_09615,0
TEST_09616,1
TEST_09617,3
TEST_09618,0
TEST_09619,3
TEST_09620,3
TEST_09621,3
TEST_09622,3
TEST_09623,1
TEST_09624,2
TEST_09625,4
TEST_09626,1
TEST_09627,3
TEST_09628,3
TEST_09629,4
TEST_09630,3
TEST_09631,3
TEST_09632,0
TEST_09633,4
TEST_09634,3
TEST_09635,2
TEST_09636,2
TEST_09637,0
TEST_09638,2
TEST_09639,4
TEST_09640,4
TEST_09641,2
TEST_09642,1
TEST_09643,1
TEST_09644,4
TEST_09645,3
TEST_09646,3
TEST_09647,3
TEST_09648,4
TEST_09649,4
TEST_09650,3
TEST_09651,1
TEST_09652,2
TEST_09653,3
TEST_09654,3
TEST_09655,4
TEST_09656,0
TEST_09657,2
TEST_09658,3
TEST_09659,3
TEST_09660,4
TEST_09661,0
TEST_09662,4
TEST_09663,2
TEST_09664,3
TEST_09665,1
TEST_09666,0
TEST_09667,4
TEST_09668,1
TEST_09669,2
TEST_09670,2
TEST_09671,4
TEST_09672,1
TEST_09673,2
TEST_09674,1
TEST_09675,2
TEST_09676,2
TEST_09677,1
TEST_09678,3
TEST_09679,2
TEST_09680,2
TEST_09681,4
TEST_09682,3
TEST_09683,2
TEST_09684,4
TEST_09685,1
TEST_09686,4
TEST_09687,1
TEST_09688,2
TEST_09689,1
TEST_09690,1
TEST_09691,3
TEST_09692,3
TEST_09693,3
TEST_09694,1
TEST_09695,0
TEST_09696,1
TEST_09697,2
TEST_09698,3
TEST_09699,0
TEST_09700,4
TEST_09701,2
TEST_09702,4
TEST_09703,4
TEST_09704,3
TEST_09705,3
TEST_09706,3
TEST_09707,4
TEST_09708,4
TEST_09709,4
TEST_09710,3
TEST_09711,1
TEST_09712,2
TEST_09713,3
TEST_09714,4
TEST_09715,3
TEST_09716,4
TEST_09717,1
TEST_09718,4
TEST_09719,3
TEST_09720,4
TEST_09721,1
TEST_09722,3
TEST_09723,4
TEST_09724,2
TEST_09725,3
TEST_09726,2
TEST_09727,3
TEST_09728,0
TEST_09729,3
TEST_09730,3
TEST_09731,1
TEST_09732,1
TEST_09733,2
TEST_09734,2
TEST_09735,4
TEST_09736,0
TEST_09737,4
TEST_09738,4
TEST_09739,4
TEST_09740,4
TEST_09741,0
TEST_09742,0
TEST_09743,1
TEST_09744,1
TEST_09745,2
TEST_09746,4
TEST_09747,4
TEST_09748,0
TEST_09749,3
TEST_09750,3
TEST_09751,4
TEST_09752,0
TEST_09753,3
TEST_09754,2
TEST_09755,4
TEST_09756,1
TEST_09757,2
TEST_09758,3
TEST_09759,2
TEST_09760,2
TEST_09761,3
TEST_09762,4
TEST_09763,3
TEST_09764,4
TEST_09765,1
TEST_09766,1
TEST_09767,3
TEST_09768,4
TEST_09769,0
TEST_09770,2
TEST_09771,3
TEST_09772,0
TEST_09773,3
TEST_09774,3
TEST_09775,3
TEST_09776,4
TEST_09777,2
TEST_09778,0
TEST_09779,2
TEST_09780,3
TEST_09781,4
TEST_09782,2
TEST_09783,1
TEST_09784,1
TEST_09785,2
TEST_09786,2
TEST_09787,3
TEST_09788,4
TEST_09789,2
TEST_09790,4
TEST_09791,0
TEST_09792,4
TEST_09793,3
TEST_09794,0
TEST_09795,4
TEST_09796,3
TEST_09797,3
TEST_09798,1
TEST_09799,3
TEST_09800,2
TEST_09801,1
TEST_09802,1
TEST_09803,0
TEST_09804,3
TEST_09805,2
TEST_09806,3
TEST_09807,4
TEST_09808,2
TEST_09809,3
TEST_09810,1
TEST_09811,0
TEST_09812,1
TEST_09813,2
TEST_09814,4
TEST_09815,0
TEST_09816,2
TEST_09817,1
TEST_09818,0
TEST_09819,1
TEST_09820,0
TEST_09821,3
TEST_09822,2
TEST_09823,1
TEST_09824,2
TEST_09825,4
TEST_09826,3
TEST_09827,4
TEST_09828,4
TEST_09829,0
TEST_09830,1
TEST_09831,1
TEST_09832,3
TEST_09833,4
TEST_09834,2
TEST_09835,4
TEST_09836,0
TEST_09837,2
TEST_09838,1
TEST_09839,2
TEST_09840,4
TEST_09841,2
TEST_09842,3
TEST_09843,2
TEST_09844,4
TEST_09845,4
TEST_09846,4
TEST_09847,4
TEST_09848,3
TEST_09849,0
TEST_09850,0
TEST_09851,2
TEST_09852,2
TEST_09853,0
TEST_09854,3
TEST_09855,1
TEST_09856,2
TEST_09857,2
TEST_09858,3
TEST_09859,0
TEST_09860,4
TEST_09861,0
TEST_09862,2
TEST_09863,3
TEST_09864,3
TEST_09865,4
TEST_09866,1
TEST_09867,1
TEST_09868,2
TEST_09869,3
TEST_09870,2
TEST_09871,4
TEST_09872,4
TEST_09873,3
TEST_09874,1
TEST_09875,3
TEST_09876,2
TEST_09877,4
TEST_09878,3
TEST_09879,0
TEST_09880,4
TEST_09881,4
TEST_09882,2
TEST_09883,3
TEST_09884,3
TEST_09885,2
TEST_09886,1
TEST_09887,4
TEST_09888,1
TEST_09889,3
TEST_09890,2
TEST_09891,3
TEST_09892,1
TEST_09893,3
TEST_09894,3
TEST_09895,2
TEST_09896,4
TEST_09897,4
TEST_09898,0
TEST_09899,2
TEST_09900,4
TEST_09901,3
TEST_09902,1
TEST_09903,4
TEST_09904,1
TEST_09905,3
TEST_09906,4
TEST_09907,2
TEST_09908,4
TEST_09909,3
TEST_09910,3
TEST_09911,1
TEST_09912,4
TEST_09913,1
TEST_09914,0
TEST_09915,4
TEST_09916,4
TEST_09917,3
TEST_09918,3
TEST_09919,3
TEST_09920,3
TEST_09921,4
TEST_09922,0
TEST_09923,1
TEST_09924,1
TEST_09925,4
TEST_09926,3
TEST_09927,1
TEST_09928,2
TEST_09929,1
TEST_09930,2
TEST_09931,3
TEST_09932,2
TEST_09933,4
TEST_09934,3
TEST_09935,1
TEST_09936,1
TEST_09937,3
TEST_09938,3
TEST_09939,4
TEST_09940,2
TEST_09941,3
TEST_09942,3
TEST_09943,4
TEST_09944,0
TEST_09945,4
TEST_09946,3
TEST_09947,3
TEST_09948,1
TEST_09949,1
TEST_09950,3
TEST_09951,2
TEST_09952,2
TEST_09953,2
TEST_09954,3
TEST_09955,4
TEST_09956,3
TEST_09957,2
TEST_09958,1
TEST_09959,3
TEST_09960,1
TEST_09961,0
TEST_09962,1
TEST_09963,2
TEST_09964,4
TEST_09965,4
TEST_09966,4
TEST_09967,3
TEST_09968,0
TEST_09969,3
TEST_09970,4
TEST_09971,3
TEST_09972,4
TEST_09973,4
TEST_09974,4
TEST_09975,3
TEST_09976,1
TEST_09977,2
TEST_09978,1
TEST_09979,3
TEST_09980,2
TEST_09981,4
TEST_09982,3
TEST_09983,4
TEST_09984,3
TEST_09985,1
TEST_09986,2
TEST_09987,1
TEST_09988,4
TEST_09989,0
TEST_09990,3
TEST_09991,2
TEST_09992,4
TEST_09993,2
TEST_09994,4
TEST_09995,4
TEST_09996,3
TEST_09997,0
TEST_09998,3
TEST_09999,2
TEST_10000,2
TEST_10001,2
TEST_10002,4
TEST_10003,1
TEST_10004,2
TEST_10005,0
TEST_10006,1
TEST_10007,1
TEST_10008,2
TEST_10009,0
TEST_10010,0
TEST_10011,2
TEST_10012,2
TEST_10013,0
TEST_10014,0
TEST_10015,0
TEST_10016,0
TEST_10017,4
TEST_10018,2
TEST_10019,4
TEST_10020,2
TEST_10021,3
TEST_10022,1
TEST_10023,3
TEST_10024,1
TEST_10025,4
TEST_10026,1
TEST_10027,1
TEST_10028,0
TEST_10029,3
TEST_10030,2
TEST_10031,0
TEST_10032,2
TEST_10033,2
TEST_10034,4
TEST_10035,0
TEST_10036,3
TEST_10037,2
TEST_10038,1
TEST_10039,4
TEST_10040,2
TEST_10041,4
TEST_10042,3
TEST_10043,3
TEST_10044,3
TEST_10045,1
TEST_10046,0
TEST_10047,2
TEST_10048,1
TEST_10049,1
TEST_10050,3
TEST_10051,3
TEST_10052,0
TEST_10053,3
TEST_10054,4
TEST_10055,1
TEST_10056,0
TEST_10057,0
TEST_10058,4
TEST_10059,4
TEST_10060,0
TEST_10061,0
TEST_10062,1
TEST_10063,1
TEST_10064,3
TEST_10065,1
TEST_10066,2
TEST_10067,4
TEST_10068,3
TEST_10069,1
TEST_10070,0
TEST_10071,2
TEST_10072,0
TEST_10073,4
TEST_10074,3
TEST_10075,0
TEST_10076,3
TEST_10077,3
TEST_10078,3
TEST_10079,2
TEST_10080,0
TEST_10081,2
TEST_10082,3
TEST_10083,0
TEST_10084,3
TEST_10085,3
TEST_10086,3
TEST_10087,4
TEST_10088,1
TEST_10089,3
TEST_10090,3
TEST_10091,3
TEST_10092,3
TEST_10093,0
TEST_10094,3
TEST_10095,2
TEST_10096,3
TEST_10097,3
TEST_10098,1
TEST_10099,4
TEST_10100,2
TEST_10101,2
TEST_10102,4
TEST_10103,1
TEST_10104,2
TEST_10105,3
TEST_10106,2
TEST_10107,3
TEST_10108,3
TEST_10109,3
TEST_10110,4
TEST_10111,4
TEST_10112,3
TEST_10113,3
TEST_10114,2
TEST_10115,3
TEST_10116,3
TEST_10117,3
TEST_10118,3
TEST_10119,3
TEST_10120,3
TEST_10121,1
TEST_10122,2
TEST_10123,4
TEST_10124,1
TEST_10125,0
TEST_10126,3
TEST_10127,3
TEST_10128,2
TEST_10129,3
TEST_10130,3
TEST_10131,2
TEST_10132,1
TEST_10133,2
TEST_10134,1
TEST_10135,0
TEST_10136,1
TEST_10137,2
TEST_10138,0
TEST_10139,0
TEST_10140,3
TEST_10141,3
TEST_10142,4
TEST_10143,4
TEST_10144,0
TEST_10145,0
TEST_10146,4
TEST_10147,3
TEST_10148,4
TEST_10149,3
TEST_10150,3
TEST_10151,3
TEST_10152,3
TEST_10153,0
TEST_10154,1
TEST_10155,4
TEST_10156,4
TEST_10157,2
TEST_10158,2
TEST_10159,3
TEST_10160,3
TEST_10161,4
TEST_10162,3
TEST_10163,3
TEST_10164,1
TEST_10165,3
TEST_10166,3
TEST_10167,3
TEST_10168,0
TEST_10169,3
TEST_10170,3
TEST_10171,2
TEST_10172,3
TEST_10173,4
TEST_10174,2
TEST_10175,4
TEST_10176,3
TEST_10177,1
TEST_10178,1
TEST_10179,1
TEST_10180,3
TEST_10181,0
TEST_10182,0
TEST_10183,2
TEST_10184,4
TEST_10185,2
TEST_10186,3
TEST_10187,2
TEST_10188,3
TEST_10189,3
TEST_10190,2
TEST_10191,1
TEST_10192,2
TEST_10193,3
TEST_10194,2
TEST_10195,0
TEST_10196,3
TEST_10197,3
TEST_10198,4
TEST_10199,2
TEST_10200,1
TEST_10201,1
TEST_10202,4
TEST_10203,1
TEST_10204,3
TEST_10205,0
TEST_10206,3
TEST_10207,4
TEST_10208,0
TEST_10209,1
TEST_10210,2
TEST_10211,3
TEST_10212,1
TEST_10213,2
TEST_10214,2
TEST_10215,4
TEST_10216,4
TEST_10217,3
TEST_10218,0
TEST_10219,2
TEST_10220,3
TEST_10221,1
TEST_10222,3
TEST_10223,2
TEST_10224,1
TEST_10225,2
TEST_10226,1
TEST_10227,4
TEST_10228,1
TEST_10229,4
TEST_10230,3
TEST_10231,2
TEST_10232,1
TEST_10233,1
TEST_10234,3
TEST_10235,0
TEST_10236,3
TEST_10237,0
TEST_10238,4
TEST_10239,3
TEST_10240,3
TEST_10241,0
TEST_10242,3
TEST_10243,0
TEST_10244,1
TEST_10245,4
TEST_10246,4
TEST_10247,2
TEST_10248,3
TEST_10249,3
TEST_10250,3
TEST_10251,2
TEST_10252,1
TEST_10253,3
TEST_10254,4
TEST_10255,1
TEST_10256,3
TEST_10257,1
TEST_10258,2
TEST_10259,2
TEST_10260,2
TEST_10261,2
TEST_10262,2
TEST_10263,3
TEST_10264,4
TEST_10265,1
TEST_10266,2
TEST_10267,3
TEST_10268,0
TEST_10269,0
TEST_10270,1
TEST_10271,1
TEST_10272,1
TEST_10273,3
TEST_10274,4
TEST_10275,4
TEST_10276,3
TEST_10277,2
TEST_10278,4
TEST_10279,0
TEST_10280,2
TEST_10281,4
TEST_10282,4
TEST_10283,2
TEST_10284,2
TEST_10285,2
TEST_10286,2
TEST_10287,4
TEST_10288,0
TEST_10289,4
TEST_10290,4
TEST_10291,1
TEST_10292,4
TEST_10293,3
TEST_10294,4
TEST_10295,4
TEST_10296,4
TEST_10297,1
TEST_10298,4
TEST_10299,1
TEST_10300,0
TEST_10301,3
TEST_10302,4
TEST_10303,1
TEST_10304,0
TEST_10305,0
TEST_10306,2
TEST_10307,3
TEST_10308,4
TEST_10309,1
TEST_10310,1
TEST_10311,1
TEST_10312,1
TEST_10313,2
TEST_10314,2
TEST_10315,3
TEST_10316,1
TEST_10317,2
TEST_10318,2
TEST_10319,3
TEST_10320,2
TEST_10321,0
TEST_10322,4
TEST_10323,3
TEST_10324,3
TEST_10325,3
TEST_10326,0
TEST_10327,0
TEST_10328,3
TEST_10329,4
TEST_10330,2
TEST_10331,1
TEST_10332,0
TEST_10333,3
TEST_10334,4
TEST_10335,1
TEST_10336,0
TEST_10337,1
TEST_10338,4
TEST_10339,3
TEST_10340,4
TEST_10341,4
TEST_10342,4
TEST_10343,2
TEST_10344,1
TEST_10345,0
TEST_10346,3
TEST_10347,1
TEST_10348,3
TEST_10349,2
TEST_10350,1
TEST_10351,1
TEST_10352,0
TEST_10353,2
TEST_10354,3
TEST_10355,3
TEST_10356,1
TEST_10357,0
TEST_10358,4
TEST_10359,3
TEST_10360,1
TEST_10361,0
TEST_10362,3
TEST_10363,4
TEST_10364,4
TEST_10365,2
TEST_10366,3
TEST_10367,4
TEST_10368,3
TEST_10369,2
TEST_10370,3
TEST_10371,0
TEST_10372,3
TEST_10373,4
TEST_10374,0
TEST_10375,2
TEST_10376,2
TEST_10377,2
TEST_10378,0
TEST_10379,2
TEST_10380,0
TEST_10381,3
TEST_10382,1
TEST_10383,3
TEST_10384,2
TEST_10385,1
TEST_10386,4
TEST_10387,0
TEST_10388,4
TEST_10389,4
TEST_10390,4
TEST_10391,4
TEST_10392,0
TEST_10393,4
TEST_10394,3
TEST_10395,3
TEST_10396,1
TEST_10397,2
TEST_10398,1
TEST_10399,2
TEST_10400,1
TEST_10401,2
TEST_10402,0
TEST_10403,0
TEST_10404,3
TEST_10405,3
TEST_10406,2
TEST_10407,2
TEST_10408,3
TEST_10409,3
TEST_10410,3
TEST_10411,3
TEST_10412,4
TEST_10413,2
TEST_10414,1
TEST_10415,3
TEST_10416,1
TEST_10417,3
TEST_10418,4
TEST_10419,0
TEST_10420,1
TEST_10421,0
TEST_10422,2
TEST_10423,1
TEST_10424,4
TEST_10425,4
TEST_10426,2
TEST_10427,4
TEST_10428,1
TEST_10429,2
TEST_10430,3
TEST_10431,3
TEST_10432,4
TEST_10433,4
TEST_10434,3
TEST_10435,2
TEST_10436,3
TEST_10437,1
TEST_10438,2
TEST_10439,3
TEST_10440,0
TEST_10441,4
TEST_10442,3
TEST_10443,4
TEST_10444,3
TEST_10445,0
TEST_10446,0
TEST_10447,2
TEST_10448,3
TEST_10449,1
TEST_10450,2
TEST_10451,1
TEST_10452,3
TEST_10453,4
TEST_10454,1
TEST_10455,0
TEST_10456,3
TEST_10457,4
TEST_10458,2
TEST_10459,0
TEST_10460,3
TEST_10461,4
TEST_10462,3
TEST_10463,1
TEST_10464,3
TEST_10465,3
TEST_10466,0
TEST_10467,4
TEST_10468,3
TEST_10469,3
TEST_10470,4
TEST_10471,3
TEST_10472,1
TEST_10473,4
TEST_10474,2
TEST_10475,2
TEST_10476,1
TEST_10477,2
TEST_10478,3
TEST_10479,3
TEST_10480,0
TEST_10481,3
TEST_10482,2
TEST_10483,3
TEST_10484,4
TEST_10485,2
TEST_10486,4
TEST_10487,4
TEST_10488,2
TEST_10489,3
TEST_10490,4
TEST_10491,1
TEST_10492,4
TEST_10493,4
TEST_10494,0
TEST_10495,4
TEST_10496,4
TEST_10497,4
TEST_10498,1
TEST_10499,2
TEST_10500,4
TEST_10501,4
TEST_10502,2
TEST_10503,0
TEST_10504,3
TEST_10505,1
TEST_10506,4
TEST_10507,3
TEST_10508,3
TEST_10509,4
TEST_10510,1
TEST_10511,2
TEST_10512,3
TEST_10513,4
TEST_10514,1
TEST_10515,3
TEST_10516,2
TEST_10517,0
TEST_10518,4
TEST_10519,3
TEST_10520,1
TEST_10521,3
TEST_10522,4
TEST_10523,3
TEST_10524,2
TEST_10525,1
TEST_10526,0
TEST_10527,2
TEST_10528,4
TEST_10529,1
TEST_10530,3
TEST_10531,0
TEST_10532,2
TEST_10533,1
TEST_10534,4
TEST_10535,1
TEST_10536,4
TEST_10537,1
TEST_10538,0
TEST_10539,2
TEST_10540,2
TEST_10541,2
TEST_10542,4
TEST_10543,3
TEST_10544,0
TEST_10545,3
TEST_10546,4
TEST_10547,4
TEST_10548,2
TEST_10549,2
TEST_10550,2
TEST_10551,2
TEST_10552,4
TEST_10553,4
TEST_10554,3
TEST_10555,4
TEST_10556,2
TEST_10557,2
TEST_10558,2
TEST_10559,3
TEST_10560,4
TEST_10561,4
TEST_10562,2
TEST_10563,3
TEST_10564,2
TEST_10565,3
TEST_10566,4
TEST_10567,2
TEST_10568,3
TEST_10569,1
TEST_10570,4
TEST_10571,4
TEST_10572,3
TEST_10573,0
TEST_10574,4
TEST_10575,1
TEST_10576,0
TEST_10577,4
TEST_10578,3
TEST_10579,3
TEST_10580,0
TEST_10581,0
TEST_10582,2
TEST_10583,4
TEST_10584,4
TEST_10585,2
TEST_10586,4
TEST_10587,2
TEST_10588,4
TEST_10589,0
TEST_10590,1
TEST_10591,3
TEST_10592,3
TEST_10593,1
TEST_10594,0
TEST_10595,2
TEST_10596,3
TEST_10597,2
TEST_10598,2
TEST_10599,0
TEST_10600,4
TEST_10601,3
TEST_10602,0
TEST_10603,3
TEST_10604,3
TEST_10605,4
TEST_10606,0
TEST_10607,3
TEST_10608,3
TEST_10609,2
TEST_10610,4
TEST_10611,0
TEST_10612,1
TEST_10613,4
TEST_10614,3
TEST_10615,4
TEST_10616,4
TEST_10617,4
TEST_10618,0
TEST_10619,0
TEST_10620,0
TEST_10621,0
TEST_10622,3
TEST_10623,4
TEST_10624,2
TEST_10625,4
TEST_10626,0
TEST_10627,3
TEST_10628,2
TEST_10629,0
TEST_10630,3
TEST_10631,4
TEST_10632,4
TEST_10633,2
TEST_10634,2
TEST_10635,0
TEST_10636,4
TEST_10637,3
TEST_10638,3
TEST_10639,4
TEST_10640,2
TEST_10641,1
TEST_10642,3
TEST_10643,3
TEST_10644,4
TEST_10645,3
TEST_10646,4
TEST_10647,3
TEST_10648,0
TEST_10649,3
TEST_10650,1
TEST_10651,2
TEST_10652,4
TEST_10653,3
TEST_10654,4
TEST_10655,3
TEST_10656,4
TEST_10657,3
TEST_10658,4
TEST_10659,4
TEST_10660,3
TEST_10661,3
TEST_10662,1
TEST_10663,1
TEST_10664,0
TEST_10665,3
TEST_10666,1
TEST_10667,2
TEST_10668,3
TEST_10669,4
TEST_10670,3
TEST_10671,4
TEST_10672,4
TEST_10673,4
TEST_10674,0
TEST_10675,3
TEST_10676,0
TEST_10677,4
TEST_10678,3
TEST_10679,1
TEST_10680,1
TEST_10681,1
TEST_10682,1
TEST_10683,2
TEST_10684,3
TEST_10685,4
TEST_10686,2
TEST_10687,3
TEST_10688,0
TEST_10689,2
TEST_10690,0
TEST_10691,4
TEST_10692,2
TEST_10693,2
TEST_10694,4
TEST_10695,3
TEST_10696,4
TEST_10697,2
TEST_10698,4
TEST_10699,3
TEST_10700,3
TEST_10701,2
TEST_10702,3
TEST_10703,1
TEST_10704,0
TEST_10705,0
TEST_10706,2
TEST_10707,3
TEST_10708,4
TEST_10709,4
TEST_10710,1
TEST_10711,4
TEST_10712,0
TEST_10713,2
TEST_10714,4
TEST_10715,1
TEST_10716,4
TEST_10717,3
TEST_10718,4
TEST_10719,1
TEST_10720,0
TEST_10721,1
TEST_10722,1
TEST_10723,1
TEST_10724,4
TEST_10725,3
TEST_10726,3
TEST_10727,2
TEST_10728,4
TEST_10729,0
TEST_10730,3
TEST_10731,3
TEST_10732,2
TEST_10733,3
TEST_10734,4
TEST_10735,0
TEST_10736,3
TEST_10737,3
TEST_10738,4
TEST_10739,4
TEST_10740,3
TEST_10741,4
TEST_10742,0
TEST_10743,4
TEST_10744,3
TEST_10745,0
TEST_10746,1
TEST_10747,1
TEST_10748,4
TEST_10749,3
TEST_10750,3
TEST_10751,3
TEST_10752,4
TEST_10753,1
TEST_10754,1
TEST_10755,3
TEST_10756,4
TEST_10757,1
TEST_10758,2
TEST_10759,2
TEST_10760,2
TEST_10761,0
TEST_10762,3
TEST_10763,1
TEST_10764,3
TEST_10765,3
TEST_10766,1
TEST_10767,3
TEST_10768,3
TEST_10769,1
TEST_10770,3
TEST_10771,2
TEST_10772,3
TEST_10773,4
TEST_10774,4
TEST_10775,3
TEST_10776,2
TEST_10777,0
TEST_10778,4
TEST_10779,3
TEST_10780,3
TEST_10781,3
TEST_10782,4
TEST_10783,4
TEST_10784,1
TEST_10785,4
TEST_10786,3
TEST_10787,0
TEST_10788,4
TEST_10789,0
TEST_10790,2
TEST_10791,3
TEST_10792,3
TEST_10793,4
TEST_10794,4
TEST_10795,2
TEST_10796,4
TEST_10797,3
TEST_10798,3
TEST_10799,4
TEST_10800,4
TEST_10801,2
TEST_10802,2
TEST_10803,3
TEST_10804,2
TEST_10805,2
TEST_10806,2
TEST_10807,4
TEST_10808,1
TEST_10809,4
TEST_10810,2
TEST_10811,4
TEST_10812,1
TEST_10813,1
TEST_10814,1
TEST_10815,3
TEST_10816,4
TEST_10817,4
TEST_10818,3
TEST_10819,0
TEST_10820,1
TEST_10821,4
TEST_10822,2
TEST_10823,4
TEST_10824,3
TEST_10825,1
TEST_10826,4
TEST_10827,0
TEST_10828,3
TEST_10829,2
TEST_10830,3
TEST_10831,2
TEST_10832,4
TEST_10833,4
TEST_10834,2
TEST_10835,0
TEST_10836,2
TEST_10837,3
TEST_10838,3
TEST_10839,1
TEST_10840,3
TEST_10841,0
TEST_10842,2
TEST_10843,4
TEST_10844,0
TEST_10845,2
TEST_10846,3
TEST_10847,2
TEST_10848,1
TEST_10849,1
TEST_10850,4
TEST_10851,0
TEST_10852,0
TEST_10853,1
TEST_10854,2
TEST_10855,2
TEST_10856,4
TEST_10857,3
TEST_10858,3
TEST_10859,1
TEST_10860,3
TEST_10861,0
TEST_10862,2
TEST_10863,2
TEST_10864,3
TEST_10865,2
TEST_10866,3
TEST_10867,3
TEST_10868,0
TEST_10869,3
TEST_10870,4
TEST_10871,1
TEST_10872,4
TEST_10873,3
TEST_10874,3
TEST_10875,3
TEST_10876,4
TEST_10877,3
TEST_10878,4
TEST_10879,1
TEST_10880,4
TEST_10881,4
TEST_10882,4
TEST_10883,4
TEST_10884,3
TEST_10885,4
TEST_10886,3
TEST_10887,4
TEST_10888,2
TEST_10889,4
TEST_10890,3
TEST_10891,3
TEST_10892,4
TEST_10893,1
TEST_10894,3
TEST_10895,1
TEST_10896,4
TEST_10897,3
TEST_10898,3
TEST_10899,3
TEST_10900,0
TEST_10901,3
TEST_10902,4
TEST_10903,3
TEST_10904,4
TEST_10905,3
TEST_10906,3
TEST_10907,0
TEST_10908,0
TEST_10909,2
TEST_10910,3
TEST_10911,4
TEST_10912,1
TEST_10913,2
TEST_10914,1
TEST_10915,1
TEST_10916,4
TEST_10917,3
TEST_10918,0
TEST_10919,1
TEST_10920,1
TEST_10921,4
TEST_10922,2
TEST_10923,3
TEST_10924,3
TEST_10925,2
TEST_10926,2
TEST_10927,2
TEST_10928,4
TEST_10929,3
TEST_10930,2
TEST_10931,3
TEST_10932,1
TEST_10933,0
TEST_10934,1
TEST_10935,3
TEST_10936,2
TEST_10937,2
TEST_10938,3
TEST_10939,2
TEST_10940,2
TEST_10941,2
TEST_10942,2
TEST_10943,4
TEST_10944,4
TEST_10945,2
TEST_10946,1
TEST_10947,4
TEST_10948,4
TEST_10949,0
TEST_10950,3
TEST_10951,4
TEST_10952,3
TEST_10953,1
TEST_10954,4
TEST_10955,0
TEST_10956,3
TEST_10957,2
TEST_10958,3
TEST_10959,2
TEST_10960,3
TEST_10961,4
TEST_10962,1
TEST_10963,0
TEST_10964,1
TEST_10965,1
TEST_10966,2
TEST_10967,1
TEST_10968,3
TEST_10969,0
TEST_10970,1
TEST_10971,3
TEST_10972,2
TEST_10973,4
TEST_10974,4
TEST_10975,3
TEST_10976,3
TEST_10977,3
TEST_10978,1
TEST_10979,3
TEST_10980,4
TEST_10981,3
TEST_10982,3
TEST_10983,3
TEST_10984,2
TEST_10985,3
TEST_10986,2
TEST_10987,2
TEST_10988,2
TEST_10989,4
TEST_10990,1
TEST_10991,3
TEST_10992,1
TEST_10993,4
TEST_10994,3
TEST_10995,4
TEST_10996,3
TEST_10997,3
TEST_10998,3
TEST_10999,4
TEST_11000,4
TEST_11001,3
TEST_11002,1
TEST_11003,2
TEST_11004,1
TEST_11005,2
TEST_11006,4
TEST_11007,4
TEST_11008,2
TEST_11009,2
TEST_11010,0
TEST_11011,3
TEST_11012,3
TEST_11013,4
TEST_11014,0
TEST_11015,1
TEST_11016,2
TEST_11017,2
TEST_11018,0
TEST_11019,4
TEST_11020,2
TEST_11021,3
TEST_11022,4
TEST_11023,3
TEST_11024,1
TEST_11025,3
TEST_11026,2
TEST_11027,2
TEST_11028,2
TEST_11029,2
TEST_11030,1
TEST_11031,4
TEST_11032,1
TEST_11033,4
TEST_11034,3
TEST_11035,1
TEST_11036,1
TEST_11037,4
TEST_11038,1
TEST_11039,1
TEST_11040,4
TEST_11041,1
TEST_11042,3
TEST_11043,1
TEST_11044,3
TEST_11045,2
TEST_11046,3
TEST_11047,3
TEST_11048,3
TEST_11049,0
TEST_11050,3
TEST_11051,0
TEST_11052,1
TEST_11053,4
TEST_11054,3
TEST_11055,3
TEST_11056,1
TEST_11057,4
TEST_11058,2
TEST_11059,4
TEST_11060,1
TEST_11061,0
TEST_11062,1
TEST_11063,1
TEST_11064,4
TEST_11065,4
TEST_11066,4
TEST_11067,2
TEST_11068,1
TEST_11069,4
TEST_11070,2
TEST_11071,1
TEST_11072,4
TEST_11073,0
TEST_11074,0
TEST_11075,2
TEST_11076,4
TEST_11077,2
TEST_11078,1
TEST_11079,2
TEST_11080,2
TEST_11081,1
TEST_11082,2
TEST_11083,3
TEST_11084,4
TEST_11085,4
TEST_11086,2
TEST_11087,2
TEST_11088,2
TEST_11089,1
TEST_11090,4
TEST_11091,2
TEST_11092,3
TEST_11093,2
TEST_11094,3
TEST_11095,4
TEST_11096,2
TEST_11097,0
TEST_11098,0
TEST_11099,2
TEST_11100,4
TEST_11101,2
TEST_11102,3
TEST_11103,3
TEST_11104,1
TEST_11105,4
TEST_11106,3
TEST_11107,0
TEST_11108,4
TEST_11109,3
TEST_11110,2
TEST_11111,3
TEST_11112,3
TEST_11113,0
TEST_11114,3
TEST_11115,1
TEST_11116,4
TEST_11117,1
TEST_11118,3
TEST_11119,1
TEST_11120,4
TEST_11121,0
TEST_11122,3
TEST_11123,3
TEST_11124,3
TEST_11125,3
TEST_11126,0
TEST_11127,2
TEST_11128,2
TEST_11129,3
TEST_11130,3
TEST_11131,4
TEST_11132,1
TEST_11133,1
TEST_11134,2
TEST_11135,2
TEST_11136,1
TEST_11137,4
TEST_11138,1
TEST_11139,3
TEST_11140,3
TEST_11141,4
TEST_11142,4
TEST_11143,2
TEST_11144,0
TEST_11145,4
TEST_11146,2
TEST_11147,2
TEST_11148,1
TEST_11149,3
TEST_11150,4
TEST_11151,3
TEST_11152,3
TEST_11153,3
TEST_11154,4
TEST_11155,3
TEST_11156,0
TEST_11157,3
TEST_11158,1
TEST_11159,0
TEST_11160,3
TEST_11161,0
TEST_11162,3
TEST_11163,4
TEST_11164,4
TEST_11165,3
TEST_11166,2
TEST_11167,1
TEST_11168,1
TEST_11169,0
TEST_11170,1
TEST_11171,0
TEST_11172,1
TEST_11173,1
TEST_11174,2
TEST_11175,2
TEST_11176,2
TEST_11177,3
TEST_11178,3
TEST_11179,3
TEST_11180,0
TEST_11181,0
TEST_11182,4
TEST_11183,3
TEST_11184,3
TEST_11185,4
TEST_11186,0
TEST_11187,4
TEST_11188,3
TEST_11189,1
TEST_11190,1
TEST_11191,1
TEST_11192,2
TEST_11193,1
TEST_11194,1
TEST_11195,1
TEST_11196,3
TEST_11197,2
TEST_11198,4
TEST_11199,4
TEST_11200,1
TEST_11201,0
TEST_11202,4
TEST_11203,2
TEST_11204,3
TEST_11205,2
TEST_11206,3
TEST_11207,1
TEST_11208,2
TEST_11209,0
TEST_11210,1
TEST_11211,2
TEST_11212,3
TEST_11213,4
TEST_11214,3
TEST_11215,1
TEST_11216,3
TEST_11217,2
TEST_11218,4
TEST_11219,3
TEST_11220,2
TEST_11221,4
TEST_11222,2
TEST_11223,4
TEST_11224,4
TEST_11225,4
TEST_11226,0
TEST_11227,4
TEST_11228,3
TEST_11229,4
TEST_11230,4
TEST_11231,2
TEST_11232,3
TEST_11233,3
TEST_11234,4
TEST_11235,2
TEST_11236,3
TEST_11237,1
TEST_11238,4
TEST_11239,3
TEST_11240,3
TEST_11241,3
TEST_11242,4
TEST_11243,3
TEST_11244,4
TEST_11245,0
TEST_11246,4
TEST_11247,3
TEST_11248,4
TEST_11249,0
TEST_11250,1
TEST_11251,3
TEST_11252,4
TEST_11253,0
TEST_11254,3
TEST_11255,2
TEST_11256,0
TEST_11257,2
TEST_11258,2
TEST_11259,3
TEST_11260,4
TEST_11261,3
TEST_11262,3
TEST_11263,4
TEST_11264,2
TEST_11265,3
TEST_11266,4
TEST_11267,2
TEST_11268,2
TEST_11269,3
TEST_11270,0
TEST_11271,4
TEST_11272,3
TEST_11273,3
TEST_11274,4
TEST_11275,2
TEST_11276,4
TEST_11277,1
TEST_11278,1
TEST_11279,3
TEST_11280,4
TEST_11281,3
TEST_11282,4
TEST_11283,4
TEST_11284,3
TEST_11285,3
TEST_11286,1
TEST_11287,1
TEST_11288,3
TEST_11289,3
TEST_11290,2
TEST_11291,4
TEST_11292,4
TEST_11293,0
TEST_11294,3
TEST_11295,4
TEST_11296,2
TEST_11297,4
TEST_11298,4
TEST_11299,2
TEST_11300,3
TEST_11301,0
TEST_11302,1
TEST_11303,1
TEST_11304,3
TEST_11305,3
TEST_11306,4
TEST_11307,1
TEST_11308,4
TEST_11309,3
TEST_11310,2
TEST_11311,1
TEST_11312,1
TEST_11313,3
TEST_11314,2
TEST_11315,3
TEST_11316,1
TEST_11317,0
TEST_11318,3
TEST_11319,2
TEST_11320,0
TEST_11321,4
TEST_11322,3
TEST_11323,2
TEST_11324,4
TEST_11325,4
TEST_11326,4
TEST_11327,4
TEST_11328,3
TEST_11329,1
TEST_11330,0
TEST_11331,4
TEST_11332,2
TEST_11333,4
TEST_11334,1
TEST_11335,3
TEST_11336,2
TEST_11337,2
TEST_11338,2
TEST_11339,3
TEST_11340,1
TEST_11341,1
TEST_11342,1
TEST_11343,3
TEST_11344,2
TEST_11345,4
TEST_11346,2
TEST_11347,3
TEST_11348,0
TEST_11349,1
TEST_11350,1
TEST_11351,0
TEST_11352,3
TEST_11353,0
TEST_11354,3
TEST_11355,4
TEST_11356,1
TEST_11357,3
TEST_11358,4
TEST_11359,4
TEST_11360,4
TEST_11361,3
TEST_11362,4
TEST_11363,3
TEST_11364,1
TEST_11365,4
TEST_11366,2
TEST_11367,4
TEST_11368,3
TEST_11369,0
TEST_11370,3
TEST_11371,3
TEST_11372,2
TEST_11373,2
TEST_11374,1
TEST_11375,3
TEST_11376,2
TEST_11377,2
TEST_11378,4
TEST_11379,3
TEST_11380,0
TEST_11381,3
TEST_11382,1
TEST_11383,3
TEST_11384,4
TEST_11385,3
TEST_11386,4
TEST_11387,1
TEST_11388,4
TEST_11389,2
TEST_11390,0
TEST_11391,2
TEST_11392,4
TEST_11393,4
TEST_11394,3
TEST_11395,3
TEST_11396,3
TEST_11397,4
TEST_11398,4
TEST_11399,3
TEST_11400,4
TEST_11401,0
TEST_11402,1
TEST_11403,4
TEST_11404,1
TEST_11405,0
TEST_11406,0
TEST_11407,3
TEST_11408,3
TEST_11409,3
TEST_11410,4
TEST_11411,1
TEST_11412,1
TEST_11413,3
TEST_11414,2
TEST_11415,3
TEST_11416,1
TEST_11417,3
TEST_11418,0
TEST_11419,2
TEST_11420,4
TEST_11421,2
TEST_11422,3
TEST_11423,2
TEST_11424,2
TEST_11425,3
TEST_11426,0
TEST_11427,2
TEST_11428,2
TEST_11429,3
TEST_11430,2
TEST_11431,4
TEST_11432,1
TEST_11433,2
TEST_11434,1
TEST_11435,1
TEST_11436,0
TEST_11437,1
TEST_11438,1
TEST_11439,0
TEST_11440,3
TEST_11441,3
TEST_11442,3
TEST_11443,4
TEST_11444,4
TEST_11445,3
TEST_11446,4
TEST_11447,0
TEST_11448,4
TEST_11449,3
TEST_11450,3
TEST_11451,2
TEST_11452,2
TEST_11453,1
TEST_11454,3
TEST_11455,4
TEST_11456,3
TEST_11457,1
TEST_11458,2
TEST_11459,4
TEST_11460,1
TEST_11461,0
TEST_11462,2
TEST_11463,4
TEST_11464,2
TEST_11465,4
TEST_11466,1
TEST_11467,0
TEST_11468,0
TEST_11469,1
TEST_11470,1
TEST_11471,0
TEST_11472,2
TEST_11473,3
TEST_11474,0
TEST_11475,1
TEST_11476,2
TEST_11477,1
TEST_11478,0
TEST_11479,3
TEST_11480,1
TEST_11481,3
TEST_11482,4
TEST_11483,3
TEST_11484,3
TEST_11485,3
TEST_11486,2
TEST_11487,3
TEST_11488,2
TEST_11489,3
TEST_11490,2
TEST_11491,3
TEST_11492,1
TEST_11493,2
TEST_11494,2
TEST_11495,3
TEST_11496,2
TEST_11497,0
TEST_11498,3
TEST_11499,2
TEST_11500,2
TEST_11501,1
TEST_11502,1
TEST_11503,4
TEST_11504,3
TEST_11505,4
TEST_11506,0
TEST_11507,2
TEST_11508,4
TEST_11509,2
TEST_11510,1
TEST_11511,3
TEST_11512,3
TEST_11513,0
TEST_11514,1
TEST_11515,3
TEST_11516,1
TEST_11517,2
TEST_11518,2
TEST_11519,3
TEST_11520,2
TEST_11521,1
TEST_11522,0
TEST_11523,3
TEST_11524,0
TEST_11525,4
TEST_11526,2
TEST_11527,1
TEST_11528,1
TEST_11529,4
TEST_11530,4
TEST_11531,1
TEST_11532,4
TEST_11533,2
TEST_11534,4
TEST_11535,4
TEST_11536,0
TEST_11537,1
TEST_11538,3
TEST_11539,0
TEST_11540,3
TEST_11541,4
TEST_11542,3
TEST_11543,2
TEST_11544,4
TEST_11545,1
TEST_11546,3
TEST_11547,3
TEST_11548,0
TEST_11549,1
TEST_11550,3
TEST_11551,3
TEST_11552,3
TEST_11553,3
TEST_11554,0
TEST_11555,1
TEST_11556,0
TEST_11557,2
TEST_11558,1
TEST_11559,3
TEST_11560,2
TEST_11561,0
TEST_11562,2
TEST_11563,1
TEST_11564,3
TEST_11565,4
TEST_11566,2
TEST_11567,1
TEST_11568,4
TEST_11569,3
TEST_11570,1
TEST_11571,1
TEST_11572,3
TEST_11573,4
TEST_11574,1
TEST_11575,0
TEST_11576,2
TEST_11577,2
TEST_11578,4
TEST_11579,0
TEST_11580,4
TEST_11581,0
TEST_11582,2
TEST_11583,3
TEST_11584,4
TEST_11585,3
TEST_11586,0
TEST_11587,3
TEST_11588,2
TEST_11589,0
TEST_11590,1
TEST_11591,0
TEST_11592,2
TEST_11593,3
TEST_11594,3
TEST_11595,3
TEST_11596,4
TEST_11597,4
TEST_11598,4
TEST_11599,2
TEST_11600,3
TEST_11601,4
TEST_11602,4
TEST_11603,4
TEST_11604,1
TEST_11605,2
TEST_11606,3
TEST_11607,3
TEST_11608,4
TEST_11609,1
TEST_11610,4
TEST_11611,3
TEST_11612,3
TEST_11613,4
TEST_11614,2
TEST_11615,2
TEST_11616,3
TEST_11617,2
TEST_11618,4
TEST_11619,4
TEST_11620,4
TEST_11621,3
TEST_11622,0
TEST_11623,2
TEST_11624,1
TEST_11625,4
TEST_11626,2
TEST_11627,2
TEST_11628,2
TEST_11629,4
TEST_11630,3
TEST_11631,1
TEST_11632,4
TEST_11633,3
TEST_11634,4
TEST_11635,3
TEST_11636,3
TEST_11637,2
TEST_11638,4
TEST_11639,2
TEST_11640,0
TEST_11641,1
TEST_11642,1
TEST_11643,4
TEST_11644,4
TEST_11645,3
TEST_11646,0
TEST_11647,3
TEST_11648,4
TEST_11649,4
TEST_11650,0
TEST_11651,2
TEST_11652,3
TEST_11653,2
TEST_11654,2
TEST_11655,0
TEST_11656,1
TEST_11657,0
TEST_11658,0
TEST_11659,4
TEST_11660,1
TEST_11661,0
TEST_11662,3
TEST_11663,2
TEST_11664,3
TEST_11665,3
TEST_11666,2
TEST_11667,4
TEST_11668,0
TEST_11669,3
TEST_11670,4
TEST_11671,3
TEST_11672,2
TEST_11673,3
TEST_11674,3
TEST_11675,0
TEST_11676,3
TEST_11677,0
TEST_11678,4
TEST_11679,1
TEST_11680,0
TEST_11681,2
TEST_11682,3
TEST_11683,0
TEST_11684,2
TEST_11685,4
TEST_11686,2
TEST_11687,1
TEST_11688,3
TEST_11689,3
TEST_11690,4
TEST_11691,1
TEST_11692,1
TEST_11693,3
TEST_11694,2
TEST_11695,2
TEST_11696,0
TEST_11697,4
TEST_11698,3
TEST_11699,1
TEST_11700,1
TEST_11701,3
TEST_11702,3
TEST_11703,3
TEST_11704,4
TEST_11705,3
TEST_11706,4
TEST_11707,1
TEST_11708,3
TEST_11709,2
TEST_11710,3
TEST_11711,3
TEST_11712,4
TEST_11713,4
TEST_11714,0
TEST_11715,2
TEST_11716,2
TEST_11717,0
TEST_11718,4
TEST_11719,3
TEST_11720,1
TEST_11721,4
TEST_11722,2
TEST_11723,3
TEST_11724,2
TEST_11725,4
TEST_11726,2
TEST_11727,0
TEST_11728,1
TEST_11729,3
TEST_11730,1
TEST_11731,1
TEST_11732,3
TEST_11733,1
TEST_11734,4
TEST_11735,1
TEST_11736,2
TEST_11737,3
TEST_11738,4
TEST_11739,2
TEST_11740,3
TEST_11741,2
TEST_11742,4
TEST_11743,3
TEST_11744,1
TEST_11745,4
TEST_11746,2
TEST_11747,3
TEST_11748,2
TEST_11749,0
TEST_11750,2
TEST_11751,4
TEST_11752,4
TEST_11753,0
TEST_11754,4
TEST_11755,3
TEST_11756,3
TEST_11757,3
TEST_11758,2
TEST_11759,2
TEST_11760,2
TEST_11761,1
TEST_11762,2
TEST_11763,2
TEST_11764,3
TEST_11765,4
TEST_11766,4
TEST_11767,4
TEST_11768,1
TEST_11769,0
TEST_11770,0
TEST_11771,1
TEST_11772,2
TEST_11773,4
TEST_11774,4
TEST_11775,4
TEST_11776,3
TEST_11777,2
TEST_11778,0
TEST_11779,3
TEST_11780,3
TEST_11781,4
TEST_11782,0
TEST_11783,0
TEST_11784,2
TEST_11785,2
TEST_11786,2
TEST_11787,3
TEST_11788,3
TEST_11789,2
TEST_11790,3
TEST_11791,4
TEST_11792,2
TEST_11793,1
TEST_11794,2
TEST_11795,3
TEST_11796,4
TEST_11797,2
TEST_11798,2
TEST_11799,1
TEST_11800,0
TEST_11801,1
TEST_11802,3
TEST_11803,0
TEST_11804,1
TEST_11805,2
TEST_11806,3
TEST_11807,3
TEST_11808,2
TEST_11809,2
TEST_11810,3
TEST_11811,2
TEST_11812,2
TEST_11813,2
TEST_11814,3
TEST_11815,3
TEST_11816,0
TEST_11817,3
TEST_11818,1
TEST_11819,0
TEST_11820,4
TEST_11821,3
TEST_11822,0
TEST_11823,2
TEST_11824,4
TEST_11825,0
TEST_11826,3
TEST_11827,3
TEST_11828,3
TEST_11829,2
TEST_11830,4
TEST_11831,0
TEST_11832,4
TEST_11833,3
TEST_11834,1
TEST_11835,3
TEST_11836,4
TEST_11837,2
TEST_11838,0
TEST_11839,2
TEST_11840,3
TEST_11841,3
TEST_11842,4
TEST_11843,0
TEST_11844,2
TEST_11845,2
TEST_11846,2
TEST_11847,1
TEST_11848,3
TEST_11849,3
TEST_11850,3
TEST_11851,1
TEST_11852,3
TEST_11853,1
TEST_11854,3
TEST_11855,2
TEST_11856,4
TEST_11857,0
TEST_11858,3
TEST_11859,3
TEST_11860,0
TEST_11861,2
TEST_11862,1
TEST_11863,0
TEST_11864,3
TEST_11865,4
TEST_11866,1
TEST_11867,3
TEST_11868,2
TEST_11869,1
TEST_11870,1
TEST_11871,3
TEST_11872,2
TEST_11873,0
TEST_11874,2
TEST_11875,3
TEST_11876,0
TEST_11877,3
TEST_11878,1
TEST_11879,0
TEST_11880,3
TEST_11881,3
TEST_11882,4
TEST_11883,2
TEST_11884,1
TEST_11885,0
TEST_11886,0
TEST_11887,2
TEST_11888,1
TEST_11889,4
TEST_11890,3
TEST_11891,1
TEST_11892,0
TEST_11893,2
TEST_11894,3
TEST_11895,3
TEST_11896,2
TEST_11897,3
TEST_11898,3
TEST_11899,0
TEST_11900,0
TEST_11901,4
TEST_11902,4
TEST_11903,2
TEST_11904,1
TEST_11905,2
TEST_11906,2
TEST_11907,3
TEST_11908,3
TEST_11909,3
TEST_11910,2
TEST_11911,2
TEST_11912,1
TEST_11913,1
TEST_11914,4
TEST_11915,2
TEST_11916,1
TEST_11917,4
TEST_11918,4
TEST_11919,3
TEST_11920,1
TEST_11921,1
TEST_11922,0
TEST_11923,3
TEST_11924,1
TEST_11925,3
TEST_11926,4
TEST_11927,1
TEST_11928,3
TEST_11929,1
TEST_11930,0
TEST_11931,4
TEST_11932,4
TEST_11933,3
TEST_11934,1
TEST_11935,3
TEST_11936,3
TEST_11937,0
TEST_11938,1
TEST_11939,2
TEST_11940,4
TEST_11941,4
TEST_11942,4
TEST_11943,4
TEST_11944,3
TEST_11945,1
TEST_11946,1
TEST_11947,4
TEST_11948,3
TEST_11949,1
TEST_11950,2
TEST_11951,3
TEST_11952,2
TEST_11953,1
TEST_11954,0
TEST_11955,0
TEST_11956,4
TEST_11957,3
TEST_11958,4
TEST_11959,1
TEST_11960,1
TEST_11961,3
TEST_11962,0
TEST_11963,1
TEST_11964,3
TEST_11965,4
TEST_11966,0
TEST_11967,1
TEST_11968,0
TEST_11969,4
TEST_11970,2
TEST_11971,2
TEST_11972,3
TEST_11973,3
TEST_11974,3
TEST_11975,3
TEST_11976,4
TEST_11977,0
TEST_11978,4
TEST_11979,2
TEST_11980,4
TEST_11981,4
TEST_11982,1
TEST_11983,4
TEST_11984,2
TEST_11985,4
TEST_11986,1
TEST_11987,2
TEST_11988,4
TEST_11989,1
TEST_11990,4
TEST_11991,2
TEST_11992,2
TEST_11993,4
TEST_11994,3
TEST_11995,2
TEST_11996,2
TEST_11997,3
TEST_11998,4
TEST_11999,3
TEST_12000,4
TEST_12001,2
TEST_12002,3
TEST_12003,3
TEST_12004,1
TEST_12005,3
TEST_12006,2
TEST_12007,1
TEST_12008,4
TEST_12009,3
TEST_12010,1
TEST_12011,4
TEST_12012,2
TEST_12013,2
TEST_12014,3
TEST_12015,3
TEST_12016,4
TEST_12017,0
TEST_12018,1
TEST_12019,0
TEST_12020,4
TEST_12021,3
TEST_12022,4
TEST_12023,4
TEST_12024,2
TEST_12025,1
TEST_12026,4
TEST_12027,2
TEST_12028,1
TEST_12029,1
TEST_12030,2
TEST_12031,3
TEST_12032,0
TEST_12033,4
TEST_12034,2
TEST_12035,4
TEST_12036,3
TEST_12037,2
TEST_12038,4
TEST_12039,3
TEST_12040,1
TEST_12041,1
TEST_12042,3
TEST_12043,2
TEST_12044,0
TEST_12045,4
TEST_12046,4
TEST_12047,3
TEST_12048,3
TEST_12049,2
TEST_12050,2
TEST_12051,3
TEST_12052,4
TEST_12053,0
TEST_12054,0
TEST_12055,3
TEST_12056,1
TEST_12057,4
TEST_12058,3
TEST_12059,0
TEST_12060,2
TEST_12061,3
TEST_12062,2
TEST_12063,1
TEST_12064,2
TEST_12065,1
TEST_12066,4
TEST_12067,2
TEST_12068,4
TEST_12069,2
TEST_12070,4
TEST_12071,3
TEST_12072,4
TEST_12073,3
TEST_12074,3
TEST_12075,4
TEST_12076,3
TEST_12077,1
TEST_12078,2
TEST_12079,4
TEST_12080,0
TEST_12081,0
TEST_12082,1
TEST_12083,3
TEST_12084,3
TEST_12085,3
TEST_12086,0
TEST_12087,0
TEST_12088,2
TEST_12089,3
TEST_12090,0
TEST_12091,2
TEST_12092,0
TEST_12093,4
TEST_12094,3
TEST_12095,4
TEST_12096,0
TEST_12097,4
TEST_12098,2
TEST_12099,4
TEST_12100,3
TEST_12101,0
TEST_12102,0
TEST_12103,0
TEST_12104,4
TEST_12105,4
TEST_12106,3
TEST_12107,3
TEST_12108,4
TEST_12109,3
TEST_12110,4
TEST_12111,3
TEST_12112,2
TEST_12113,3
TEST_12114,3
TEST_12115,1
TEST_12116,2
TEST_12117,3
TEST_12118,4
TEST_12119,3
TEST_12120,2
TEST_12121,2
TEST_12122,1
TEST_12123,4
TEST_12124,3
TEST_12125,2
TEST_12126,2
TEST_12127,3
TEST_12128,2
TEST_12129,0
TEST_12130,3
TEST_12131,2
TEST_12132,3
TEST_12133,4
TEST_12134,2
TEST_12135,4
TEST_12136,2
TEST_12137,2
TEST_12138,0
TEST_12139,4
TEST_12140,2
TEST_12141,2
TEST_12142,4
TEST_12143,2
TEST_12144,0
TEST_12145,3
TEST_12146,4
TEST_12147,3
TEST_12148,1
TEST_12149,0
TEST_12150,1
TEST_12151,4
TEST_12152,3
TEST_12153,0
TEST_12154,3
TEST_12155,1
TEST_12156,1
TEST_12157,1
TEST_12158,2
TEST_12159,2
TEST_12160,1
TEST_12161,2
TEST_12162,2
TEST_12163,2
TEST_12164,2
TEST_12165,3
TEST_12166,2
TEST_12167,2
TEST_12168,1
TEST_12169,4
TEST_12170,1
TEST_12171,3
TEST_12172,3
TEST_12173,3
TEST_12174,0
TEST_12175,1
TEST_12176,4
TEST_12177,0
TEST_12178,3
TEST_12179,2
TEST_12180,4
TEST_12181,4
TEST_12182,2
TEST_12183,3
TEST_12184,2
TEST_12185,3
TEST_12186,0
TEST_12187,4
TEST_12188,4
TEST_12189,3
TEST_12190,3
TEST_12191,1
TEST_12192,4
TEST_12193,2
TEST_12194,3
TEST_12195,2
TEST_12196,3
TEST_12197,4
TEST_12198,0
TEST_12199,1
TEST_12200,3
TEST_12201,4
TEST_12202,3
TEST_12203,1
TEST_12204,2
TEST_12205,4
TEST_12206,2
TEST_12207,4
TEST_12208,2
TEST_12209,3
TEST_12210,2
TEST_12211,1
TEST_12212,3
TEST_12213,1
TEST_12214,4
TEST_12215,2
TEST_12216,3
TEST_12217,3
TEST_12218,3
TEST_12219,3
TEST_12220,2
TEST_12221,3
TEST_12222,1
TEST_12223,4
TEST_12224,3
TEST_12225,2
TEST_12226,3
TEST_12227,3
TEST_12228,2
TEST_12229,1
TEST_12230,3
TEST_12231,1
TEST_12232,4
TEST_12233,4
TEST_12234,2
TEST_12235,4
TEST_12236,3
TEST_12237,3
TEST_12238,1
TEST_12239,3
TEST_12240,2
TEST_12241,4
TEST_12242,3
TEST_12243,4
TEST_12244,3
TEST_12245,3
TEST_12246,4
TEST_12247,1
TEST_12248,2
TEST_12249,0
TEST_12250,0
TEST_12251,3
TEST_12252,3
TEST_12253,1
TEST_12254,2
TEST_12255,4
TEST_12256,3
TEST_12257,4
TEST_12258,1
TEST_12259,3
TEST_12260,3
TEST_12261,0
TEST_12262,1
TEST_12263,1
TEST_12264,3
TEST_12265,0
TEST_12266,4
TEST_12267,4
TEST_12268,1
TEST_12269,3
TEST_12270,2
TEST_12271,3
TEST_12272,1
TEST_12273,1
TEST_12274,1
TEST_12275,4
TEST_12276,3
TEST_12277,3
TEST_12278,3
TEST_12279,3
TEST_12280,3
TEST_12281,2
TEST_12282,2
TEST_12283,3
TEST_12284,3
TEST_12285,2
TEST_12286,1
TEST_12287,4
TEST_12288,3
TEST_12289,3
TEST_12290,1
TEST_12291,1
TEST_12292,0
TEST_12293,4
TEST_12294,2
TEST_12295,2
TEST_12296,4
TEST_12297,3
TEST_12298,3
TEST_12299,1
TEST_12300,3
TEST_12301,4
TEST_12302,2
TEST_12303,2
TEST_12304,1
TEST_12305,3
TEST_12306,1
TEST_12307,1
TEST_12308,3
TEST_12309,1
TEST_12310,1
TEST_12311,2
TEST_12312,3
TEST_12313,2
TEST_12314,4
TEST_12315,1
TEST_12316,4
TEST_12317,1
TEST_12318,3
TEST_12319,0
TEST_12320,4
TEST_12321,3
TEST_12322,4
TEST_12323,4
TEST_12324,0
TEST_12325,4
TEST_12326,4
TEST_12327,3
TEST_12328,2
TEST_12329,4
TEST_12330,1
TEST_12331,1
TEST_12332,1
TEST_12333,0
TEST_12334,3
TEST_12335,2
TEST_12336,4
TEST_12337,2
TEST_12338,1
TEST_12339,2
TEST_12340,4
TEST_12341,4
TEST_12342,2
TEST_12343,2
TEST_12344,1
TEST_12345,1
TEST_12346,1
TEST_12347,0
TEST_12348,3
TEST_12349,2
TEST_12350,0
TEST_12351,2
TEST_12352,3
TEST_12353,3
TEST_12354,3
TEST_12355,2
TEST_12356,3
TEST_12357,0
TEST_12358,2
TEST_12359,4
TEST_12360,2
TEST_12361,1
TEST_12362,1
TEST_12363,1
TEST_12364,2
TEST_12365,3
TEST_12366,0
TEST_12367,4
TEST_12368,2
TEST_12369,4
TEST_12370,4
TEST_12371,1
TEST_12372,1
TEST_12373,3
TEST_12374,3
TEST_12375,1
TEST_12376,1
TEST_12377,4
TEST_12378,2
TEST_12379,0
TEST_12380,3
TEST_12381,0
TEST_12382,1
TEST_12383,3
TEST_12384,3
TEST_12385,2
TEST_12386,1
TEST_12387,2
TEST_12388,4
TEST_12389,4
TEST_12390,3
TEST_12391,0
TEST_12392,3
TEST_12393,0
TEST_12394,3
TEST_12395,3
TEST_12396,3
TEST_12397,1
TEST_12398,2
TEST_12399,1
TEST_12400,4
TEST_12401,3
TEST_12402,4
TEST_12403,3
TEST_12404,3
TEST_12405,1
TEST_12406,0
TEST_12407,3
TEST_12408,0
TEST_12409,1
TEST_12410,3
TEST_12411,0
TEST_12412,4
TEST_12413,4
TEST_12414,3
TEST_12415,4
TEST_12416,4
TEST_12417,2
TEST_12418,4
TEST_12419,2
TEST_12420,3
TEST_12421,4
TEST_12422,1
TEST_12423,2
TEST_12424,3
TEST_12425,4
TEST_12426,2
TEST_12427,2
TEST_12428,1
TEST_12429,1
TEST_12430,1
TEST_12431,3
TEST_12432,3
TEST_12433,4
TEST_12434,4
TEST_12435,3
TEST_12436,2
TEST_12437,1
TEST_12438,1
TEST_12439,2
TEST_12440,1
TEST_12441,3
TEST_12442,3
TEST_12443,3
TEST_12444,2
TEST_12445,2
TEST_12446,3
TEST_12447,4
TEST_12448,4
TEST_12449,2
TEST_12450,0
TEST_12451,3
TEST_12452,1
TEST_12453,4
TEST_12454,2
TEST_12455,3
TEST_12456,0
TEST_12457,4
TEST_12458,2
TEST_12459,3
TEST_12460,4
TEST_12461,0
TEST_12462,1
TEST_12463,1
TEST_12464,4
TEST_12465,3
TEST_12466,3
TEST_12467,2
TEST_12468,1
TEST_12469,3
TEST_12470,3
TEST_12471,2
TEST_12472,0
TEST_12473,4
TEST_12474,3
TEST_12475,0
TEST_12476,1
TEST_12477,2
TEST_12478,3
TEST_12479,3
TEST_12480,4
TEST_12481,3
TEST_12482,4
TEST_12483,1
TEST_12484,1
TEST_12485,4
TEST_12486,1
TEST_12487,2
TEST_12488,1
TEST_12489,4
TEST_12490,2
TEST_12491,1
TEST_12492,3
TEST_12493,0
TEST_12494,4
TEST_12495,0
TEST_12496,2
TEST_12497,3
TEST_12498,0
TEST_12499,4
TEST_12500,2
TEST_12501,1
TEST_12502,1
TEST_12503,2
TEST_12504,4
TEST_12505,4
TEST_12506,2
TEST_12507,2
TEST_12508,1
TEST_12509,4
TEST_12510,1
TEST_12511,0
TEST_12512,1
TEST_12513,2
TEST_12514,2
TEST_12515,4
TEST_12516,3
TEST_12517,1
TEST_12518,4
TEST_12519,3
TEST_12520,3
TEST_12521,2
TEST_12522,1
TEST_12523,2
TEST_12524,2
TEST_12525,1
TEST_12526,3
TEST_12527,1
TEST_12528,3
TEST_12529,3
TEST_12530,1
TEST_12531,2
TEST_12532,3
TEST_12533,4
TEST_12534,3
TEST_12535,4
TEST_12536,3
TEST_12537,2
TEST_12538,1
TEST_12539,0
TEST_12540,3
TEST_12541,3
TEST_12542,2
TEST_12543,2
TEST_12544,4
TEST_12545,4
TEST_12546,3
TEST_12547,3
TEST_12548,3
TEST_12549,3
TEST_12550,3
TEST_12551,2
TEST_12552,3
TEST_12553,1
TEST_12554,2
TEST_12555,1
TEST_12556,2
TEST_12557,3
TEST_12558,4
TEST_12559,4
TEST_12560,3
TEST_12561,1
TEST_12562,1
TEST_12563,3
TEST_12564,4
TEST_12565,3
TEST_12566,4
TEST_12567,2
TEST_12568,1
TEST_12569,4
TEST_12570,2
TEST_12571,2
TEST_12572,4
TEST_12573,3
TEST_12574,4
TEST_12575,4
TEST_12576,0
TEST_12577,3
TEST_12578,4
TEST_12579,1
TEST_12580,2
TEST_12581,3
TEST_12582,2
TEST_12583,4
TEST_12584,4
TEST_12585,1
TEST_12586,3
TEST_12587,3
TEST_12588,4
TEST_12589,3
TEST_12590,2
TEST_12591,2
TEST_12592,4
TEST_12593,3
TEST_12594,4
TEST_12595,0
TEST_12596,4
TEST_12597,3
TEST_12598,2
TEST_12599,1
TEST_12600,1
TEST_12601,3
TEST_12602,4
TEST_12603,1
TEST_12604,1
TEST_12605,2
TEST_12606,0
TEST_12607,1
TEST_12608,2
TEST_12609,4
TEST_12610,2
TEST_12611,2
TEST_12612,0
TEST_12613,4
TEST_12614,3
TEST_12615,3
TEST_12616,0
TEST_12617,3
TEST_12618,3
TEST_12619,0
TEST_12620,0
TEST_12621,2
TEST_12622,4
TEST_12623,3
TEST_12624,3
TEST_12625,0
TEST_12626,1
TEST_12627,2
TEST_12628,3
TEST_12629,3
TEST_12630,2
TEST_12631,4
TEST_12632,2
TEST_12633,0
TEST_12634,4
TEST_12635,4
TEST_12636,2
TEST_12637,2
TEST_12638,2
TEST_12639,2
TEST_12640,4
TEST_12641,3
TEST_12642,4
TEST_12643,4
TEST_12644,3
TEST_12645,2
TEST_12646,1
TEST_12647,3
TEST_12648,0
TEST_12649,4
TEST_12650,4
TEST_12651,0
TEST_12652,4
TEST_12653,3
TEST_12654,4
TEST_12655,1
TEST_12656,4
TEST_12657,4
TEST_12658,0
TEST_12659,4
TEST_12660,2
TEST_12661,3
TEST_12662,3
TEST_12663,4
TEST_12664,0
TEST_12665,1
TEST_12666,3
TEST_12667,4
TEST_12668,4
TEST_12669,1
TEST_12670,2
TEST_12671,3
TEST_12672,3
TEST_12673,4
TEST_12674,3
TEST_12675,2
TEST_12676,3
TEST_12677,4
TEST_12678,4
TEST_12679,2
TEST_12680,3
TEST_12681,0
TEST_12682,3
TEST_12683,4
TEST_12684,2
TEST_12685,0
TEST_12686,4
TEST_12687,1
TEST_12688,0
TEST_12689,0
TEST_12690,0
TEST_12691,1
TEST_12692,1
TEST_12693,4
TEST_12694,0
TEST_12695,3
TEST_12696,4
TEST_12697,4
TEST_12698,0
TEST_12699,0
TEST_12700,1
TEST_12701,4
TEST_12702,3
TEST_12703,0
TEST_12704,3
TEST_12705,1
TEST_12706,3
TEST_12707,2
TEST_12708,0
TEST_12709,3
TEST_12710,3
TEST_12711,3
TEST_12712,2
TEST_12713,4
TEST_12714,1
TEST_12715,4
TEST_12716,4
TEST_12717,2
TEST_12718,3
TEST_12719,2
TEST_12720,0
TEST_12721,3
TEST_12722,4
TEST_12723,1
TEST_12724,2
TEST_12725,2
TEST_12726,3
TEST_12727,2
TEST_12728,2
TEST_12729,3
TEST_12730,3
TEST_12731,4
TEST_12732,3
TEST_12733,1
TEST_12734,4
TEST_12735,3
TEST_12736,1
TEST_12737,3
TEST_12738,0
TEST_12739,4
TEST_12740,0
TEST_12741,0
TEST_12742,4
TEST_12743,3
TEST_12744,3
TEST_12745,2
TEST_12746,1
TEST_12747,1
TEST_12748,2
TEST_12749,2
TEST_12750,0
TEST_12751,0
TEST_12752,2
TEST_12753,3
TEST_12754,2
TEST_12755,3
TEST_12756,0
TEST_12757,1
TEST_12758,2
TEST_12759,3
TEST_12760,2
TEST_12761,3
TEST_12762,4
TEST_12763,4
TEST_12764,2
TEST_12765,3
TEST_12766,3
TEST_12767,0
TEST_12768,2
TEST_12769,3
TEST_12770,3
TEST_12771,1
TEST_12772,4
TEST_12773,1
TEST_12774,1
TEST_12775,2
TEST_12776,3
TEST_12777,1
TEST_12778,3
TEST_12779,4
TEST_12780,4
TEST_12781,3
TEST_12782,2
TEST_12783,4
TEST_12784,3
TEST_12785,2
TEST_12786,4
TEST_12787,4
TEST_12788,2
TEST_12789,3
TEST_12790,4
TEST_12791,0
TEST_12792,1
TEST_12793,4
TEST_12794,3
TEST_12795,2
TEST_12796,4
TEST_12797,1
TEST_12798,0
TEST_12799,2
TEST_12800,2
TEST_12801,3
TEST_12802,3
TEST_12803,2
TEST_12804,0
TEST_12805,0
TEST_12806,1
TEST_12807,4
TEST_12808,2
TEST_12809,2
TEST_12810,2
TEST_12811,2
TEST_12812,3
TEST_12813,3
TEST_12814,2
TEST_12815,3
TEST_12816,0
TEST_12817,3
TEST_12818,1
TEST_12819,4
TEST_12820,1
TEST_12821,2
TEST_12822,0
TEST_12823,3
TEST_12824,3
TEST_12825,3
TEST_12826,2
TEST_12827,3
TEST_12828,4
TEST_12829,2
TEST_12830,3
TEST_12831,3
TEST_12832,4
TEST_12833,1
TEST_12834,1
TEST_12835,4
TEST_12836,4
TEST_12837,1
TEST_12838,0
TEST_12839,2
TEST_12840,4
TEST_12841,4
TEST_12842,4
TEST_12843,0
TEST_12844,0
TEST_12845,4
TEST_12846,4
TEST_12847,4
TEST_12848,2
TEST_12849,4
TEST_12850,1
TEST_12851,3
TEST_12852,0
TEST_12853,0
TEST_12854,4
TEST_12855,3
TEST_12856,1
TEST_12857,3
TEST_12858,4
TEST_12859,2
TEST_12860,3
TEST_12861,3
TEST_12862,3
TEST_12863,3
TEST_12864,0
TEST_12865,3
TEST_12866,2
TEST_12867,4
TEST_12868,0
TEST_12869,4
TEST_12870,1
TEST_12871,3
TEST_12872,3
TEST_12873,4
TEST_12874,4
TEST_12875,3
TEST_12876,2
TEST_12877,2
TEST_12878,4
TEST_12879,4
TEST_12880,0
TEST_12881,2
TEST_12882,3
TEST_12883,4
TEST_12884,3
TEST_12885,4
TEST_12886,3
TEST_12887,2
TEST_12888,3
TEST_12889,1
TEST_12890,1
TEST_12891,1
TEST_12892,2
TEST_12893,1
TEST_12894,3
TEST_12895,3
TEST_12896,1
TEST_12897,4
TEST_12898,4
TEST_12899,1
TEST_12900,2
TEST_12901,0
TEST_12902,2
TEST_12903,3
TEST_12904,0
TEST_12905,2
TEST_12906,3
TEST_12907,3
TEST_12908,2
TEST_12909,3
TEST_12910,3
TEST_12911,4
TEST_12912,4
TEST_12913,2
TEST_12914,0
TEST_12915,0
TEST_12916,1
TEST_12917,2
TEST_12918,0
TEST_12919,1
TEST_12920,3
TEST_12921,4
TEST_12922,4
TEST_12923,0
TEST_12924,0
TEST_12925,2
TEST_12926,4
TEST_12927,2
TEST_12928,1
TEST_12929,4
TEST_12930,4
TEST_12931,3
TEST_12932,2
TEST_12933,4
TEST_12934,2
TEST_12935,3
TEST_12936,2
TEST_12937,2
TEST_12938,3
TEST_12939,3
TEST_12940,1
TEST_12941,4
TEST_12942,2
TEST_12943,3
TEST_12944,2
TEST_12945,2
TEST_12946,3
TEST_12947,3
TEST_12948,4
TEST_12949,4
TEST_12950,3
TEST_12951,1
TEST_12952,4
TEST_12953,0
TEST_12954,1
TEST_12955,1
TEST_12956,1
TEST_12957,0
TEST_12958,3
TEST_12959,4
TEST_12960,1
TEST_12961,4
TEST_12962,1
TEST_12963,3
TEST_12964,4
TEST_12965,4
TEST_12966,4
TEST_12967,4
TEST_12968,1
TEST_12969,3
TEST_12970,2
TEST_12971,2
TEST_12972,1
TEST_12973,4
TEST_12974,1
TEST_12975,2
TEST_12976,2
TEST_12977,4
TEST_12978,3
TEST_12979,4
TEST_12980,0
TEST_12981,3
TEST_12982,2
TEST_12983,3
TEST_12984,2
TEST_12985,4
TEST_12986,4
TEST_12987,3
TEST_12988,3
TEST_12989,1
TEST_12990,4
TEST_12991,0
TEST_12992,4
TEST_12993,1
TEST_12994,0
TEST_12995,0
TEST_12996,4
TEST_12997,0
TEST_12998,1
TEST_12999,4
TEST_13000,3
TEST_13001,4
TEST_13002,2
TEST_13003,1
TEST_13004,1
TEST_13005,1
TEST_13006,1
TEST_13007,3
TEST_13008,1
TEST_13009,1
TEST_13010,0
TEST_13011,1
TEST_13012,1
TEST_13013,1
TEST_13014,0
TEST_13015,4
TEST_13016,3
TEST_13017,0
TEST_13018,2
TEST_13019,2
TEST_13020,3
TEST_13021,2
TEST_13022,2
TEST_13023,4
TEST_13024,0
TEST_13025,1
TEST_13026,4
TEST_13027,2
TEST_13028,4
TEST_13029,4
TEST_13030,3
TEST_13031,1
TEST_13032,3
TEST_13033,4
TEST_13034,4
TEST_13035,2
TEST_13036,2
TEST_13037,4
TEST_13038,3
TEST_13039,2
TEST_13040,0
TEST_13041,2
TEST_13042,2
TEST_13043,1
TEST_13044,1
TEST_13045,1
TEST_13046,2
TEST_13047,0
TEST_13048,2
TEST_13049,0
TEST_13050,4
TEST_13051,3
TEST_13052,3
TEST_13053,1
TEST_13054,4
TEST_13055,0
TEST_13056,0
TEST_13057,4
TEST_13058,4
TEST_13059,4
TEST_13060,2
TEST_13061,3
TEST_13062,1
TEST_13063,2
TEST_13064,3
TEST_13065,4
TEST_13066,0
TEST_13067,3
TEST_13068,2
TEST_13069,3
TEST_13070,3
TEST_13071,4
TEST_13072,3
TEST_13073,2
TEST_13074,3
TEST_13075,2
TEST_13076,0
TEST_13077,1
TEST_13078,4
TEST_13079,3
TEST_13080,4
TEST_13081,4
TEST_13082,1
TEST_13083,1
TEST_13084,4
TEST_13085,3
TEST_13086,3
TEST_13087,4
TEST_13088,2
TEST_13089,2
TEST_13090,4
TEST_13091,4
TEST_13092,2
TEST_13093,3
TEST_13094,3
TEST_13095,3
TEST_13096,4
TEST_13097,0
TEST_13098,0
TEST_13099,3
TEST_13100,1
TEST_13101,2
TEST_13102,2
TEST_13103,4
TEST_13104,2
TEST_13105,3
TEST_13106,1
TEST_13107,0
TEST_13108,1
TEST_13109,0
TEST_13110,1
TEST_13111,4
TEST_13112,4
TEST_13113,2
TEST_13114,3
TEST_13115,4
TEST_13116,4
TEST_13117,4
TEST_13118,3
TEST_13119,2
TEST_13120,4
TEST_13121,4
TEST_13122,2
TEST_13123,3
TEST_13124,3
TEST_13125,1
TEST_13126,2
TEST_13127,2
TEST_13128,3
TEST_13129,0
TEST_13130,4
TEST_13131,1
TEST_13132,4
TEST_13133,2
TEST_13134,2
TEST_13135,1
TEST_13136,2
TEST_13137,3
TEST_13138,4
TEST_13139,2
TEST_13140,1
TEST_13141,2
TEST_13142,4
TEST_13143,1
TEST_13144,3
TEST_13145,4
TEST_13146,3
TEST_13147,0
TEST_13148,4
TEST_13149,4
TEST_13150,2
TEST_13151,2
TEST_13152,2
TEST_13153,3
TEST_13154,2
TEST_13155,3
TEST_13156,3
TEST_13157,1
TEST_13158,2
TEST_13159,1
TEST_13160,4
TEST_13161,2
TEST_13162,4
TEST_13163,4
TEST_13164,0
TEST_13165,3
TEST_13166,1
TEST_13167,2
TEST_13168,2
TEST_13169,1
TEST_13170,3
TEST_13171,3
TEST_13172,1
TEST_13173,4
TEST_13174,4
TEST_13175,2
TEST_13176,2
TEST_13177,2
TEST_13178,0
TEST_13179,2
TEST_13180,3
TEST_13181,1
TEST_13182,4
TEST_13183,1
TEST_13184,3
TEST_13185,0
TEST_13186,1
TEST_13187,2
TEST_13188,2
TEST_13189,3
TEST_13190,2
TEST_13191,1
TEST_13192,2
TEST_13193,2
TEST_13194,0
TEST_13195,3
TEST_13196,1
TEST_13197,3
TEST_13198,4
TEST_13199,4
TEST_13200,1
TEST_13201,2
TEST_13202,0
TEST_13203,3
TEST_13204,2
TEST_13205,4
TEST_13206,2
TEST_13207,4
TEST_13208,0
TEST_13209,1
TEST_13210,3
TEST_13211,4
TEST_13212,0
TEST_13213,4
TEST_13214,4
TEST_13215,0
TEST_13216,3
TEST_13217,1
TEST_13218,2
TEST_13219,3
TEST_13220,3
TEST_13221,1
TEST_13222,2
TEST_13223,4
TEST_13224,4
TEST_13225,2
TEST_13226,2
TEST_13227,0
TEST_13228,0
TEST_13229,2
TEST_13230,2
TEST_13231,4
TEST_13232,3
TEST_13233,4
TEST_13234,0
TEST_13235,2
TEST_13236,1
TEST_13237,1
TEST_13238,3
TEST_13239,4
TEST_13240,3
TEST_13241,3
TEST_13242,0
TEST_13243,2
TEST_13244,4
TEST_13245,4
TEST_13246,4
TEST_13247,3
TEST_13248,3
TEST_13249,3
TEST_13250,2
TEST_13251,4
TEST_13252,0
TEST_13253,1
TEST_13254,1
TEST_13255,3
TEST_13256,4
TEST_13257,1
TEST_13258,4
TEST_13259,2
TEST_13260,3
TEST_13261,4
TEST_13262,2
TEST_13263,1
TEST_13264,1
TEST_13265,1
TEST_13266,2
TEST_13267,1
TEST_13268,3
TEST_13269,1
TEST_13270,4
TEST_13271,0
TEST_13272,1
TEST_13273,3
TEST_13274,4
TEST_13275,3
TEST_13276,3
TEST_13277,0
TEST_13278,2
TEST_13279,3
TEST_13280,4
TEST_13281,1
TEST_13282,4
TEST_13283,3
TEST_13284,4
TEST_13285,2
TEST_13286,0
TEST_13287,2
TEST_13288,4
TEST_13289,3
TEST_13290,2
TEST_13291,3
TEST_13292,2
TEST_13293,4
TEST_13294,3
TEST_13295,3
TEST_13296,0
TEST_13297,3
TEST_13298,3
TEST_13299,4
TEST_13300,2
TEST_13301,2
TEST_13302,2
TEST_13303,4
TEST_13304,1
TEST_13305,3
TEST_13306,2
TEST_13307,0
TEST_13308,4
TEST_13309,3
TEST_13310,0
TEST_13311,2
TEST_13312,4
TEST_13313,3
TEST_13314,4
TEST_13315,3
TEST_13316,3
TEST_13317,0
TEST_13318,3
TEST_13319,0
TEST_13320,1
TEST_13321,0
TEST_13322,3
TEST_13323,3
TEST_13324,0
TEST_13325,0
TEST_13326,1
TEST_13327,2
TEST_13328,3
TEST_13329,1
TEST_13330,2
TEST_13331,4
TEST_13332,0
TEST_13333,3
TEST_13334,3
TEST_13335,2
TEST_13336,3
TEST_13337,3
TEST_13338,3
TEST_13339,0
TEST_13340,3
TEST_13341,4
TEST_13342,4
TEST_13343,3
TEST_13344,3
TEST_13345,0
TEST_13346,4
TEST_13347,2
TEST_13348,3
TEST_13349,2
TEST_13350,4
TEST_13351,3
TEST_13352,4
TEST_13353,4
TEST_13354,2
TEST_13355,4
TEST_13356,2
TEST_13357,0
TEST_13358,3
TEST_13359,2
TEST_13360,3
TEST_13361,4
TEST_13362,1
TEST_13363,1
TEST_13364,4
TEST_13365,3
TEST_13366,0
TEST_13367,1
TEST_13368,3
TEST_13369,3
TEST_13370,1
TEST_13371,3
TEST_13372,3
TEST_13373,3
TEST_13374,4
TEST_13375,3
TEST_13376,2
TEST_13377,4
TEST_13378,4
TEST_13379,4
TEST_13380,1
TEST_13381,4
TEST_13382,1
TEST_13383,4
TEST_13384,2
TEST_13385,3
TEST_13386,4
TEST_13387,1
TEST_13388,1
TEST_13389,3
TEST_13390,1
TEST_13391,3
TEST_13392,3
TEST_13393,2
TEST_13394,1
TEST_13395,1
TEST_13396,4
TEST_13397,0
TEST_13398,3
TEST_13399,1
TEST_13400,1
TEST_13401,4
TEST_13402,3
TEST_13403,4
TEST_13404,3
TEST_13405,3
TEST_13406,3
TEST_13407,1
TEST_13408,0
TEST_13409,2
TEST_13410,3
TEST_13411,2
TEST_13412,3
TEST_13413,4
TEST_13414,0
TEST_13415,4
TEST_13416,4
TEST_13417,1
TEST_13418,3
TEST_13419,2
TEST_13420,3
TEST_13421,0
TEST_13422,3
TEST_13423,2
TEST_13424,3
TEST_13425,3
TEST_13426,4
TEST_13427,2
TEST_13428,4
TEST_13429,4
TEST_13430,4
TEST_13431,3
TEST_13432,0
TEST_13433,0
TEST_13434,0
TEST_13435,2
TEST_13436,4
TEST_13437,2
TEST_13438,0
TEST_13439,1
TEST_13440,3
TEST_13441,0
TEST_13442,4
TEST_13443,4
TEST_13444,4
TEST_13445,0
TEST_13446,2
TEST_13447,0
TEST_13448,1
TEST_13449,0
TEST_13450,2
TEST_13451,0
TEST_13452,2
TEST_13453,3
TEST_13454,1
TEST_13455,4
TEST_13456,3
TEST_13457,3
TEST_13458,4
TEST_13459,1
TEST_13460,4
TEST_13461,2
TEST_13462,3
TEST_13463,1
TEST_13464,3
TEST_13465,3
TEST_13466,4
TEST_13467,2
TEST_13468,2
TEST_13469,3
TEST_13470,4
TEST_13471,0
TEST_13472,1
TEST_13473,1
TEST_13474,2
TEST_13475,3
TEST_13476,0
TEST_13477,1
TEST_13478,0
TEST_13479,2
TEST_13480,1
TEST_13481,0
TEST_13482,4
TEST_13483,3
TEST_13484,4
TEST_13485,0
TEST_13486,0
TEST_13487,2
TEST_13488,0
TEST_13489,1
TEST_13490,1
TEST_13491,2
TEST_13492,0
TEST_13493,3
TEST_13494,3
TEST_13495,3
TEST_13496,1
TEST_13497,4
TEST_13498,3
TEST_13499,3
TEST_13500,2
TEST_13501,3
TEST_13502,1
TEST_13503,3
TEST_13504,4
TEST_13505,4
TEST_13506,1
TEST_13507,4
TEST_13508,4
TEST_13509,4
TEST_13510,3
TEST_13511,2
TEST_13512,3
TEST_13513,3
TEST_13514,0
TEST_13515,3
TEST_13516,3
TEST_13517,3
TEST_13518,4
TEST_13519,3
TEST_13520,4
TEST_13521,2
TEST_13522,3
TEST_13523,3
TEST_13524,1
TEST_13525,3
TEST_13526,4
TEST_13527,2
TEST_13528,2
TEST_13529,0
TEST_13530,3
TEST_13531,3
TEST_13532,4
TEST_13533,3
TEST_13534,3
TEST_13535,2
TEST_13536,0
TEST_13537,4
TEST_13538,3
TEST_13539,4
TEST_13540,1
TEST_13541,3
TEST_13542,2
TEST_13543,2
TEST_13544,1
TEST_13545,3
TEST_13546,2
TEST_13547,1
TEST_13548,3
TEST_13549,0
TEST_13550,2
TEST_13551,3
TEST_13552,4
TEST_13553,3
TEST_13554,3
TEST_13555,1
TEST_13556,2
TEST_13557,0
TEST_13558,0
TEST_13559,1
TEST_13560,0
TEST_13561,2
TEST_13562,1
TEST_13563,3
TEST_13564,3
TEST_13565,2
TEST_13566,1
TEST_13567,1
TEST_13568,4
TEST_13569,3
TEST_13570,1
TEST_13571,4
TEST_13572,1
TEST_13573,2
TEST_13574,0
TEST_13575,0
TEST_13576,3
TEST_13577,4
TEST_13578,3
TEST_13579,1
TEST_13580,3
TEST_13581,3
TEST_13582,3
TEST_13583,3
TEST_13584,0
TEST_13585,3
TEST_13586,1
TEST_13587,2
TEST_13588,3
TEST_13589,4
TEST_13590,3
TEST_13591,3
TEST_13592,0
TEST_13593,4
TEST_13594,4
TEST_13595,4
TEST_13596,3
TEST_13597,3
TEST_13598,4
TEST_13599,3
TEST_13600,2
TEST_13601,3
TEST_13602,2
TEST_13603,0
TEST_13604,2
TEST_13605,3
TEST_13606,3
TEST_13607,2
TEST_13608,1
TEST_13609,3
TEST_13610,0
TEST_13611,3
TEST_13612,0
TEST_13613,1
TEST_13614,2
TEST_13615,4
TEST_13616,2
TEST_13617,3
TEST_13618,3
TEST_13619,3
TEST_13620,0
TEST_13621,0
TEST_13622,0
TEST_13623,4
TEST_13624,1
TEST_13625,1
TEST_13626,0
TEST_13627,0
TEST_13628,4
TEST_13629,1
TEST_13630,4
TEST_13631,4
TEST_13632,3
TEST_13633,3
TEST_13634,3
TEST_13635,3
TEST_13636,3
TEST_13637,4
TEST_13638,1
TEST_13639,3
TEST_13640,2
TEST_13641,0
TEST_13642,2
TEST_13643,1
TEST_13644,0
TEST_13645,3
TEST_13646,3
TEST_13647,4
TEST_13648,4
TEST_13649,4
TEST_13650,0
TEST_13651,2
TEST_13652,3
TEST_13653,0
TEST_13654,4
TEST_13655,3
TEST_13656,1
TEST_13657,3
TEST_13658,1
TEST_13659,3
TEST_13660,2
TEST_13661,3
TEST_13662,0
TEST_13663,0
TEST_13664,2
TEST_13665,0
TEST_13666,1
TEST_13667,2
TEST_13668,3
TEST_13669,0
TEST_13670,4
TEST_13671,1
TEST_13672,2
TEST_13673,4
TEST_13674,0
TEST_13675,2
TEST_13676,0
TEST_13677,2
TEST_13678,3
TEST_13679,4
TEST_13680,1
TEST_13681,2
TEST_13682,3
TEST_13683,3
TEST_13684,3
TEST_13685,3
TEST_13686,1
TEST_13687,3
TEST_13688,4
TEST_13689,4
TEST_13690,4
TEST_13691,3
TEST_13692,3
TEST_13693,4
TEST_13694,4
TEST_13695,1
TEST_13696,2
TEST_13697,0
TEST_13698,4
TEST_13699,2
TEST_13700,2
TEST_13701,2
TEST_13702,4
TEST_13703,4
TEST_13704,4
TEST_13705,3
TEST_13706,1
TEST_13707,4
TEST_13708,2
TEST_13709,4
TEST_13710,1
TEST_13711,0
TEST_13712,0
TEST_13713,0
TEST_13714,0
TEST_13715,2
TEST_13716,3
TEST_13717,4
TEST_13718,3
TEST_13719,3
TEST_13720,4
TEST_13721,2
TEST_13722,1
TEST_13723,1
TEST_13724,3
TEST_13725,0
TEST_13726,3
TEST_13727,3
TEST_13728,0
TEST_13729,2
TEST_13730,3
TEST_13731,4
TEST_13732,0
TEST_13733,4
TEST_13734,3
TEST_13735,4
TEST_13736,2
TEST_13737,4
TEST_13738,2
TEST_13739,1
TEST_13740,1
TEST_13741,2
TEST_13742,3
TEST_13743,4
TEST_13744,4
TEST_13745,1
TEST_13746,3
TEST_13747,2
TEST_13748,1
TEST_13749,0
TEST_13750,1
TEST_13751,0
TEST_13752,2
TEST_13753,2
TEST_13754,0
TEST_13755,2
TEST_13756,2
TEST_13757,4
TEST_13758,4
TEST_13759,2
TEST_13760,1
TEST_13761,4
TEST_13762,3
TEST_13763,2
TEST_13764,0
TEST_13765,3
TEST_13766,3
TEST_13767,4
TEST_13768,4
TEST_13769,0
TEST_13770,0
TEST_13771,2
TEST_13772,0
TEST_13773,2
TEST_13774,4
TEST_13775,3
TEST_13776,3
TEST_13777,3
TEST_13778,4
TEST_13779,4
TEST_13780,0
TEST_13781,4
TEST_13782,3
TEST_13783,1
TEST_13784,3
TEST_13785,3
TEST_13786,2
TEST_13787,2
TEST_13788,4
TEST_13789,4
TEST_13790,4
TEST_13791,3
TEST_13792,2
TEST_13793,4
TEST_13794,3
TEST_13795,3
TEST_13796,3
TEST_13797,3
TEST_13798,0
TEST_13799,3
TEST_13800,0
TEST_13801,2
TEST_13802,0
TEST_13803,2
TEST_13804,4
TEST_13805,4
TEST_13806,2
TEST_13807,3
TEST_13808,2
TEST_13809,3
TEST_13810,4
TEST_13811,4
TEST_13812,0
TEST_13813,4
TEST_13814,3
TEST_13815,1
TEST_13816,0
TEST_13817,1
TEST_13818,1
TEST_13819,3
TEST_13820,2
TEST_13821,1
TEST_13822,4
TEST_13823,3
TEST_13824,4
TEST_13825,3
TEST_13826,1
TEST_13827,1
TEST_13828,3
TEST_13829,1
TEST_13830,3
TEST_13831,1
TEST_13832,0
TEST_13833,0
TEST_13834,4
TEST_13835,4
TEST_13836,2
TEST_13837,4
TEST_13838,4
TEST_13839,0
TEST_13840,2
TEST_13841,1
TEST_13842,3
TEST_13843,2
TEST_13844,2
TEST_13845,4
TEST_13846,4
TEST_13847,3
TEST_13848,4
TEST_13849,4
TEST_13850,1
TEST_13851,4
TEST_13852,3
TEST_13853,3
TEST_13854,3
TEST_13855,4
TEST_13856,0
TEST_13857,3
TEST_13858,1
TEST_13859,1
TEST_13860,4
TEST_13861,4
TEST_13862,1
TEST_13863,4
TEST_13864,3
TEST_13865,0
TEST_13866,3
TEST_13867,4
TEST_13868,3
TEST_13869,0
TEST_13870,4
TEST_13871,3
TEST_13872,3
TEST_13873,4
TEST_13874,3
TEST_13875,2
TEST_13876,3
TEST_13877,0
TEST_13878,2
TEST_13879,2
TEST_13880,0
TEST_13881,3
TEST_13882,3
TEST_13883,4
TEST_13884,3
TEST_13885,3
TEST_13886,1
TEST_13887,2
TEST_13888,3
TEST_13889,2
TEST_13890,3
TEST_13891,1
TEST_13892,1
TEST_13893,3
TEST_13894,1
TEST_13895,2
TEST_13896,0
TEST_13897,3
TEST_13898,1
TEST_13899,0
TEST_13900,1
TEST_13901,2
TEST_13902,3
TEST_13903,0
TEST_13904,2
TEST_13905,1
TEST_13906,2
TEST_13907,3
TEST_13908,4
TEST_13909,3
TEST_13910,3
TEST_13911,1
TEST_13912,3
TEST_13913,4
TEST_13914,0
TEST_13915,4
TEST_13916,3
TEST_13917,2
TEST_13918,4
TEST_13919,2
TEST_13920,3
TEST_13921,1
TEST_13922,1
TEST_13923,3
TEST_13924,3
TEST_13925,3
TEST_13926,0
TEST_13927,3
TEST_13928,1
TEST_13929,4
TEST_13930,2
TEST_13931,1
TEST_13932,1
TEST_13933,4
TEST_13934,1
TEST_13935,2
TEST_13936,3
TEST_13937,2
TEST_13938,3
TEST_13939,3
TEST_13940,0
TEST_13941,1
TEST_13942,2
TEST_13943,3
TEST_13944,1
TEST_13945,2
TEST_13946,4
TEST_13947,0
TEST_13948,3
TEST_13949,3
TEST_13950,4
TEST_13951,0
TEST_13952,1
TEST_13953,1
TEST_13954,4
TEST_13955,4
TEST_13956,4
TEST_13957,3
TEST_13958,0
TEST_13959,2
TEST_13960,2
TEST_13961,2
TEST_13962,3
TEST_13963,4
TEST_13964,3
TEST_13965,0
TEST_13966,4
TEST_13967,0
TEST_13968,4
TEST_13969,4
TEST_13970,0
TEST_13971,2
TEST_13972,3
TEST_13973,1
TEST_13974,3
TEST_13975,1
TEST_13976,2
TEST_13977,2
TEST_13978,4
TEST_13979,0
TEST_13980,1
TEST_13981,0
TEST_13982,0
TEST_13983,3
TEST_13984,0
TEST_13985,3
TEST_13986,3
TEST_13987,4
TEST_13988,4
TEST_13989,2
TEST_13990,3
TEST_13991,2
TEST_13992,1
TEST_13993,3
TEST_13994,1
TEST_13995,3
TEST_13996,1
TEST_13997,2
TEST_13998,0
TEST_13999,4
TEST_14000,4
TEST_14001,3
TEST_14002,1
TEST_14003,3
TEST_14004,3
TEST_14005,0
TEST_14006,3
TEST_14007,2
TEST_14008,0
TEST_14009,3
TEST_14010,4
TEST_14011,1
TEST_14012,2
TEST_14013,4
TEST_14014,0
TEST_14015,3
TEST_14016,4
TEST_14017,4
TEST_14018,3
TEST_14019,3
TEST_14020,2
TEST_14021,2
TEST_14022,2
TEST_14023,1
TEST_14024,2
TEST_14025,1
TEST_14026,3
TEST_14027,3
TEST_14028,4
TEST_14029,0
TEST_14030,0
TEST_14031,3
TEST_14032,3
TEST_14033,0
TEST_14034,4
TEST_14035,4
TEST_14036,2
TEST_14037,2
TEST_14038,3
TEST_14039,4
TEST_14040,3
TEST_14041,1
TEST_14042,0
TEST_14043,4
TEST_14044,0
TEST_14045,4
TEST_14046,2
TEST_14047,1
TEST_14048,2
TEST_14049,3
TEST_14050,0
TEST_14051,4
TEST_14052,2
TEST_14053,2
TEST_14054,2
TEST_14055,1
TEST_14056,2
TEST_14057,4
TEST_14058,4
TEST_14059,0
TEST_14060,2
TEST_14061,2
TEST_14062,4
TEST_14063,0
TEST_14064,3
TEST_14065,1
TEST_14066,0
TEST_14067,2
TEST_14068,2
TEST_14069,3
TEST_14070,4
TEST_14071,4
TEST_14072,3
TEST_14073,2
TEST_14074,4
TEST_14075,1
TEST_14076,4
TEST_14077,0
TEST_14078,3
TEST_14079,4
TEST_14080,4
TEST_14081,1
TEST_14082,1
TEST_14083,1
TEST_14084,4
TEST_14085,3
TEST_14086,2
TEST_14087,2
TEST_14088,2
TEST_14089,4
TEST_14090,3
TEST_14091,4
TEST_14092,4
TEST_14093,4
TEST_14094,3
TEST_14095,4
TEST_14096,4
TEST_14097,3
TEST_14098,0
TEST_14099,3
TEST_14100,3
TEST_14101,4
TEST_14102,3
TEST_14103,3
TEST_14104,4
TEST_14105,3
TEST_14106,3
TEST_14107,2
TEST_14108,3
TEST_14109,1
TEST_14110,3
TEST_14111,4
TEST_14112,0
TEST_14113,0
TEST_14114,4
TEST_14115,3
TEST_14116,1
TEST_14117,4
TEST_14118,2
TEST_14119,3
TEST_14120,3
TEST_14121,3
TEST_14122,3
TEST_14123,4
TEST_14124,0
TEST_14125,1
TEST_14126,4
TEST_14127,3
TEST_14128,3
TEST_14129,4
TEST_14130,1
TEST_14131,2
TEST_14132,1
TEST_14133,2
TEST_14134,1
TEST_14135,2
TEST_14136,1
TEST_14137,1
TEST_14138,0
TEST_14139,0
TEST_14140,3
TEST_14141,3
TEST_14142,3
TEST_14143,1
TEST_14144,3
TEST_14145,3
TEST_14146,4
TEST_14147,1
TEST_14148,3
TEST_14149,3
TEST_14150,2
TEST_14151,1
TEST_14152,2
TEST_14153,3
TEST_14154,3
TEST_14155,3
TEST_14156,3
TEST_14157,4
TEST_14158,0
TEST_14159,2
TEST_14160,3
TEST_14161,3
TEST_14162,3
TEST_14163,3
TEST_14164,4
TEST_14165,4
TEST_14166,3
TEST_14167,4
TEST_14168,3
TEST_14169,4
TEST_14170,4
TEST_14171,1
TEST_14172,4
TEST_14173,4
TEST_14174,2
TEST_14175,3
TEST_14176,4
TEST_14177,1
TEST_14178,3
TEST_14179,1
TEST_14180,0
TEST_14181,3
TEST_14182,2
TEST_14183,4
TEST_14184,2
TEST_14185,4
TEST_14186,2
TEST_14187,4
TEST_14188,4
TEST_14189,2
TEST_14190,2
TEST_14191,2
TEST_14192,4
TEST_14193,4
TEST_14194,2
TEST_14195,2
TEST_14196,0
TEST_14197,4
TEST_14198,4
TEST_14199,4
TEST_14200,2
TEST_14201,3
TEST_14202,3
TEST_14203,4
TEST_14204,4
TEST_14205,4
TEST_14206,2
TEST_14207,2
TEST_14208,2
TEST_14209,2
TEST_14210,3
TEST_14211,3
TEST_14212,4
TEST_14213,4
TEST_14214,3
TEST_14215,3
TEST_14216,4
TEST_14217,3
TEST_14218,2
TEST_14219,2
TEST_14220,2
TEST_14221,2
TEST_14222,2
TEST_14223,2
TEST_14224,1
TEST_14225,4
TEST_14226,4
TEST_14227,2
TEST_14228,4
TEST_14229,3
TEST_14230,3
TEST_14231,3
TEST_14232,2
TEST_14233,2
TEST_14234,3
TEST_14235,3
TEST_14236,2
TEST_14237,3
TEST_14238,4
TEST_14239,2
TEST_14240,3
TEST_14241,0
TEST_14242,3
TEST_14243,3
TEST_14244,4
TEST_14245,3
TEST_14246,4
TEST_14247,4
TEST_14248,4
TEST_14249,1
TEST_14250,3
TEST_14251,3
TEST_14252,4
TEST_14253,4
TEST_14254,0
TEST_14255,1
TEST_14256,4
TEST_14257,3
TEST_14258,0
TEST_14259,4
TEST_14260,3
TEST_14261,2
TEST_14262,1
TEST_14263,2
TEST_14264,2
TEST_14265,0
TEST_14266,0
TEST_14267,4
TEST_14268,3
TEST_14269,2
TEST_14270,2
TEST_14271,0
TEST_14272,3
TEST_14273,4
TEST_14274,3
TEST_14275,0
TEST_14276,4
TEST_14277,1
TEST_14278,0
TEST_14279,4
TEST_14280,2
TEST_14281,4
TEST_14282,1
TEST_14283,1
TEST_14284,0
TEST_14285,3
TEST_14286,2
TEST_14287,4
TEST_14288,4
TEST_14289,2
TEST_14290,1
TEST_14291,4
TEST_14292,1
TEST_14293,3
TEST_14294,3
TEST_14295,2
TEST_14296,3
TEST_14297,0
TEST_14298,1
TEST_14299,4
TEST_14300,3
TEST_14301,1
TEST_14302,4
TEST_14303,2
TEST_14304,3
TEST_14305,0
TEST_14306,2
TEST_14307,4
TEST_14308,1
TEST_14309,3
TEST_14310,4
TEST_14311,0
TEST_14312,3
TEST_14313,3
TEST_14314,2
TEST_14315,1
TEST_14316,3
TEST_14317,4
TEST_14318,3
TEST_14319,1
TEST_14320,4
TEST_14321,2
TEST_14322,0
TEST_14323,2
TEST_14324,2
TEST_14325,4
TEST_14326,0
TEST_14327,4
TEST_14328,3
TEST_14329,4
TEST_14330,2
TEST_14331,3
TEST_14332,3
TEST_14333,3
TEST_14334,2
TEST_14335,3
TEST_14336,3
TEST_14337,1
TEST_14338,0
TEST_14339,4
TEST_14340,1
TEST_14341,1
TEST_14342,4
TEST_14343,3
TEST_14344,3
TEST_14345,2
TEST_14346,1
TEST_14347,3
TEST_14348,2
TEST_14349,4
TEST_14350,3
TEST_14351,3
TEST_14352,1
TEST_14353,4
TEST_14354,1
TEST_14355,3
TEST_14356,3
TEST_14357,1
TEST_14358,0
TEST_14359,1
TEST_14360,3
TEST_14361,1
TEST_14362,3
TEST_14363,3
TEST_14364,3
TEST_14365,2
TEST_14366,3
TEST_14367,2
TEST_14368,2
TEST_14369,2
TEST_14370,3
TEST_14371,1
TEST_14372,4
TEST_14373,3
TEST_14374,0
TEST_14375,4
TEST_14376,4
TEST_14377,3
TEST_14378,2
TEST_14379,2
TEST_14380,4
TEST_14381,2
TEST_14382,2
TEST_14383,4
TEST_14384,3
TEST_14385,0
TEST_14386,0
TEST_14387,1
TEST_14388,3
TEST_14389,0
TEST_14390,3
TEST_14391,2
TEST_14392,2
TEST_14393,0
TEST_14394,3
TEST_14395,0
TEST_14396,3
TEST_14397,1
TEST_14398,4
TEST_14399,2
TEST_14400,1
TEST_14401,4
TEST_14402,4
TEST_14403,2
TEST_14404,0
TEST_14405,3
TEST_14406,3
TEST_14407,2
TEST_14408,4
TEST_14409,2
TEST_14410,3
TEST_14411,1
TEST_14412,0
TEST_14413,3
TEST_14414,4
TEST_14415,0
TEST_14416,4
TEST_14417,4
TEST_14418,4
TEST_14419,0
TEST_14420,4
TEST_14421,2
TEST_14422,2
TEST_14423,3
TEST_14424,3
TEST_14425,1
TEST_14426,2
TEST_14427,0
TEST_14428,2
TEST_14429,4
TEST_14430,4
TEST_14431,3
TEST_14432,4
TEST_14433,3
TEST_14434,3
TEST_14435,0
TEST_14436,2
TEST_14437,4
TEST_14438,1
TEST_14439,2
TEST_14440,3
TEST_14441,1
TEST_14442,4
TEST_14443,2
TEST_14444,3
TEST_14445,4
TEST_14446,4
TEST_14447,3
TEST_14448,1
TEST_14449,2
TEST_14450,1
TEST_14451,3
TEST_14452,2
TEST_14453,0
TEST_14454,4
TEST_14455,3
TEST_14456,4
TEST_14457,2
TEST_14458,1
TEST_14459,0
TEST_14460,3
TEST_14461,0
TEST_14462,3
TEST_14463,0
TEST_14464,2
TEST_14465,3
TEST_14466,4
TEST_14467,3
TEST_14468,4
TEST_14469,3
TEST_14470,4
TEST_14471,3
TEST_14472,2
TEST_14473,2
TEST_14474,0
TEST_14475,4
TEST_14476,4
TEST_14477,0
TEST_14478,3
TEST_14479,2
TEST_14480,2
TEST_14481,3
TEST_14482,2
TEST_14483,1
TEST_14484,3
TEST_14485,1
TEST_14486,4
TEST_14487,2
TEST_14488,3
TEST_14489,3
TEST_14490,1
TEST_14491,4
TEST_14492,3
TEST_14493,2
TEST_14494,2
TEST_14495,1
TEST_14496,4
TEST_14497,4
TEST_14498,4
TEST_14499,0
TEST_14500,3
TEST_14501,3
TEST_14502,2
TEST_14503,1
TEST_14504,3
TEST_14505,2
TEST_14506,4
TEST_14507,3
TEST_14508,4
TEST_14509,4
TEST_14510,2
TEST_14511,3
TEST_14512,2
TEST_14513,4
TEST_14514,2
TEST_14515,4
TEST_14516,0
TEST_14517,2
TEST_14518,4
TEST_14519,0
TEST_14520,3
TEST_14521,3
TEST_14522,4
TEST_14523,0
TEST_14524,1
TEST_14525,4
TEST_14526,2
TEST_14527,4
TEST_14528,2
TEST_14529,1
TEST_14530,1
TEST_14531,1
TEST_14532,3
TEST_14533,3
TEST_14534,4
TEST_14535,3
TEST_14536,2
TEST_14537,4
TEST_14538,0
TEST_14539,3
TEST_14540,1
TEST_14541,4
TEST_14542,0
TEST_14543,2
TEST_14544,1
TEST_14545,3
TEST_14546,4
TEST_14547,4
TEST_14548,4
TEST_14549,3
TEST_14550,1
TEST_14551,2
TEST_14552,3
TEST_14553,3
TEST_14554,3
TEST_14555,3
TEST_14556,4
TEST_14557,3
TEST_14558,1
TEST_14559,3
TEST_14560,3
TEST_14561,3
TEST_14562,2
TEST_14563,3
TEST_14564,4
TEST_14565,3
TEST_14566,2
TEST_14567,0
TEST_14568,1
TEST_14569,1
TEST_14570,3
TEST_14571,3
TEST_14572,1
TEST_14573,2
TEST_14574,3
TEST_14575,1
TEST_14576,4
TEST_14577,0
TEST_14578,0
TEST_14579,4
TEST_14580,1
TEST_14581,2
TEST_14582,2
TEST_14583,1
TEST_14584,3
TEST_14585,4
TEST_14586,2
TEST_14587,2
TEST_14588,0
TEST_14589,3
TEST_14590,0
TEST_14591,1
TEST_14592,3
TEST_14593,0
TEST_14594,3
TEST_14595,3
TEST_14596,1
TEST_14597,1
TEST_14598,2
TEST_14599,0
TEST_14600,4
TEST_14601,2
TEST_14602,3
TEST_14603,2
TEST_14604,1
TEST_14605,4
TEST_14606,2
TEST_14607,4
TEST_14608,4
TEST_14609,3
TEST_14610,1
TEST_14611,2
TEST_14612,3
TEST_14613,0
TEST_14614,1
TEST_14615,3
TEST_14616,4
TEST_14617,0
TEST_14618,1
TEST_14619,3
TEST_14620,3
TEST_14621,3
TEST_14622,0
TEST_14623,2
TEST_14624,4
TEST_14625,1
TEST_14626,4
TEST_14627,3
TEST_14628,1
TEST_14629,0
TEST_14630,2
TEST_14631,2
TEST_14632,2
TEST_14633,4
TEST_14634,1
TEST_14635,4
TEST_14636,2
TEST_14637,2
TEST_14638,4
TEST_14639,4
TEST_14640,3
TEST_14641,3
TEST_14642,4
TEST_14643,3
TEST_14644,4
TEST_14645,2
TEST_14646,1
TEST_14647,4
TEST_14648,4
TEST_14649,2
TEST_14650,2
TEST_14651,4
TEST_14652,1
TEST_14653,1
TEST_14654,2
TEST_14655,3
TEST_14656,3
TEST_14657,4
TEST_14658,1
TEST_14659,4
TEST_14660,4
TEST_14661,4
TEST_14662,3
TEST_14663,3
TEST_14664,4
TEST_14665,3
TEST_14666,1
TEST_14667,4
TEST_14668,3
TEST_14669,3
TEST_14670,4
TEST_14671,3
TEST_14672,3
TEST_14673,3
TEST_14674,0
TEST_14675,2
TEST_14676,1
TEST_14677,1
TEST_14678,2
TEST_14679,4
TEST_14680,1
TEST_14681,4
TEST_14682,4
TEST_14683,1
TEST_14684,3
TEST_14685,1
TEST_14686,4
TEST_14687,2
TEST_14688,1
TEST_14689,1
TEST_14690,4
TEST_14691,1
TEST_14692,0
TEST_14693,4
TEST_14694,2
TEST_14695,1
TEST_14696,2
TEST_14697,2
TEST_14698,0
TEST_14699,0
TEST_14700,4
TEST_14701,4
TEST_14702,3
TEST_14703,3
TEST_14704,2
TEST_14705,0
TEST_14706,2
TEST_14707,4
TEST_14708,3
TEST_14709,3
TEST_14710,4
TEST_14711,0
TEST_14712,2
TEST_14713,1
TEST_14714,2
TEST_14715,0
TEST_14716,3
TEST_14717,4
TEST_14718,3
TEST_14719,2
TEST_14720,1
TEST_14721,1
TEST_14722,4
TEST_14723,3
TEST_14724,3
TEST_14725,3
TEST_14726,3
TEST_14727,1
TEST_14728,3
TEST_14729,0
TEST_14730,0
TEST_14731,4
TEST_14732,2
TEST_14733,2
TEST_14734,0
TEST_14735,4
TEST_14736,1
TEST_14737,1
TEST_14738,3
TEST_14739,1
TEST_14740,0
TEST_14741,3
TEST_14742,2
TEST_14743,1
TEST_14744,4
TEST_14745,4
TEST_14746,0
TEST_14747,4
TEST_14748,2
TEST_14749,1
TEST_14750,2
TEST_14751,2
TEST_14752,2
TEST_14753,3
TEST_14754,3
TEST_14755,1
TEST_14756,1
TEST_14757,4
TEST_14758,4
TEST_14759,4
TEST_14760,0
TEST_14761,3
TEST_14762,3
TEST_14763,0
TEST_14764,2
TEST_14765,2
TEST_14766,0
TEST_14767,3
TEST_14768,2
TEST_14769,2
TEST_14770,3
TEST_14771,1
TEST_14772,3
TEST_14773,4
TEST_14774,3
TEST_14775,2
TEST_14776,2
TEST_14777,4
TEST_14778,4
TEST_14779,3
TEST_14780,3
TEST_14781,4
TEST_14782,3
TEST_14783,0
TEST_14784,4
TEST_14785,2
TEST_14786,4
TEST_14787,3
TEST_14788,4
TEST_14789,2
TEST_14790,2
TEST_14791,0
TEST_14792,0
TEST_14793,1
TEST_14794,0
TEST_14795,3
TEST_14796,0
TEST_14797,2
TEST_14798,2
TEST_14799,3
TEST_14800,3
TEST_14801,0
TEST_14802,4
TEST_14803,0
TEST_14804,4
TEST_14805,4
TEST_14806,3
TEST_14807,3
TEST_14808,4
TEST_14809,4
TEST_14810,3
TEST_14811,0
TEST_14812,2
TEST_14813,3
TEST_14814,3
TEST_14815,3
TEST_14816,4
TEST_14817,3
TEST_14818,2
TEST_14819,2
TEST_14820,2
TEST_14821,0
TEST_14822,2
TEST_14823,2
TEST_14824,1
TEST_14825,3
TEST_14826,3
TEST_14827,3
TEST_14828,2
TEST_14829,3
TEST_14830,0
TEST_14831,0
TEST_14832,0
TEST_14833,1
TEST_14834,3
TEST_14835,1
TEST_14836,1
TEST_14837,2
TEST_14838,2
TEST_14839,2
TEST_14840,3
TEST_14841,4
TEST_14842,3
TEST_14843,2
TEST_14844,0
TEST_14845,3
TEST_14846,2
TEST_14847,2
TEST_14848,4
TEST_14849,2
TEST_14850,0
TEST_14851,1
TEST_14852,2
TEST_14853,0
TEST_14854,1
TEST_14855,2
TEST_14856,3
TEST_14857,1
TEST_14858,4
TEST_14859,2
TEST_14860,2
TEST_14861,2
TEST_14862,2
TEST_14863,3
TEST_14864,3
TEST_14865,3
TEST_14866,3
TEST_14867,3
TEST_14868,0
TEST_14869,4
TEST_14870,3
TEST_14871,1
TEST_14872,3
TEST_14873,1
TEST_14874,4
TEST_14875,4
TEST_14876,2
TEST_14877,4
TEST_14878,3
TEST_14879,0
TEST_14880,3
TEST_14881,3
TEST_14882,3
TEST_14883,1
TEST_14884,4
TEST_14885,4
TEST_14886,0
TEST_14887,4
TEST_14888,2
TEST_14889,1
TEST_14890,0
TEST_14891,0
TEST_14892,3
TEST_14893,2
TEST_14894,4
TEST_14895,1
TEST_14896,4
TEST_14897,2
TEST_14898,4
TEST_14899,1
TEST_14900,2
TEST_14901,2
TEST_14902,4
TEST_14903,3
TEST_14904,2
TEST_14905,2
TEST_14906,1
TEST_14907,4
TEST_14908,0
TEST_14909,3
TEST_14910,2
TEST_14911,4
TEST_14912,1
TEST_14913,4
TEST_14914,4
TEST_14915,3
TEST_14916,3
TEST_14917,1
TEST_14918,4
TEST_14919,2
TEST_14920,4
TEST_14921,4
TEST_14922,0
TEST_14923,1
TEST_14924,4
TEST_14925,4
TEST_14926,2
TEST_14927,3
TEST_14928,0
TEST_14929,2
TEST_14930,3
TEST_14931,2
TEST_14932,0
TEST_14933,3
TEST_14934,2
TEST_14935,4
TEST_14936,3
TEST_14937,2
TEST_14938,1
TEST_14939,3
TEST_14940,1
TEST_14941,2
TEST_14942,4
TEST_14943,0
TEST_14944,3
TEST_14945,4
TEST_14946,3
TEST_14947,3
TEST_14948,4
TEST_14949,3
TEST_14950,2
TEST_14951,3
TEST_14952,1
TEST_14953,3
TEST_14954,4
TEST_14955,4
TEST_14956,4
TEST_14957,4
TEST_14958,3
TEST_14959,2
TEST_14960,3
TEST_14961,2
TEST_14962,2
TEST_14963,4
TEST_14964,3
TEST_14965,2
TEST_14966,4
TEST_14967,4
TEST_14968,4
TEST_14969,4
TEST_14970,1
TEST_14971,1
TEST_14972,3
TEST_14973,2
TEST_14974,3
TEST_14975,1
TEST_14976,1
TEST_14977,1
TEST_14978,1
TEST_14979,1
TEST_14980,1
TEST_14981,1
TEST_14982,4
TEST_14983,1
TEST_14984,4
TEST_14985,1
TEST_14986,1
TEST_14987,1
TEST_14988,3
TEST_14989,3
TEST_14990,0
TEST_14991,0
TEST_14992,1
TEST_14993,3
TEST_14994,0
TEST_14995,4
TEST_14996,0
TEST_14997,3
TEST_14998,3
TEST_14999,3
TEST_15000,1
TEST_15001,0
TEST_15002,3
TEST_15003,0
TEST_15004,2
TEST_15005,1
TEST_15006,2
TEST_15007,3
TEST_15008,4
TEST_15009,2
TEST_15010,3
TEST_15011,3
TEST_15012,3
TEST_15013,4
TEST_15014,4
TEST_15015,4
TEST_15016,2
TEST_15017,1
TEST_15018,4
TEST_15019,2
TEST_15020,4
TEST_15021,3
TEST_15022,2
TEST_15023,2
TEST_15024,0
TEST_15025,3
TEST_15026,3
TEST_15027,1
TEST_15028,1
TEST_15029,2
TEST_15030,1
TEST_15031,2
TEST_15032,2
TEST_15033,2
TEST_15034,4
TEST_15035,1
TEST_15036,3
TEST_15037,2
TEST_15038,0
TEST_15039,4
TEST_15040,2
TEST_15041,4
TEST_15042,3
TEST_15043,2
TEST_15044,2
TEST_15045,2
TEST_15046,3
TEST_15047,2
TEST_15048,0
TEST_15049,2
TEST_15050,4
TEST_15051,1
TEST_15052,4
TEST_15053,3
TEST_15054,1
TEST_15055,1
TEST_15056,0
TEST_15057,4
TEST_15058,0
TEST_15059,0
TEST_15060,4
TEST_15061,4
TEST_15062,3
TEST_15063,1
TEST_15064,0
TEST_15065,0
TEST_15066,3
TEST_15067,3
TEST_15068,4
TEST_15069,3
TEST_15070,2
TEST_15071,2
TEST_15072,2
TEST_15073,4
TEST_15074,3
TEST_15075,2
TEST_15076,3
TEST_15077,2
TEST_15078,2
TEST_15079,2
TEST_15080,4
TEST_15081,4
TEST_15082,1
TEST_15083,0
TEST_15084,1
TEST_15085,2
TEST_15086,2
TEST_15087,3
TEST_15088,4
TEST_15089,2
TEST_15090,3
TEST_15091,4
TEST_15092,4
TEST_15093,0
TEST_15094,0
TEST_15095,1
TEST_15096,3
TEST_15097,3
TEST_15098,1
TEST_15099,3
TEST_15100,0
TEST_15101,1
TEST_15102,1
TEST_15103,2
TEST_15104,1
TEST_15105,3
TEST_15106,1
TEST_15107,1
TEST_15108,3
TEST_15109,4
TEST_15110,4
TEST_15111,2
TEST_15112,2
TEST_15113,2
TEST_15114,0
TEST_15115,3
TEST_15116,2
TEST_15117,0
TEST_15118,3
TEST_15119,1
TEST_15120,3
TEST_15121,4
TEST_15122,3
TEST_15123,1
TEST_15124,3
TEST_15125,0
TEST_15126,1
TEST_15127,1
TEST_15128,4
TEST_15129,4
TEST_15130,3
TEST_15131,2
TEST_15132,1
TEST_15133,3
TEST_15134,4
TEST_15135,2
TEST_15136,2
TEST_15137,2
TEST_15138,1
TEST_15139,3
TEST_15140,4
TEST_15141,1
TEST_15142,4
TEST_15143,0
TEST_15144,2
TEST_15145,0
TEST_15146,1
TEST_15147,4
TEST_15148,3
TEST_15149,2
TEST_15150,4
TEST_15151,2
TEST_15152,4
TEST_15153,2
TEST_15154,4
TEST_15155,0
TEST_15156,4
TEST_15157,4
TEST_15158,3
TEST_15159,3
TEST_15160,3
TEST_15161,4
TEST_15162,4
TEST_15163,3
TEST_15164,3
TEST_15165,3
TEST_15166,3
TEST_15167,1
TEST_15168,4
TEST_15169,3
TEST_15170,1
TEST_15171,2
TEST_15172,0
TEST_15173,4
TEST_15174,3
TEST_15175,4
TEST_15176,1
TEST_15177,0
TEST_15178,2
TEST_15179,4
TEST_15180,4
TEST_15181,1
TEST_15182,1
TEST_15183,3
TEST_15184,2
TEST_15185,3
TEST_15186,3
TEST_15187,2
TEST_15188,2
TEST_15189,3
TEST_15190,0
TEST_15191,3
TEST_15192,1
TEST_15193,2
TEST_15194,0
TEST_15195,4
TEST_15196,1
TEST_15197,0
TEST_15198,0
TEST_15199,3
TEST_15200,4
TEST_15201,3
TEST_15202,3
TEST_15203,2
TEST_15204,3
TEST_15205,0
TEST_15206,3
TEST_15207,4
TEST_15208,4
TEST_15209,4
TEST_15210,4
TEST_15211,1
TEST_15212,3
TEST_15213,1
TEST_15214,3
TEST_15215,0
TEST_15216,4
TEST_15217,4
TEST_15218,4
TEST_15219,3
TEST_15220,3
TEST_15221,3
TEST_15222,2
TEST_15223,3
TEST_15224,4
TEST_15225,3
TEST_15226,2
TEST_15227,4
TEST_15228,4
TEST_15229,3
TEST_15230,3
TEST_15231,3
TEST_15232,4
TEST_15233,2
TEST_15234,3
TEST_15235,0
TEST_15236,1
TEST_15237,4
TEST_15238,4
TEST_15239,3
TEST_15240,2
TEST_15241,1
TEST_15242,3
TEST_15243,3
TEST_15244,1
TEST_15245,4
TEST_15246,1
TEST_15247,1
TEST_15248,0
TEST_15249,1
TEST_15250,3
TEST_15251,2
TEST_15252,0
TEST_15253,4
TEST_15254,3
TEST_15255,0
TEST_15256,2
TEST_15257,0
TEST_15258,3
TEST_15259,2
TEST_15260,2
TEST_15261,2
TEST_15262,0
TEST_15263,4
TEST_15264,4
TEST_15265,2
TEST_15266,3
TEST_15267,4
TEST_15268,4
TEST_15269,3
TEST_15270,2
TEST_15271,4
TEST_15272,3
TEST_15273,2
TEST_15274,3
TEST_15275,4
TEST_15276,4
TEST_15277,3
TEST_15278,4
TEST_15279,4
TEST_15280,4
TEST_15281,2
TEST_15282,2
TEST_15283,4
TEST_15284,3
TEST_15285,0
TEST_15286,3
TEST_15287,1
TEST_15288,4
TEST_15289,2
TEST_15290,1
TEST_15291,2
TEST_15292,1
TEST_15293,3
TEST_15294,4
TEST_15295,0
TEST_15296,3
TEST_15297,0
TEST_15298,3
TEST_15299,3
TEST_15300,0
TEST_15301,4
TEST_15302,4
TEST_15303,3
TEST_15304,4
TEST_15305,2
TEST_15306,1
TEST_15307,4
TEST_15308,3
TEST_15309,3
TEST_15310,4
TEST_15311,1
TEST_15312,2
TEST_15313,4
TEST_15314,2
TEST_15315,4
TEST_15316,0
TEST_15317,3
TEST_15318,2
TEST_15319,2
TEST_15320,1
TEST_15321,1
TEST_15322,2
TEST_15323,2
TEST_15324,0
TEST_15325,3
TEST_15326,4
TEST_15327,0
TEST_15328,3
TEST_15329,4
TEST_15330,2
TEST_15331,3
TEST_15332,4
TEST_15333,4
TEST_15334,3
TEST_15335,2
TEST_15336,2
TEST_15337,4
TEST_15338,0
TEST_15339,2
TEST_15340,2
TEST_15341,1
TEST_15342,4
TEST_15343,3
TEST_15344,2
TEST_15345,2
TEST_15346,4
TEST_15347,4
TEST_15348,3
TEST_15349,0
TEST_15350,3
TEST_15351,0
TEST_15352,3
TEST_15353,4
TEST_15354,3
TEST_15355,1
TEST_15356,0
TEST_15357,3
TEST_15358,1
TEST_15359,4
TEST_15360,1
TEST_15361,3
TEST_15362,3
TEST_15363,0
TEST_15364,4
TEST_15365,4
TEST_15366,2
TEST_15367,3
TEST_15368,3
TEST_15369,1
TEST_15370,3
TEST_15371,3
TEST_15372,0
TEST_15373,2
TEST_15374,4
TEST_15375,4
TEST_15376,1
TEST_15377,2
TEST_15378,0
TEST_15379,1
TEST_15380,2
TEST_15381,2
TEST_15382,3
TEST_15383,3
TEST_15384,3
TEST_15385,2
TEST_15386,3
TEST_15387,3
TEST_15388,3
TEST_15389,1
TEST_15390,4
TEST_15391,4
TEST_15392,3
TEST_15393,4
TEST_15394,4
TEST_15395,0
TEST_15396,4
TEST_15397,3
TEST_15398,2
TEST_15399,3
TEST_15400,3
TEST_15401,2
TEST_15402,0
TEST_15403,4
TEST_15404,4
TEST_15405,4
TEST_15406,4
TEST_15407,0
TEST_15408,4
TEST_15409,4
TEST_15410,4
TEST_15411,4
TEST_15412,3
TEST_15413,4
TEST_15414,0
TEST_15415,0
TEST_15416,1
TEST_15417,2
TEST_15418,4
TEST_15419,3
TEST_15420,3
TEST_15421,4
TEST_15422,4
TEST_15423,4
TEST_15424,3
TEST_15425,4
TEST_15426,1
TEST_15427,3
TEST_15428,3
TEST_15429,4
TEST_15430,2
TEST_15431,3
TEST_15432,3
TEST_15433,0
TEST_15434,4
TEST_15435,3
TEST_15436,3
TEST_15437,2
TEST_15438,1
TEST_15439,4
TEST_15440,2
TEST_15441,4
TEST_15442,3
TEST_15443,4
TEST_15444,3
TEST_15445,0
TEST_15446,2
TEST_15447,4
TEST_15448,3
TEST_15449,2
TEST_15450,0
TEST_15451,0
TEST_15452,1
TEST_15453,4
TEST_15454,4
TEST_15455,3
TEST_15456,4
TEST_15457,4
TEST_15458,3
TEST_15459,1
TEST_15460,3
TEST_15461,2
TEST_15462,1
TEST_15463,4
TEST_15464,1
TEST_15465,1
TEST_15466,2
TEST_15467,4
TEST_15468,3
TEST_15469,1
TEST_15470,4
TEST_15471,4
TEST_15472,3
TEST_15473,0
TEST_15474,3
TEST_15475,1
TEST_15476,1
TEST_15477,1
TEST_15478,2
TEST_15479,3
TEST_15480,3
TEST_15481,3
TEST_15482,4
TEST_15483,3
TEST_15484,0
TEST_15485,3
TEST_15486,1
TEST_15487,4
TEST_15488,3
TEST_15489,2
TEST_15490,0
TEST_15491,2
TEST_15492,0
TEST_15493,4
TEST_15494,3
TEST_15495,4
TEST_15496,0
TEST_15497,2
TEST_15498,3
TEST_15499,2
TEST_15500,4
TEST_15501,0
TEST_15502,2
TEST_15503,3
TEST_15504,4
TEST_15505,2
TEST_15506,4
TEST_15507,2
TEST_15508,2
TEST_15509,4
TEST_15510,3
TEST_15511,4
TEST_15512,3
TEST_15513,0
TEST_15514,3
TEST_15515,2
TEST_15516,4
TEST_15517,3
TEST_15518,3
TEST_15519,3
TEST_15520,4
TEST_15521,0
TEST_15522,1
TEST_15523,0
TEST_15524,3
TEST_15525,0
TEST_15526,3
TEST_15527,0
TEST_15528,3
TEST_15529,2
TEST_15530,1
TEST_15531,3
TEST_15532,1
TEST_15533,2
TEST_15534,0
TEST_15535,1
TEST_15536,1
TEST_15537,1
TEST_15538,2
TEST_15539,2
TEST_15540,3
TEST_15541,0
TEST_15542,2
TEST_15543,4
TEST_15544,1
TEST_15545,4
TEST_15546,4
TEST_15547,2
TEST_15548,3
TEST_15549,2
TEST_15550,2
TEST_15551,1
TEST_15552,3
TEST_15553,0
TEST_15554,3
TEST_15555,4
TEST_15556,0
TEST_15557,3
TEST_15558,2
TEST_15559,2
TEST_15560,2
TEST_15561,2
TEST_15562,4
TEST_15563,3
TEST_15564,0
TEST_15565,2
TEST_15566,2
TEST_15567,3
TEST_15568,4
TEST_15569,3
TEST_15570,2
TEST_15571,4
TEST_15572,4
TEST_15573,2
TEST_15574,3
TEST_15575,3
TEST_15576,4
TEST_15577,4
TEST_15578,2
TEST_15579,2
TEST_15580,1
TEST_15581,2
TEST_15582,4
TEST_15583,1
TEST_15584,2
TEST_15585,3
TEST_15586,0
TEST_15587,2
TEST_15588,1
TEST_15589,1
TEST_15590,3
TEST_15591,3
TEST_15592,3
TEST_15593,2
TEST_15594,4
TEST_15595,4
TEST_15596,1
TEST_15597,0
TEST_15598,3
TEST_15599,4
TEST_15600,3
TEST_15601,3
TEST_15602,0
TEST_15603,2
TEST_15604,3
TEST_15605,4
TEST_15606,2
TEST_15607,1
TEST_15608,3
TEST_15609,2
TEST_15610,4
TEST_15611,4
TEST_15612,4
TEST_15613,2
TEST_15614,2
TEST_15615,4
TEST_15616,3
TEST_15617,2
TEST_15618,1
TEST_15619,3
TEST_15620,0
TEST_15621,4
TEST_15622,2
TEST_15623,0
TEST_15624,1
TEST_15625,3
TEST_15626,4
TEST_15627,2
TEST_15628,3
TEST_15629,1
TEST_15630,0
TEST_15631,4
TEST_15632,2
TEST_15633,3
TEST_15634,2
TEST_15635,3
TEST_15636,4
TEST_15637,4
TEST_15638,1
TEST_15639,3
TEST_15640,4
TEST_15641,4
TEST_15642,1
TEST_15643,1
TEST_15644,1
TEST_15645,2
TEST_15646,1
TEST_15647,4
TEST_15648,2
TEST_15649,0
TEST_15650,4
TEST_15651,4
TEST_15652,2
TEST_15653,3
TEST_15654,2
TEST_15655,3
TEST_15656,2
TEST_15657,1
TEST_15658,3
TEST_15659,4
TEST_15660,2
TEST_15661,3
TEST_15662,0
TEST_15663,4
TEST_15664,3
TEST_15665,0
TEST_15666,2
TEST_15667,2
TEST_15668,0
TEST_15669,2
TEST_15670,3
TEST_15671,3
TEST_15672,3
TEST_15673,3
TEST_15674,1
TEST_15675,4
TEST_15676,4
TEST_15677,2
TEST_15678,4
TEST_15679,3
TEST_15680,3
TEST_15681,4
TEST_15682,4
TEST_15683,4
TEST_15684,3
TEST_15685,3
TEST_15686,1
TEST_15687,3
TEST_15688,4
TEST_15689,1
TEST_15690,1
TEST_15691,3
TEST_15692,1
TEST_15693,3
TEST_15694,3
TEST_15695,2
TEST_15696,4
TEST_15697,0
TEST_15698,4
TEST_15699,2
TEST_15700,4
TEST_15701,1
TEST_15702,2
TEST_15703,3
TEST_15704,3
TEST_15705,1
TEST_15706,2
TEST_15707,4
TEST_15708,4
TEST_15709,3
TEST_15710,4
TEST_15711,4
TEST_15712,4
TEST_15713,4
TEST_15714,1
TEST_15715,0
TEST_15716,3
TEST_15717,3
TEST_15718,3
TEST_15719,0
TEST_15720,4
TEST_15721,2
TEST_15722,4
TEST_15723,2
TEST_15724,2
TEST_15725,2
TEST_15726,3
TEST_15727,4
TEST_15728,2
TEST_15729,4
TEST_15730,3
TEST_15731,4
TEST_15732,1
TEST_15733,4
TEST_15734,4
TEST_15735,4
TEST_15736,2
TEST_15737,3
TEST_15738,4
TEST_15739,3
TEST_15740,3
TEST_15741,1
TEST_15742,4
TEST_15743,3
TEST_15744,3
TEST_15745,1
TEST_15746,3
TEST_15747,3
TEST_15748,2
TEST_15749,1
TEST_15750,4
TEST_15751,2
TEST_15752,0
TEST_15753,0
TEST_15754,3
TEST_15755,1
TEST_15756,4
TEST_15757,1
TEST_15758,1
TEST_15759,4
TEST_15760,4
TEST_15761,2
TEST_15762,3
TEST_15763,3
TEST_15764,3
TEST_15765,2
TEST_15766,2
TEST_15767,0
TEST_15768,2
TEST_15769,1
TEST_15770,4
TEST_15771,0
TEST_15772,2
TEST_15773,3
TEST_15774,4
TEST_15775,4
TEST_15776,0
TEST_15777,4
TEST_15778,1
TEST_15779,3
TEST_15780,0
TEST_15781,2
TEST_15782,1
TEST_15783,2
TEST_15784,4
TEST_15785,2
TEST_15786,2
TEST_15787,0
TEST_15788,2
TEST_15789,2
TEST_15790,4
TEST_15791,2
TEST_15792,4
TEST_15793,3
TEST_15794,3
TEST_15795,4
TEST_15796,2
TEST_15797,2
TEST_15798,4
TEST_15799,1
TEST_15800,1
TEST_15801,3
TEST_15802,2
TEST_15803,2
TEST_15804,2
TEST_15805,1
TEST_15806,0
TEST_15807,4
TEST_15808,0
TEST_15809,4
TEST_15810,4
TEST_15811,3
TEST_15812,4
TEST_15813,3
TEST_15814,3
TEST_15815,3
TEST_15816,2
TEST_15817,4
TEST_15818,0
TEST_15819,3
TEST_15820,3
TEST_15821,3
TEST_15822,3
TEST_15823,3
TEST_15824,0
TEST_15825,3
TEST_15826,2
TEST_15827,0
TEST_15828,1
TEST_15829,1
TEST_15830,4
TEST_15831,3
TEST_15832,2
TEST_15833,4
TEST_15834,3
TEST_15835,3
TEST_15836,4
TEST_15837,3
TEST_15838,3
TEST_15839,2
TEST_15840,2
TEST_15841,1
TEST_15842,0
TEST_15843,1
TEST_15844,4
TEST_15845,1
TEST_15846,2
TEST_15847,4
TEST_15848,2
TEST_15849,1
TEST_15850,1
TEST_15851,1
TEST_15852,4
TEST_15853,1
TEST_15854,2
TEST_15855,3
TEST_15856,2
TEST_15857,0
TEST_15858,1
TEST_15859,2
TEST_15860,3
TEST_15861,4
TEST_15862,4
TEST_15863,1
TEST_15864,2
TEST_15865,1
TEST_15866,2
TEST_15867,3
TEST_15868,4
TEST_15869,3
TEST_15870,1
TEST_15871,2
TEST_15872,3
TEST_15873,3
TEST_15874,4
TEST_15875,4
TEST_15876,2
TEST_15877,4
TEST_15878,2
TEST_15879,4
TEST_15880,2
TEST_15881,0
TEST_15882,2
TEST_15883,4
TEST_15884,0
TEST_15885,1
TEST_15886,2
TEST_15887,4
TEST_15888,4
TEST_15889,1
TEST_15890,0
TEST_15891,4
TEST_15892,1
TEST_15893,4
TEST_15894,4
TEST_15895,4
TEST_15896,4
TEST_15897,2
TEST_15898,4
TEST_15899,1
TEST_15900,3
TEST_15901,0
TEST_15902,1
TEST_15903,3
TEST_15904,3
TEST_15905,1
TEST_15906,4
TEST_15907,2
TEST_15908,1
TEST_15909,1
TEST_15910,3
TEST_15911,4
TEST_15912,4
TEST_15913,4
TEST_15914,2
TEST_15915,4
TEST_15916,2
TEST_15917,3
TEST_15918,0
TEST_15919,1
TEST_15920,2
TEST_15921,3
TEST_15922,3
TEST_15923,1
TEST_15924,1
TEST_15925,2
TEST_15926,4
TEST_15927,0
TEST_15928,3
TEST_15929,1
TEST_15930,3
TEST_15931,3
TEST_15932,3
TEST_15933,3
TEST_15934,2
TEST_15935,2
TEST_15936,2
TEST_15937,3
TEST_15938,2
TEST_15939,4
TEST_15940,3
TEST_15941,0
TEST_15942,1
TEST_15943,3
TEST_15944,4
TEST_15945,3
TEST_15946,4
TEST_15947,1
TEST_15948,2
TEST_15949,4
TEST_15950,2
TEST_15951,4
TEST_15952,1
TEST_15953,0
TEST_15954,0
TEST_15955,4
TEST_15956,3
TEST_15957,1
TEST_15958,4
TEST_15959,3
TEST_15960,3
TEST_15961,4
TEST_15962,3
TEST_15963,1
TEST_15964,2
TEST_15965,3
TEST_15966,3
TEST_15967,4
TEST_15968,3
TEST_15969,2
TEST_15970,2
TEST_15971,2
TEST_15972,4
TEST_15973,2
TEST_15974,1
TEST_15975,2
TEST_15976,4
TEST_15977,0
TEST_15978,0
TEST_15979,2
TEST_15980,3
TEST_15981,0
TEST_15982,2
TEST_15983,0
TEST_15984,3
TEST_15985,3
TEST_15986,4
TEST_15987,3
TEST_15988,2
TEST_15989,1
TEST_15990,4
TEST_15991,1
TEST_15992,4
TEST_15993,2
TEST_15994,3
TEST_15995,0
TEST_15996,3
TEST_15997,3
TEST_15998,4
TEST_15999,4
TEST_16000,4
TEST_16001,0
TEST_16002,0
TEST_16003,3
TEST_16004,0
TEST_16005,3
TEST_16006,4
TEST_16007,4
TEST_16008,4
TEST_16009,2
TEST_16010,3
TEST_16011,0
TEST_16012,1
TEST_16013,2
TEST_16014,4
TEST_16015,4
TEST_16016,1
TEST_16017,4
TEST_16018,3
TEST_16019,1
TEST_16020,1
TEST_16021,4
TEST_16022,0
TEST_16023,1
TEST_16024,2
TEST_16025,1
TEST_16026,2
TEST_16027,3
TEST_16028,4
TEST_16029,2
TEST_16030,2
TEST_16031,3
TEST_16032,2
TEST_16033,3
TEST_16034,3
TEST_16035,2
TEST_16036,4
TEST_16037,3
TEST_16038,2
TEST_16039,3
TEST_16040,4
TEST_16041,0
TEST_16042,2
TEST_16043,3
TEST_16044,2
TEST_16045,2
TEST_16046,1
TEST_16047,3
TEST_16048,1
TEST_16049,3
TEST_16050,3
TEST_16051,0
TEST_16052,2
TEST_16053,1
TEST_16054,3
TEST_16055,1
TEST_16056,4
TEST_16057,0
TEST_16058,4
TEST_16059,2
TEST_16060,0
TEST_16061,2
TEST_16062,3
TEST_16063,4
TEST_16064,1
TEST_16065,4
TEST_16066,2
TEST_16067,4
TEST_16068,2
TEST_16069,4
TEST_16070,2
TEST_16071,2
TEST_16072,3
TEST_16073,2
TEST_16074,4
TEST_16075,1
TEST_16076,4
TEST_16077,1
TEST_16078,0
TEST_16079,2
TEST_16080,2
TEST_16081,4
TEST_16082,2
TEST_16083,3
TEST_16084,3
TEST_16085,4
TEST_16086,3
TEST_16087,2
TEST_16088,4
TEST_16089,1
TEST_16090,2
TEST_16091,0
TEST_16092,3
TEST_16093,1
TEST_16094,3
TEST_16095,1
TEST_16096,0
TEST_16097,3
TEST_16098,1
TEST_16099,4
TEST_16100,3
TEST_16101,3
TEST_16102,4
TEST_16103,2
TEST_16104,2
TEST_16105,0
TEST_16106,3
TEST_16107,0
TEST_16108,4
TEST_16109,4
TEST_16110,2
TEST_16111,1
TEST_16112,0
TEST_16113,1
TEST_16114,2
TEST_16115,3
TEST_16116,2
TEST_16117,0
TEST_16118,3
TEST_16119,3
TEST_16120,3
TEST_16121,0
TEST_16122,3
TEST_16123,2
TEST_16124,1
TEST_16125,1
TEST_16126,2
TEST_16127,3
TEST_16128,2
TEST_16129,3
TEST_16130,3
TEST_16131,3
TEST_16132,3
TEST_16133,3
TEST_16134,2
TEST_16135,3
TEST_16136,3
TEST_16137,1
TEST_16138,2
TEST_16139,4
TEST_16140,0
TEST_16141,0
TEST_16142,0
TEST_16143,3
TEST_16144,0
TEST_16145,4
TEST_16146,3
TEST_16147,3
TEST_16148,3
TEST_16149,1
TEST_16150,2
TEST_16151,3
TEST_16152,3
TEST_16153,0
TEST_16154,3
TEST_16155,4
TEST_16156,1
TEST_16157,3
TEST_16158,4
TEST_16159,4
TEST_16160,3
TEST_16161,3
TEST_16162,0
TEST_16163,3
TEST_16164,0
TEST_16165,3
TEST_16166,3
TEST_16167,2
TEST_16168,3
TEST_16169,2
TEST_16170,1
TEST_16171,4
TEST_16172,1
TEST_16173,3
TEST_16174,3
TEST_16175,2
TEST_16176,2
TEST_16177,1
TEST_16178,3
TEST_16179,4
TEST_16180,2
TEST_16181,1
TEST_16182,1
TEST_16183,3
TEST_16184,3
TEST_16185,2
TEST_16186,1
TEST_16187,4
TEST_16188,4
TEST_16189,3
TEST_16190,4
TEST_16191,0
TEST_16192,3
TEST_16193,0
TEST_16194,3
TEST_16195,1
TEST_16196,4
TEST_16197,4
TEST_16198,1
TEST_16199,4
TEST_16200,1
TEST_16201,1
TEST_16202,1
TEST_16203,2
TEST_16204,3
TEST_16205,4
TEST_16206,1
TEST_16207,4
TEST_16208,4
TEST_16209,1
TEST_16210,0
TEST_16211,2
TEST_16212,4
TEST_16213,2
TEST_16214,3
TEST_16215,2
TEST_16216,2
TEST_16217,3
TEST_16218,4
TEST_16219,4
TEST_16220,1
TEST_16221,0
TEST_16222,3
TEST_16223,1
TEST_16224,2
TEST_16225,4
TEST_16226,1
TEST_16227,2
TEST_16228,3
TEST_16229,2
TEST_16230,3
TEST_16231,4
TEST_16232,0
TEST_16233,4
TEST_16234,1
TEST_16235,1
TEST_16236,0
TEST_16237,4
TEST_16238,2
TEST_16239,2
TEST_16240,1
TEST_16241,1
TEST_16242,0
TEST_16243,1
TEST_16244,4
TEST_16245,3
TEST_16246,4
TEST_16247,2
TEST_16248,4
TEST_16249,3
TEST_16250,4
TEST_16251,1
TEST_16252,3
TEST_16253,3
TEST_16254,1
TEST_16255,3
TEST_16256,1
TEST_16257,2
TEST_16258,2
TEST_16259,2
TEST_16260,0
TEST_16261,1
TEST_16262,0
TEST_16263,4
TEST_16264,2
TEST_16265,0
TEST_16266,3
TEST_16267,4
TEST_16268,3
TEST_16269,3
TEST_16270,0
TEST_16271,3
TEST_16272,3
TEST_16273,1
TEST_16274,2
TEST_16275,1
TEST_16276,3
TEST_16277,3
TEST_16278,2
TEST_16279,4
TEST_16280,3
TEST_16281,4
TEST_16282,1
TEST_16283,2
TEST_16284,3
TEST_16285,3
TEST_16286,4
TEST_16287,1
TEST_16288,3
TEST_16289,4
TEST_16290,3
TEST_16291,3
TEST_16292,3
TEST_16293,4
TEST_16294,4
TEST_16295,2
TEST_16296,3
TEST_16297,1
TEST_16298,4
TEST_16299,0
TEST_16300,3
TEST_16301,2
TEST_16302,3
TEST_16303,4
TEST_16304,2
TEST_16305,1
TEST_16306,4
TEST_16307,3
TEST_16308,4
TEST_16309,4
TEST_16310,0
TEST_16311,1
TEST_16312,3
TEST_16313,4
TEST_16314,3
TEST_16315,1
TEST_16316,4
TEST_16317,3
TEST_16318,2
TEST_16319,2
TEST_16320,4
TEST_16321,3
TEST_16322,1
TEST_16323,3
TEST_16324,3
TEST_16325,4
TEST_16326,2
TEST_16327,1
TEST_16328,1
TEST_16329,3
TEST_16330,1
TEST_16331,4
TEST_16332,2
TEST_16333,3
TEST_16334,3
TEST_16335,3
TEST_16336,3
TEST_16337,3
TEST_16338,4
TEST_16339,0
TEST_16340,1
TEST_16341,2
TEST_16342,2
TEST_16343,4
TEST_16344,0
TEST_16345,2
TEST_16346,1
TEST_16347,2
TEST_16348,0
TEST_16349,3
TEST_16350,4
TEST_16351,4
TEST_16352,2
TEST_16353,3
TEST_16354,3
TEST_16355,0
TEST_16356,1
TEST_16357,3
TEST_16358,2
TEST_16359,0
TEST_16360,1
TEST_16361,3
TEST_16362,3
TEST_16363,4
TEST_16364,2
TEST_16365,1
TEST_16366,2
TEST_16367,3
TEST_16368,3
TEST_16369,2
TEST_16370,1
TEST_16371,4
TEST_16372,2
TEST_16373,2
TEST_16374,3
TEST_16375,4
TEST_16376,3
TEST_16377,3
TEST_16378,3
TEST_16379,4
TEST_16380,1
TEST_16381,2
TEST_16382,2
TEST_16383,2
TEST_16384,4
TEST_16385,1
TEST_16386,2
TEST_16387,4
TEST_16388,2
TEST_16389,1
TEST_16390,4
TEST_16391,0
TEST_16392,3
TEST_16393,3
TEST_16394,2
TEST_16395,3
TEST_16396,3
TEST_16397,4
TEST_16398,2
TEST_16399,4
TEST_16400,0
TEST_16401,4
TEST_16402,3
TEST_16403,1
TEST_16404,3
TEST_16405,2
TEST_16406,4
TEST_16407,2
TEST_16408,2
TEST_16409,3
TEST_16410,1
TEST_16411,4
TEST_16412,4
TEST_16413,1
TEST_16414,3
TEST_16415,0
TEST_16416,3
TEST_16417,3
TEST_16418,3
TEST_16419,3
TEST_16420,3
TEST_16421,3
TEST_16422,1
TEST_16423,3
TEST_16424,0
TEST_16425,4
TEST_16426,1
TEST_16427,0
TEST_16428,4
TEST_16429,2
TEST_16430,1
TEST_16431,3
TEST_16432,0
TEST_16433,3
TEST_16434,2
TEST_16435,2
TEST_16436,4
TEST_16437,1
TEST_16438,4
TEST_16439,4
TEST_16440,0
TEST_16441,3
TEST_16442,3
TEST_16443,1
TEST_16444,1
TEST_16445,3
TEST_16446,0
TEST_16447,4
TEST_16448,4
TEST_16449,3
TEST_16450,4
TEST_16451,0
TEST_16452,4
TEST_16453,4
TEST_16454,1
TEST_16455,3
TEST_16456,0
TEST_16457,4
TEST_16458,2
TEST_16459,2
TEST_16460,2
TEST_16461,3
TEST_16462,1
TEST_16463,4
TEST_16464,1
TEST_16465,0
TEST_16466,4
TEST_16467,4
TEST_16468,3
TEST_16469,3
TEST_16470,1
TEST_16471,2
TEST_16472,4
TEST_16473,4
TEST_16474,3
TEST_16475,2
TEST_16476,2
TEST_16477,2
TEST_16478,2
TEST_16479,2
TEST_16480,3
TEST_16481,2
TEST_16482,0
TEST_16483,3
TEST_16484,2
TEST_16485,3
TEST_16486,3
TEST_16487,2
TEST_16488,1
TEST_16489,2
TEST_16490,3
TEST_16491,1
TEST_16492,1
TEST_16493,3
TEST_16494,3
TEST_16495,0
TEST_16496,0
TEST_16497,1
TEST_16498,1
TEST_16499,1
TEST_16500,4
TEST_16501,1
TEST_16502,3
TEST_16503,4
TEST_16504,4
TEST_16505,4
TEST_16506,0
TEST_16507,0
TEST_16508,4
TEST_16509,4
TEST_16510,0
TEST_16511,4
TEST_16512,4
TEST_16513,0
TEST_16514,4
TEST_16515,2
TEST_16516,4
TEST_16517,3
TEST_16518,3
TEST_16519,2
TEST_16520,0
TEST_16521,4
TEST_16522,3
TEST_16523,2
TEST_16524,3
TEST_16525,4
TEST_16526,4
TEST_16527,0
TEST_16528,4
TEST_16529,3
TEST_16530,4
TEST_16531,1
TEST_16532,0
TEST_16533,4
TEST_16534,2
TEST_16535,1
TEST_16536,4
TEST_16537,1
TEST_16538,2
TEST_16539,3
TEST_16540,2
TEST_16541,1
TEST_16542,4
TEST_16543,4
TEST_16544,3
TEST_16545,2
TEST_16546,3
TEST_16547,1
TEST_16548,1
TEST_16549,3
TEST_16550,3
TEST_16551,3
TEST_16552,2
TEST_16553,0
TEST_16554,2
TEST_16555,0
TEST_16556,3
TEST_16557,0
TEST_16558,3
TEST_16559,2
TEST_16560,3
TEST_16561,2
TEST_16562,0
TEST_16563,1
TEST_16564,3
TEST_16565,4
TEST_16566,0
TEST_16567,2
TEST_16568,0
TEST_16569,1
TEST_16570,1
TEST_16571,2
TEST_16572,4
TEST_16573,3
TEST_16574,3
TEST_16575,1
TEST_16576,4
TEST_16577,3
TEST_16578,0
TEST_16579,3
TEST_16580,2
TEST_16581,4
TEST_16582,3
TEST_16583,4
TEST_16584,2
TEST_16585,3
TEST_16586,3
TEST_16587,3
TEST_16588,3
TEST_16589,1
TEST_16590,3
TEST_16591,4
TEST_16592,0
TEST_16593,3
TEST_16594,2
TEST_16595,4
TEST_16596,2
TEST_16597,3
TEST_16598,3
TEST_16599,1
TEST_16600,4
TEST_16601,3
TEST_16602,3
TEST_16603,1
TEST_16604,3
TEST_16605,4
TEST_16606,1
TEST_16607,1
TEST_16608,4
TEST_16609,3
TEST_16610,4
TEST_16611,3
TEST_16612,1
TEST_16613,1
TEST_16614,2
TEST_16615,2
TEST_16616,1
TEST_16617,4
TEST_16618,4
TEST_16619,3
TEST_16620,1
TEST_16621,2
TEST_16622,4
TEST_16623,4
TEST_16624,3
TEST_16625,2
TEST_16626,1
TEST_16627,3
TEST_16628,2
TEST_16629,4
TEST_16630,3
TEST_16631,0
TEST_16632,3
TEST_16633,1
TEST_16634,3
TEST_16635,4
TEST_16636,0
TEST_16637,3
TEST_16638,2
TEST_16639,4
TEST_16640,2
TEST_16641,2
TEST_16642,3
TEST_16643,2
TEST_16644,3
TEST_16645,4
TEST_16646,4
TEST_16647,3
TEST_16648,4
TEST_16649,0
TEST_16650,1
TEST_16651,2
TEST_16652,4
TEST_16653,2
TEST_16654,3
TEST_16655,2
TEST_16656,4
TEST_16657,2
TEST_16658,0
TEST_16659,2
TEST_16660,2
TEST_16661,2
TEST_16662,3
TEST_16663,0
TEST_16664,0
TEST_16665,3
TEST_16666,1
TEST_16667,1
TEST_16668,0
TEST_16669,2
TEST_16670,3
TEST_16671,4
TEST_16672,2
TEST_16673,1
TEST_16674,3
TEST_16675,1
TEST_16676,4
TEST_16677,0
TEST_16678,3
TEST_16679,1
TEST_16680,3
TEST_16681,0
TEST_16682,3
TEST_16683,4
TEST_16684,4
TEST_16685,2
TEST_16686,2
TEST_16687,0
TEST_16688,3
TEST_16689,4
TEST_16690,1
TEST_16691,3
TEST_16692,0
TEST_16693,2
TEST_16694,2
TEST_16695,4
TEST_16696,2
TEST_16697,4
TEST_16698,1
TEST_16699,3
TEST_16700,4
TEST_16701,2
TEST_16702,3
TEST_16703,1
TEST_16704,0
TEST_16705,2
TEST_16706,4
TEST_16707,2
TEST_16708,4
TEST_16709,3
TEST_16710,3
TEST_16711,3
TEST_16712,0
TEST_16713,0
TEST_16714,0
TEST_16715,3
TEST_16716,4
TEST_16717,0
TEST_16718,2
TEST_16719,0
TEST_16720,0
TEST_16721,2
TEST_16722,4
TEST_16723,2
TEST_16724,2
TEST_16725,0
TEST_16726,2
TEST_16727,0
TEST_16728,4
TEST_16729,3
TEST_16730,3
TEST_16731,2
TEST_16732,0
TEST_16733,0
TEST_16734,2
TEST_16735,1
TEST_16736,3
TEST_16737,1
TEST_16738,3
TEST_16739,1
TEST_16740,3
TEST_16741,0
TEST_16742,1
TEST_16743,2
TEST_16744,1
TEST_16745,3
TEST_16746,2
TEST_16747,2
TEST_16748,4
TEST_16749,4
TEST_16750,1
TEST_16751,3
TEST_16752,4
TEST_16753,2
TEST_16754,1
TEST_16755,1
TEST_16756,2
TEST_16757,1
TEST_16758,1
TEST_16759,2
TEST_16760,0
TEST_16761,2
TEST_16762,3
TEST_16763,4
TEST_16764,1
TEST_16765,1
TEST_16766,1
TEST_16767,0
TEST_16768,1
TEST_16769,1
TEST_16770,2
TEST_16771,2
TEST_16772,3
TEST_16773,2
TEST_16774,3
TEST_16775,0
TEST_16776,4
TEST_16777,3
TEST_16778,2
TEST_16779,2
TEST_16780,3
TEST_16781,4
TEST_16782,0
TEST_16783,0
TEST_16784,4
TEST_16785,2
TEST_16786,3
TEST_16787,4
TEST_16788,1
TEST_16789,4
TEST_16790,2
TEST_16791,1
TEST_16792,0
TEST_16793,3
TEST_16794,4
TEST_16795,2
TEST_16796,3
TEST_16797,3
TEST_16798,1
TEST_16799,3
TEST_16800,0
TEST_16801,3
TEST_16802,3
TEST_16803,3
TEST_16804,3
TEST_16805,3
TEST_16806,4
TEST_16807,2
TEST_16808,3
TEST_16809,1
TEST_16810,3
TEST_16811,4
TEST_16812,0
TEST_16813,3
TEST_16814,4
TEST_16815,2
TEST_16816,3
TEST_16817,4
TEST_16818,4
TEST_16819,2
TEST_16820,0
TEST_16821,4
TEST_16822,1
TEST_16823,0
TEST_16824,3
TEST_16825,0
TEST_16826,1
TEST_16827,2
TEST_16828,1
TEST_16829,4
TEST_16830,4
TEST_16831,1
TEST_16832,2
TEST_16833,2
TEST_16834,4
TEST_16835,0
TEST_16836,0
TEST_16837,1
TEST_16838,4
TEST_16839,3
TEST_16840,1
TEST_16841,4
TEST_16842,4
TEST_16843,2
TEST_16844,3
TEST_16845,2
TEST_16846,2
TEST_16847,1
TEST_16848,3
TEST_16849,0
TEST_16850,4
TEST_16851,3
TEST_16852,2
TEST_16853,3
TEST_16854,1
TEST_16855,2
TEST_16856,2
TEST_16857,2
TEST_16858,3
TEST_16859,4
TEST_16860,4
TEST_16861,0
TEST_16862,3
TEST_16863,2
TEST_16864,0
TEST_16865,3
TEST_16866,3
TEST_16867,3
TEST_16868,3
TEST_16869,0
TEST_16870,4
TEST_16871,3
TEST_16872,3
TEST_16873,1
TEST_16874,2
TEST_16875,3
TEST_16876,3
TEST_16877,1
TEST_16878,4
TEST_16879,2
TEST_16880,2
TEST_16881,1
TEST_16882,2
TEST_16883,2
TEST_16884,1
TEST_16885,4
TEST_16886,3
TEST_16887,2
TEST_16888,3
TEST_16889,4
TEST_16890,1
TEST_16891,3
TEST_16892,1
TEST_16893,0
TEST_16894,1
TEST_16895,4
TEST_16896,4
TEST_16897,2
TEST_16898,0
TEST_16899,3
TEST_16900,1
TEST_16901,4
TEST_16902,1
TEST_16903,2
TEST_16904,2
TEST_16905,3
TEST_16906,0
TEST_16907,0
TEST_16908,0
TEST_16909,0
TEST_16910,4
TEST_16911,0
TEST_16912,1
TEST_16913,0
TEST_16914,1
TEST_16915,0
TEST_16916,0
TEST_16917,2
TEST_16918,3
TEST_16919,3
TEST_16920,2
TEST_16921,3
TEST_16922,1
TEST_16923,0
TEST_16924,3
TEST_16925,3
TEST_16926,1
TEST_16927,2
TEST_16928,0
TEST_16929,0
TEST_16930,3
TEST_16931,4
TEST_16932,2
TEST_16933,0
TEST_16934,3
TEST_16935,0
TEST_16936,4
TEST_16937,1
TEST_16938,4
TEST_16939,3
TEST_16940,1
TEST_16941,4
TEST_16942,4
TEST_16943,4
TEST_16944,0
TEST_16945,0
TEST_16946,4
TEST_16947,3
TEST_16948,4
TEST_16949,0
TEST_16950,2
TEST_16951,4
TEST_16952,0
TEST_16953,1
TEST_16954,0
TEST_16955,2
TEST_16956,2
TEST_16957,1
TEST_16958,1
TEST_16959,3
TEST_16960,2
TEST_16961,3
TEST_16962,3
TEST_16963,0
TEST_16964,1
TEST_16965,4
TEST_16966,1
TEST_16967,2
TEST_16968,2
TEST_16969,2
TEST_16970,2
TEST_16971,3
TEST_16972,0
TEST_16973,4
TEST_16974,1
TEST_16975,2
TEST_16976,0
TEST_16977,0
TEST_16978,4
TEST_16979,4
TEST_16980,2
TEST_16981,4
TEST_16982,1
TEST_16983,2
TEST_16984,3
TEST_16985,1
TEST_16986,2
TEST_16987,2
TEST_16988,3
TEST_16989,0
TEST_16990,4
TEST_16991,4
TEST_16992,4
TEST_16993,3
TEST_16994,3
TEST_16995,0
TEST_16996,4
TEST_16997,1
TEST_16998,2
TEST_16999,3
TEST_17000,3
TEST_17001,3
TEST_17002,3
TEST_17003,3
TEST_17004,0
TEST_17005,1
TEST_17006,4
TEST_17007,4
TEST_17008,1
TEST_17009,2
TEST_17010,2
TEST_17011,0
TEST_17012,3
TEST_17013,0
TEST_17014,1
TEST_17015,1
TEST_17016,3
TEST_17017,0
TEST_17018,4
TEST_17019,2
TEST_17020,1
TEST_17021,1
TEST_17022,3
TEST_17023,1
TEST_17024,3
TEST_17025,0
TEST_17026,4
TEST_17027,0
TEST_17028,3
TEST_17029,4
TEST_17030,1
TEST_17031,2
TEST_17032,0
TEST_17033,1
TEST_17034,3
TEST_17035,3
TEST_17036,0
TEST_17037,3
TEST_17038,2
TEST_17039,3
TEST_17040,1
TEST_17041,4
TEST_17042,2
TEST_17043,0
TEST_17044,4
TEST_17045,3
TEST_17046,4
TEST_17047,4
TEST_17048,1
TEST_17049,3
TEST_17050,3
TEST_17051,2
TEST_17052,3
TEST_17053,3
TEST_17054,3
TEST_17055,2
TEST_17056,2
TEST_17057,3
TEST_17058,3
TEST_17059,4
TEST_17060,4
TEST_17061,4
TEST_17062,1
TEST_17063,2
TEST_17064,4
TEST_17065,1
TEST_17066,0
TEST_17067,3
TEST_17068,1
TEST_17069,3
TEST_17070,2
TEST_17071,1
TEST_17072,2
TEST_17073,3
TEST_17074,4
TEST_17075,1
TEST_17076,4
TEST_17077,2
TEST_17078,4
TEST_17079,2
TEST_17080,0
TEST_17081,4
TEST_17082,2
TEST_17083,0
TEST_17084,1
TEST_17085,3
TEST_17086,0
TEST_17087,1
TEST_17088,4
TEST_17089,4
TEST_17090,1
TEST_17091,3
TEST_17092,3
TEST_17093,1
TEST_17094,0
TEST_17095,2
TEST_17096,0
TEST_17097,1
TEST_17098,1
TEST_17099,0
TEST_17100,3
TEST_17101,4
TEST_17102,4
TEST_17103,0
TEST_17104,4
TEST_17105,2
TEST_17106,0
TEST_17107,4
TEST_17108,3
TEST_17109,1
TEST_17110,4
TEST_17111,4
TEST_17112,4
TEST_17113,0
TEST_17114,1
TEST_17115,3
TEST_17116,3
TEST_17117,4
TEST_17118,2
TEST_17119,3
TEST_17120,1
TEST_17121,1
TEST_17122,2
TEST_17123,4
TEST_17124,0
TEST_17125,4
TEST_17126,2
TEST_17127,3
TEST_17128,3
TEST_17129,3
TEST_17130,3
TEST_17131,4
TEST_17132,1
TEST_17133,3
TEST_17134,2
TEST_17135,3
TEST_17136,3
TEST_17137,4
TEST_17138,2
TEST_17139,3
TEST_17140,1
TEST_17141,3
TEST_17142,2
TEST_17143,1
TEST_17144,1
TEST_17145,2
TEST_17146,4
TEST_17147,1
TEST_17148,2
TEST_17149,3
TEST_17150,4
TEST_17151,2
TEST_17152,4
TEST_17153,1
TEST_17154,3
TEST_17155,0
TEST_17156,2
TEST_17157,3
TEST_17158,0
TEST_17159,1
TEST_17160,0
TEST_17161,2
TEST_17162,2
TEST_17163,1
TEST_17164,4
TEST_17165,1
TEST_17166,1
TEST_17167,2
TEST_17168,2
TEST_17169,2
TEST_17170,0
TEST_17171,3
TEST_17172,1
TEST_17173,4
TEST_17174,2
TEST_17175,0
TEST_17176,0
TEST_17177,1
TEST_17178,4
TEST_17179,3
TEST_17180,3
TEST_17181,1
TEST_17182,2
TEST_17183,2
TEST_17184,0
TEST_17185,4
TEST_17186,0
TEST_17187,1
TEST_17188,4
TEST_17189,0
TEST_17190,3
TEST_17191,4
TEST_17192,3
TEST_17193,0
TEST_17194,4
TEST_17195,2
TEST_17196,2
TEST_17197,1
TEST_17198,2
TEST_17199,4
TEST_17200,3
TEST_17201,4
TEST_17202,1
TEST_17203,3
TEST_17204,4
TEST_17205,1
TEST_17206,4
TEST_17207,0
TEST_17208,2
TEST_17209,3
TEST_17210,2
TEST_17211,3
TEST_17212,4
TEST_17213,0
TEST_17214,0
TEST_17215,4
TEST_17216,4
TEST_17217,2
TEST_17218,2
TEST_17219,3
TEST_17220,4
TEST_17221,3
TEST_17222,4
TEST_17223,2
TEST_17224,2
TEST_17225,4
TEST_17226,2
TEST_17227,4
TEST_17228,3
TEST_17229,3
TEST_17230,0
TEST_17231,0
TEST_17232,0
TEST_17233,1
TEST_17234,0
TEST_17235,4
TEST_17236,1
TEST_17237,3
TEST_17238,4
TEST_17239,3
TEST_17240,1
TEST_17241,4
TEST_17242,3
TEST_17243,1
TEST_17244,1
TEST_17245,3
TEST_17246,4
TEST_17247,4
TEST_17248,3
TEST_17249,2
TEST_17250,2
TEST_17251,3
TEST_17252,3
TEST_17253,0
TEST_17254,3
TEST_17255,4
TEST_17256,1
TEST_17257,3
TEST_17258,3
TEST_17259,3
TEST_17260,2
TEST_17261,4
TEST_17262,1
TEST_17263,3
TEST_17264,3
TEST_17265,3
TEST_17266,3
TEST_17267,3
TEST_17268,4
TEST_17269,4
TEST_17270,3
TEST_17271,3
TEST_17272,3
TEST_17273,2
TEST_17274,4
TEST_17275,3
TEST_17276,1
TEST_17277,2
TEST_17278,4
TEST_17279,3
TEST_17280,0
TEST_17281,4
TEST_17282,4
TEST_17283,4
TEST_17284,1
TEST_17285,1
TEST_17286,3
TEST_17287,3
TEST_17288,1
TEST_17289,3
TEST_17290,4
TEST_17291,1
TEST_17292,0
TEST_17293,0
TEST_17294,3
TEST_17295,0
TEST_17296,2
TEST_17297,4
TEST_17298,4
TEST_17299,4
TEST_17300,4
TEST_17301,2
TEST_17302,4
TEST_17303,2
TEST_17304,0
TEST_17305,4
TEST_17306,2
TEST_17307,4
TEST_17308,0
TEST_17309,0
TEST_17310,3
TEST_17311,2
TEST_17312,4
TEST_17313,1
TEST_17314,4
TEST_17315,2
TEST_17316,4
TEST_17317,2
TEST_17318,3
TEST_17319,4
TEST_17320,0
TEST_17321,1
TEST_17322,3
TEST_17323,4
TEST_17324,0
TEST_17325,2
TEST_17326,3
TEST_17327,4
TEST_17328,2
TEST_17329,0
TEST_17330,0
TEST_17331,0
TEST_17332,4
TEST_17333,3
TEST_17334,0
TEST_17335,1
TEST_17336,3
TEST_17337,1
TEST_17338,4
TEST_17339,2
TEST_17340,4
TEST_17341,4
TEST_17342,4
TEST_17343,0
TEST_17344,3
TEST_17345,3
TEST_17346,4
TEST_17347,2
TEST_17348,3
TEST_17349,1
TEST_17350,3
TEST_17351,2
TEST_17352,0
TEST_17353,4
TEST_17354,4
TEST_17355,2
TEST_17356,2
TEST_17357,3
TEST_17358,2
TEST_17359,2
TEST_17360,3
TEST_17361,2
TEST_17362,1
TEST_17363,1
TEST_17364,4
TEST_17365,2
TEST_17366,3
TEST_17367,0
TEST_17368,2
TEST_17369,4
TEST_17370,0
TEST_17371,2
TEST_17372,2
TEST_17373,4
TEST_17374,4
TEST_17375,0
TEST_17376,3
TEST_17377,4
TEST_17378,4
TEST_17379,4
TEST_17380,0
TEST_17381,2
TEST_17382,1
TEST_17383,1
TEST_17384,3
TEST_17385,4
TEST_17386,2
TEST_17387,2
TEST_17388,3
TEST_17389,4
TEST_17390,2
TEST_17391,2
TEST_17392,1
TEST_17393,3
TEST_17394,1
TEST_17395,4
TEST_17396,3
TEST_17397,3
TEST_17398,4
TEST_17399,1
TEST_17400,3
TEST_17401,0
TEST_17402,0
TEST_17403,4
TEST_17404,2
TEST_17405,4
TEST_17406,0
TEST_17407,1
TEST_17408,4
TEST_17409,1
TEST_17410,2
TEST_17411,4
TEST_17412,3
TEST_17413,3
TEST_17414,1
TEST_17415,0
TEST_17416,4
TEST_17417,1
TEST_17418,3
TEST_17419,1
TEST_17420,2
TEST_17421,3
TEST_17422,4
TEST_17423,3
TEST_17424,1
TEST_17425,1
TEST_17426,1
TEST_17427,2
TEST_17428,3
TEST_17429,1
TEST_17430,2
TEST_17431,1
TEST_17432,2
TEST_17433,4
TEST_17434,4
TEST_17435,4
TEST_17436,3
TEST_17437,0
TEST_17438,3
TEST_17439,2
TEST_17440,1
TEST_17441,2
TEST_17442,0
TEST_17443,1
TEST_17444,1
TEST_17445,1
TEST_17446,3
TEST_17447,4
TEST_17448,0
TEST_17449,0
TEST_17450,0
TEST_17451,1
TEST_17452,2
TEST_17453,4
TEST_17454,2
TEST_17455,4
TEST_17456,2
TEST_17457,3
TEST_17458,3
TEST_17459,3
TEST_17460,2
TEST_17461,1
TEST_17462,3
TEST_17463,1
TEST_17464,3
TEST_17465,3
TEST_17466,1
TEST_17467,4
TEST_17468,1
TEST_17469,3
TEST_17470,4
TEST_17471,0
TEST_17472,0
TEST_17473,1
TEST_17474,4
TEST_17475,1
TEST_17476,4
TEST_17477,3
TEST_17478,2
TEST_17479,3
TEST_17480,4
TEST_17481,0
TEST_17482,4
TEST_17483,0
TEST_17484,3
TEST_17485,4
TEST_17486,3
TEST_17487,3
TEST_17488,3
TEST_17489,4
TEST_17490,2
TEST_17491,3
TEST_17492,4
TEST_17493,2
TEST_17494,2
TEST_17495,2
TEST_17496,0
TEST_17497,3
TEST_17498,2
TEST_17499,3
TEST_17500,4
TEST_17501,3
TEST_17502,0
TEST_17503,1
TEST_17504,3
TEST_17505,0
TEST_17506,4
TEST_17507,0
TEST_17508,3
TEST_17509,3
TEST_17510,3
TEST_17511,1
TEST_17512,2
TEST_17513,4
TEST_17514,3
TEST_17515,1
TEST_17516,1
TEST_17517,2
TEST_17518,2
TEST_17519,1
TEST_17520,0
TEST_17521,1
TEST_17522,3
TEST_17523,4
TEST_17524,3
TEST_17525,3
TEST_17526,4
TEST_17527,2
TEST_17528,2
TEST_17529,3
TEST_17530,4
TEST_17531,3
TEST_17532,0
TEST_17533,2
TEST_17534,3
TEST_17535,3
TEST_17536,4
TEST_17537,4
TEST_17538,1
TEST_17539,4
TEST_17540,3
TEST_17541,3
TEST_17542,3
TEST_17543,0
TEST_17544,3
TEST_17545,3
TEST_17546,2
TEST_17547,4
TEST_17548,3
TEST_17549,3
TEST_17550,4
TEST_17551,4
TEST_17552,2
TEST_17553,1
TEST_17554,1
TEST_17555,1
TEST_17556,4
TEST_17557,3
TEST_17558,0
TEST_17559,0
TEST_17560,0
TEST_17561,1
TEST_17562,3
TEST_17563,1
TEST_17564,3
TEST_17565,0
TEST_17566,4
TEST_17567,3
TEST_17568,3
TEST_17569,2
TEST_17570,3
TEST_17571,4
TEST_17572,3
TEST_17573,2
TEST_17574,2
TEST_17575,4
TEST_17576,0
TEST_17577,2
TEST_17578,3
TEST_17579,4
TEST_17580,1
TEST_17581,4
TEST_17582,2
TEST_17583,2
TEST_17584,3
TEST_17585,2
TEST_17586,2
TEST_17587,3
TEST_17588,4
TEST_17589,2
TEST_17590,3
TEST_17591,3
TEST_17592,1
TEST_17593,1
TEST_17594,4
TEST_17595,3
TEST_17596,3
TEST_17597,3
TEST_17598,0
TEST_17599,0
TEST_17600,2
TEST_17601,3
TEST_17602,3
TEST_17603,0
TEST_17604,0
TEST_17605,0
TEST_17606,1
TEST_17607,3
TEST_17608,3
TEST_17609,1
TEST_17610,2
TEST_17611,2
TEST_17612,1
TEST_17613,4
TEST_17614,3
TEST_17615,3
TEST_17616,3
TEST_17617,2
TEST_17618,1
TEST_17619,3
TEST_17620,3
TEST_17621,3
TEST_17622,0
TEST_17623,4
TEST_17624,4
TEST_17625,1
TEST_17626,3
TEST_17627,3
TEST_17628,4
TEST_17629,3
TEST_17630,0
TEST_17631,3
TEST_17632,4
TEST_17633,0
TEST_17634,1
TEST_17635,1
TEST_17636,1
TEST_17637,3
TEST_17638,3
TEST_17639,0
TEST_17640,0
TEST_17641,2
TEST_17642,4
TEST_17643,2
TEST_17644,2
TEST_17645,1
TEST_17646,2
TEST_17647,0
TEST_17648,4
TEST_17649,2
TEST_17650,3
TEST_17651,3
TEST_17652,1
TEST_17653,0
TEST_17654,1
TEST_17655,3
TEST_17656,3
TEST_17657,3
TEST_17658,4
TEST_17659,4
TEST_17660,2
TEST_17661,1
TEST_17662,2
TEST_17663,4
TEST_17664,3
TEST_17665,3
TEST_17666,2
TEST_17667,4
TEST_17668,4
TEST_17669,2
TEST_17670,1
TEST_17671,2
TEST_17672,4
TEST_17673,2
TEST_17674,4
TEST_17675,4
TEST_17676,3
TEST_17677,1
TEST_17678,1
TEST_17679,1
TEST_17680,3
TEST_17681,3
TEST_17682,3
TEST_17683,1
TEST_17684,3
TEST_17685,3
TEST_17686,0
TEST_17687,0
TEST_17688,0
TEST_17689,2
TEST_17690,3
TEST_17691,4
TEST_17692,2
TEST_17693,2
TEST_17694,1
TEST_17695,1
TEST_17696,0
TEST_17697,2
TEST_17698,3
TEST_17699,3
TEST_17700,2
TEST_17701,4
TEST_17702,2
TEST_17703,3
TEST_17704,3
TEST_17705,4
TEST_17706,1
TEST_17707,3
TEST_17708,1
TEST_17709,0
TEST_17710,3
TEST_17711,2
TEST_17712,3
TEST_17713,4
TEST_17714,4
TEST_17715,0
TEST_17716,4
TEST_17717,4
TEST_17718,3
TEST_17719,4
TEST_17720,0
TEST_17721,3
TEST_17722,3
TEST_17723,4
TEST_17724,0
TEST_17725,4
TEST_17726,2
TEST_17727,3
TEST_17728,3
TEST_17729,4
TEST_17730,4
TEST_17731,1
TEST_17732,1
TEST_17733,2
TEST_17734,3
TEST_17735,2
TEST_17736,3
TEST_17737,0
TEST_17738,4
TEST_17739,2
TEST_17740,0
TEST_17741,3
TEST_17742,0
TEST_17743,2
TEST_17744,3
TEST_17745,1
TEST_17746,4
TEST_17747,3
TEST_17748,3
TEST_17749,0
TEST_17750,2
TEST_17751,4
TEST_17752,4
TEST_17753,2
TEST_17754,1
TEST_17755,3
TEST_17756,3
TEST_17757,3
TEST_17758,3
TEST_17759,4
TEST_17760,3
TEST_17761,3
TEST_17762,0
TEST_17763,2
TEST_17764,2
TEST_17765,3
TEST_17766,4
TEST_17767,4
TEST_17768,3
TEST_17769,4
TEST_17770,0
TEST_17771,1
TEST_17772,4
TEST_17773,3
TEST_17774,2
TEST_17775,3
TEST_17776,3
TEST_17777,3
TEST_17778,1
TEST_17779,4
TEST_17780,1
TEST_17781,4
TEST_17782,4
TEST_17783,3
TEST_17784,0
TEST_17785,0
TEST_17786,2
TEST_17787,1
TEST_17788,3
TEST_17789,0
TEST_17790,2
TEST_17791,1
TEST_17792,3
TEST_17793,3
TEST_17794,1
TEST_17795,2
TEST_17796,2
TEST_17797,1
TEST_17798,3
TEST_17799,1
TEST_17800,3
TEST_17801,3
TEST_17802,3
TEST_17803,0
TEST_17804,3
TEST_17805,2
TEST_17806,4
TEST_17807,3
TEST_17808,0
TEST_17809,3
TEST_17810,0
TEST_17811,3
TEST_17812,4
TEST_17813,1
TEST_17814,0
TEST_17815,4
TEST_17816,4
TEST_17817,1
TEST_17818,3
TEST_17819,3
TEST_17820,1
TEST_17821,1
TEST_17822,4
TEST_17823,2
TEST_17824,4
TEST_17825,1
TEST_17826,2
TEST_17827,0
TEST_17828,2
TEST_17829,4
TEST_17830,4
TEST_17831,0
TEST_17832,3
TEST_17833,3
TEST_17834,4
TEST_17835,2
TEST_17836,0
TEST_17837,3
TEST_17838,1
TEST_17839,4
TEST_17840,3
TEST_17841,0
TEST_17842,4
TEST_17843,0
TEST_17844,2
TEST_17845,3
TEST_17846,3
TEST_17847,1
TEST_17848,3
TEST_17849,3
TEST_17850,3
TEST_17851,4
TEST_17852,3
TEST_17853,1
TEST_17854,3
TEST_17855,4
TEST_17856,0
TEST_17857,2
TEST_17858,2
TEST_17859,4
TEST_17860,4
TEST_17861,4
TEST_17862,3
TEST_17863,0
TEST_17864,4
TEST_17865,3
TEST_17866,2
TEST_17867,1
TEST_17868,4
TEST_17869,1
TEST_17870,2
TEST_17871,3
TEST_17872,4
TEST_17873,1
TEST_17874,2
TEST_17875,4
TEST_17876,0
TEST_17877,0
TEST_17878,1
TEST_17879,4
TEST_17880,3
TEST_17881,3
TEST_17882,3
TEST_17883,3
TEST_17884,3
TEST_17885,3
TEST_17886,3
TEST_17887,1
TEST_17888,1
TEST_17889,3
TEST_17890,2
TEST_17891,0
TEST_17892,2
TEST_17893,4
TEST_17894,4
TEST_17895,0
TEST_17896,4
TEST_17897,3
TEST_17898,4
TEST_17899,4
TEST_17900,4
TEST_17901,1
TEST_17902,0
TEST_17903,1
TEST_17904,4
TEST_17905,3
TEST_17906,0
TEST_17907,3
TEST_17908,0
TEST_17909,2
TEST_17910,2
TEST_17911,2
TEST_17912,4
TEST_17913,2
TEST_17914,2
TEST_17915,1
TEST_17916,1
TEST_17917,1
TEST_17918,2
TEST_17919,1
TEST_17920,4
TEST_17921,4
TEST_17922,1
TEST_17923,4
TEST_17924,3
TEST_17925,1
TEST_17926,3
TEST_17927,0
TEST_17928,3
TEST_17929,1
TEST_17930,2
TEST_17931,2
TEST_17932,3
TEST_17933,3
TEST_17934,1
TEST_17935,3
TEST_17936,3
TEST_17937,0
TEST_17938,4
TEST_17939,4
TEST_17940,3
TEST_17941,2
TEST_17942,3
TEST_17943,2
TEST_17944,4
TEST_17945,3
TEST_17946,3
TEST_17947,4
TEST_17948,4
TEST_17949,1
TEST_17950,2
TEST_17951,2
TEST_17952,0
TEST_17953,4
TEST_17954,4
TEST_17955,1
TEST_17956,3
TEST_17957,1
TEST_17958,0
TEST_17959,2
TEST_17960,2
TEST_17961,2
TEST_17962,3
TEST_17963,3
TEST_17964,1
TEST_17965,4
TEST_17966,3
TEST_17967,2
TEST_17968,1
TEST_17969,2
TEST_17970,0
TEST_17971,4
TEST_17972,3
TEST_17973,2
TEST_17974,4
TEST_17975,3
TEST_17976,2
TEST_17977,3
TEST_17978,4
TEST_17979,2
TEST_17980,2
TEST_17981,4
TEST_17982,3
TEST_17983,3
TEST_17984,3
TEST_17985,3
TEST_17986,0
TEST_17987,2
TEST_17988,4
TEST_17989,0
TEST_17990,0
TEST_17991,2
TEST_17992,3
TEST_17993,1
TEST_17994,0
TEST_17995,2
TEST_17996,3
TEST_17997,1
TEST_17998,2
TEST_17999,3
TEST_18000,4
TEST_18001,3
TEST_18002,4
TEST_18003,4
TEST_18004,3
TEST_18005,0
TEST_18006,0
TEST_18007,4
TEST_18008,1
TEST_18009,4
TEST_18010,4
TEST_18011,3
TEST_18012,2
TEST_18013,1
TEST_18014,2
TEST_18015,3
TEST_18016,3
TEST_18017,3
TEST_18018,4
TEST_18019,3
TEST_18020,2
TEST_18021,3
TEST_18022,2
TEST_18023,3
TEST_18024,2
TEST_18025,1
TEST_18026,1
TEST_18027,4
TEST_18028,0
TEST_18029,0
TEST_18030,0
TEST_18031,2
TEST_18032,4
TEST_18033,0
TEST_18034,3
TEST_18035,2
TEST_18036,4
TEST_18037,2
TEST_18038,0
TEST_18039,4
TEST_18040,2
TEST_18041,0
TEST_18042,4
TEST_18043,1
TEST_18044,3
TEST_18045,2
TEST_18046,3
TEST_18047,4
TEST_18048,4
TEST_18049,3
TEST_18050,4
TEST_18051,2
TEST_18052,3
TEST_18053,4
TEST_18054,2
TEST_18055,3
TEST_18056,3
TEST_18057,2
TEST_18058,2
TEST_18059,4
TEST_18060,4
TEST_18061,4
TEST_18062,2
TEST_18063,0
TEST_18064,0
TEST_18065,4
TEST_18066,4
TEST_18067,4
TEST_18068,0
TEST_18069,4
TEST_18070,1
TEST_18071,1
TEST_18072,1
TEST_18073,3
TEST_18074,2
TEST_18075,1
TEST_18076,2
TEST_18077,4
TEST_18078,2
TEST_18079,3
TEST_18080,3
TEST_18081,4
TEST_18082,4
TEST_18083,4
TEST_18084,1
TEST_18085,1
TEST_18086,3
TEST_18087,2
TEST_18088,4
TEST_18089,3
TEST_18090,1
TEST_18091,1
TEST_18092,3
TEST_18093,0
TEST_18094,4
TEST_18095,1
TEST_18096,4
TEST_18097,4
TEST_18098,1
TEST_18099,4
TEST_18100,3
TEST_18101,1
TEST_18102,1
TEST_18103,3
TEST_18104,4
TEST_18105,3
TEST_18106,3
TEST_18107,3
TEST_18108,4
TEST_18109,4
TEST_18110,2
TEST_18111,0
TEST_18112,2
TEST_18113,2
TEST_18114,3
TEST_18115,3
TEST_18116,3
TEST_18117,3
TEST_18118,4
TEST_18119,4
TEST_18120,3
TEST_18121,3
TEST_18122,1
TEST_18123,3
TEST_18124,3
TEST_18125,2
TEST_18126,4
TEST_18127,3
TEST_18128,2
TEST_18129,0
TEST_18130,4
TEST_18131,1
TEST_18132,1
TEST_18133,3
TEST_18134,3
TEST_18135,3
TEST_18136,4
TEST_18137,3
TEST_18138,2
TEST_18139,3
TEST_18140,3
TEST_18141,3
TEST_18142,4
TEST_18143,3
TEST_18144,4
TEST_18145,3
TEST_18146,4
TEST_18147,3
TEST_18148,4
TEST_18149,3
TEST_18150,3
TEST_18151,3
TEST_18152,3
TEST_18153,3
TEST_18154,1
TEST_18155,3
TEST_18156,1
TEST_18157,4
TEST_18158,3
TEST_18159,1
TEST_18160,4
TEST_18161,1
TEST_18162,3
TEST_18163,1
TEST_18164,0
TEST_18165,2
TEST_18166,3
TEST_18167,1
TEST_18168,3
TEST_18169,4
TEST_18170,4
TEST_18171,0
TEST_18172,2
TEST_18173,1
TEST_18174,4
TEST_18175,2
TEST_18176,3
TEST_18177,0
TEST_18178,3
TEST_18179,3
TEST_18180,1
TEST_18181,0
TEST_18182,3
TEST_18183,2
TEST_18184,0
TEST_18185,3
TEST_18186,4
TEST_18187,2
TEST_18188,4
TEST_18189,3
TEST_18190,0
TEST_18191,4
TEST_18192,2
TEST_18193,0
TEST_18194,3
TEST_18195,3
TEST_18196,0
TEST_18197,4
TEST_18198,4
TEST_18199,2
TEST_18200,3
TEST_18201,3
TEST_18202,4
TEST_18203,3
TEST_18204,2
TEST_18205,4
TEST_18206,0
TEST_18207,1
TEST_18208,2
TEST_18209,4
TEST_18210,2
TEST_18211,2
TEST_18212,2
TEST_18213,3
TEST_18214,2
TEST_18215,4
TEST_18216,4
TEST_18217,0
TEST_18218,2
TEST_18219,3
TEST_18220,2
TEST_18221,3
TEST_18222,2
TEST_18223,2
TEST_18224,2
TEST_18225,0
TEST_18226,0
TEST_18227,1
TEST_18228,1
TEST_18229,3
TEST_18230,2
TEST_18231,2
TEST_18232,0
TEST_18233,2
TEST_18234,0
TEST_18235,3
TEST_18236,1
TEST_18237,3
TEST_18238,3
TEST_18239,0
TEST_18240,3
TEST_18241,2
TEST_18242,4
TEST_18243,1
TEST_18244,4
TEST_18245,1
TEST_18246,3
TEST_18247,2
TEST_18248,1
TEST_18249,3
TEST_18250,1
TEST_18251,2
TEST_18252,3
TEST_18253,2
TEST_18254,2
TEST_18255,2
TEST_18256,4
TEST_18257,2
TEST_18258,3
TEST_18259,0
TEST_18260,3
TEST_18261,2
TEST_18262,4
TEST_18263,2
TEST_18264,3
TEST_18265,0
TEST_18266,3
TEST_18267,2
TEST_18268,2
TEST_18269,2
TEST_18270,0
TEST_18271,1
TEST_18272,1
TEST_18273,2
TEST_18274,3
TEST_18275,3
TEST_18276,3
TEST_18277,3
TEST_18278,3
TEST_18279,2
TEST_18280,4
TEST_18281,2
TEST_18282,4
TEST_18283,1
TEST_18284,1
TEST_18285,4
TEST_18286,3
TEST_18287,4
TEST_18288,3
TEST_18289,4
TEST_18290,4
TEST_18291,3
TEST_18292,4
TEST_18293,0
TEST_18294,0
TEST_18295,2
TEST_18296,1
TEST_18297,0
TEST_18298,4
TEST_18299,0
TEST_18300,4
TEST_18301,1
TEST_18302,1
TEST_18303,3
TEST_18304,3
TEST_18305,3
TEST_18306,2
TEST_18307,0
TEST_18308,4
TEST_18309,2
TEST_18310,3
TEST_18311,3
TEST_18312,0
TEST_18313,2
TEST_18314,0
TEST_18315,1
TEST_18316,1
TEST_18317,3
TEST_18318,0
TEST_18319,1
TEST_18320,4
TEST_18321,2
TEST_18322,2
TEST_18323,4
TEST_18324,3
TEST_18325,1
TEST_18326,4
TEST_18327,3
TEST_18328,1
TEST_18329,4
TEST_18330,4
TEST_18331,2
TEST_18332,4
TEST_18333,2
TEST_18334,2
TEST_18335,3
TEST_18336,0
TEST_18337,0
TEST_18338,0
TEST_18339,1
TEST_18340,4
TEST_18341,0
TEST_18342,0
TEST_18343,3
TEST_18344,2
TEST_18345,1
TEST_18346,2
TEST_18347,3
TEST_18348,4
TEST_18349,2
TEST_18350,4
TEST_18351,3
TEST_18352,1
TEST_18353,2
TEST_18354,4
TEST_18355,2
TEST_18356,2
TEST_18357,3
TEST_18358,0
TEST_18359,1
TEST_18360,2
TEST_18361,1
TEST_18362,3
TEST_18363,0
TEST_18364,3
TEST_18365,1
TEST_18366,0
TEST_18367,4
TEST_18368,3
TEST_18369,3
TEST_18370,2
TEST_18371,2
TEST_18372,2
TEST_18373,3
TEST_18374,2
TEST_18375,1
TEST_18376,3
TEST_18377,1
TEST_18378,1
TEST_18379,3
TEST_18380,3
TEST_18381,0
TEST_18382,3
TEST_18383,1
TEST_18384,2
TEST_18385,3
TEST_18386,2
TEST_18387,1
TEST_18388,2
TEST_18389,4
TEST_18390,3
TEST_18391,0
TEST_18392,3
TEST_18393,2
TEST_18394,3
TEST_18395,1
TEST_18396,2
TEST_18397,1
TEST_18398,1
TEST_18399,4
TEST_18400,1
TEST_18401,3
TEST_18402,4
TEST_18403,3
TEST_18404,4
TEST_18405,3
TEST_18406,4
TEST_18407,1
TEST_18408,4
TEST_18409,4
TEST_18410,4
TEST_18411,4
TEST_18412,4
TEST_18413,4
TEST_18414,4
TEST_18415,2
TEST_18416,2
TEST_18417,1
TEST_18418,0
TEST_18419,3
TEST_18420,1
TEST_18421,1
TEST_18422,2
TEST_18423,4
TEST_18424,2
TEST_18425,2
TEST_18426,3
TEST_18427,2
TEST_18428,1
TEST_18429,3
TEST_18430,1
TEST_18431,2
TEST_18432,1
TEST_18433,1
TEST_18434,0
TEST_18435,3
TEST_18436,3
TEST_18437,0
TEST_18438,4
TEST_18439,3
TEST_18440,2
TEST_18441,4
TEST_18442,2
TEST_18443,0
TEST_18444,4
TEST_18445,4
TEST_18446,3
TEST_18447,2
TEST_18448,4
TEST_18449,2
TEST_18450,3
TEST_18451,3
TEST_18452,0
TEST_18453,4
TEST_18454,4
TEST_18455,4
TEST_18456,2
TEST_18457,2
TEST_18458,0
TEST_18459,1
TEST_18460,3
TEST_18461,4
TEST_18462,4
TEST_18463,2
TEST_18464,4
TEST_18465,3
TEST_18466,3
TEST_18467,4
TEST_18468,1
TEST_18469,3
TEST_18470,4
TEST_18471,0
TEST_18472,4
TEST_18473,2
TEST_18474,3
TEST_18475,1
TEST_18476,2
TEST_18477,0
TEST_18478,3
TEST_18479,3
TEST_18480,3
TEST_18481,2
TEST_18482,4
TEST_18483,2
TEST_18484,4
TEST_18485,2
TEST_18486,0
TEST_18487,0
TEST_18488,3
TEST_18489,4
TEST_18490,3
TEST_18491,4
TEST_18492,3
TEST_18493,4
TEST_18494,2
TEST_18495,0
TEST_18496,2
TEST_18497,4
TEST_18498,2
TEST_18499,4
TEST_18500,3
TEST_18501,3
TEST_18502,1
TEST_18503,4
TEST_18504,2
TEST_18505,0
TEST_18506,4
TEST_18507,2
TEST_18508,3
TEST_18509,1
TEST_18510,4
TEST_18511,3
TEST_18512,0
TEST_18513,0
TEST_18514,3
TEST_18515,0
TEST_18516,3
TEST_18517,4
TEST_18518,3
TEST_18519,3
TEST_18520,1
TEST_18521,1
TEST_18522,4
TEST_18523,4
TEST_18524,0
TEST_18525,0
TEST_18526,4
TEST_18527,4
TEST_18528,4
TEST_18529,3
TEST_18530,4
TEST_18531,2
TEST_18532,3
TEST_18533,4
TEST_18534,3
TEST_18535,2
TEST_18536,2
TEST_18537,4
TEST_18538,2
TEST_18539,4
TEST_18540,0
TEST_18541,0
TEST_18542,3
TEST_18543,4
TEST_18544,1
TEST_18545,3
TEST_18546,3
TEST_18547,4
TEST_18548,4
TEST_18549,4
TEST_18550,4
TEST_18551,3
TEST_18552,1
TEST_18553,4
TEST_18554,4
TEST_18555,2
TEST_18556,4
TEST_18557,3
TEST_18558,3
TEST_18559,1
TEST_18560,3
TEST_18561,4
TEST_18562,1
TEST_18563,2
TEST_18564,1
TEST_18565,3
TEST_18566,3
TEST_18567,4
TEST_18568,4
TEST_18569,0
TEST_18570,3
TEST_18571,4
TEST_18572,2
TEST_18573,4
TEST_18574,2
TEST_18575,1
TEST_18576,3
TEST_18577,2
TEST_18578,4
TEST_18579,0
TEST_18580,4
TEST_18581,3
TEST_18582,4
TEST_18583,3
TEST_18584,2
TEST_18585,4
TEST_18586,3
TEST_18587,2
TEST_18588,2
TEST_18589,1
TEST_18590,2
TEST_18591,0
TEST_18592,3
TEST_18593,3
TEST_18594,2
TEST_18595,3
TEST_18596,2
TEST_18597,2
TEST_18598,2
TEST_18599,0
TEST_18600,2
TEST_18601,3
TEST_18602,2
TEST_18603,0
TEST_18604,0
TEST_18605,3
TEST_18606,2
TEST_18607,0
TEST_18608,2
TEST_18609,2
TEST_18610,4
TEST_18611,4
TEST_18612,3
TEST_18613,4
TEST_18614,4
TEST_18615,4
TEST_18616,0
TEST_18617,0
TEST_18618,3
TEST_18619,2
TEST_18620,3
TEST_18621,4
TEST_18622,4
TEST_18623,4
TEST_18624,3
TEST_18625,3
TEST_18626,2
TEST_18627,3
TEST_18628,4
TEST_18629,4
TEST_18630,1
TEST_18631,1
TEST_18632,2
TEST_18633,3
TEST_18634,3
TEST_18635,1
TEST_18636,1
TEST_18637,2
TEST_18638,4
TEST_18639,3
TEST_18640,1
TEST_18641,1
TEST_18642,1
TEST_18643,3
TEST_18644,4
TEST_18645,0
TEST_18646,1
TEST_18647,4
TEST_18648,4
TEST_18649,1
TEST_18650,2
TEST_18651,0
TEST_18652,4
TEST_18653,3
TEST_18654,0
TEST_18655,2
TEST_18656,3
TEST_18657,3
TEST_18658,4
TEST_18659,2
TEST_18660,3
TEST_18661,1
TEST_18662,3
TEST_18663,3
TEST_18664,3
TEST_18665,3
TEST_18666,0
TEST_18667,0
TEST_18668,3
TEST_18669,3
TEST_18670,4
TEST_18671,1
TEST_18672,2
TEST_18673,2
TEST_18674,3
TEST_18675,3
TEST_18676,2
TEST_18677,4
TEST_18678,1
TEST_18679,4
TEST_18680,1
TEST_18681,2
TEST_18682,2
TEST_18683,0
TEST_18684,3
TEST_18685,3
TEST_18686,4
TEST_18687,0
TEST_18688,2
TEST_18689,1
TEST_18690,4
TEST_18691,3
TEST_18692,3
TEST_18693,3
TEST_18694,4
TEST_18695,3
TEST_18696,1
TEST_18697,0
TEST_18698,2
TEST_18699,1
TEST_18700,2
TEST_18701,4
TEST_18702,4
TEST_18703,4
TEST_18704,3
TEST_18705,3
TEST_18706,3
TEST_18707,3
TEST_18708,2
TEST_18709,0
TEST_18710,4
TEST_18711,4
TEST_18712,2
TEST_18713,1
TEST_18714,4
TEST_18715,0
TEST_18716,4
TEST_18717,3
TEST_18718,3
TEST_18719,3
TEST_18720,3
TEST_18721,4
TEST_18722,2
TEST_18723,1
TEST_18724,3
TEST_18725,3
TEST_18726,3
TEST_18727,1
TEST_18728,0
TEST_18729,4
TEST_18730,2
TEST_18731,4
TEST_18732,1
TEST_18733,3
TEST_18734,1
TEST_18735,4
TEST_18736,3
TEST_18737,1
TEST_18738,3
TEST_18739,3
TEST_18740,3
TEST_18741,3
TEST_18742,0
TEST_18743,3
TEST_18744,4
TEST_18745,2
TEST_18746,4
TEST_18747,2
TEST_18748,1
TEST_18749,2
TEST_18750,3
TEST_18751,1
TEST_18752,3
TEST_18753,2
TEST_18754,3
TEST_18755,3
TEST_18756,2
TEST_18757,2
TEST_18758,3
TEST_18759,3
TEST_18760,1
TEST_18761,1
TEST_18762,0
TEST_18763,1
TEST_18764,4
TEST_18765,0
TEST_18766,4
TEST_18767,1
TEST_18768,0
TEST_18769,4
TEST_18770,1
TEST_18771,3
TEST_18772,4
TEST_18773,2
TEST_18774,2
TEST_18775,4
TEST_18776,3
TEST_18777,0
TEST_18778,4
TEST_18779,3
TEST_18780,4
TEST_18781,1
TEST_18782,3
TEST_18783,3
TEST_18784,2
TEST_18785,2
TEST_18786,2
TEST_18787,4
TEST_18788,4
TEST_18789,2
TEST_18790,0
TEST_18791,4
TEST_18792,4
TEST_18793,4
TEST_18794,1
TEST_18795,3
TEST_18796,2
TEST_18797,1
TEST_18798,3
TEST_18799,4
TEST_18800,4
TEST_18801,1
TEST_18802,1
TEST_18803,1
TEST_18804,2
TEST_18805,3
TEST_18806,1
TEST_18807,0
TEST_18808,2
TEST_18809,3
TEST_18810,4
TEST_18811,3
TEST_18812,4
TEST_18813,4
TEST_18814,4
TEST_18815,3
TEST_18816,4
TEST_18817,3
TEST_18818,3
TEST_18819,1
TEST_18820,1
TEST_18821,4
TEST_18822,1
TEST_18823,3
TEST_18824,3
TEST_18825,4
TEST_18826,4
TEST_18827,4
TEST_18828,0
TEST_18829,1
TEST_18830,2
TEST_18831,0
TEST_18832,4
TEST_18833,3
TEST_18834,4
TEST_18835,3
TEST_18836,3
TEST_18837,4
TEST_18838,3
TEST_18839,4
TEST_18840,4
TEST_18841,2
TEST_18842,2
TEST_18843,1
TEST_18844,4
TEST_18845,2
TEST_18846,3
TEST_18847,4
TEST_18848,3
TEST_18849,2
TEST_18850,2
TEST_18851,4
TEST_18852,3
TEST_18853,3
TEST_18854,2
TEST_18855,1
TEST_18856,0
TEST_18857,3
TEST_18858,4
TEST_18859,4
TEST_18860,1
TEST_18861,4
TEST_18862,1
TEST_18863,0
TEST_18864,1
TEST_18865,3
TEST_18866,3
TEST_18867,0
TEST_18868,2
TEST_18869,0
TEST_18870,3
TEST_18871,3
TEST_18872,3
TEST_18873,3
TEST_18874,1
TEST_18875,2
TEST_18876,1
TEST_18877,3
TEST_18878,4
TEST_18879,2
TEST_18880,0
TEST_18881,2
TEST_18882,3
TEST_18883,1
TEST_18884,3
TEST_18885,2
TEST_18886,0
TEST_18887,2
TEST_18888,0
TEST_18889,3
TEST_18890,2
TEST_18891,3
TEST_18892,1
TEST_18893,3
TEST_18894,0
TEST_18895,3
TEST_18896,2
TEST_18897,3
TEST_18898,1
TEST_18899,1
TEST_18900,2
TEST_18901,4
TEST_18902,3
TEST_18903,4
TEST_18904,3
TEST_18905,4
TEST_18906,3
TEST_18907,4
TEST_18908,2
TEST_18909,2
TEST_18910,4
TEST_18911,2
TEST_18912,3
TEST_18913,4
TEST_18914,4
TEST_18915,2
TEST_18916,1
TEST_18917,4
TEST_18918,1
TEST_18919,0
TEST_18920,2
TEST_18921,3
TEST_18922,2
TEST_18923,4
TEST_18924,1
TEST_18925,2
TEST_18926,2
TEST_18927,3
TEST_18928,2
TEST_18929,4
TEST_18930,0
TEST_18931,4
TEST_18932,3
TEST_18933,1
TEST_18934,3
TEST_18935,1
TEST_18936,1
TEST_18937,2
TEST_18938,3
TEST_18939,4
TEST_18940,4
TEST_18941,2
TEST_18942,2
TEST_18943,3
TEST_18944,2
TEST_18945,2
TEST_18946,1
TEST_18947,4
TEST_18948,2
TEST_18949,3
TEST_18950,2
TEST_18951,1
TEST_18952,0
TEST_18953,3
TEST_18954,3
TEST_18955,1
TEST_18956,1
TEST_18957,0
TEST_18958,3
TEST_18959,1
TEST_18960,3
TEST_18961,4
TEST_18962,4
TEST_18963,3
TEST_18964,2
TEST_18965,1
TEST_18966,3
TEST_18967,2
TEST_18968,3
TEST_18969,0
TEST_18970,3
TEST_18971,4
TEST_18972,4
TEST_18973,2
TEST_18974,4
TEST_18975,0
TEST_18976,3
TEST_18977,3
TEST_18978,3
TEST_18979,4
TEST_18980,4
TEST_18981,3
TEST_18982,3
TEST_18983,2
TEST_18984,3
TEST_18985,4
TEST_18986,2
TEST_18987,4
TEST_18988,3
TEST_18989,1
TEST_18990,4
TEST_18991,2
TEST_18992,0
TEST_18993,2
TEST_18994,2
TEST_18995,4
TEST_18996,1
TEST_18997,1
TEST_18998,3
TEST_18999,3
TEST_19000,3
TEST_19001,0
TEST_19002,4
TEST_19003,3
TEST_19004,3
TEST_19005,4
TEST_19006,2
TEST_19007,2
TEST_19008,4
TEST_19009,3
TEST_19010,1
TEST_19011,4
TEST_19012,0
TEST_19013,3
TEST_19014,1
TEST_19015,2
TEST_19016,3
TEST_19017,1
TEST_19018,1
TEST_19019,4
TEST_19020,4
TEST_19021,4
TEST_19022,0
TEST_19023,1
TEST_19024,1
TEST_19025,3
TEST_19026,4
TEST_19027,2
TEST_19028,0
TEST_19029,0
TEST_19030,0
TEST_19031,1
TEST_19032,3
TEST_19033,2
TEST_19034,2
TEST_19035,3
TEST_19036,4
TEST_19037,0
TEST_19038,1
TEST_19039,2
TEST_19040,2
TEST_19041,3
TEST_19042,4
TEST_19043,3
TEST_19044,3
TEST_19045,3
TEST_19046,0
TEST_19047,2
TEST_19048,2
TEST_19049,3
TEST_19050,0
TEST_19051,4
TEST_19052,0
TEST_19053,0
TEST_19054,3
TEST_19055,2
TEST_19056,0
TEST_19057,3
TEST_19058,3
TEST_19059,0
TEST_19060,4
TEST_19061,2
TEST_19062,3
TEST_19063,3
TEST_19064,4
TEST_19065,1
TEST_19066,0
TEST_19067,1
TEST_19068,4
TEST_19069,3
TEST_19070,3
TEST_19071,3
TEST_19072,2
TEST_19073,4
TEST_19074,0
TEST_19075,3
TEST_19076,2
TEST_19077,1
TEST_19078,2
TEST_19079,4
TEST_19080,2
TEST_19081,0
TEST_19082,3
TEST_19083,1
TEST_19084,1
TEST_19085,1
TEST_19086,1
TEST_19087,2
TEST_19088,3
TEST_19089,0
TEST_19090,4
TEST_19091,3
TEST_19092,1
TEST_19093,1
TEST_19094,1
TEST_19095,4
TEST_19096,4
TEST_19097,4
TEST_19098,3
TEST_19099,4
TEST_19100,4
TEST_19101,0
TEST_19102,3
TEST_19103,1
TEST_19104,0
TEST_19105,4
TEST_19106,0
TEST_19107,4
TEST_19108,3
TEST_19109,3
TEST_19110,2
TEST_19111,3
TEST_19112,1
TEST_19113,4
TEST_19114,2
TEST_19115,1
TEST_19116,2
TEST_19117,3
TEST_19118,2
TEST_19119,3
TEST_19120,3
TEST_19121,4
TEST_19122,3
TEST_19123,1
TEST_19124,3
TEST_19125,0
TEST_19126,3
TEST_19127,4
TEST_19128,3
TEST_19129,0
TEST_19130,0
TEST_19131,3
TEST_19132,0
TEST_19133,3
TEST_19134,0
TEST_19135,3
TEST_19136,3
TEST_19137,4
TEST_19138,3
TEST_19139,2
TEST_19140,3
TEST_19141,2
TEST_19142,4
TEST_19143,4
TEST_19144,2
TEST_19145,3
TEST_19146,3
TEST_19147,2
TEST_19148,1
TEST_19149,4
TEST_19150,4
TEST_19151,1
TEST_19152,2
TEST_19153,4
TEST_19154,0
TEST_19155,3
TEST_19156,2
TEST_19157,2
TEST_19158,3
TEST_19159,3
TEST_19160,3
TEST_19161,0
TEST_19162,4
TEST_19163,0
TEST_19164,3
TEST_19165,1
TEST_19166,2
TEST_19167,2
TEST_19168,3
TEST_19169,3
TEST_19170,2
TEST_19171,1
TEST_19172,2
TEST_19173,4
TEST_19174,1
TEST_19175,3
TEST_19176,4
TEST_19177,3
TEST_19178,1
TEST_19179,2
TEST_19180,3
TEST_19181,0
TEST_19182,3
TEST_19183,4
TEST_19184,4
TEST_19185,1
TEST_19186,0
TEST_19187,4
TEST_19188,4
TEST_19189,2
TEST_19190,4
TEST_19191,3
TEST_19192,0
TEST_19193,3
TEST_19194,4
TEST_19195,3
TEST_19196,0
TEST_19197,1
TEST_19198,4
TEST_19199,4
TEST_19200,2
TEST_19201,3
TEST_19202,0
TEST_19203,4
TEST_19204,3
TEST_19205,0
TEST_19206,3
TEST_19207,3
TEST_19208,1
TEST_19209,3
TEST_19210,0
TEST_19211,0
TEST_19212,2
TEST_19213,3
TEST_19214,4
TEST_19215,2
TEST_19216,0
TEST_19217,1
TEST_19218,4
TEST_19219,4
TEST_19220,4
TEST_19221,3
TEST_19222,1
TEST_19223,2
TEST_19224,2
TEST_19225,0
TEST_19226,1
TEST_19227,2
TEST_19228,3
TEST_19229,3
TEST_19230,4
TEST_19231,4
TEST_19232,1
TEST_19233,3
TEST_19234,2
TEST_19235,4
TEST_19236,2
TEST_19237,4
TEST_19238,0
TEST_19239,0
TEST_19240,2
TEST_19241,2
TEST_19242,0
TEST_19243,4
TEST_19244,3
TEST_19245,4
TEST_19246,3
TEST_19247,0
TEST_19248,4
TEST_19249,4
TEST_19250,3
TEST_19251,4
TEST_19252,4
TEST_19253,3
TEST_19254,2
TEST_19255,4
TEST_19256,0
TEST_19257,3
TEST_19258,4
TEST_19259,2
TEST_19260,3
TEST_19261,0
TEST_19262,4
TEST_19263,0
TEST_19264,3
TEST_19265,1
TEST_19266,0
TEST_19267,4
TEST_19268,4
TEST_19269,0
TEST_19270,2
TEST_19271,4
TEST_19272,3
TEST_19273,1
TEST_19274,2
TEST_19275,1
TEST_19276,2
TEST_19277,4
TEST_19278,3
TEST_19279,2
TEST_19280,4
TEST_19281,4
TEST_19282,4
TEST_19283,4
TEST_19284,3
TEST_19285,1
TEST_19286,2
TEST_19287,0
TEST_19288,1
TEST_19289,3
TEST_19290,4
TEST_19291,4
TEST_19292,3
TEST_19293,3
TEST_19294,3
TEST_19295,0
TEST_19296,3
TEST_19297,1
TEST_19298,3
TEST_19299,3
TEST_19300,3
TEST_19301,3
TEST_19302,2
TEST_19303,2
TEST_19304,4
TEST_19305,4
TEST_19306,3
TEST_19307,3
TEST_19308,2
TEST_19309,3
TEST_19310,2
TEST_19311,4
TEST_19312,3
TEST_19313,3
TEST_19314,4
TEST_19315,0
TEST_19316,3
TEST_19317,2
TEST_19318,4
TEST_19319,4
TEST_19320,2
TEST_19321,2
TEST_19322,4
TEST_19323,1
TEST_19324,2
TEST_19325,4
TEST_19326,4
TEST_19327,3
TEST_19328,3
TEST_19329,2
TEST_19330,2
TEST_19331,1
TEST_19332,2
TEST_19333,4
TEST_19334,3
TEST_19335,4
TEST_19336,4
TEST_19337,0
TEST_19338,4
TEST_19339,3
TEST_19340,3
TEST_19341,4
TEST_19342,3
TEST_19343,1
TEST_19344,4
TEST_19345,1
TEST_19346,3
TEST_19347,4
TEST_19348,4
TEST_19349,4
TEST_19350,2
TEST_19351,2
TEST_19352,3
TEST_19353,0
TEST_19354,1
TEST_19355,2
TEST_19356,3
TEST_19357,3
TEST_19358,3
TEST_19359,2
TEST_19360,3
TEST_19361,4
TEST_19362,0
TEST_19363,1
TEST_19364,4
TEST_19365,2
TEST_19366,4
TEST_19367,4
TEST_19368,4
TEST_19369,1
TEST_19370,4
TEST_19371,2
TEST_19372,1
TEST_19373,1
TEST_19374,3
TEST_19375,2
TEST_19376,2
TEST_19377,3
TEST_19378,0
TEST_19379,1
TEST_19380,3
TEST_19381,0
TEST_19382,2
TEST_19383,2
TEST_19384,3
TEST_19385,1
TEST_19386,2
TEST_19387,4
TEST_19388,4
TEST_19389,1
TEST_19390,3
TEST_19391,3
TEST_19392,2
TEST_19393,0
TEST_19394,2
TEST_19395,4
TEST_19396,1
TEST_19397,4
TEST_19398,3
TEST_19399,4
TEST_19400,2
TEST_19401,2
TEST_19402,3
TEST_19403,2
TEST_19404,3
TEST_19405,3
TEST_19406,2
TEST_19407,2
TEST_19408,2
TEST_19409,4
TEST_19410,1
TEST_19411,0
TEST_19412,1
TEST_19413,4
TEST_19414,3
TEST_19415,3
TEST_19416,2
TEST_19417,3
TEST_19418,2
TEST_19419,4
TEST_19420,0
TEST_19421,1
TEST_19422,3
TEST_19423,4
TEST_19424,1
TEST_19425,4
TEST_19426,3
TEST_19427,3
TEST_19428,0
TEST_19429,2
TEST_19430,4
TEST_19431,1
TEST_19432,4
TEST_19433,3
TEST_19434,1
TEST_19435,1
TEST_19436,3
TEST_19437,4
TEST_19438,1
TEST_19439,1
TEST_19440,3
TEST_19441,1
TEST_19442,3
TEST_19443,0
TEST_19444,2
TEST_19445,2
TEST_19446,2
TEST_19447,3
TEST_19448,0
TEST_19449,4
TEST_19450,3
TEST_19451,0
TEST_19452,0
TEST_19453,4
TEST_19454,0
TEST_19455,1
TEST_19456,3
TEST_19457,1
TEST_19458,0
TEST_19459,0
TEST_19460,0
TEST_19461,4
TEST_19462,0
TEST_19463,2
TEST_19464,2
TEST_19465,4
TEST_19466,1
TEST_19467,3
TEST_19468,3
TEST_19469,2
TEST_19470,2
TEST_19471,4
TEST_19472,4
TEST_19473,3
TEST_19474,3
TEST_19475,4
TEST_19476,3
TEST_19477,4
TEST_19478,3
TEST_19479,2
TEST_19480,1
TEST_19481,3
TEST_19482,2
TEST_19483,1
TEST_19484,1
TEST_19485,1
TEST_19486,1
TEST_19487,1
TEST_19488,4
TEST_19489,3
TEST_19490,3
TEST_19491,3
TEST_19492,0
TEST_19493,3
TEST_19494,4
TEST_19495,2
TEST_19496,1
TEST_19497,1
TEST_19498,4
TEST_19499,2
TEST_19500,4
TEST_19501,4
TEST_19502,2
TEST_19503,1
TEST_19504,1
TEST_19505,1
TEST_19506,4
TEST_19507,3
TEST_19508,3
TEST_19509,1
TEST_19510,1
TEST_19511,4
TEST_19512,3
TEST_19513,1
TEST_19514,4
TEST_19515,2
TEST_19516,1
TEST_19517,1
TEST_19518,2
TEST_19519,2
TEST_19520,0
TEST_19521,0
TEST_19522,0
TEST_19523,2
TEST_19524,3
TEST_19525,1
TEST_19526,3
TEST_19527,0
TEST_19528,2
TEST_19529,2
TEST_19530,3
TEST_19531,3
TEST_19532,2
TEST_19533,0
TEST_19534,3
TEST_19535,4
TEST_19536,1
TEST_19537,1
TEST_19538,3
TEST_19539,3
TEST_19540,0
TEST_19541,3
TEST_19542,3
TEST_19543,3
TEST_19544,1
TEST_19545,0
TEST_19546,2
TEST_19547,0
TEST_19548,4
TEST_19549,4
TEST_19550,1
TEST_19551,2
TEST_19552,0
TEST_19553,4
TEST_19554,1
TEST_19555,1
TEST_19556,4
TEST_19557,4
TEST_19558,0
TEST_19559,2
TEST_19560,2
TEST_19561,4
TEST_19562,0
TEST_19563,0
TEST_19564,4
TEST_19565,4
TEST_19566,0
TEST_19567,2
TEST_19568,1
TEST_19569,3
TEST_19570,0
TEST_19571,4
TEST_19572,3
TEST_19573,4
TEST_19574,3
TEST_19575,1
TEST_19576,4
TEST_19577,3
TEST_19578,4
TEST_19579,3
TEST_19580,1
TEST_19581,2
TEST_19582,3
TEST_19583,2
TEST_19584,2
TEST_19585,2
TEST_19586,3
TEST_19587,1
TEST_19588,0
TEST_19589,3
TEST_19590,1
TEST_19591,1
TEST_19592,1
TEST_19593,4
TEST_19594,4
TEST_19595,2
TEST_19596,1
TEST_19597,1
TEST_19598,2
TEST_19599,4
TEST_19600,4
TEST_19601,1
TEST_19602,2
TEST_19603,2
TEST_19604,1
TEST_19605,2
TEST_19606,2
TEST_19607,4
TEST_19608,3
TEST_19609,2
TEST_19610,4
TEST_19611,0
TEST_19612,3
TEST_19613,3
TEST_19614,3
TEST_19615,1
TEST_19616,4
TEST_19617,4
TEST_19618,0
TEST_19619,0
TEST_19620,4
TEST_19621,1
TEST_19622,2
TEST_19623,1
TEST_19624,3
TEST_19625,1
TEST_19626,2
TEST_19627,2
TEST_19628,4
TEST_19629,3
TEST_19630,1
TEST_19631,2
TEST_19632,3
TEST_19633,4
TEST_19634,2
TEST_19635,3
TEST_19636,4
TEST_19637,3
TEST_19638,1
TEST_19639,4
TEST_19640,0
TEST_19641,1
TEST_19642,3
TEST_19643,0
TEST_19644,1
TEST_19645,0
TEST_19646,3
TEST_19647,1
TEST_19648,2
TEST_19649,2
TEST_19650,4
TEST_19651,3
TEST_19652,2
TEST_19653,2
TEST_19654,3
TEST_19655,2
TEST_19656,3
TEST_19657,3
TEST_19658,4
TEST_19659,2
TEST_19660,4
TEST_19661,2
TEST_19662,1
TEST_19663,1
TEST_19664,0
TEST_19665,2
TEST_19666,3
TEST_19667,1
TEST_19668,2
TEST_19669,4
TEST_19670,3
TEST_19671,1
TEST_19672,4
TEST_19673,0
TEST_19674,4
TEST_19675,4
TEST_19676,3
TEST_19677,3
TEST_19678,3
TEST_19679,0
TEST_19680,0
TEST_19681,4
TEST_19682,3
TEST_19683,3
TEST_19684,3
TEST_19685,4
TEST_19686,3
TEST_19687,1
TEST_19688,3
TEST_19689,4
TEST_19690,3
TEST_19691,3
TEST_19692,2
TEST_19693,4
TEST_19694,4
TEST_19695,3
TEST_19696,4
TEST_19697,2
TEST_19698,3
TEST_19699,3
TEST_19700,3
TEST_19701,4
TEST_19702,4
TEST_19703,2
TEST_19704,2
TEST_19705,0
TEST_19706,2
TEST_19707,4
TEST_19708,2
TEST_19709,1
TEST_19710,0
TEST_19711,1
TEST_19712,3
TEST_19713,0
TEST_19714,3
TEST_19715,1
TEST_19716,2
TEST_19717,1
TEST_19718,2
TEST_19719,3
TEST_19720,1
TEST_19721,1
TEST_19722,3
TEST_19723,1
TEST_19724,3
TEST_19725,3
TEST_19726,0
TEST_19727,4
TEST_19728,3
TEST_19729,1
TEST_19730,1
TEST_19731,0
TEST_19732,3
TEST_19733,2
TEST_19734,2
TEST_19735,3
TEST_19736,3
TEST_19737,0
TEST_19738,0
TEST_19739,1
TEST_19740,1
TEST_19741,3
TEST_19742,4
TEST_19743,1
TEST_19744,3
TEST_19745,3
TEST_19746,3
TEST_19747,4
TEST_19748,3
TEST_19749,2
TEST_19750,2
TEST_19751,0
TEST_19752,4
TEST_19753,3
TEST_19754,4
TEST_19755,2
TEST_19756,3
TEST_19757,1
TEST_19758,3
TEST_19759,1
TEST_19760,1
TEST_19761,4
TEST_19762,3
TEST_19763,0
TEST_19764,1
TEST_19765,1
TEST_19766,4
TEST_19767,1
TEST_19768,1
TEST_19769,2
TEST_19770,2
TEST_19771,3
TEST_19772,4
TEST_19773,3
TEST_19774,3
TEST_19775,4
TEST_19776,3
TEST_19777,3
TEST_19778,3
TEST_19779,3
TEST_19780,3
TEST_19781,3
TEST_19782,1
TEST_19783,1
TEST_19784,0
TEST_19785,3
TEST_19786,3
TEST_19787,4
TEST_19788,4
TEST_19789,4
TEST_19790,3
TEST_19791,3
TEST_19792,4
TEST_19793,2
TEST_19794,4
TEST_19795,4
TEST_19796,1
TEST_19797,3
TEST_19798,4
TEST_19799,3
TEST_19800,1
TEST_19801,3
TEST_19802,0
TEST_19803,2
TEST_19804,3
TEST_19805,2
TEST_19806,3
TEST_19807,2
TEST_19808,3
TEST_19809,2
TEST_19810,1
TEST_19811,3
TEST_19812,3
TEST_19813,3
TEST_19814,3
TEST_19815,1
TEST_19816,3
TEST_19817,2
TEST_19818,2
TEST_19819,4
TEST_19820,1
TEST_19821,1
TEST_19822,3
TEST_19823,4
TEST_19824,1
TEST_19825,4
TEST_19826,4
TEST_19827,2
TEST_19828,0
TEST_19829,4
TEST_19830,2
TEST_19831,3
TEST_19832,2
TEST_19833,4
TEST_19834,2
TEST_19835,4
TEST_19836,4
TEST_19837,0
TEST_19838,1
TEST_19839,4
TEST_19840,2
TEST_19841,4
TEST_19842,3
TEST_19843,2
TEST_19844,0
TEST_19845,4
TEST_19846,4
TEST_19847,4
TEST_19848,0
TEST_19849,2
TEST_19850,3
TEST_19851,3
TEST_19852,2
TEST_19853,3
TEST_19854,1
TEST_19855,2
TEST_19856,4
TEST_19857,3
TEST_19858,2
TEST_19859,1
TEST_19860,4
TEST_19861,1
TEST_19862,2
TEST_19863,1
TEST_19864,0
TEST_19865,2
TEST_19866,4
TEST_19867,2
TEST_19868,1
TEST_19869,4
TEST_19870,4
TEST_19871,0
TEST_19872,1
TEST_19873,2
TEST_19874,0
TEST_19875,2
TEST_19876,0
TEST_19877,2
TEST_19878,0
TEST_19879,4
TEST_19880,4
TEST_19881,2
TEST_19882,3
TEST_19883,3
TEST_19884,3
TEST_19885,3
TEST_19886,4
TEST_19887,2
TEST_19888,4
TEST_19889,4
TEST_19890,4
TEST_19891,2
TEST_19892,2
TEST_19893,3
TEST_19894,3
TEST_19895,2
TEST_19896,4
TEST_19897,4
TEST_19898,4
TEST_19899,2
TEST_19900,3
TEST_19901,4
TEST_19902,2
TEST_19903,3
TEST_19904,2
TEST_19905,0
TEST_19906,2
TEST_19907,0
TEST_19908,2
TEST_19909,4
TEST_19910,2
TEST_19911,3
TEST_19912,1
TEST_19913,2
TEST_19914,2
TEST_19915,1
TEST_19916,1
TEST_19917,3
TEST_19918,2
TEST_19919,4
TEST_19920,1
TEST_19921,3
TEST_19922,2
TEST_19923,3
TEST_19924,0
TEST_19925,4
TEST_19926,1
TEST_19927,3
TEST_19928,4
TEST_19929,1
TEST_19930,2
TEST_19931,2
TEST_19932,0
TEST_19933,3
TEST_19934,4
TEST_19935,4
TEST_19936,4
TEST_19937,4
TEST_19938,0
TEST_19939,1
TEST_19940,2
TEST_19941,3
TEST_19942,4
TEST_19943,4
TEST_19944,3
TEST_19945,4
TEST_19946,2
TEST_19947,4
TEST_19948,2
TEST_19949,3
TEST_19950,1
TEST_19951,4
TEST_19952,4
TEST_19953,3
TEST_19954,1
TEST_19955,0
TEST_19956,4
TEST_19957,3
TEST_19958,2
TEST_19959,1
TEST_19960,4
TEST_19961,3
TEST_19962,3
TEST_19963,0
TEST_19964,3
TEST_19965,2
TEST_19966,3
TEST_19967,0
TEST_19968,1
TEST_19969,3
TEST_19970,4
TEST_19971,1
TEST_19972,1
TEST_19973,0
TEST_19974,3
TEST_19975,4
TEST_19976,2
TEST_19977,1
TEST_19978,4
TEST_19979,0
TEST_19980,3
TEST_19981,3
TEST_19982,1
TEST_19983,3
TEST_19984,2
TEST_19985,3
TEST_19986,2
TEST_19987,2
TEST_19988,1
TEST_19989,2
TEST_19990,3
TEST_19991,3
TEST_19992,1
TEST_19993,2
TEST_19994,3
TEST_19995,3
TEST_19996,3
TEST_19997,3
TEST_19998,3
TEST_19999,3
TEST_20000,1
TEST_20001,3
TEST_20002,4
TEST_20003,4
TEST_20004,0
TEST_20005,2
TEST_20006,1
TEST_20007,4
TEST_20008,0
TEST_20009,4
TEST_20010,3
TEST_20011,3
TEST_20012,3
TEST_20013,1
TEST_20014,4
TEST_20015,4
TEST_20016,0
TEST_20017,3
TEST_20018,4
TEST_20019,3
TEST_20020,3
TEST_20021,3
TEST_20022,3
TEST_20023,0
TEST_20024,3
TEST_20025,2
TEST_20026,2
TEST_20027,3
TEST_20028,4
TEST_20029,2
TEST_20030,1
TEST_20031,0
TEST_20032,2
TEST_20033,0
TEST_20034,4
TEST_20035,3
TEST_20036,3
TEST_20037,2
TEST_20038,2
TEST_20039,3
TEST_20040,4
TEST_20041,2
TEST_20042,4
TEST_20043,4
TEST_20044,4
TEST_20045,2
TEST_20046,1
TEST_20047,2
TEST_20048,3
TEST_20049,1
TEST_20050,3
TEST_20051,4
TEST_20052,3
TEST_20053,4
TEST_20054,1
TEST_20055,1
TEST_20056,4
TEST_20057,2
TEST_20058,3
TEST_20059,4
TEST_20060,2
TEST_20061,3
TEST_20062,3
TEST_20063,3
TEST_20064,4
TEST_20065,4
TEST_20066,1
TEST_20067,2
TEST_20068,0
TEST_20069,0
TEST_20070,2
TEST_20071,0
TEST_20072,3
TEST_20073,1
TEST_20074,2
TEST_20075,4
TEST_20076,0
TEST_20077,1
TEST_20078,1
TEST_20079,3
TEST_20080,0
TEST_20081,3
TEST_20082,0
TEST_20083,0
TEST_20084,1
TEST_20085,3
TEST_20086,3
TEST_20087,3
TEST_20088,2
TEST_20089,4
TEST_20090,0
TEST_20091,4
TEST_20092,4
TEST_20093,2
TEST_20094,4
TEST_20095,1
TEST_20096,1
TEST_20097,0
TEST_20098,3
TEST_20099,3
TEST_20100,1
TEST_20101,4
TEST_20102,0
TEST_20103,4
TEST_20104,0
TEST_20105,0
TEST_20106,1
TEST_20107,0
TEST_20108,0
TEST_20109,4
TEST_20110,3
TEST_20111,4
TEST_20112,1
TEST_20113,4
TEST_20114,0
TEST_20115,4
TEST_20116,2
TEST_20117,4
TEST_20118,3
TEST_20119,3
TEST_20120,4
TEST_20121,3
TEST_20122,1
TEST_20123,0
TEST_20124,0
TEST_20125,3
TEST_20126,3
TEST_20127,4
TEST_20128,1
TEST_20129,2
TEST_20130,2
TEST_20131,1
TEST_20132,3
TEST_20133,4
TEST_20134,3
TEST_20135,3
TEST_20136,2
TEST_20137,3
TEST_20138,1
TEST_20139,3
TEST_20140,2
TEST_20141,3
TEST_20142,2
TEST_20143,3
TEST_20144,3
TEST_20145,3
TEST_20146,1
TEST_20147,0
TEST_20148,2
TEST_20149,4
TEST_20150,3
TEST_20151,3
TEST_20152,4
TEST_20153,4
TEST_20154,1
TEST_20155,4
TEST_20156,4
TEST_20157,3
TEST_20158,2
TEST_20159,1
TEST_20160,1
TEST_20161,4
TEST_20162,3
TEST_20163,2
TEST_20164,4
TEST_20165,1
TEST_20166,1
TEST_20167,4
TEST_20168,0
TEST_20169,2
TEST_20170,4
TEST_20171,3
TEST_20172,2
TEST_20173,2
TEST_20174,4
TEST_20175,4
TEST_20176,4
TEST_20177,2
TEST_20178,4
TEST_20179,3
TEST_20180,4
TEST_20181,2
TEST_20182,3
TEST_20183,4
TEST_20184,1
TEST_20185,2
TEST_20186,4
TEST_20187,2
TEST_20188,4
TEST_20189,2
TEST_20190,0
TEST_20191,2
TEST_20192,3
TEST_20193,2
TEST_20194,1
TEST_20195,4
TEST_20196,4
TEST_20197,0
TEST_20198,2
TEST_20199,3
TEST_20200,2
TEST_20201,3
TEST_20202,3
TEST_20203,3
TEST_20204,4
TEST_20205,3
TEST_20206,0
TEST_20207,3
TEST_20208,2
TEST_20209,3
TEST_20210,4
TEST_20211,2
TEST_20212,4
TEST_20213,1
TEST_20214,4
TEST_20215,0
TEST_20216,2
TEST_20217,1
TEST_20218,0
TEST_20219,4
TEST_20220,3
TEST_20221,3
TEST_20222,0
TEST_20223,2
TEST_20224,4
TEST_20225,0
TEST_20226,2
TEST_20227,3
TEST_20228,2
TEST_20229,1
TEST_20230,0
TEST_20231,3
TEST_20232,2
TEST_20233,3
TEST_20234,0
TEST_20235,4
TEST_20236,0
TEST_20237,4
TEST_20238,3
TEST_20239,4
TEST_20240,2
TEST_20241,3
TEST_20242,4
TEST_20243,3
TEST_20244,2
TEST_20245,3
TEST_20246,4
TEST_20247,2
TEST_20248,2
TEST_20249,3
TEST_20250,0
TEST_20251,1
TEST_20252,4
TEST_20253,3
TEST_20254,4
TEST_20255,0
TEST_20256,2
TEST_20257,2
TEST_20258,2
TEST_20259,4
TEST_20260,3
TEST_20261,3
TEST_20262,3
TEST_20263,1
TEST_20264,0
TEST_20265,1
TEST_20266,1
TEST_20267,1
TEST_20268,4
TEST_20269,1
TEST_20270,4
TEST_20271,0
TEST_20272,4
TEST_20273,1
TEST_20274,4
TEST_20275,4
TEST_20276,2
TEST_20277,1
TEST_20278,3
TEST_20279,2
TEST_20280,3
TEST_20281,3
TEST_20282,0
TEST_20283,3
TEST_20284,0
TEST_20285,2
TEST_20286,1
TEST_20287,3
TEST_20288,3
TEST_20289,0
TEST_20290,1
TEST_20291,3
TEST_20292,4
TEST_20293,4
TEST_20294,4
TEST_20295,1
TEST_20296,0
TEST_20297,3
TEST_20298,4
TEST_20299,3
TEST_20300,3
TEST_20301,3
TEST_20302,0
TEST_20303,0
TEST_20304,2
TEST_20305,4
TEST_20306,2
TEST_20307,3
TEST_20308,4
TEST_20309,3
TEST_20310,1
TEST_20311,1
TEST_20312,3
TEST_20313,2
TEST_20314,4
TEST_20315,3
TEST_20316,3
TEST_20317,2
TEST_20318,2
TEST_20319,2
TEST_20320,3
TEST_20321,0
TEST_20322,2
TEST_20323,1
TEST_20324,3
TEST_20325,3
TEST_20326,3
TEST_20327,1
TEST_20328,1
TEST_20329,2
TEST_20330,3
TEST_20331,2
TEST_20332,1
TEST_20333,3
TEST_20334,4
TEST_20335,4
TEST_20336,3
TEST_20337,4
TEST_20338,2
TEST_20339,0
TEST_20340,2
TEST_20341,3
TEST_20342,3
TEST_20343,2
TEST_20344,2
TEST_20345,3
TEST_20346,3
TEST_20347,4
TEST_20348,3
TEST_20349,2
TEST_20350,2
TEST_20351,1
TEST_20352,3
TEST_20353,0
TEST_20354,3
TEST_20355,0
TEST_20356,0
TEST_20357,0
TEST_20358,4
TEST_20359,4
TEST_20360,3
TEST_20361,1
TEST_20362,2
TEST_20363,3
TEST_20364,2
TEST_20365,4
TEST_20366,3
TEST_20367,4
TEST_20368,0
TEST_20369,2
TEST_20370,4
TEST_20371,1
TEST_20372,3
TEST_20373,3
TEST_20374,3
TEST_20375,3
TEST_20376,0
TEST_20377,1
TEST_20378,2
TEST_20379,0
TEST_20380,4
TEST_20381,3
TEST_20382,2
TEST_20383,4
TEST_20384,2
TEST_20385,2
TEST_20386,3
TEST_20387,0
TEST_20388,4
TEST_20389,0
TEST_20390,0
TEST_20391,2
TEST_20392,2
TEST_20393,1
TEST_20394,4
TEST_20395,4
TEST_20396,3
TEST_20397,2
TEST_20398,2
TEST_20399,1
TEST_20400,4
TEST_20401,4
TEST_20402,2
TEST_20403,2
TEST_20404,4
TEST_20405,1
TEST_20406,3
TEST_20407,0
TEST_20408,1
TEST_20409,3
TEST_20410,2
TEST_20411,0
TEST_20412,2
TEST_20413,2
TEST_20414,2
TEST_20415,2
TEST_20416,0
TEST_20417,2
TEST_20418,2
TEST_20419,3
TEST_20420,2
TEST_20421,3
TEST_20422,4
TEST_20423,1
TEST_20424,1
TEST_20425,3
TEST_20426,1
TEST_20427,3
TEST_20428,3
TEST_20429,4
TEST_20430,3
TEST_20431,0
TEST_20432,3
TEST_20433,3
TEST_20434,0
TEST_20435,0
TEST_20436,4
TEST_20437,0
TEST_20438,2
TEST_20439,2
TEST_20440,2
TEST_20441,0
TEST_20442,2
TEST_20443,4
TEST_20444,4
TEST_20445,4
TEST_20446,3
TEST_20447,4
TEST_20448,0
TEST_20449,1
TEST_20450,3
TEST_20451,4
TEST_20452,2
TEST_20453,3
TEST_20454,0
TEST_20455,1
TEST_20456,3
TEST_20457,3
TEST_20458,0
TEST_20459,1
TEST_20460,4
TEST_20461,0
TEST_20462,2
TEST_20463,3
TEST_20464,4
TEST_20465,3
TEST_20466,4
TEST_20467,3
TEST_20468,1
TEST_20469,0
TEST_20470,2
TEST_20471,4
TEST_20472,1
TEST_20473,2
TEST_20474,3
TEST_20475,4
TEST_20476,3
TEST_20477,4
TEST_20478,3
TEST_20479,1
TEST_20480,3
TEST_20481,3
TEST_20482,4
TEST_20483,3
TEST_20484,4
TEST_20485,2
TEST_20486,4
TEST_20487,2
TEST_20488,3
TEST_20489,2
TEST_20490,4
TEST_20491,0
TEST_20492,1
TEST_20493,0
TEST_20494,1
TEST_20495,3
TEST_20496,1
TEST_20497,3
TEST_20498,3
TEST_20499,1
TEST_20500,3
TEST_20501,3
TEST_20502,4
TEST_20503,0
TEST_20504,2
TEST_20505,4
TEST_20506,0
TEST_20507,1
TEST_20508,3
TEST_20509,0
TEST_20510,2
TEST_20511,0
TEST_20512,4
TEST_20513,4
TEST_20514,3
TEST_20515,1
TEST_20516,3
TEST_20517,2
TEST_20518,1
TEST_20519,2
TEST_20520,1
TEST_20521,4
TEST_20522,3
TEST_20523,2
TEST_20524,3
TEST_20525,4
TEST_20526,0
TEST_20527,2
TEST_20528,2
TEST_20529,4
TEST_20530,0
TEST_20531,4
TEST_20532,3
TEST_20533,3
TEST_20534,4
TEST_20535,3
TEST_20536,4
TEST_20537,4
TEST_20538,4
TEST_20539,2
TEST_20540,0
TEST_20541,2
TEST_20542,2
TEST_20543,4
TEST_20544,2
TEST_20545,4
TEST_20546,2
TEST_20547,0
TEST_20548,2
TEST_20549,1
TEST_20550,3
TEST_20551,3
TEST_20552,3
TEST_20553,1
TEST_20554,2
TEST_20555,3
TEST_20556,1
TEST_20557,1
TEST_20558,1
TEST_20559,3
TEST_20560,1
TEST_20561,2
TEST_20562,3
TEST_20563,4
TEST_20564,2
TEST_20565,4
TEST_20566,3
TEST_20567,3
TEST_20568,3
TEST_20569,1
TEST_20570,3
TEST_20571,3
TEST_20572,0
TEST_20573,2
TEST_20574,4
TEST_20575,4
TEST_20576,4
TEST_20577,4
TEST_20578,2
TEST_20579,4
TEST_20580,2
TEST_20581,3
TEST_20582,3
TEST_20583,3
TEST_20584,4
TEST_20585,3
TEST_20586,4
TEST_20587,4
TEST_20588,2
TEST_20589,1
TEST_20590,3
TEST_20591,4
TEST_20592,4
TEST_20593,4
TEST_20594,0
TEST_20595,3
TEST_20596,1
TEST_20597,1
TEST_20598,2
TEST_20599,3
TEST_20600,4
TEST_20601,2
TEST_20602,0
TEST_20603,4
TEST_20604,2
TEST_20605,3
TEST_20606,2
TEST_20607,3
TEST_20608,2
TEST_20609,1
TEST_20610,1
TEST_20611,2
TEST_20612,0
TEST_20613,0
TEST_20614,1
TEST_20615,0
TEST_20616,1
TEST_20617,1
TEST_20618,2
TEST_20619,4
TEST_20620,3
TEST_20621,0
TEST_20622,2
TEST_20623,4
TEST_20624,4
TEST_20625,3
TEST_20626,1
TEST_20627,2
TEST_20628,0
TEST_20629,3
TEST_20630,1
TEST_20631,4
TEST_20632,0
TEST_20633,1
TEST_20634,3
TEST_20635,3
TEST_20636,1
TEST_20637,2
TEST_20638,1
TEST_20639,1
TEST_20640,1
TEST_20641,3
TEST_20642,1
TEST_20643,3
TEST_20644,4
TEST_20645,2
TEST_20646,1
TEST_20647,2
TEST_20648,4
TEST_20649,1
TEST_20650,2
TEST_20651,3
TEST_20652,0
TEST_20653,4
TEST_20654,1
TEST_20655,3
TEST_20656,3
TEST_20657,2
TEST_20658,3
TEST_20659,2
TEST_20660,4
TEST_20661,3
TEST_20662,2
TEST_20663,0
TEST_20664,1
TEST_20665,0
TEST_20666,1
TEST_20667,2
TEST_20668,2
TEST_20669,1
TEST_20670,0
TEST_20671,0
TEST_20672,3
TEST_20673,4
TEST_20674,4
TEST_20675,1
TEST_20676,0
TEST_20677,4
TEST_20678,3
TEST_20679,3
TEST_20680,4
TEST_20681,3
TEST_20682,3
TEST_20683,4
TEST_20684,4
TEST_20685,3
TEST_20686,3
TEST_20687,3
TEST_20688,1
TEST_20689,3
TEST_20690,2
TEST_20691,3
TEST_20692,2
TEST_20693,1
TEST_20694,1
TEST_20695,0
TEST_20696,3
TEST_20697,2
TEST_20698,4
TEST_20699,2
TEST_20700,4
TEST_20701,3
TEST_20702,2
TEST_20703,0
TEST_20704,4
TEST_20705,2
TEST_20706,1
TEST_20707,3
TEST_20708,1
TEST_20709,2
TEST_20710,0
TEST_20711,1
TEST_20712,1
TEST_20713,4
TEST_20714,1
TEST_20715,2
TEST_20716,0
TEST_20717,4
TEST_20718,2
TEST_20719,4
TEST_20720,4
TEST_20721,1
TEST_20722,0
TEST_20723,4
TEST_20724,2
TEST_20725,4
TEST_20726,0
TEST_20727,1
TEST_20728,1
TEST_20729,3
TEST_20730,0
TEST_20731,1
TEST_20732,3
TEST_20733,4
TEST_20734,2
TEST_20735,3
TEST_20736,4
TEST_20737,3
TEST_20738,3
TEST_20739,2
TEST_20740,1
TEST_20741,2
TEST_20742,4
TEST_20743,2
TEST_20744,2
TEST_20745,1
TEST_20746,1
TEST_20747,1
TEST_20748,1
TEST_20749,3
TEST_20750,2
TEST_20751,1
TEST_20752,3
TEST_20753,3
TEST_20754,3
TEST_20755,2
TEST_20756,0
TEST_20757,4
TEST_20758,3
TEST_20759,3
TEST_20760,2
TEST_20761,3
TEST_20762,1
TEST_20763,4
TEST_20764,2
TEST_20765,3
TEST_20766,0
TEST_20767,4
TEST_20768,1
TEST_20769,4
TEST_20770,3
TEST_20771,3
TEST_20772,3
TEST_20773,4
TEST_20774,2
TEST_20775,4
TEST_20776,1
TEST_20777,1
TEST_20778,2
TEST_20779,3
TEST_20780,1
TEST_20781,4
TEST_20782,1
TEST_20783,3
TEST_20784,3
TEST_20785,1
TEST_20786,3
TEST_20787,1
TEST_20788,1
TEST_20789,4
TEST_20790,0
TEST_20791,1
TEST_20792,3
TEST_20793,3
TEST_20794,0
TEST_20795,0
TEST_20796,4
TEST_20797,1
TEST_20798,1
TEST_20799,0
TEST_20800,3
TEST_20801,1
TEST_20802,3
TEST_20803,3
TEST_20804,4
TEST_20805,2
TEST_20806,0
TEST_20807,0
TEST_20808,0
TEST_20809,1
TEST_20810,3
TEST_20811,2
TEST_20812,2
TEST_20813,3
TEST_20814,2
TEST_20815,2
TEST_20816,2
TEST_20817,3
TEST_20818,3
TEST_20819,2
TEST_20820,3
TEST_20821,4
TEST_20822,4
TEST_20823,3
TEST_20824,4
TEST_20825,3
TEST_20826,1
TEST_20827,4
TEST_20828,3
TEST_20829,2
TEST_20830,1
TEST_20831,2
TEST_20832,3
TEST_20833,4
TEST_20834,3
TEST_20835,3
TEST_20836,3
TEST_20837,3
TEST_20838,3
TEST_20839,4
TEST_20840,4
TEST_20841,4
TEST_20842,0
TEST_20843,2
TEST_20844,4
TEST_20845,4
TEST_20846,4
TEST_20847,3
TEST_20848,2
TEST_20849,4
TEST_20850,2
TEST_20851,0
TEST_20852,0
TEST_20853,4
TEST_20854,3
TEST_20855,4
TEST_20856,0
TEST_20857,1
TEST_20858,4
TEST_20859,2
TEST_20860,3
TEST_20861,0
TEST_20862,4
TEST_20863,3
TEST_20864,3
TEST_20865,1
TEST_20866,0
TEST_20867,1
TEST_20868,1
TEST_20869,1
TEST_20870,4
TEST_20871,3
TEST_20872,0
TEST_20873,2
TEST_20874,3
TEST_20875,0
TEST_20876,2
TEST_20877,4
TEST_20878,0
TEST_20879,0
TEST_20880,4
TEST_20881,4
TEST_20882,3
TEST_20883,3
TEST_20884,2
TEST_20885,4
TEST_20886,3
TEST_20887,4
TEST_20888,2
TEST_20889,4
TEST_20890,2
TEST_20891,4
TEST_20892,2
TEST_20893,3
TEST_20894,1
TEST_20895,1
TEST_20896,2
TEST_20897,3
TEST_20898,3
TEST_20899,3
TEST_20900,3
TEST_20901,4
TEST_20902,2
TEST_20903,2
TEST_20904,3
TEST_20905,2
TEST_20906,4
TEST_20907,4
TEST_20908,3
TEST_20909,4
TEST_20910,1
TEST_20911,3
TEST_20912,2
TEST_20913,1
TEST_20914,1
TEST_20915,2
TEST_20916,4
TEST_20917,2
TEST_20918,4
TEST_20919,2
TEST_20920,2
TEST_20921,3
TEST_20922,4
TEST_20923,4
TEST_20924,2
TEST_20925,1
TEST_20926,3
TEST_20927,4
TEST_20928,1
TEST_20929,1
TEST_20930,1
TEST_20931,1
TEST_20932,1
TEST_20933,3
TEST_20934,4
TEST_20935,2
TEST_20936,1
TEST_20937,2
TEST_20938,1
TEST_20939,2
TEST_20940,3
TEST_20941,3
TEST_20942,4
TEST_20943,0
TEST_20944,0
TEST_20945,3
TEST_20946,3
TEST_20947,1
TEST_20948,3
TEST_20949,4
TEST_20950,3
TEST_20951,3
TEST_20952,3
TEST_20953,4
TEST_20954,1
TEST_20955,3
TEST_20956,3
TEST_20957,4
TEST_20958,3
TEST_20959,2
TEST_20960,4
TEST_20961,4
TEST_20962,2
TEST_20963,2
TEST_20964,3
TEST_20965,1
TEST_20966,3
TEST_20967,2
TEST_20968,4
TEST_20969,1
TEST_20970,4
TEST_20971,1
TEST_20972,2
TEST_20973,2
TEST_20974,3
TEST_20975,1
TEST_20976,1
TEST_20977,2
TEST_20978,2
TEST_20979,3
TEST_20980,1
TEST_20981,2
TEST_20982,3
TEST_20983,3
TEST_20984,4
TEST_20985,3
TEST_20986,4
TEST_20987,3
TEST_20988,0
TEST_20989,2
TEST_20990,0
TEST_20991,0
TEST_20992,2
TEST_20993,0
TEST_20994,2
TEST_20995,2
TEST_20996,4
TEST_20997,0
TEST_20998,3
TEST_20999,3
TEST_21000,0
TEST_21001,3
TEST_21002,0
TEST_21003,4
TEST_21004,4
TEST_21005,4
TEST_21006,1
TEST_21007,1
TEST_21008,3
TEST_21009,3
TEST_21010,4
TEST_21011,0
TEST_21012,0
TEST_21013,1
TEST_21014,3
TEST_21015,1
TEST_21016,1
TEST_21017,4
TEST_21018,0
TEST_21019,4
TEST_21020,3
TEST_21021,2
TEST_21022,3
TEST_21023,3
TEST_21024,2
TEST_21025,4
TEST_21026,1
TEST_21027,1
TEST_21028,3
TEST_21029,4
TEST_21030,4
TEST_21031,2
TEST_21032,2
TEST_21033,1
TEST_21034,0
TEST_21035,3
TEST_21036,3
TEST_21037,4
TEST_21038,3
TEST_21039,1
TEST_21040,2
TEST_21041,3
TEST_21042,3
TEST_21043,4
TEST_21044,4
TEST_21045,2
TEST_21046,2
TEST_21047,1
TEST_21048,2
TEST_21049,3
TEST_21050,2
TEST_21051,2
TEST_21052,2
TEST_21053,1
TEST_21054,1
TEST_21055,1
TEST_21056,3
TEST_21057,3
TEST_21058,4
TEST_21059,3
TEST_21060,4
TEST_21061,4
TEST_21062,1
TEST_21063,2
TEST_21064,1
TEST_21065,1
TEST_21066,0
TEST_21067,2
TEST_21068,3
TEST_21069,3
TEST_21070,0
TEST_21071,3
TEST_21072,2
TEST_21073,0
TEST_21074,4
TEST_21075,1
TEST_21076,3
TEST_21077,4
TEST_21078,1
TEST_21079,0
TEST_21080,3
TEST_21081,4
TEST_21082,2
TEST_21083,3
TEST_21084,3
TEST_21085,4
TEST_21086,0
TEST_21087,4
TEST_21088,4
TEST_21089,0
TEST_21090,2
TEST_21091,4
TEST_21092,0
TEST_21093,1
TEST_21094,4
TEST_21095,3
TEST_21096,0
TEST_21097,1
TEST_21098,0
TEST_21099,3
TEST_21100,1
TEST_21101,3
TEST_21102,4
TEST_21103,4
TEST_21104,2
TEST_21105,2
TEST_21106,1
TEST_21107,0
TEST_21108,0
TEST_21109,0
TEST_21110,3
TEST_21111,3
TEST_21112,0
TEST_21113,1
TEST_21114,1
TEST_21115,3
TEST_21116,3
TEST_21117,2
TEST_21118,3
TEST_21119,4
TEST_21120,3
TEST_21121,3
TEST_21122,4
TEST_21123,2
TEST_21124,2
TEST_21125,3
TEST_21126,4
TEST_21127,2
TEST_21128,3
TEST_21129,3
TEST_21130,0
TEST_21131,3
TEST_21132,3
TEST_21133,2
TEST_21134,4
TEST_21135,4
TEST_21136,3
TEST_21137,3
TEST_21138,2
TEST_21139,2
TEST_21140,1
TEST_21141,1
TEST_21142,3
TEST_21143,2
TEST_21144,1
TEST_21145,0
TEST_21146,4
TEST_21147,4
TEST_21148,0
TEST_21149,3
TEST_21150,1
TEST_21151,3
TEST_21152,1
TEST_21153,3
TEST_21154,0
TEST_21155,0
TEST_21156,0
TEST_21157,4
TEST_21158,2
TEST_21159,4
TEST_21160,3
TEST_21161,2
TEST_21162,2
TEST_21163,1
TEST_21164,3
TEST_21165,3
TEST_21166,3
TEST_21167,2
TEST_21168,4
TEST_21169,1
TEST_21170,1
TEST_21171,0
TEST_21172,1
TEST_21173,4
TEST_21174,3
TEST_21175,1
TEST_21176,4
TEST_21177,0
TEST_21178,4
TEST_21179,4
TEST_21180,2
TEST_21181,3
TEST_21182,4
TEST_21183,4
TEST_21184,3
TEST_21185,3
TEST_21186,3
TEST_21187,0
TEST_21188,3
TEST_21189,1
TEST_21190,1
TEST_21191,4
TEST_21192,3
TEST_21193,3
TEST_21194,4
TEST_21195,0
TEST_21196,4
TEST_21197,3
TEST_21198,1
TEST_21199,2
TEST_21200,1
TEST_21201,2
TEST_21202,3
TEST_21203,0
TEST_21204,2
TEST_21205,0
TEST_21206,0
TEST_21207,4
TEST_21208,3
TEST_21209,1
TEST_21210,2
TEST_21211,1
TEST_21212,3
TEST_21213,2
TEST_21214,0
TEST_21215,2
TEST_21216,1
TEST_21217,1
TEST_21218,4
TEST_21219,3
TEST_21220,3
TEST_21221,1
TEST_21222,2
TEST_21223,2
TEST_21224,3
TEST_21225,1
TEST_21226,3
TEST_21227,3
TEST_21228,1
TEST_21229,3
TEST_21230,3
TEST_21231,2
TEST_21232,1
TEST_21233,0
TEST_21234,3
TEST_21235,3
TEST_21236,3
TEST_21237,3
TEST_21238,1
TEST_21239,4
TEST_21240,3
TEST_21241,0
TEST_21242,4
TEST_21243,4
TEST_21244,3
TEST_21245,2
TEST_21246,1
TEST_21247,4
TEST_21248,2
TEST_21249,3
TEST_21250,3
TEST_21251,4
TEST_21252,4
TEST_21253,0
TEST_21254,4
TEST_21255,1
TEST_21256,3
TEST_21257,0
TEST_21258,4
TEST_21259,2
TEST_21260,4
TEST_21261,2
TEST_21262,1
TEST_21263,2
TEST_21264,2
TEST_21265,4
TEST_21266,0
TEST_21267,3
TEST_21268,1
TEST_21269,4
TEST_21270,4
TEST_21271,3
TEST_21272,3
TEST_21273,3
TEST_21274,2
TEST_21275,4
TEST_21276,3
TEST_21277,3
TEST_21278,3
TEST_21279,3
TEST_21280,2
TEST_21281,4
TEST_21282,2
TEST_21283,4
TEST_21284,3
TEST_21285,4
TEST_21286,0
TEST_21287,3
TEST_21288,2
TEST_21289,4
TEST_21290,1
TEST_21291,4
TEST_21292,0
TEST_21293,0
TEST_21294,1
TEST_21295,4
TEST_21296,3
TEST_21297,0
TEST_21298,4
TEST_21299,3
TEST_21300,3
TEST_21301,4
TEST_21302,2
TEST_21303,1
TEST_21304,4
TEST_21305,3
TEST_21306,4
TEST_21307,0
TEST_21308,0
TEST_21309,3
TEST_21310,1
TEST_21311,0
TEST_21312,1
TEST_21313,3
TEST_21314,1
TEST_21315,3
TEST_21316,1
TEST_21317,0
TEST_21318,3
TEST_21319,3
TEST_21320,2
TEST_21321,2
TEST_21322,2
TEST_21323,4
TEST_21324,1
TEST_21325,3
TEST_21326,2
TEST_21327,2
TEST_21328,0
TEST_21329,1
TEST_21330,2
TEST_21331,4
TEST_21332,0
TEST_21333,2
TEST_21334,3
TEST_21335,4
TEST_21336,4
TEST_21337,4
TEST_21338,3
TEST_21339,3
TEST_21340,1
TEST_21341,2
TEST_21342,2
TEST_21343,0
TEST_21344,3
TEST_21345,2
TEST_21346,1
TEST_21347,4
TEST_21348,4
TEST_21349,4
TEST_21350,3
TEST_21351,3
TEST_21352,3
TEST_21353,1
TEST_21354,4
TEST_21355,2
TEST_21356,3
TEST_21357,3
TEST_21358,2
TEST_21359,3
TEST_21360,2
TEST_21361,3
TEST_21362,2
TEST_21363,0
TEST_21364,4
TEST_21365,2
TEST_21366,1
TEST_21367,3
TEST_21368,4
TEST_21369,4
TEST_21370,4
TEST_21371,0
TEST_21372,2
TEST_21373,2
TEST_21374,2
TEST_21375,1
TEST_21376,1
TEST_21377,2
TEST_21378,4
TEST_21379,4
TEST_21380,3
TEST_21381,4
TEST_21382,2
TEST_21383,3
TEST_21384,3
TEST_21385,3
TEST_21386,4
TEST_21387,3
TEST_21388,3
TEST_21389,3
TEST_21390,3
TEST_21391,3
TEST_21392,3
TEST_21393,0
TEST_21394,4
TEST_21395,4
TEST_21396,2
TEST_21397,3
TEST_21398,2
TEST_21399,0
TEST_21400,4
TEST_21401,2
TEST_21402,4
TEST_21403,1
TEST_21404,2
TEST_21405,4
TEST_21406,2
TEST_21407,2
TEST_21408,3
TEST_21409,0
TEST_21410,4
TEST_21411,3
TEST_21412,3
TEST_21413,4
TEST_21414,0
TEST_21415,3
TEST_21416,2
TEST_21417,0
TEST_21418,4
TEST_21419,1
TEST_21420,1
TEST_21421,2
TEST_21422,1
TEST_21423,2
TEST_21424,3
TEST_21425,2
TEST_21426,1
TEST_21427,3
TEST_21428,2
TEST_21429,1
TEST_21430,4
TEST_21431,4
TEST_21432,3
TEST_21433,2
TEST_21434,2
TEST_21435,0
TEST_21436,3
TEST_21437,4
TEST_21438,1
TEST_21439,2
TEST_21440,4
TEST_21441,2
TEST_21442,0
TEST_21443,1
TEST_21444,3
TEST_21445,2
TEST_21446,2
TEST_21447,4
TEST_21448,3
TEST_21449,0
TEST_21450,3
TEST_21451,4
TEST_21452,3
TEST_21453,0
TEST_21454,2
TEST_21455,4
TEST_21456,3
TEST_21457,1
TEST_21458,0
TEST_21459,2
TEST_21460,3
TEST_21461,3
TEST_21462,2
TEST_21463,1
TEST_21464,3
TEST_21465,3
TEST_21466,1
TEST_21467,4
TEST_21468,3
TEST_21469,3
TEST_21470,4
TEST_21471,2
TEST_21472,2
TEST_21473,1
TEST_21474,1
TEST_21475,0
TEST_21476,2
TEST_21477,3
TEST_21478,4
TEST_21479,3
TEST_21480,4
TEST_21481,3
TEST_21482,2
TEST_21483,4
TEST_21484,2
TEST_21485,3
TEST_21486,2
TEST_21487,3
TEST_21488,3
TEST_21489,1
TEST_21490,1
TEST_21491,1
TEST_21492,1
TEST_21493,1
TEST_21494,1
TEST_21495,3
TEST_21496,1
TEST_21497,1
TEST_21498,2
TEST_21499,2
TEST_21500,4
TEST_21501,3
TEST_21502,3
TEST_21503,3
TEST_21504,0
TEST_21505,3
TEST_21506,1
TEST_21507,4
TEST_21508,3
TEST_21509,1
TEST_21510,4
TEST_21511,2
TEST_21512,3
TEST_21513,4
TEST_21514,4
TEST_21515,4
TEST_21516,3
TEST_21517,2
TEST_21518,2
TEST_21519,2
TEST_21520,3
TEST_21521,4
TEST_21522,4
TEST_21523,3
TEST_21524,4
TEST_21525,4
TEST_21526,3
TEST_21527,3
TEST_21528,2
TEST_21529,1
TEST_21530,1
TEST_21531,2
TEST_21532,3
TEST_21533,4
TEST_21534,3
TEST_21535,3
TEST_21536,1
TEST_21537,2
TEST_21538,4
TEST_21539,2
TEST_21540,3
TEST_21541,1
TEST_21542,2
TEST_21543,2
TEST_21544,4
TEST_21545,3
TEST_21546,0
TEST_21547,4
TEST_21548,2
TEST_21549,1
TEST_21550,4
TEST_21551,0
TEST_21552,2
TEST_21553,3
TEST_21554,1
TEST_21555,3
TEST_21556,4
TEST_21557,2
TEST_21558,3
TEST_21559,2
TEST_21560,4
TEST_21561,3
TEST_21562,1
TEST_21563,4
TEST_21564,4
TEST_21565,3
TEST_21566,3
TEST_21567,0
TEST_21568,2
TEST_21569,0
TEST_21570,2
TEST_21571,2
TEST_21572,1
TEST_21573,2
TEST_21574,3
TEST_21575,1
TEST_21576,3
TEST_21577,4
TEST_21578,2
TEST_21579,4
TEST_21580,1
TEST_21581,1
TEST_21582,4
TEST_21583,2
TEST_21584,4
TEST_21585,4
TEST_21586,2
TEST_21587,4
TEST_21588,3
TEST_21589,3
TEST_21590,1
TEST_21591,0
TEST_21592,4
TEST_21593,1
TEST_21594,4
TEST_21595,2
TEST_21596,3
TEST_21597,3
TEST_21598,1
TEST_21599,3
TEST_21600,1
TEST_21601,0
TEST_21602,0
TEST_21603,1
TEST_21604,4
TEST_21605,2
TEST_21606,2
TEST_21607,4
TEST_21608,1
TEST_21609,1
TEST_21610,3
TEST_21611,2
TEST_21612,4
TEST_21613,3
TEST_21614,4
TEST_21615,3
TEST_21616,2
TEST_21617,3
TEST_21618,1
TEST_21619,2
TEST_21620,3
TEST_21621,1
TEST_21622,2
TEST_21623,1
TEST_21624,2
TEST_21625,3
TEST_21626,3
TEST_21627,3
TEST_21628,1
TEST_21629,2
TEST_21630,1
TEST_21631,1
TEST_21632,0
TEST_21633,2
TEST_21634,2
TEST_21635,3
TEST_21636,3
TEST_21637,4
TEST_21638,0
TEST_21639,2
TEST_21640,4
TEST_21641,2
TEST_21642,2
TEST_21643,3
TEST_21644,4
TEST_21645,0
TEST_21646,1
TEST_21647,3
TEST_21648,0
TEST_21649,4
TEST_21650,2
TEST_21651,2
TEST_21652,4
TEST_21653,2
TEST_21654,3
TEST_21655,1
TEST_21656,2
TEST_21657,2
TEST_21658,3
TEST_21659,3
TEST_21660,3
TEST_21661,1
TEST_21662,0
TEST_21663,0
TEST_21664,4
TEST_21665,4
TEST_21666,4
TEST_21667,1
TEST_21668,1
TEST_21669,3
TEST_21670,4
TEST_21671,1
TEST_21672,4
TEST_21673,3
TEST_21674,3
TEST_21675,1
TEST_21676,1
TEST_21677,4
TEST_21678,1
TEST_21679,3
TEST_21680,4
TEST_21681,0
TEST_21682,4
TEST_21683,0
TEST_21684,1
TEST_21685,1
TEST_21686,0
TEST_21687,2
TEST_21688,1
TEST_21689,3
TEST_21690,4
TEST_21691,0
TEST_21692,3
TEST_21693,4
TEST_21694,4
TEST_21695,0
TEST_21696,4
TEST_21697,1
TEST_21698,4
TEST_21699,3
TEST_21700,1
TEST_21701,4
TEST_21702,4
TEST_21703,3
TEST_21704,3
TEST_21705,3
TEST_21706,2
TEST_21707,3
TEST_21708,3
TEST_21709,1
TEST_21710,3
TEST_21711,4
TEST_21712,3
TEST_21713,1
TEST_21714,2
TEST_21715,1
TEST_21716,2
TEST_21717,0
TEST_21718,3
TEST_21719,3
TEST_21720,3
TEST_21721,2
TEST_21722,3
TEST_21723,3
TEST_21724,2
TEST_21725,1
TEST_21726,4
TEST_21727,3
TEST_21728,3
TEST_21729,3
TEST_21730,3
TEST_21731,1
TEST_21732,3
TEST_21733,4
TEST_21734,4
TEST_21735,4
TEST_21736,0
TEST_21737,1
TEST_21738,3
TEST_21739,1
TEST_21740,2
TEST_21741,4
TEST_21742,1
TEST_21743,4
TEST_21744,2
TEST_21745,2
TEST_21746,1
TEST_21747,3
TEST_21748,4
TEST_21749,0
TEST_21750,3
TEST_21751,3
TEST_21752,1
TEST_21753,3
TEST_21754,3
TEST_21755,4
TEST_21756,1
TEST_21757,4
TEST_21758,1
TEST_21759,2
TEST_21760,4
TEST_21761,4
TEST_21762,3
TEST_21763,2
TEST_21764,1
TEST_21765,4
TEST_21766,4
TEST_21767,4
TEST_21768,3
TEST_21769,2
TEST_21770,3
TEST_21771,3
TEST_21772,4
TEST_21773,0
TEST_21774,2
TEST_21775,0
TEST_21776,3
TEST_21777,4
TEST_21778,2
TEST_21779,3
TEST_21780,3
TEST_21781,1
TEST_21782,0
TEST_21783,3
TEST_21784,3
TEST_21785,3
TEST_21786,2
TEST_21787,3
TEST_21788,2
TEST_21789,2
TEST_21790,4
TEST_21791,4
TEST_21792,2
TEST_21793,3
TEST_21794,3
TEST_21795,3
TEST_21796,3
TEST_21797,3
TEST_21798,4
TEST_21799,0
TEST_21800,1
TEST_21801,2
TEST_21802,1
TEST_21803,4
TEST_21804,0
TEST_21805,0
TEST_21806,3
TEST_21807,1
TEST_21808,2
TEST_21809,1
TEST_21810,2
TEST_21811,3
TEST_21812,3
TEST_21813,4
TEST_21814,0
TEST_21815,1
TEST_21816,0
TEST_21817,0
TEST_21818,1
TEST_21819,2
TEST_21820,4
TEST_21821,2
TEST_21822,4
TEST_21823,3
TEST_21824,3
TEST_21825,1
TEST_21826,3
TEST_21827,1
TEST_21828,1
TEST_21829,1
TEST_21830,2
TEST_21831,3
TEST_21832,3
TEST_21833,3
TEST_21834,3
TEST_21835,3
TEST_21836,2
TEST_21837,1
TEST_21838,2
TEST_21839,3
TEST_21840,2
TEST_21841,4
TEST_21842,2
TEST_21843,1
TEST_21844,3
TEST_21845,4
TEST_21846,2
TEST_21847,3
TEST_21848,0
TEST_21849,4
TEST_21850,4
TEST_21851,3
TEST_21852,3
TEST_21853,1
TEST_21854,3
TEST_21855,3
TEST_21856,3
TEST_21857,2
TEST_21858,1
TEST_21859,3
TEST_21860,3
TEST_21861,1
TEST_21862,1
TEST_21863,3
TEST_21864,3
TEST_21865,4
TEST_21866,3
TEST_21867,3
TEST_21868,2
TEST_21869,4
TEST_21870,1
TEST_21871,4
TEST_21872,2
TEST_21873,2
TEST_21874,3
TEST_21875,4
TEST_21876,3
TEST_21877,3
TEST_21878,1
TEST_21879,2
TEST_21880,3
TEST_21881,1
TEST_21882,3
TEST_21883,3
TEST_21884,1
TEST_21885,4
TEST_21886,1
TEST_21887,3
TEST_21888,4
TEST_21889,2
TEST_21890,3
TEST_21891,3
TEST_21892,1
TEST_21893,0
TEST_21894,2
TEST_21895,2
TEST_21896,3
TEST_21897,3
TEST_21898,3
TEST_21899,2
TEST_21900,1
TEST_21901,4
TEST_21902,1
TEST_21903,3
TEST_21904,3
TEST_21905,3
TEST_21906,2
TEST_21907,4
TEST_21908,1
TEST_21909,0
TEST_21910,1
TEST_21911,4
TEST_21912,4
TEST_21913,0
TEST_21914,2
TEST_21915,0
TEST_21916,4
TEST_21917,4
TEST_21918,4
TEST_21919,3
TEST_21920,3
TEST_21921,4
TEST_21922,4
TEST_21923,2
TEST_21924,4
TEST_21925,4
TEST_21926,3
TEST_21927,2
TEST_21928,1
TEST_21929,3
TEST_21930,0
TEST_21931,3
TEST_21932,0
TEST_21933,0
TEST_21934,3
TEST_21935,4
TEST_21936,1
TEST_21937,2
TEST_21938,3
TEST_21939,3
TEST_21940,2
TEST_21941,0
TEST_21942,3
TEST_21943,4
TEST_21944,3
TEST_21945,4
TEST_21946,4
TEST_21947,2
TEST_21948,3
TEST_21949,3
TEST_21950,1
TEST_21951,0
TEST_21952,1
TEST_21953,4
TEST_21954,4
TEST_21955,4
TEST_21956,1
TEST_21957,1
TEST_21958,3
TEST_21959,4
TEST_21960,0
TEST_21961,4
TEST_21962,2
TEST_21963,1
TEST_21964,3
TEST_21965,2
TEST_21966,1
TEST_21967,0
TEST_21968,0
TEST_21969,0
TEST_21970,1
TEST_21971,1
TEST_21972,3
TEST_21973,3
TEST_21974,1
TEST_21975,2
TEST_21976,1
TEST_21977,3
TEST_21978,2
TEST_21979,4
TEST_21980,1
TEST_21981,3
TEST_21982,2
TEST_21983,3
TEST_21984,1
TEST_21985,3
TEST_21986,4
TEST_21987,3
TEST_21988,3
TEST_21989,1
TEST_21990,3
TEST_21991,3
TEST_21992,3
TEST_21993,3
TEST_21994,1
TEST_21995,4
TEST_21996,3
TEST_21997,1
TEST_21998,0
TEST_21999,3
TEST_22000,4
TEST_22001,3
TEST_22002,3
TEST_22003,1
TEST_22004,4
TEST_22005,2
TEST_22006,3
TEST_22007,4
TEST_22008,2
TEST_22009,1
TEST_22010,1
TEST_22011,1
TEST_22012,1
TEST_22013,3
TEST_22014,0
TEST_22015,3
TEST_22016,3
TEST_22017,3
TEST_22018,4
TEST_22019,2
TEST_22020,3
TEST_22021,0
TEST_22022,3
TEST_22023,3
TEST_22024,3
TEST_22025,3
TEST_22026,4
TEST_22027,2
TEST_22028,3
TEST_22029,2
TEST_22030,1
TEST_22031,0
TEST_22032,2
TEST_22033,4
TEST_22034,1
TEST_22035,4
TEST_22036,2
TEST_22037,1
TEST_22038,1
TEST_22039,3
TEST_22040,1
TEST_22041,1
TEST_22042,2
TEST_22043,4
TEST_22044,3
TEST_22045,4
TEST_22046,2
TEST_22047,4
TEST_22048,2
TEST_22049,3
TEST_22050,0
TEST_22051,1
TEST_22052,0
TEST_22053,3
TEST_22054,2
TEST_22055,2
TEST_22056,3
TEST_22057,3
TEST_22058,2
TEST_22059,4
TEST_22060,2
TEST_22061,4
TEST_22062,3
TEST_22063,0
TEST_22064,4
TEST_22065,4
TEST_22066,2
TEST_22067,2
TEST_22068,2
TEST_22069,4
TEST_22070,0
TEST_22071,1
TEST_22072,3
TEST_22073,3
TEST_22074,0
TEST_22075,1
TEST_22076,1
TEST_22077,2
TEST_22078,1
TEST_22079,2
TEST_22080,3
TEST_22081,4
TEST_22082,0
TEST_22083,1
TEST_22084,1
TEST_22085,0
TEST_22086,2
TEST_22087,1
TEST_22088,3
TEST_22089,3
TEST_22090,1
TEST_22091,3
TEST_22092,3
TEST_22093,0
TEST_22094,4
TEST_22095,2
TEST_22096,3
TEST_22097,4
TEST_22098,1
TEST_22099,4
TEST_22100,3
TEST_22101,4
TEST_22102,3
TEST_22103,3
TEST_22104,2
TEST_22105,0
TEST_22106,2
TEST_22107,4
TEST_22108,2
TEST_22109,1
TEST_22110,3
TEST_22111,0
TEST_22112,3
TEST_22113,2
TEST_22114,3
TEST_22115,3
TEST_22116,3
TEST_22117,1
TEST_22118,2
TEST_22119,3
TEST_22120,1
TEST_22121,2
TEST_22122,1
TEST_22123,4
TEST_22124,4
TEST_22125,3
TEST_22126,4
TEST_22127,1
TEST_22128,2
TEST_22129,3
TEST_22130,2
TEST_22131,3
TEST_22132,4
TEST_22133,4
TEST_22134,1
TEST_22135,4
TEST_22136,4
TEST_22137,3
TEST_22138,2
TEST_22139,3
TEST_22140,3
TEST_22141,4
TEST_22142,2
TEST_22143,0
TEST_22144,1
TEST_22145,4
TEST_22146,4
TEST_22147,3
TEST_22148,0
TEST_22149,3
TEST_22150,0
TEST_22151,0
TEST_22152,0
TEST_22153,0
TEST_22154,1
TEST_22155,1
TEST_22156,0
TEST_22157,4
TEST_22158,3
TEST_22159,4
TEST_22160,2
TEST_22161,1
TEST_22162,0
TEST_22163,2
TEST_22164,3
TEST_22165,1
TEST_22166,3
TEST_22167,3
TEST_22168,4
TEST_22169,4
TEST_22170,4
TEST_22171,3
TEST_22172,3
TEST_22173,3
TEST_22174,0
TEST_22175,1
TEST_22176,2
TEST_22177,3
TEST_22178,4
TEST_22179,2
TEST_22180,3
TEST_22181,4
TEST_22182,1
TEST_22183,3
TEST_22184,1
TEST_22185,3
TEST_22186,0
TEST_22187,3
TEST_22188,3
TEST_22189,2
TEST_22190,3
TEST_22191,1
TEST_22192,4
TEST_22193,0
TEST_22194,2
TEST_22195,4
TEST_22196,3
TEST_22197,4
TEST_22198,0
TEST_22199,1
TEST_22200,4
TEST_22201,1
TEST_22202,3
TEST_22203,4
TEST_22204,3
TEST_22205,3
TEST_22206,4
TEST_22207,4
TEST_22208,4
TEST_22209,3
TEST_22210,2
TEST_22211,4
TEST_22212,4
TEST_22213,1
TEST_22214,3
TEST_22215,2
TEST_22216,3
TEST_22217,4
TEST_22218,3
TEST_22219,4
TEST_22220,2
TEST_22221,3
TEST_22222,2
TEST_22223,3
TEST_22224,3
TEST_22225,4
TEST_22226,4
TEST_22227,3
TEST_22228,0
TEST_22229,1
TEST_22230,2
TEST_22231,3
TEST_22232,4
TEST_22233,2
TEST_22234,1
TEST_22235,3
TEST_22236,4
TEST_22237,1
TEST_22238,4
TEST_22239,3
TEST_22240,3
TEST_22241,3
TEST_22242,1
TEST_22243,4
TEST_22244,0
TEST_22245,3
TEST_22246,3
TEST_22247,3
TEST_22248,4
TEST_22249,4
TEST_22250,1
TEST_22251,0
TEST_22252,3
TEST_22253,0
TEST_22254,4
TEST_22255,4
TEST_22256,0
TEST_22257,1
TEST_22258,3
TEST_22259,0
TEST_22260,4
TEST_22261,1
TEST_22262,4
TEST_22263,2
TEST_22264,1
TEST_22265,4
TEST_22266,2
TEST_22267,3
TEST_22268,1
TEST_22269,3
TEST_22270,3
TEST_22271,0
TEST_22272,3
TEST_22273,0
TEST_22274,4
TEST_22275,2
TEST_22276,4
TEST_22277,0
TEST_22278,2
TEST_22279,3
TEST_22280,4
TEST_22281,0
TEST_22282,3
TEST_22283,4
TEST_22284,3
TEST_22285,4
TEST_22286,4
TEST_22287,3
TEST_22288,3
TEST_22289,3
TEST_22290,2
TEST_22291,4
TEST_22292,2
TEST_22293,3
TEST_22294,2
TEST_22295,2
TEST_22296,3
TEST_22297,0
TEST_22298,4
TEST_22299,4
TEST_22300,3
TEST_22301,3
TEST_22302,2
TEST_22303,0
TEST_22304,1
TEST_22305,4
TEST_22306,0
TEST_22307,1
TEST_22308,4
TEST_22309,1
TEST_22310,0
TEST_22311,1
TEST_22312,1
TEST_22313,4
TEST_22314,0
TEST_22315,1
TEST_22316,3
TEST_22317,4
TEST_22318,4
TEST_22319,3
TEST_22320,0
TEST_22321,4
TEST_22322,2
TEST_22323,2
TEST_22324,4
TEST_22325,3
TEST_22326,4
TEST_22327,0
TEST_22328,3
TEST_22329,2
TEST_22330,4
TEST_22331,2
TEST_22332,4
TEST_22333,3
TEST_22334,4
TEST_22335,1
TEST_22336,2
TEST_22337,2
TEST_22338,0
TEST_22339,1
TEST_22340,2
TEST_22341,3
TEST_22342,0
TEST_22343,4
TEST_22344,3
TEST_22345,1
TEST_22346,2
TEST_22347,3
TEST_22348,0
TEST_22349,0
TEST_22350,2
TEST_22351,0
TEST_22352,1
TEST_22353,1
TEST_22354,1
TEST_22355,4
TEST_22356,4
TEST_22357,4
TEST_22358,2
TEST_22359,2
TEST_22360,0
TEST_22361,3
TEST_22362,4
TEST_22363,3
TEST_22364,2
TEST_22365,0
TEST_22366,4
TEST_22367,3
TEST_22368,3
TEST_22369,3
TEST_22370,3
TEST_22371,2
TEST_22372,2
TEST_22373,3
TEST_22374,3
TEST_22375,1
TEST_22376,0
TEST_22377,3
TEST_22378,3
TEST_22379,2
TEST_22380,2
TEST_22381,2
TEST_22382,4
TEST_22383,4
TEST_22384,2
TEST_22385,4
TEST_22386,2
TEST_22387,4
TEST_22388,2
TEST_22389,3
TEST_22390,3
TEST_22391,3
TEST_22392,3
TEST_22393,3
TEST_22394,2
TEST_22395,2
TEST_22396,4
TEST_22397,0
TEST_22398,2
TEST_22399,3
TEST_22400,1
TEST_22401,0
TEST_22402,0
TEST_22403,3
TEST_22404,1
TEST_22405,4
TEST_22406,3
TEST_22407,2
TEST_22408,2
TEST_22409,4
TEST_22410,3
TEST_22411,4
TEST_22412,3
TEST_22413,2
TEST_22414,3
TEST_22415,0
TEST_22416,3
TEST_22417,1
TEST_22418,2
TEST_22419,2
TEST_22420,3
TEST_22421,3
TEST_22422,4
TEST_22423,4
TEST_22424,4
TEST_22425,1
TEST_22426,3
TEST_22427,2
TEST_22428,1
TEST_22429,4
TEST_22430,4
TEST_22431,2
TEST_22432,2
TEST_22433,4
TEST_22434,4
TEST_22435,3
TEST_22436,2
TEST_22437,2
TEST_22438,3
TEST_22439,3
TEST_22440,3
TEST_22441,4
TEST_22442,0
TEST_22443,2
TEST_22444,1
TEST_22445,2
TEST_22446,2
TEST_22447,4
TEST_22448,0
TEST_22449,4
TEST_22450,0
TEST_22451,3
TEST_22452,4
TEST_22453,3
TEST_22454,3
TEST_22455,1
TEST_22456,0
TEST_22457,0
TEST_22458,1
TEST_22459,3
TEST_22460,3
TEST_22461,0
TEST_22462,3
TEST_22463,3
TEST_22464,1
TEST_22465,1
TEST_22466,0
TEST_22467,2
TEST_22468,0
TEST_22469,3
TEST_22470,1
TEST_22471,2
TEST_22472,4
TEST_22473,3
TEST_22474,1
TEST_22475,3
TEST_22476,3
TEST_22477,2
TEST_22478,2
TEST_22479,0
TEST_22480,3
TEST_22481,0
TEST_22482,3
TEST_22483,1
TEST_22484,1
TEST_22485,0
TEST_22486,0
TEST_22487,3
TEST_22488,4
TEST_22489,0
TEST_22490,3
TEST_22491,0
TEST_22492,1
TEST_22493,0
TEST_22494,2
TEST_22495,3
TEST_22496,3
TEST_22497,1
TEST_22498,4
TEST_22499,4
TEST_22500,4
TEST_22501,4
TEST_22502,4
TEST_22503,0
TEST_22504,3
TEST_22505,3
TEST_22506,3
TEST_22507,3
TEST_22508,2
TEST_22509,1
TEST_22510,0
TEST_22511,1
TEST_22512,2
TEST_22513,3
TEST_22514,1
TEST_22515,1
TEST_22516,2
TEST_22517,1
TEST_22518,3
TEST_22519,4
TEST_22520,0
TEST_22521,2
TEST_22522,1
TEST_22523,2
TEST_22524,4
TEST_22525,3
TEST_22526,3
TEST_22527,3
TEST_22528,0
TEST_22529,2
TEST_22530,3
TEST_22531,4
TEST_22532,1
TEST_22533,1
TEST_22534,4
TEST_22535,4
TEST_22536,4
TEST_22537,4
TEST_22538,0
TEST_22539,3
TEST_22540,4
TEST_22541,2
TEST_22542,1
TEST_22543,1
TEST_22544,4
TEST_22545,1
TEST_22546,0
TEST_22547,4
TEST_22548,1
TEST_22549,4
TEST_22550,3
TEST_22551,1
TEST_22552,2
TEST_22553,1
TEST_22554,4
TEST_22555,0
TEST_22556,3
TEST_22557,0
TEST_22558,0
TEST_22559,3
TEST_22560,4
TEST_22561,2
TEST_22562,3
TEST_22563,0
TEST_22564,2
TEST_22565,3
TEST_22566,3
TEST_22567,3
TEST_22568,1
TEST_22569,2
TEST_22570,1
TEST_22571,3
TEST_22572,3
TEST_22573,3
TEST_22574,4
TEST_22575,3
TEST_22576,0
TEST_22577,3
TEST_22578,3
TEST_22579,1
TEST_22580,2
TEST_22581,1
TEST_22582,4
TEST_22583,3
TEST_22584,3
TEST_22585,1
TEST_22586,3
TEST_22587,2
TEST_22588,0
TEST_22589,3
TEST_22590,4
TEST_22591,4
TEST_22592,2
TEST_22593,4
TEST_22594,4
TEST_22595,1
TEST_22596,4
TEST_22597,3
TEST_22598,4
TEST_22599,2
TEST_22600,1
TEST_22601,4
TEST_22602,4
TEST_22603,3
TEST_22604,3
TEST_22605,4
TEST_22606,1
TEST_22607,1
TEST_22608,0
TEST_22609,2
TEST_22610,2
TEST_22611,4
TEST_22612,4
TEST_22613,1
TEST_22614,2
TEST_22615,1
TEST_22616,3
TEST_22617,3
TEST_22618,2
TEST_22619,1
TEST_22620,0
TEST_22621,2
TEST_22622,0
TEST_22623,4
TEST_22624,4
TEST_22625,3
TEST_22626,1
TEST_22627,0
TEST_22628,3
TEST_22629,3
TEST_22630,2
TEST_22631,4
TEST_22632,0
TEST_22633,4
TEST_22634,4
TEST_22635,3
TEST_22636,1
TEST_22637,1
TEST_22638,0
TEST_22639,4
TEST_22640,0
TEST_22641,3
TEST_22642,0
TEST_22643,3
TEST_22644,3
TEST_22645,2
TEST_22646,4
TEST_22647,4
TEST_22648,2
TEST_22649,4
TEST_22650,4
TEST_22651,2
TEST_22652,2
TEST_22653,3
TEST_22654,0
TEST_22655,1
TEST_22656,4
TEST_22657,4
TEST_22658,2
TEST_22659,4
TEST_22660,0
TEST_22661,1
TEST_22662,3
TEST_22663,3
TEST_22664,2
TEST_22665,0
TEST_22666,1
TEST_22667,4
TEST_22668,4
TEST_22669,2
TEST_22670,0
TEST_22671,3
TEST_22672,2
TEST_22673,3
TEST_22674,4
TEST_22675,1
TEST_22676,4
TEST_22677,1
TEST_22678,3
TEST_22679,4
TEST_22680,3
TEST_22681,2
TEST_22682,3
TEST_22683,3
TEST_22684,3
TEST_22685,4
TEST_22686,0
TEST_22687,4
TEST_22688,3
TEST_22689,1
TEST_22690,4
TEST_22691,3
TEST_22692,3
TEST_22693,3
TEST_22694,1
TEST_22695,3
TEST_22696,3
TEST_22697,1
TEST_22698,4
TEST_22699,2
TEST_22700,2
TEST_22701,2
TEST_22702,3
TEST_22703,3
TEST_22704,4
TEST_22705,4
TEST_22706,3
TEST_22707,0
TEST_22708,3
TEST_22709,0
TEST_22710,3
TEST_22711,2
TEST_22712,3
TEST_22713,1
TEST_22714,0
TEST_22715,0
TEST_22716,1
TEST_22717,3
TEST_22718,3
TEST_22719,2
TEST_22720,3
TEST_22721,1
TEST_22722,0
TEST_22723,3
TEST_22724,4
TEST_22725,2
TEST_22726,1
TEST_22727,0
TEST_22728,4
TEST_22729,3
TEST_22730,2
TEST_22731,2
TEST_22732,2
TEST_22733,1
TEST_22734,0
TEST_22735,4
TEST_22736,3
TEST_22737,1
TEST_22738,0
TEST_22739,3
TEST_22740,4
TEST_22741,3
TEST_22742,1
TEST_22743,2
TEST_22744,4
TEST_22745,3
TEST_22746,0
TEST_22747,2
TEST_22748,4
TEST_22749,4
TEST_22750,3
TEST_22751,3
TEST_22752,1
TEST_22753,2
TEST_22754,1
TEST_22755,3
TEST_22756,0
TEST_22757,3
TEST_22758,2
TEST_22759,2
TEST_22760,0
TEST_22761,0
TEST_22762,4
TEST_22763,2
TEST_22764,3
TEST_22765,4
TEST_22766,0
TEST_22767,1
TEST_22768,4
TEST_22769,1
TEST_22770,3
TEST_22771,0
TEST_22772,0
TEST_22773,2
TEST_22774,3
TEST_22775,3
TEST_22776,4
TEST_22777,0
TEST_22778,2
TEST_22779,3
TEST_22780,3
TEST_22781,1
TEST_22782,3
TEST_22783,3
TEST_22784,4
TEST_22785,2
TEST_22786,2
TEST_22787,2
TEST_22788,4
TEST_22789,4
TEST_22790,3
TEST_22791,2
TEST_22792,0
TEST_22793,4
TEST_22794,4
TEST_22795,2
TEST_22796,3
TEST_22797,3
TEST_22798,3
TEST_22799,1
TEST_22800,1
TEST_22801,3
TEST_22802,3
TEST_22803,1
TEST_22804,3
TEST_22805,2
TEST_22806,4
TEST_22807,3
TEST_22808,3
TEST_22809,3
TEST_22810,3
TEST_22811,2
TEST_22812,1
TEST_22813,3
TEST_22814,2
TEST_22815,2
TEST_22816,1
TEST_22817,0
TEST_22818,0
TEST_22819,4
TEST_22820,2
TEST_22821,0
TEST_22822,3
TEST_22823,1
TEST_22824,3
TEST_22825,3
TEST_22826,2
TEST_22827,2
TEST_22828,0
TEST_22829,2
TEST_22830,1
TEST_22831,2
TEST_22832,3
TEST_22833,4
TEST_22834,3
TEST_22835,3
TEST_22836,2
TEST_22837,1
TEST_22838,1
TEST_22839,2
TEST_22840,0
TEST_22841,4
TEST_22842,3
TEST_22843,3
TEST_22844,3
TEST_22845,1
TEST_22846,2
TEST_22847,4
TEST_22848,1
TEST_22849,1
TEST_22850,4
TEST_22851,1
TEST_22852,3
TEST_22853,1
TEST_22854,4
TEST_22855,3
TEST_22856,4
TEST_22857,3
TEST_22858,4
TEST_22859,4
TEST_22860,3
TEST_22861,3
TEST_22862,3
TEST_22863,4
TEST_22864,3
TEST_22865,1
TEST_22866,2
TEST_22867,3
TEST_22868,3
TEST_22869,3
TEST_22870,4
TEST_22871,4
TEST_22872,4
TEST_22873,2
TEST_22874,3
TEST_22875,0
TEST_22876,4
TEST_22877,1
TEST_22878,3
TEST_22879,1
TEST_22880,1
TEST_22881,1
TEST_22882,3
TEST_22883,4
TEST_22884,3
TEST_22885,3
TEST_22886,3
TEST_22887,2
TEST_22888,4
TEST_22889,0
TEST_22890,4
TEST_22891,1
TEST_22892,2
TEST_22893,3
TEST_22894,4
TEST_22895,4
TEST_22896,3
TEST_22897,0
TEST_22898,3
TEST_22899,3
TEST_22900,2
TEST_22901,2
TEST_22902,0
TEST_22903,3
TEST_22904,1
TEST_22905,3
TEST_22906,1
TEST_22907,4
TEST_22908,4
TEST_22909,2
TEST_22910,0
TEST_22911,1
TEST_22912,1
TEST_22913,2
TEST_22914,2
TEST_22915,1
TEST_22916,3
TEST_22917,3
TEST_22918,3
TEST_22919,4
TEST_22920,3
TEST_22921,1
TEST_22922,1
TEST_22923,4
TEST_22924,4
TEST_22925,4
TEST_22926,0
TEST_22927,2
TEST_22928,1
TEST_22929,3
TEST_22930,2
TEST_22931,4
TEST_22932,1
TEST_22933,3
TEST_22934,3
TEST_22935,3
TEST_22936,2
TEST_22937,4
TEST_22938,2
TEST_22939,0
TEST_22940,0
TEST_22941,4
TEST_22942,2
TEST_22943,4
TEST_22944,3
TEST_22945,4
TEST_22946,1
TEST_22947,1
TEST_22948,4
TEST_22949,3
TEST_22950,2
TEST_22951,4
TEST_22952,3
TEST_22953,3
TEST_22954,0
TEST_22955,4
TEST_22956,4
TEST_22957,4
TEST_22958,3
TEST_22959,4
TEST_22960,3
TEST_22961,3
TEST_22962,3
TEST_22963,2
TEST_22964,4
TEST_22965,0
TEST_22966,4
TEST_22967,4
TEST_22968,3
TEST_22969,3
TEST_22970,3
TEST_22971,2
TEST_22972,3
TEST_22973,1
TEST_22974,0
TEST_22975,3
TEST_22976,3
TEST_22977,0
TEST_22978,2
TEST_22979,2
TEST_22980,0
TEST_22981,1
TEST_22982,4
TEST_22983,1
TEST_22984,3
TEST_22985,2
TEST_22986,2
TEST_22987,2
TEST_22988,3
TEST_22989,3
TEST_22990,0
TEST_22991,2
TEST_22992,2
TEST_22993,2
TEST_22994,4
TEST_22995,1
TEST_22996,1
TEST_22997,2
TEST_22998,1
TEST_22999,2
TEST_23000,0
TEST_23001,3
TEST_23002,2
TEST_23003,2
TEST_23004,3
TEST_23005,3
TEST_23006,2
TEST_23007,2
TEST_23008,0
TEST_23009,4
TEST_23010,3
TEST_23011,3
TEST_23012,3
TEST_23013,3
TEST_23014,0
TEST_23015,1
TEST_23016,2
TEST_23017,3
TEST_23018,1
TEST_23019,0
TEST_23020,2
TEST_23021,0
TEST_23022,4
TEST_23023,4
TEST_23024,3
TEST_23025,3
TEST_23026,3
TEST_23027,4
TEST_23028,2
TEST_23029,4
TEST_23030,4
TEST_23031,3
TEST_23032,3
TEST_23033,1
TEST_23034,3
TEST_23035,2
TEST_23036,1
TEST_23037,3
TEST_23038,3
TEST_23039,1
TEST_23040,0
TEST_23041,1
TEST_23042,0
TEST_23043,3
TEST_23044,2
TEST_23045,1
TEST_23046,1
TEST_23047,3
TEST_23048,2
TEST_23049,0
TEST_23050,3
TEST_23051,4
TEST_23052,2
TEST_23053,2
TEST_23054,3
TEST_23055,3
TEST_23056,4
TEST_23057,3
TEST_23058,1
TEST_23059,2
TEST_23060,4
TEST_23061,3
TEST_23062,2
TEST_23063,1
TEST_23064,4
TEST_23065,4
TEST_23066,0
TEST_23067,2
TEST_23068,2
TEST_23069,0
TEST_23070,0
TEST_23071,4
TEST_23072,4
TEST_23073,1
TEST_23074,1
TEST_23075,4
TEST_23076,3
TEST_23077,2
TEST_23078,3
TEST_23079,0
TEST_23080,4
TEST_23081,3
TEST_23082,3
TEST_23083,4
TEST_23084,3
TEST_23085,3
TEST_23086,0
TEST_23087,3
TEST_23088,0
TEST_23089,1
TEST_23090,3
TEST_23091,3
TEST_23092,2
TEST_23093,1
TEST_23094,1
TEST_23095,3
TEST_23096,4
TEST_23097,1
TEST_23098,1
TEST_23099,4
TEST_23100,4
TEST_23101,2
TEST_23102,1
TEST_23103,2
TEST_23104,0
TEST_23105,3
TEST_23106,4
TEST_23107,3
TEST_23108,0
TEST_23109,2
TEST_23110,2
TEST_23111,3
TEST_23112,1
TEST_23113,3
TEST_23114,4
TEST_23115,1
TEST_23116,1
TEST_23117,3
TEST_23118,3
TEST_23119,3
TEST_23120,4
TEST_23121,4
TEST_23122,4
TEST_23123,4
TEST_23124,1
TEST_23125,4
TEST_23126,2
TEST_23127,3
TEST_23128,3
TEST_23129,4
TEST_23130,2
TEST_23131,3
TEST_23132,4
TEST_23133,1
TEST_23134,2
TEST_23135,1
TEST_23136,3
TEST_23137,4
TEST_23138,4
TEST_23139,4
TEST_23140,3
TEST_23141,3
TEST_23142,4
TEST_23143,3
TEST_23144,2
TEST_23145,2
TEST_23146,1
TEST_23147,3
TEST_23148,1
TEST_23149,1
TEST_23150,4
TEST_23151,2
TEST_23152,0
TEST_23153,0
TEST_23154,0
TEST_23155,3
TEST_23156,0
TEST_23157,0
TEST_23158,4
TEST_23159,2
TEST_23160,1
TEST_23161,4
TEST_23162,4
TEST_23163,0
TEST_23164,3
TEST_23165,4
TEST_23166,3
TEST_23167,3
TEST_23168,1
TEST_23169,4
TEST_23170,1
TEST_23171,4
TEST_23172,3
TEST_23173,0
TEST_23174,1
TEST_23175,0
TEST_23176,3
TEST_23177,2
TEST_23178,3
TEST_23179,4
TEST_23180,4
TEST_23181,3
TEST_23182,3
TEST_23183,3
TEST_23184,3
TEST_23185,3
TEST_23186,3
TEST_23187,2
TEST_23188,3
TEST_23189,1
TEST_23190,3
TEST_23191,3
TEST_23192,2
TEST_23193,1
TEST_23194,4
TEST_23195,2
TEST_23196,2
TEST_23197,4
TEST_23198,1
TEST_23199,4
TEST_23200,3
TEST_23201,2
TEST_23202,4
TEST_23203,4
TEST_23204,4
TEST_23205,0
TEST_23206,1
TEST_23207,2
TEST_23208,0
TEST_23209,2
TEST_23210,0
TEST_23211,1
TEST_23212,2
TEST_23213,4
TEST_23214,3
TEST_23215,4
TEST_23216,1
TEST_23217,3
TEST_23218,4
TEST_23219,0
TEST_23220,1
TEST_23221,1
TEST_23222,3
TEST_23223,2
TEST_23224,2
TEST_23225,3
TEST_23226,3
TEST_23227,0
TEST_23228,3
TEST_23229,3
TEST_23230,2
TEST_23231,2
TEST_23232,0
TEST_23233,2
TEST_23234,2
TEST_23235,4
TEST_23236,4
TEST_23237,1
TEST_23238,2
TEST_23239,4
TEST_23240,1
TEST_23241,3
TEST_23242,4
TEST_23243,2
TEST_23244,3
TEST_23245,3
TEST_23246,0
TEST_23247,1
TEST_23248,0
TEST_23249,3
TEST_23250,1
TEST_23251,2
TEST_23252,3
TEST_23253,3
TEST_23254,3
TEST_23255,1
TEST_23256,2
TEST_23257,0
TEST_23258,3
TEST_23259,4
TEST_23260,2
TEST_23261,4
TEST_23262,0
TEST_23263,3
TEST_23264,1
TEST_23265,3
TEST_23266,2
TEST_23267,3
TEST_23268,2
TEST_23269,3
TEST_23270,0
TEST_23271,1
TEST_23272,2
TEST_23273,1
TEST_23274,1
TEST_23275,4
TEST_23276,0
TEST_23277,0
TEST_23278,3
TEST_23279,3
TEST_23280,3
TEST_23281,1
TEST_23282,2
TEST_23283,1
TEST_23284,0
TEST_23285,4
TEST_23286,4
TEST_23287,0
TEST_23288,3
TEST_23289,4
TEST_23290,4
TEST_23291,2
TEST_23292,1
TEST_23293,3
TEST_23294,3
TEST_23295,4
TEST_23296,2
TEST_23297,3
TEST_23298,4
TEST_23299,3
TEST_23300,4
TEST_23301,2
TEST_23302,2
TEST_23303,3
TEST_23304,3
TEST_23305,3
TEST_23306,4
TEST_23307,0
TEST_23308,3
TEST_23309,4
TEST_23310,3
TEST_23311,4
TEST_23312,2
TEST_23313,3
TEST_23314,4
TEST_23315,2
TEST_23316,2
TEST_23317,3
TEST_23318,3
TEST_23319,4
TEST_23320,1
TEST_23321,2
TEST_23322,2
TEST_23323,3
TEST_23324,4
TEST_23325,3
TEST_23326,4
TEST_23327,4
TEST_23328,4
TEST_23329,4
TEST_23330,1
TEST_23331,0
TEST_23332,0
TEST_23333,1
TEST_23334,3
TEST_23335,0
TEST_23336,3
TEST_23337,3
TEST_23338,1
TEST_23339,3
TEST_23340,2
TEST_23341,4
TEST_23342,0
TEST_23343,3
TEST_23344,3
TEST_23345,3
TEST_23346,0
TEST_23347,4
TEST_23348,2
TEST_23349,1
TEST_23350,0
TEST_23351,1
TEST_23352,1
TEST_23353,2
TEST_23354,3
TEST_23355,2
TEST_23356,3
TEST_23357,3
TEST_23358,2
TEST_23359,4
TEST_23360,2
TEST_23361,2
TEST_23362,2
TEST_23363,2
TEST_23364,0
TEST_23365,0
TEST_23366,2
TEST_23367,0
TEST_23368,2
TEST_23369,3
TEST_23370,3
TEST_23371,2
TEST_23372,2
TEST_23373,4
TEST_23374,4
TEST_23375,2
TEST_23376,2
TEST_23377,4
TEST_23378,3
TEST_23379,3
TEST_23380,4
TEST_23381,0
TEST_23382,4
TEST_23383,0
TEST_23384,2
TEST_23385,2
TEST_23386,3
TEST_23387,3
TEST_23388,1
TEST_23389,3
TEST_23390,4
TEST_23391,3
TEST_23392,1
TEST_23393,4
TEST_23394,2
TEST_23395,3
TEST_23396,3
TEST_23397,3
TEST_23398,0
TEST_23399,4
TEST_23400,0
TEST_23401,1
TEST_23402,3
TEST_23403,4
TEST_23404,3
TEST_23405,1
TEST_23406,3
TEST_23407,1
TEST_23408,0
TEST_23409,1
TEST_23410,0
TEST_23411,4
TEST_23412,0
TEST_23413,2
TEST_23414,4
TEST_23415,3
TEST_23416,2
TEST_23417,3
TEST_23418,2
TEST_23419,1
TEST_23420,1
TEST_23421,2
TEST_23422,2
TEST_23423,3
TEST_23424,4
TEST_23425,4
TEST_23426,2
TEST_23427,2
TEST_23428,4
TEST_23429,4
TEST_23430,3
TEST_23431,1
TEST_23432,1
TEST_23433,2
TEST_23434,0
TEST_23435,3
TEST_23436,3
TEST_23437,2
TEST_23438,4
TEST_23439,3
TEST_23440,3
TEST_23441,2
TEST_23442,1
TEST_23443,2
TEST_23444,0
TEST_23445,0
TEST_23446,0
TEST_23447,1
TEST_23448,3
TEST_23449,3
TEST_23450,0
TEST_23451,3
TEST_23452,4
TEST_23453,2
TEST_23454,3
TEST_23455,2
TEST_23456,4
TEST_23457,0
TEST_23458,4
TEST_23459,3
TEST_23460,4
TEST_23461,1
TEST_23462,3
TEST_23463,4
TEST_23464,3
TEST_23465,3
TEST_23466,1
TEST_23467,3
TEST_23468,1
TEST_23469,2
TEST_23470,4
TEST_23471,1
TEST_23472,3
TEST_23473,0
TEST_23474,4
TEST_23475,3
TEST_23476,1
TEST_23477,1
TEST_23478,4
TEST_23479,2
TEST_23480,2
TEST_23481,4
TEST_23482,1
TEST_23483,0
TEST_23484,2
TEST_23485,3
TEST_23486,1
TEST_23487,2
TEST_23488,3
TEST_23489,0
TEST_23490,4
TEST_23491,2
TEST_23492,4
TEST_23493,2
TEST_23494,4
TEST_23495,2
TEST_23496,4
TEST_23497,3
TEST_23498,3
TEST_23499,1
TEST_23500,3
TEST_23501,3
TEST_23502,2
TEST_23503,3
TEST_23504,1
TEST_23505,3
TEST_23506,2
TEST_23507,0
TEST_23508,4
TEST_23509,3
TEST_23510,0
TEST_23511,1
TEST_23512,4
TEST_23513,3
TEST_23514,2
TEST_23515,2
TEST_23516,2
TEST_23517,3
TEST_23518,3
TEST_23519,0
TEST_23520,4
TEST_23521,4
TEST_23522,4
TEST_23523,2
TEST_23524,0
TEST_23525,1
TEST_23526,2
TEST_23527,1
TEST_23528,3
TEST_23529,1
TEST_23530,4
TEST_23531,2
TEST_23532,0
TEST_23533,4
TEST_23534,1
TEST_23535,2
TEST_23536,3
TEST_23537,2
TEST_23538,4
TEST_23539,1
TEST_23540,0
TEST_23541,1
TEST_23542,3
TEST_23543,2
TEST_23544,2
TEST_23545,4
TEST_23546,3
TEST_23547,3
TEST_23548,3
TEST_23549,3
TEST_23550,1
TEST_23551,4
TEST_23552,4
TEST_23553,0
TEST_23554,2
TEST_23555,1
TEST_23556,3
TEST_23557,3
TEST_23558,4
TEST_23559,1
TEST_23560,2
TEST_23561,0
TEST_23562,3
TEST_23563,4
TEST_23564,3
TEST_23565,2
TEST_23566,1
TEST_23567,4
TEST_23568,2
TEST_23569,3
TEST_23570,3
TEST_23571,4
TEST_23572,3
TEST_23573,3
TEST_23574,1
TEST_23575,4
TEST_23576,2
TEST_23577,2
TEST_23578,3
TEST_23579,3
TEST_23580,3
TEST_23581,4
TEST_23582,2
TEST_23583,1
TEST_23584,1
TEST_23585,3
TEST_23586,0
TEST_23587,2
TEST_23588,0
TEST_23589,3
TEST_23590,3
TEST_23591,4
TEST_23592,3
TEST_23593,1
TEST_23594,2
TEST_23595,4
TEST_23596,2
TEST_23597,1
TEST_23598,4
TEST_23599,4
TEST_23600,3
TEST_23601,3
TEST_23602,3
TEST_23603,2
TEST_23604,2
TEST_23605,2
TEST_23606,4
TEST_23607,0
TEST_23608,3
TEST_23609,3
TEST_23610,4
TEST_23611,1
TEST_23612,3
TEST_23613,3
TEST_23614,4
TEST_23615,0
TEST_23616,4
TEST_23617,0
TEST_23618,1
TEST_23619,3
TEST_23620,3
TEST_23621,0
TEST_23622,3
TEST_23623,0
TEST_23624,4
TEST_23625,4
TEST_23626,2
TEST_23627,1
TEST_23628,0
TEST_23629,0
TEST_23630,3
TEST_23631,3
TEST_23632,3
TEST_23633,4
TEST_23634,2
TEST_23635,4
TEST_23636,3
TEST_23637,2
TEST_23638,4
TEST_23639,3
TEST_23640,4
TEST_23641,2
TEST_23642,3
TEST_23643,2
TEST_23644,2
TEST_23645,1
TEST_23646,3
TEST_23647,1
TEST_23648,3
TEST_23649,4
TEST_23650,3
TEST_23651,4
TEST_23652,4
TEST_23653,1
TEST_23654,3
TEST_23655,3
TEST_23656,2
TEST_23657,1
TEST_23658,3
TEST_23659,0
TEST_23660,3
TEST_23661,2
TEST_23662,4
TEST_23663,2
TEST_23664,3
TEST_23665,3
TEST_23666,3
TEST_23667,3
TEST_23668,3
TEST_23669,3
TEST_23670,4
TEST_23671,2
TEST_23672,1
TEST_23673,4
TEST_23674,2
TEST_23675,4
TEST_23676,4
TEST_23677,1
TEST_23678,3
TEST_23679,2
TEST_23680,3
TEST_23681,3
TEST_23682,3
TEST_23683,3
TEST_23684,1
TEST_23685,0
TEST_23686,4
TEST_23687,2
TEST_23688,4
TEST_23689,4
TEST_23690,4
TEST_23691,0
TEST_23692,4
TEST_23693,0
TEST_23694,3
TEST_23695,3
TEST_23696,0
TEST_23697,2
TEST_23698,4
TEST_23699,3
TEST_23700,0
TEST_23701,2
TEST_23702,0
TEST_23703,3
TEST_23704,3
TEST_23705,2
TEST_23706,4
TEST_23707,1
TEST_23708,2
TEST_23709,2
TEST_23710,0
TEST_23711,3
TEST_23712,3
TEST_23713,1
TEST_23714,4
TEST_23715,3
TEST_23716,4
TEST_23717,4
TEST_23718,0
TEST_23719,3
TEST_23720,3
TEST_23721,3
TEST_23722,4
TEST_23723,3
TEST_23724,0
TEST_23725,4
TEST_23726,2
TEST_23727,2
TEST_23728,4
TEST_23729,0
TEST_23730,4
TEST_23731,4
TEST_23732,0
TEST_23733,1
TEST_23734,1
TEST_23735,2
TEST_23736,0
TEST_23737,1
TEST_23738,3
TEST_23739,1
TEST_23740,4
TEST_23741,3
TEST_23742,2
TEST_23743,4
TEST_23744,0
TEST_23745,2
TEST_23746,1
TEST_23747,1
TEST_23748,3
TEST_23749,1
TEST_23750,1
TEST_23751,3
TEST_23752,3
TEST_23753,4
TEST_23754,0
TEST_23755,4
TEST_23756,3
TEST_23757,3
TEST_23758,2
TEST_23759,3
TEST_23760,3
TEST_23761,3
TEST_23762,4
TEST_23763,0
TEST_23764,3
TEST_23765,1
TEST_23766,2
TEST_23767,3
TEST_23768,3
TEST_23769,3
TEST_23770,3
TEST_23771,2
TEST_23772,0
TEST_23773,3
TEST_23774,3
TEST_23775,2
TEST_23776,0
TEST_23777,2
TEST_23778,2
TEST_23779,1
TEST_23780,4
TEST_23781,3
TEST_23782,3
TEST_23783,4
TEST_23784,4
TEST_23785,4
TEST_23786,3
TEST_23787,3
TEST_23788,4
TEST_23789,3
TEST_23790,1
TEST_23791,2
TEST_23792,3
TEST_23793,4
TEST_23794,2
TEST_23795,0
TEST_23796,3
TEST_23797,1
TEST_23798,4
TEST_23799,4
TEST_23800,1
TEST_23801,4
TEST_23802,0
TEST_23803,0
TEST_23804,3
TEST_23805,1
TEST_23806,2
TEST_23807,0
TEST_23808,0
TEST_23809,4
TEST_23810,0
TEST_23811,1
TEST_23812,4
TEST_23813,1
TEST_23814,1
TEST_23815,2
TEST_23816,2
TEST_23817,1
TEST_23818,0
TEST_23819,3
TEST_23820,2
TEST_23821,2
TEST_23822,3
TEST_23823,1
TEST_23824,3
TEST_23825,3
TEST_23826,4
TEST_23827,3
TEST_23828,3
TEST_23829,1
TEST_23830,2
TEST_23831,0
TEST_23832,3
TEST_23833,2
TEST_23834,3
TEST_23835,4
TEST_23836,2
TEST_23837,0
TEST_23838,0
TEST_23839,1
TEST_23840,0
TEST_23841,0
TEST_23842,1
TEST_23843,1
TEST_23844,2
TEST_23845,4
TEST_23846,2
TEST_23847,2
TEST_23848,3
TEST_23849,1
TEST_23850,2
TEST_23851,3
TEST_23852,1
TEST_23853,3
TEST_23854,3
TEST_23855,3
TEST_23856,3
TEST_23857,3
TEST_23858,2
TEST_23859,4
TEST_23860,0
TEST_23861,3
TEST_23862,0
TEST_23863,3
TEST_23864,4
TEST_23865,4
TEST_23866,2
TEST_23867,4
TEST_23868,0
TEST_23869,3
TEST_23870,1
TEST_23871,3
TEST_23872,3
TEST_23873,1
TEST_23874,3
TEST_23875,4
TEST_23876,4
TEST_23877,2
TEST_23878,3
TEST_23879,4
TEST_23880,0
TEST_23881,3
TEST_23882,2
TEST_23883,2
TEST_23884,3
TEST_23885,1
TEST_23886,1
TEST_23887,2
TEST_23888,2
TEST_23889,4
TEST_23890,2
TEST_23891,3
TEST_23892,3
TEST_23893,2
TEST_23894,1
TEST_23895,0
TEST_23896,4
TEST_23897,0
TEST_23898,4
TEST_23899,4
TEST_23900,2
TEST_23901,0
TEST_23902,2
TEST_23903,3
TEST_23904,3
TEST_23905,3
TEST_23906,3
TEST_23907,1
TEST_23908,4
TEST_23909,3
TEST_23910,1
TEST_23911,2
TEST_23912,2
TEST_23913,3
TEST_23914,2
TEST_23915,2
TEST_23916,4
TEST_23917,3
TEST_23918,3
TEST_23919,2
TEST_23920,4
TEST_23921,0
TEST_23922,1
TEST_23923,1
TEST_23924,3
TEST_23925,3
TEST_23926,1
TEST_23927,4
TEST_23928,0
TEST_23929,4
TEST_23930,4
TEST_23931,3
TEST_23932,0
TEST_23933,3
TEST_23934,4
TEST_23935,3
TEST_23936,3
TEST_23937,4
TEST_23938,3
TEST_23939,1
TEST_23940,4
TEST_23941,1
TEST_23942,0
TEST_23943,4
TEST_23944,3
TEST_23945,2
TEST_23946,0
TEST_23947,3
TEST_23948,3
TEST_23949,1
TEST_23950,3
TEST_23951,2
TEST_23952,0
TEST_23953,3
TEST_23954,4
TEST_23955,3
TEST_23956,0
TEST_23957,3
TEST_23958,3
TEST_23959,3
TEST_23960,3
TEST_23961,2
TEST_23962,2
TEST_23963,1
TEST_23964,4
TEST_23965,2
TEST_23966,0
TEST_23967,3
TEST_23968,0
TEST_23969,2
TEST_23970,0
TEST_23971,4
TEST_23972,3
TEST_23973,3
TEST_23974,3
TEST_23975,4
TEST_23976,2
TEST_23977,2
TEST_23978,3
TEST_23979,2
TEST_23980,0
TEST_23981,4
TEST_23982,2
TEST_23983,2
TEST_23984,4
TEST_23985,3
TEST_23986,2
TEST_23987,4
TEST_23988,2
TEST_23989,2
TEST_23990,1
TEST_23991,1
TEST_23992,3
TEST_23993,4
TEST_23994,2
TEST_23995,2
TEST_23996,3
TEST_23997,0
TEST_23998,4
TEST_23999,0
TEST_24000,4
TEST_24001,3
TEST_24002,4
TEST_24003,2
TEST_24004,3
TEST_24005,3
TEST_24006,3
TEST_24007,2
TEST_24008,1
TEST_24009,3
TEST_24010,0
TEST_24011,1
TEST_24012,4
TEST_24013,4
TEST_24014,3
TEST_24015,0
TEST_24016,1
TEST_24017,3
TEST_24018,3
TEST_24019,3
TEST_24020,4
TEST_24021,1
TEST_24022,3
TEST_24023,4
TEST_24024,4
TEST_24025,1
TEST_24026,4
TEST_24027,0
TEST_24028,1
TEST_24029,3
TEST_24030,0
TEST_24031,2
TEST_24032,1
TEST_24033,4
TEST_24034,3
TEST_24035,4
TEST_24036,0
TEST_24037,3
TEST_24038,2
TEST_24039,1
TEST_24040,3
TEST_24041,3
TEST_24042,1
TEST_24043,1
TEST_24044,3
TEST_24045,4
TEST_24046,2
TEST_24047,1
TEST_24048,4
TEST_24049,0
TEST_24050,2
TEST_24051,0
TEST_24052,3
TEST_24053,3
TEST_24054,3
TEST_24055,1
TEST_24056,4
TEST_24057,4
TEST_24058,0
TEST_24059,3
TEST_24060,0
TEST_24061,3
TEST_24062,4
TEST_24063,3
TEST_24064,3
TEST_24065,1
TEST_24066,0
TEST_24067,4
TEST_24068,2
TEST_24069,3
TEST_24070,1
TEST_24071,4
TEST_24072,3
TEST_24073,4
TEST_24074,3
TEST_24075,3
TEST_24076,0
TEST_24077,3
TEST_24078,3
TEST_24079,2
TEST_24080,3
TEST_24081,2
TEST_24082,3
TEST_24083,4
TEST_24084,3
TEST_24085,2
TEST_24086,2
TEST_24087,0
TEST_24088,4
TEST_24089,4
TEST_24090,3
TEST_24091,2
TEST_24092,3
TEST_24093,1
TEST_24094,4
TEST_24095,1
TEST_24096,2
TEST_24097,1
TEST_24098,1
TEST_24099,2
TEST_24100,3
TEST_24101,4
TEST_24102,1
TEST_24103,4
TEST_24104,2
TEST_24105,2
TEST_24106,3
TEST_24107,1
TEST_24108,3
TEST_24109,0
TEST_24110,2
TEST_24111,0
TEST_24112,2
TEST_24113,1
TEST_24114,4
TEST_24115,4
TEST_24116,0
TEST_24117,2
TEST_24118,4
TEST_24119,0
TEST_24120,4
TEST_24121,2
TEST_24122,3
TEST_24123,3
TEST_24124,2
TEST_24125,2
TEST_24126,4
TEST_24127,4
TEST_24128,2
TEST_24129,2
TEST_24130,2
TEST_24131,3
TEST_24132,4
TEST_24133,0
TEST_24134,3
TEST_24135,4
TEST_24136,1
TEST_24137,4
TEST_24138,0
TEST_24139,2
TEST_24140,3
TEST_24141,2
TEST_24142,3
TEST_24143,3
TEST_24144,3
TEST_24145,4
TEST_24146,4
TEST_24147,1
TEST_24148,2
TEST_24149,2
TEST_24150,3
TEST_24151,0
TEST_24152,3
TEST_24153,3
TEST_24154,4
TEST_24155,2
TEST_24156,2
TEST_24157,1
TEST_24158,4
TEST_24159,3
TEST_24160,1
TEST_24161,1
TEST_24162,4
TEST_24163,3
TEST_24164,4
TEST_24165,2
TEST_24166,3
TEST_24167,3
TEST_24168,0
TEST_24169,4
TEST_24170,0
TEST_24171,4
TEST_24172,2
TEST_24173,4
TEST_24174,2
TEST_24175,0
TEST_24176,4
TEST_24177,4
TEST_24178,0
TEST_24179,1
TEST_24180,4
TEST_24181,1
TEST_24182,4
TEST_24183,2
TEST_24184,0
TEST_24185,2
TEST_24186,2
TEST_24187,3
TEST_24188,3
TEST_24189,3
TEST_24190,3
TEST_24191,1
TEST_24192,4
TEST_24193,1
TEST_24194,2
TEST_24195,4
TEST_24196,4
TEST_24197,0
TEST_24198,2
TEST_24199,3
TEST_24200,1
TEST_24201,4
TEST_24202,3
TEST_24203,4
TEST_24204,1
TEST_24205,3
TEST_24206,2
TEST_24207,2
TEST_24208,0
TEST_24209,0
TEST_24210,2
TEST_24211,0
TEST_24212,0
TEST_24213,4
TEST_24214,3
TEST_24215,4
TEST_24216,1
TEST_24217,2
TEST_24218,2
TEST_24219,3
TEST_24220,3
TEST_24221,1
TEST_24222,1
TEST_24223,3
TEST_24224,1
TEST_24225,3
TEST_24226,2
TEST_24227,1
TEST_24228,3
TEST_24229,0
TEST_24230,1
TEST_24231,4
TEST_24232,1
TEST_24233,2
TEST_24234,3
TEST_24235,3
TEST_24236,1
TEST_24237,1
TEST_24238,3
TEST_24239,1
TEST_24240,3
TEST_24241,2
TEST_24242,2
TEST_24243,0
TEST_24244,4
TEST_24245,4
TEST_24246,4
TEST_24247,4
TEST_24248,1
TEST_24249,3
TEST_24250,4
TEST_24251,1
TEST_24252,2
TEST_24253,2
TEST_24254,3
TEST_24255,1
TEST_24256,0
TEST_24257,0
TEST_24258,2
TEST_24259,2
TEST_24260,2
TEST_24261,3
TEST_24262,4
TEST_24263,4
TEST_24264,2
TEST_24265,4
TEST_24266,4
TEST_24267,3
TEST_24268,4
TEST_24269,3
TEST_24270,0
TEST_24271,4
TEST_24272,2
TEST_24273,3
TEST_24274,2
TEST_24275,2
TEST_24276,2
TEST_24277,3
TEST_24278,3
TEST_24279,1
TEST_24280,4
TEST_24281,2
TEST_24282,4
TEST_24283,3
TEST_24284,1
TEST_24285,4
TEST_24286,2
TEST_24287,1
TEST_24288,3
TEST_24289,3
TEST_24290,4
TEST_24291,4
TEST_24292,1
TEST_24293,3
TEST_24294,1
TEST_24295,1
TEST_24296,4
TEST_24297,2
TEST_24298,4
TEST_24299,4
TEST_24300,0
TEST_24301,0
TEST_24302,4
TEST_24303,2
TEST_24304,2
TEST_24305,0
TEST_24306,4
TEST_24307,3
TEST_24308,2
TEST_24309,0
TEST_24310,2
TEST_24311,3
TEST_24312,2
TEST_24313,1
TEST_24314,2
TEST_24315,1
TEST_24316,3
TEST_24317,3
TEST_24318,3
TEST_24319,1
TEST_24320,1
TEST_24321,3
TEST_24322,3
TEST_24323,3
TEST_24324,3
TEST_24325,4
TEST_24326,3
TEST_24327,2
TEST_24328,0
TEST_24329,0
TEST_24330,2
TEST_24331,3
TEST_24332,3
TEST_24333,4
TEST_24334,3
TEST_24335,0
TEST_24336,0
TEST_24337,3
TEST_24338,2
TEST_24339,3
TEST_24340,1
TEST_24341,0
TEST_24342,1
TEST_24343,4
TEST_24344,2
TEST_24345,3
TEST_24346,4
TEST_24347,0
TEST_24348,4
TEST_24349,2
TEST_24350,2
TEST_24351,3
TEST_24352,0
TEST_24353,3
TEST_24354,0
TEST_24355,2
TEST_24356,1
TEST_24357,4
TEST_24358,2
TEST_24359,0
TEST_24360,3
TEST_24361,1
TEST_24362,4
TEST_24363,3
TEST_24364,3
TEST_24365,4
TEST_24366,0
TEST_24367,0
TEST_24368,3
TEST_24369,2
TEST_24370,2
TEST_24371,0
TEST_24372,4
TEST_24373,1
TEST_24374,4
TEST_24375,2
TEST_24376,3
TEST_24377,1
TEST_24378,3
TEST_24379,0
TEST_24380,1
TEST_24381,4
TEST_24382,2
TEST_24383,4
TEST_24384,2
TEST_24385,4
TEST_24386,3
TEST_24387,4
TEST_24388,2
TEST_24389,1
TEST_24390,4
TEST_24391,4
TEST_24392,3
TEST_24393,0
TEST_24394,4
TEST_24395,0
TEST_24396,0
TEST_24397,4
TEST_24398,3
TEST_24399,3
TEST_24400,1
TEST_24401,2
TEST_24402,0
TEST_24403,1
TEST_24404,0
TEST_24405,4
TEST_24406,3
TEST_24407,2
TEST_24408,3
TEST_24409,0
TEST_24410,4
TEST_24411,2
TEST_24412,2
TEST_24413,0
TEST_24414,4
TEST_24415,1
TEST_24416,2
TEST_24417,3
TEST_24418,1
TEST_24419,4
TEST_24420,4
TEST_24421,2
TEST_24422,2
TEST_24423,2
TEST_24424,3
TEST_24425,4
TEST_24426,2
TEST_24427,3
TEST_24428,2
TEST_24429,2
TEST_24430,4
TEST_24431,1
TEST_24432,4
TEST_24433,2
TEST_24434,2
TEST_24435,4
TEST_24436,4
TEST_24437,3
TEST_24438,2
TEST_24439,2
TEST_24440,2
TEST_24441,4
TEST_24442,3
TEST_24443,4
TEST_24444,1
TEST_24445,1
TEST_24446,4
TEST_24447,4
TEST_24448,3
TEST_24449,3
TEST_24450,0
TEST_24451,4
TEST_24452,2
TEST_24453,0
TEST_24454,0
TEST_24455,2
TEST_24456,1
TEST_24457,3
TEST_24458,0
TEST_24459,0
TEST_24460,4
TEST_24461,1
TEST_24462,4
TEST_24463,0
TEST_24464,1
TEST_24465,3
TEST_24466,3
TEST_24467,2
TEST_24468,0
TEST_24469,0
TEST_24470,2
TEST_24471,3
TEST_24472,4
TEST_24473,3
TEST_24474,1
TEST_24475,1
TEST_24476,3
TEST_24477,3
TEST_24478,4
TEST_24479,0
TEST_24480,0
TEST_24481,4
TEST_24482,0
TEST_24483,2
TEST_24484,3
TEST_24485,0
TEST_24486,1
TEST_24487,0
TEST_24488,1
TEST_24489,1
TEST_24490,3
TEST_24491,3
TEST_24492,0
TEST_24493,2
TEST_24494,4
TEST_24495,4
TEST_24496,1
TEST_24497,4
TEST_24498,1
TEST_24499,3
TEST_24500,1
TEST_24501,2
TEST_24502,2
TEST_24503,3
TEST_24504,2
TEST_24505,0
TEST_24506,2
TEST_24507,2
TEST_24508,0
TEST_24509,3
TEST_24510,1
TEST_24511,1
TEST_24512,0
TEST_24513,4
TEST_24514,1
TEST_24515,2
TEST_24516,3
TEST_24517,3
TEST_24518,1
TEST_24519,1
TEST_24520,3
TEST_24521,4
TEST_24522,4
TEST_24523,0
TEST_24524,2
TEST_24525,3
TEST_24526,2
TEST_24527,4
TEST_24528,4
TEST_24529,0
TEST_24530,3
TEST_24531,3
TEST_24532,2
TEST_24533,2
TEST_24534,2
TEST_24535,2
TEST_24536,4
TEST_24537,4
TEST_24538,1
TEST_24539,0
TEST_24540,4
TEST_24541,4
TEST_24542,0
TEST_24543,3
TEST_24544,4
TEST_24545,3
TEST_24546,4
TEST_24547,2
TEST_24548,1
TEST_24549,4
TEST_24550,2
TEST_24551,3
TEST_24552,4
TEST_24553,3
TEST_24554,1
TEST_24555,0
TEST_24556,2
TEST_24557,3
TEST_24558,3
TEST_24559,2
TEST_24560,3
TEST_24561,1
TEST_24562,2
TEST_24563,2
TEST_24564,3
TEST_24565,3
TEST_24566,1
TEST_24567,4
TEST_24568,2
TEST_24569,4
TEST_24570,3
TEST_24571,3
TEST_24572,3
TEST_24573,2
TEST_24574,3
TEST_24575,1
TEST_24576,2
TEST_24577,3
TEST_24578,2
TEST_24579,3
TEST_24580,3
TEST_24581,0
TEST_24582,3
TEST_24583,4
TEST_24584,3
TEST_24585,4
TEST_24586,3
TEST_24587,1
TEST_24588,4
TEST_24589,1
TEST_24590,2
TEST_24591,4
TEST_24592,4
TEST_24593,3
TEST_24594,3
TEST_24595,4
TEST_24596,4
TEST_24597,3
TEST_24598,1
TEST_24599,3
TEST_24600,3
TEST_24601,2
TEST_24602,0
TEST_24603,2
TEST_24604,2
TEST_24605,2
TEST_24606,3
TEST_24607,2
TEST_24608,3
TEST_24609,2
TEST_24610,2
TEST_24611,2
TEST_24612,3
TEST_24613,4
TEST_24614,3
TEST_24615,4
TEST_24616,3
TEST_24617,3
TEST_24618,4
TEST_24619,3
TEST_24620,0
TEST_24621,2
TEST_24622,2
TEST_24623,4
TEST_24624,4
TEST_24625,0
TEST_24626,2
TEST_24627,0
TEST_24628,3
TEST_24629,4
TEST_24630,4
TEST_24631,1
TEST_24632,2
TEST_24633,4
TEST_24634,4
TEST_24635,3
TEST_24636,3
TEST_24637,4
TEST_24638,0
TEST_24639,3
TEST_24640,4
TEST_24641,2
TEST_24642,3
TEST_24643,2
TEST_24644,3
TEST_24645,4
TEST_24646,4
TEST_24647,3
TEST_24648,3
TEST_24649,1
TEST_24650,2
TEST_24651,2
TEST_24652,2
TEST_24653,2
TEST_24654,0
TEST_24655,3
TEST_24656,3
TEST_24657,3
TEST_24658,4
TEST_24659,3
TEST_24660,3
TEST_24661,4
TEST_24662,3
TEST_24663,3
TEST_24664,0
TEST_24665,4
TEST_24666,3
TEST_24667,3
TEST_24668,1
TEST_24669,4
TEST_24670,0
TEST_24671,2
TEST_24672,4
TEST_24673,2
TEST_24674,2
TEST_24675,1
TEST_24676,0
TEST_24677,2
TEST_24678,2
TEST_24679,4
TEST_24680,0
TEST_24681,4
TEST_24682,3
TEST_24683,0
TEST_24684,4
TEST_24685,1
TEST_24686,3
TEST_24687,2
TEST_24688,4
TEST_24689,0
TEST_24690,4
TEST_24691,3
TEST_24692,3
TEST_24693,2
TEST_24694,2
TEST_24695,3
TEST_24696,4
TEST_24697,4
TEST_24698,4
TEST_24699,2
TEST_24700,3
TEST_24701,3
TEST_24702,4
TEST_24703,3
TEST_24704,4
TEST_24705,0
TEST_24706,3
TEST_24707,2
TEST_24708,4
TEST_24709,3
TEST_24710,4
TEST_24711,4
TEST_24712,4
TEST_24713,2
TEST_24714,4
TEST_24715,1
TEST_24716,0
TEST_24717,1
TEST_24718,0
TEST_24719,4
TEST_24720,0
TEST_24721,3
TEST_24722,2
TEST_24723,1
TEST_24724,2
TEST_24725,3
TEST_24726,1
TEST_24727,2
TEST_24728,3
TEST_24729,4
TEST_24730,3
TEST_24731,2
TEST_24732,3
TEST_24733,4
TEST_24734,2
TEST_24735,1
TEST_24736,4
TEST_24737,4
TEST_24738,3
TEST_24739,1
TEST_24740,3
TEST_24741,3
TEST_24742,1
TEST_24743,2
TEST_24744,3
TEST_24745,3
TEST_24746,3
TEST_24747,4
TEST_24748,2
TEST_24749,3
TEST_24750,2
TEST_24751,3
TEST_24752,4
TEST_24753,0
TEST_24754,4
TEST_24755,4
TEST_24756,3
TEST_24757,2
TEST_24758,4
TEST_24759,1
TEST_24760,2
TEST_24761,2
TEST_24762,0
TEST_24763,1
TEST_24764,0
TEST_24765,0
TEST_24766,3
TEST_24767,3
TEST_24768,3
TEST_24769,2
TEST_24770,0
TEST_24771,3
TEST_24772,1
TEST_24773,3
TEST_24774,2
TEST_24775,1
TEST_24776,1
TEST_24777,4
TEST_24778,1
TEST_24779,2
TEST_24780,2
TEST_24781,2
TEST_24782,3
TEST_24783,3
TEST_24784,0
TEST_24785,2
TEST_24786,4
TEST_24787,2
TEST_24788,4
TEST_24789,2
TEST_24790,4
TEST_24791,3
TEST_24792,4
TEST_24793,4
TEST_24794,1
TEST_24795,2
TEST_24796,2
TEST_24797,2
TEST_24798,4
TEST_24799,2
TEST_24800,4
TEST_24801,3
TEST_24802,4
TEST_24803,0
TEST_24804,4
TEST_24805,3
TEST_24806,2
TEST_24807,0
TEST_24808,4
TEST_24809,2
TEST_24810,4
TEST_24811,4
TEST_24812,3
TEST_24813,4
TEST_24814,0
TEST_24815,2
TEST_24816,4
TEST_24817,3
TEST_24818,4
TEST_24819,2
TEST_24820,3
TEST_24821,3
TEST_24822,1
TEST_24823,0
TEST_24824,1
TEST_24825,3
TEST_24826,4
TEST_24827,2
TEST_24828,1
TEST_24829,4
TEST_24830,0
TEST_24831,2
TEST_24832,2
TEST_24833,0
TEST_24834,3
TEST_24835,4
TEST_24836,3
TEST_24837,3
TEST_24838,4
TEST_24839,3
TEST_24840,0
TEST_24841,2
TEST_24842,3
TEST_24843,3
TEST_24844,2
TEST_24845,2
TEST_24846,3
TEST_24847,3
TEST_24848,3
TEST_24849,4
TEST_24850,1
TEST_24851,4
TEST_24852,1
TEST_24853,3
TEST_24854,3
TEST_24855,3
TEST_24856,2
TEST_24857,3
TEST_24858,3
TEST_24859,1
TEST_24860,2
TEST_24861,4
TEST_24862,3
TEST_24863,4
TEST_24864,2
TEST_24865,1
TEST_24866,3
TEST_24867,4
TEST_24868,3
TEST_24869,1
TEST_24870,0
TEST_24871,4
TEST_24872,4
TEST_24873,3
TEST_24874,2
TEST_24875,2
TEST_24876,2
TEST_24877,1
TEST_24878,4
TEST_24879,4
TEST_24880,3
TEST_24881,4
TEST_24882,4
TEST_24883,4
TEST_24884,0
TEST_24885,3
TEST_24886,2
TEST_24887,2
TEST_24888,3
TEST_24889,3
TEST_24890,0
TEST_24891,3
TEST_24892,3
TEST_24893,3
TEST_24894,2
TEST_24895,4
TEST_24896,2
TEST_24897,1
TEST_24898,4
TEST_24899,2
TEST_24900,4
TEST_24901,3
TEST_24902,4
TEST_24903,1
TEST_24904,4
TEST_24905,0
TEST_24906,4
TEST_24907,4
TEST_24908,2
TEST_24909,2
TEST_24910,4
TEST_24911,4
TEST_24912,1
TEST_24913,2
TEST_24914,4
TEST_24915,2
TEST_24916,3
TEST_24917,3
TEST_24918,3
TEST_24919,1
TEST_24920,1
TEST_24921,3
TEST_24922,4
TEST_24923,3
TEST_24924,1
TEST_24925,2
TEST_24926,4
TEST_24927,3
TEST_24928,1
TEST_24929,3
TEST_24930,4
TEST_24931,4
TEST_24932,0
TEST_24933,4
TEST_24934,4
TEST_24935,3
TEST_24936,1
TEST_24937,1
TEST_24938,4
TEST_24939,1
TEST_24940,2
TEST_24941,3
TEST_24942,3
TEST_24943,0
TEST_24944,4
TEST_24945,4
TEST_24946,3
TEST_24947,0
TEST_24948,2
TEST_24949,3
TEST_24950,2
TEST_24951,0
TEST_24952,1
TEST_24953,4
TEST_24954,3
TEST_24955,3
TEST_24956,1
TEST_24957,0
TEST_24958,2
TEST_24959,4
TEST_24960,4
TEST_24961,4
TEST_24962,4
TEST_24963,2
TEST_24964,2
TEST_24965,4
TEST_24966,4
TEST_24967,2
TEST_24968,0
TEST_24969,3
TEST_24970,3
TEST_24971,0
TEST_24972,3
TEST_24973,1
TEST_24974,4
TEST_24975,3
TEST_24976,3
TEST_24977,2
TEST_24978,2
TEST_24979,0
TEST_24980,2
TEST_24981,4
TEST_24982,3
TEST_24983,3
TEST_24984,2
TEST_24985,1
TEST_24986,2
TEST_24987,4
TEST_24988,3
TEST_24989,2
TEST_24990,2
TEST_24991,3
TEST_24992,3
TEST_24993,3
TEST_24994,4
TEST_24995,3
TEST_24996,3
TEST_24997,1
TEST_24998,2
TEST_24999,4
TEST_25000,0
TEST_25001,2
TEST_25002,4
TEST_25003,1
TEST_25004,1
TEST_25005,1
TEST_25006,1
TEST_25007,4
TEST_25008,1
TEST_25009,0
TEST_25010,1
TEST_25011,1
TEST_25012,3
TEST_25013,0
TEST_25014,3
TEST_25015,4
TEST_25016,3
TEST_25017,4
TEST_25018,1
TEST_25019,4
TEST_25020,2
TEST_25021,3
TEST_25022,4
TEST_25023,3
TEST_25024,1
TEST_25025,2
TEST_25026,3
TEST_25027,4
TEST_25028,0
TEST_25029,3
TEST_25030,1
TEST_25031,3
TEST_25032,4
TEST_25033,1
TEST_25034,3
TEST_25035,1
TEST_25036,2
TEST_25037,3
TEST_25038,3
TEST_25039,2
TEST_25040,1
TEST_25041,3
TEST_25042,1
TEST_25043,1
TEST_25044,2
TEST_25045,1
TEST_25046,3
TEST_25047,3
TEST_25048,3
TEST_25049,4
TEST_25050,3
TEST_25051,3
TEST_25052,3
TEST_25053,0
TEST_25054,1
TEST_25055,4
TEST_25056,2
TEST_25057,0
TEST_25058,2
TEST_25059,3
TEST_25060,4
TEST_25061,0
TEST_25062,3
TEST_25063,4
TEST_25064,3
TEST_25065,3
TEST_25066,4
TEST_25067,4
TEST_25068,2
TEST_25069,2
TEST_25070,0
TEST_25071,3
TEST_25072,0
TEST_25073,3
TEST_25074,4
TEST_25075,4
TEST_25076,4
TEST_25077,1
TEST_25078,1
TEST_25079,1
TEST_25080,3
TEST_25081,0
TEST_25082,1
TEST_25083,3
TEST_25084,3
TEST_25085,1
TEST_25086,1
TEST_25087,4
TEST_25088,2
TEST_25089,4
TEST_25090,3
TEST_25091,3
TEST_25092,3
TEST_25093,3
TEST_25094,3
TEST_25095,4
TEST_25096,1
TEST_25097,1
TEST_25098,0
TEST_25099,4
TEST_25100,0
TEST_25101,4
TEST_25102,4
TEST_25103,4
TEST_25104,1
TEST_25105,4
TEST_25106,2
TEST_25107,3
TEST_25108,4
TEST_25109,4
TEST_25110,3
TEST_25111,4
TEST_25112,2
TEST_25113,4
TEST_25114,2
TEST_25115,1
TEST_25116,3
TEST_25117,1
TEST_25118,2
TEST_25119,3
TEST_25120,1
TEST_25121,1
TEST_25122,2
TEST_25123,2
TEST_25124,0
TEST_25125,3
TEST_25126,4
TEST_25127,4
TEST_25128,0
TEST_25129,4
TEST_25130,2
TEST_25131,3
TEST_25132,4
TEST_25133,4
TEST_25134,0
TEST_25135,1
TEST_25136,1
TEST_25137,3
TEST_25138,0
TEST_25139,3
TEST_25140,4
TEST_25141,0
TEST_25142,2
TEST_25143,3
TEST_25144,2
TEST_25145,4
TEST_25146,2
TEST_25147,1
TEST_25148,2
TEST_25149,4
TEST_25150,1
TEST_25151,2
TEST_25152,2
TEST_25153,3
TEST_25154,3
TEST_25155,4
TEST_25156,3
TEST_25157,2
TEST_25158,4
TEST_25159,2
TEST_25160,4
TEST_25161,3
TEST_25162,2
TEST_25163,3
TEST_25164,1
TEST_25165,3
TEST_25166,3
TEST_25167,4
TEST_25168,3
TEST_25169,3
TEST_25170,3
TEST_25171,0
TEST_25172,2
TEST_25173,3
TEST_25174,3
TEST_25175,3
TEST_25176,4
TEST_25177,2
TEST_25178,2
TEST_25179,1
TEST_25180,3
TEST_25181,1
TEST_25182,2
TEST_25183,0
TEST_25184,2
TEST_25185,3
TEST_25186,1
TEST_25187,4
TEST_25188,2
TEST_25189,0
TEST_25190,4
TEST_25191,2
TEST_25192,0
TEST_25193,3
TEST_25194,4
TEST_25195,3
TEST_25196,3
TEST_25197,0
TEST_25198,2
TEST_25199,1
TEST_25200,3
TEST_25201,4
TEST_25202,0
TEST_25203,4
TEST_25204,2
TEST_25205,4
TEST_25206,2
TEST_25207,4
TEST_25208,3
TEST_25209,0
TEST_25210,3
TEST_25211,1
TEST_25212,3
TEST_25213,2
TEST_25214,3
TEST_25215,0
TEST_25216,0
TEST_25217,2
TEST_25218,3
TEST_25219,3
TEST_25220,2
TEST_25221,2
TEST_25222,1
TEST_25223,3
TEST_25224,1
TEST_25225,2
TEST_25226,0
TEST_25227,4
TEST_25228,4
TEST_25229,4
TEST_25230,0
TEST_25231,3
TEST_25232,1
TEST_25233,3
TEST_25234,3
TEST_25235,4
TEST_25236,0
TEST_25237,3
TEST_25238,2
TEST_25239,2
TEST_25240,3
TEST_25241,3
TEST_25242,1
TEST_25243,4
TEST_25244,3
TEST_25245,2
TEST_25246,3
TEST_25247,4
TEST_25248,4
TEST_25249,2
TEST_25250,3
TEST_25251,4
TEST_25252,1
TEST_25253,4
TEST_25254,4
TEST_25255,1
TEST_25256,4
TEST_25257,0
TEST_25258,3
TEST_25259,4
TEST_25260,4
TEST_25261,1
TEST_25262,2
TEST_25263,1
TEST_25264,3
TEST_25265,2
TEST_25266,2
TEST_25267,3
TEST_25268,4
TEST_25269,3
TEST_25270,4
TEST_25271,3
TEST_25272,4
TEST_25273,1
TEST_25274,2
TEST_25275,2
TEST_25276,1
TEST_25277,3
TEST_25278,1
TEST_25279,3
TEST_25280,4
TEST_25281,3
TEST_25282,0
TEST_25283,1
TEST_25284,4
TEST_25285,3
TEST_25286,2
TEST_25287,3
TEST_25288,0
TEST_25289,0
TEST_25290,3
TEST_25291,4
TEST_25292,1
TEST_25293,1
TEST_25294,1
TEST_25295,4
TEST_25296,2
TEST_25297,2
TEST_25298,3
TEST_25299,2
TEST_25300,0
TEST_25301,0
TEST_25302,1
TEST_25303,2
TEST_25304,2
TEST_25305,3
TEST_25306,3
TEST_25307,1
TEST_25308,3
TEST_25309,3
TEST_25310,2
TEST_25311,3
TEST_25312,4
TEST_25313,4
TEST_25314,4
TEST_25315,1
TEST_25316,2
TEST_25317,3
TEST_25318,3
TEST_25319,2
TEST_25320,4
TEST_25321,1
TEST_25322,0
TEST_25323,3
TEST_25324,3
TEST_25325,0
TEST_25326,4
TEST_25327,2
TEST_25328,0
TEST_25329,1
TEST_25330,1
TEST_25331,2
TEST_25332,0
TEST_25333,1
TEST_25334,1
TEST_25335,0
TEST_25336,2
TEST_25337,3
TEST_25338,3
TEST_25339,4
TEST_25340,0
TEST_25341,3
TEST_25342,4
TEST_25343,4
TEST_25344,1
TEST_25345,4
TEST_25346,3
TEST_25347,0
TEST_25348,0
TEST_25349,4
TEST_25350,3
TEST_25351,4
TEST_25352,3
TEST_25353,2
TEST_25354,3
TEST_25355,0
TEST_25356,0
TEST_25357,3
TEST_25358,4
TEST_25359,2
TEST_25360,4
TEST_25361,3
TEST_25362,3
TEST_25363,4
TEST_25364,2
TEST_25365,4
TEST_25366,1
TEST_25367,4
TEST_25368,3
TEST_25369,2
TEST_25370,3
TEST_25371,2
TEST_25372,4
TEST_25373,0
TEST_25374,2
TEST_25375,1
TEST_25376,4
TEST_25377,4
TEST_25378,4
TEST_25379,4
TEST_25380,3
TEST_25381,2
TEST_25382,0
TEST_25383,0
TEST_25384,2
TEST_25385,3
TEST_25386,4
TEST_25387,2
TEST_25388,4
TEST_25389,0
TEST_25390,4
TEST_25391,2
TEST_25392,1
TEST_25393,0
TEST_25394,3
TEST_25395,2
TEST_25396,1
TEST_25397,3
TEST_25398,3
TEST_25399,3
TEST_25400,0
TEST_25401,2
TEST_25402,0
TEST_25403,3
TEST_25404,3
TEST_25405,4
TEST_25406,4
TEST_25407,3
TEST_25408,3
TEST_25409,1
TEST_25410,1
TEST_25411,2
TEST_25412,1
TEST_25413,3
TEST_25414,3
TEST_25415,0
TEST_25416,2
TEST_25417,2
TEST_25418,2
TEST_25419,4
TEST_25420,1
TEST_25421,3
TEST_25422,2
TEST_25423,2
TEST_25424,2
TEST_25425,2
TEST_25426,0
TEST_25427,3
TEST_25428,2
TEST_25429,2
TEST_25430,4
TEST_25431,2
TEST_25432,4
TEST_25433,0
TEST_25434,3
TEST_25435,1
TEST_25436,1
TEST_25437,1
TEST_25438,1
TEST_25439,1
TEST_25440,3
TEST_25441,2
TEST_25442,2
TEST_25443,1
TEST_25444,1
TEST_25445,4
TEST_25446,2
TEST_25447,3
TEST_25448,3
TEST_25449,2
TEST_25450,2
TEST_25451,1
TEST_25452,3
TEST_25453,1
TEST_25454,4
TEST_25455,4
TEST_25456,2
TEST_25457,3
TEST_25458,4
TEST_25459,3
TEST_25460,4
TEST_25461,3
TEST_25462,0
TEST_25463,3
TEST_25464,4
TEST_25465,4
TEST_25466,1
TEST_25467,3
TEST_25468,2
TEST_25469,2
TEST_25470,0
TEST_25471,1
TEST_25472,3
TEST_25473,2
TEST_25474,2
TEST_25475,2
TEST_25476,3
TEST_25477,3
TEST_25478,0
TEST_25479,3
TEST_25480,3
TEST_25481,0
TEST_25482,4
TEST_25483,4
TEST_25484,0
TEST_25485,2
TEST_25486,3
TEST_25487,4
TEST_25488,3
TEST_25489,3
TEST_25490,2
TEST_25491,1
TEST_25492,3
TEST_25493,2
TEST_25494,3
TEST_25495,4
TEST_25496,0
TEST_25497,2
TEST_25498,3
TEST_25499,3
TEST_25500,4
TEST_25501,3
TEST_25502,1
TEST_25503,3
TEST_25504,2
TEST_25505,3
TEST_25506,3
TEST_25507,4
TEST_25508,0
TEST_25509,0
TEST_25510,0
TEST_25511,2
TEST_25512,3
TEST_25513,3
TEST_25514,4
TEST_25515,2
TEST_25516,0
TEST_25517,2
TEST_25518,3
TEST_25519,1
TEST_25520,4
TEST_25521,2
TEST_25522,2
TEST_25523,3
TEST_25524,2
TEST_25525,1
TEST_25526,3
TEST_25527,1
TEST_25528,4
TEST_25529,1
TEST_25530,2
TEST_25531,3
TEST_25532,1
TEST_25533,2
TEST_25534,3
TEST_25535,3
TEST_25536,3
TEST_25537,3
TEST_25538,3
TEST_25539,0
TEST_25540,3
TEST_25541,4
TEST_25542,1
TEST_25543,4
TEST_25544,3
TEST_25545,4
TEST_25546,3
TEST_25547,2
TEST_25548,0
TEST_25549,1
TEST_25550,4
TEST_25551,0
TEST_25552,4
TEST_25553,4
TEST_25554,2
TEST_25555,0
TEST_25556,3
TEST_25557,1
TEST_25558,1
TEST_25559,3
TEST_25560,0
TEST_25561,2
TEST_25562,3
TEST_25563,3
TEST_25564,4
TEST_25565,4
TEST_25566,1
TEST_25567,3
TEST_25568,1
TEST_25569,2
TEST_25570,1
TEST_25571,2
TEST_25572,2
TEST_25573,1
TEST_25574,4
TEST_25575,4
TEST_25576,3
TEST_25577,1
TEST_25578,4
TEST_25579,4
TEST_25580,0
TEST_25581,1
TEST_25582,3
TEST_25583,4
TEST_25584,2
TEST_25585,1
TEST_25586,3
TEST_25587,3
TEST_25588,2
TEST_25589,2
TEST_25590,4
TEST_25591,4
TEST_25592,0
TEST_25593,1
TEST_25594,0
TEST_25595,0
TEST_25596,2
TEST_25597,4
TEST_25598,3
TEST_25599,1
TEST_25600,0
TEST_25601,3
TEST_25602,1
TEST_25603,4
TEST_25604,4
TEST_25605,3
TEST_25606,2
TEST_25607,4
TEST_25608,4
TEST_25609,0
TEST_25610,1
TEST_25611,4
TEST_25612,2
TEST_25613,3
TEST_25614,4
TEST_25615,2
TEST_25616,2
TEST_25617,4
TEST_25618,4
TEST_25619,3
TEST_25620,2
TEST_25621,2
TEST_25622,2
TEST_25623,1
TEST_25624,2
TEST_25625,1
TEST_25626,3
TEST_25627,4
TEST_25628,3
TEST_25629,4
TEST_25630,1
TEST_25631,0
TEST_25632,4
TEST_25633,2
TEST_25634,3
TEST_25635,3
TEST_25636,3
TEST_25637,1
TEST_25638,0
TEST_25639,3
TEST_25640,3
TEST_25641,3
TEST_25642,2
TEST_25643,2
TEST_25644,2
TEST_25645,1
TEST_25646,1
TEST_25647,2
TEST_25648,3
TEST_25649,1
TEST_25650,0
TEST_25651,3
TEST_25652,4
TEST_25653,3
TEST_25654,4
TEST_25655,4
TEST_25656,2
TEST_25657,4
TEST_25658,0
TEST_25659,4
TEST_25660,4
TEST_25661,4
TEST_25662,2
TEST_25663,3
TEST_25664,3
TEST_25665,1
TEST_25666,2
TEST_25667,4
TEST_25668,4
TEST_25669,3
TEST_25670,0
TEST_25671,1
TEST_25672,1
TEST_25673,2
TEST_25674,2
TEST_25675,1
TEST_25676,3
TEST_25677,1
TEST_25678,1
TEST_25679,3
TEST_25680,4
TEST_25681,1
TEST_25682,0
TEST_25683,3
TEST_25684,2
TEST_25685,0
TEST_25686,3
TEST_25687,1
TEST_25688,2
TEST_25689,3
TEST_25690,0
TEST_25691,4
TEST_25692,0
TEST_25693,0
TEST_25694,1
TEST_25695,1
TEST_25696,4
TEST_25697,3
TEST_25698,4
TEST_25699,3
TEST_25700,0
TEST_25701,2
TEST_25702,1
TEST_25703,4
TEST_25704,4
TEST_25705,1
TEST_25706,4
TEST_25707,4
TEST_25708,3
TEST_25709,2
TEST_25710,4
TEST_25711,4
TEST_25712,0
TEST_25713,1
TEST_25714,1
TEST_25715,3
TEST_25716,4
TEST_25717,4
TEST_25718,2
TEST_25719,4
TEST_25720,2
TEST_25721,0
TEST_25722,1
TEST_25723,1
TEST_25724,2
TEST_25725,1
TEST_25726,3
TEST_25727,3
TEST_25728,2
TEST_25729,3
TEST_25730,1
TEST_25731,3
TEST_25732,1
TEST_25733,1
TEST_25734,3
TEST_25735,3
TEST_25736,4
TEST_25737,3
TEST_25738,0
TEST_25739,3
TEST_25740,3
TEST_25741,4
TEST_25742,3
TEST_25743,3
TEST_25744,3
TEST_25745,2
TEST_25746,2
TEST_25747,3
TEST_25748,4
TEST_25749,2
TEST_25750,4
TEST_25751,0
TEST_25752,3
TEST_25753,2
TEST_25754,0
TEST_25755,3
TEST_25756,3
TEST_25757,3
TEST_25758,3
TEST_25759,3
TEST_25760,3
TEST_25761,3
TEST_25762,3
TEST_25763,0
TEST_25764,3
TEST_25765,4
TEST_25766,3
TEST_25767,2
TEST_25768,1
TEST_25769,4
TEST_25770,2
TEST_25771,3
TEST_25772,2
TEST_25773,3
TEST_25774,1
TEST_25775,1
TEST_25776,1
TEST_25777,4
TEST_25778,3
TEST_25779,3
TEST_25780,4
TEST_25781,1
TEST_25782,0
TEST_25783,3
TEST_25784,1
TEST_25785,3
TEST_25786,3
TEST_25787,4
TEST_25788,4
TEST_25789,0
TEST_25790,4
TEST_25791,3
TEST_25792,3
TEST_25793,2
TEST_25794,0
TEST_25795,3
TEST_25796,4
TEST_25797,1
TEST_25798,0
TEST_25799,0
TEST_25800,1
TEST_25801,4
TEST_25802,4
TEST_25803,3
TEST_25804,2
TEST_25805,1
TEST_25806,2
TEST_25807,1
TEST_25808,4
TEST_25809,1
TEST_25810,2
TEST_25811,2
TEST_25812,0
TEST_25813,4
TEST_25814,1
TEST_25815,2
TEST_25816,3
TEST_25817,2
TEST_25818,1
TEST_25819,4
TEST_25820,4
TEST_25821,3
TEST_25822,2
TEST_25823,2
TEST_25824,3
TEST_25825,4
TEST_25826,0
TEST_25827,3
TEST_25828,3
TEST_25829,2
TEST_25830,1
TEST_25831,3
TEST_25832,2
TEST_25833,3
TEST_25834,0
TEST_25835,4
TEST_25836,0
TEST_25837,3
TEST_25838,2
TEST_25839,3
TEST_25840,1
TEST_25841,3
TEST_25842,4
TEST_25843,1
TEST_25844,3
TEST_25845,4
TEST_25846,4
TEST_25847,1
TEST_25848,2
TEST_25849,4
TEST_25850,4
TEST_25851,4
TEST_25852,0
TEST_25853,2
TEST_25854,0
TEST_25855,3
TEST_25856,1
TEST_25857,1
TEST_25858,0
TEST_25859,2
TEST_25860,4
TEST_25861,4
TEST_25862,3
TEST_25863,1
TEST_25864,3
TEST_25865,1
TEST_25866,3
TEST_25867,3
TEST_25868,3
TEST_25869,4
TEST_25870,0
TEST_25871,3
TEST_25872,3
TEST_25873,4
TEST_25874,3
TEST_25875,4
TEST_25876,3
TEST_25877,1
TEST_25878,0
TEST_25879,2
TEST_25880,1
TEST_25881,4
TEST_25882,3
TEST_25883,4
TEST_25884,2
TEST_25885,3
TEST_25886,4
TEST_25887,3
TEST_25888,3
TEST_25889,3
TEST_25890,2
TEST_25891,4
TEST_25892,0
TEST_25893,1
TEST_25894,2
TEST_25895,3
TEST_25896,4
TEST_25897,1
TEST_25898,3
TEST_25899,2
TEST_25900,4
TEST_25901,3
TEST_25902,0
TEST_25903,3
TEST_25904,2
TEST_25905,3
TEST_25906,0
TEST_25907,2
TEST_25908,0
TEST_25909,4
TEST_25910,3
TEST_25911,3
TEST_25912,3
TEST_25913,1
TEST_25914,3
TEST_25915,0
TEST_25916,1
TEST_25917,2
TEST_25918,2
TEST_25919,4
TEST_25920,2
TEST_25921,4
TEST_25922,2
TEST_25923,3
TEST_25924,2
TEST_25925,4
TEST_25926,4
TEST_25927,1
TEST_25928,3
TEST_25929,4
TEST_25930,0
TEST_25931,3
TEST_25932,1
TEST_25933,4
TEST_25934,4
TEST_25935,4
TEST_25936,3
TEST_25937,3
TEST_25938,2
TEST_25939,3
TEST_25940,3
TEST_25941,3
TEST_25942,3
TEST_25943,1
TEST_25944,2
TEST_25945,1
TEST_25946,4
TEST_25947,3
TEST_25948,1
TEST_25949,2
TEST_25950,1
TEST_25951,3
TEST_25952,0
TEST_25953,3
TEST_25954,4
TEST_25955,4
TEST_25956,2
TEST_25957,1
TEST_25958,4
TEST_25959,4
TEST_25960,0
TEST_25961,1
TEST_25962,1
TEST_25963,0
TEST_25964,3
TEST_25965,4
TEST_25966,2
TEST_25967,3
TEST_25968,4
TEST_25969,3
TEST_25970,4
TEST_25971,1
TEST_25972,4
TEST_25973,1
TEST_25974,2
TEST_25975,1
TEST_25976,3
TEST_25977,3
TEST_25978,0
TEST_25979,3
TEST_25980,4
TEST_25981,2
TEST_25982,1
TEST_25983,1
TEST_25984,0
TEST_25985,1
TEST_25986,0
TEST_25987,4
TEST_25988,3
TEST_25989,3
TEST_25990,2
TEST_25991,3
TEST_25992,4
TEST_25993,4
TEST_25994,3
TEST_25995,2
TEST_25996,4
TEST_25997,1
TEST_25998,2
TEST_25999,4
TEST_26000,0
TEST_26001,3
TEST_26002,3
TEST_26003,2
TEST_26004,2
TEST_26005,4
TEST_26006,4
TEST_26007,3
TEST_26008,1
TEST_26009,0
TEST_26010,1
TEST_26011,2
TEST_26012,2
TEST_26013,0
TEST_26014,3
TEST_26015,3
TEST_26016,0
TEST_26017,3
TEST_26018,3
TEST_26019,1
TEST_26020,2
TEST_26021,2
TEST_26022,4
TEST_26023,3
TEST_26024,2
TEST_26025,1
TEST_26026,4
TEST_26027,1
TEST_26028,2
TEST_26029,3
TEST_26030,0
TEST_26031,4
TEST_26032,3
TEST_26033,1
TEST_26034,3
TEST_26035,0
TEST_26036,4
TEST_26037,2
TEST_26038,2
TEST_26039,1
TEST_26040,2
TEST_26041,4
TEST_26042,2
TEST_26043,4
TEST_26044,2
TEST_26045,1
TEST_26046,3
TEST_26047,3
TEST_26048,0
TEST_26049,2
TEST_26050,3
TEST_26051,3
TEST_26052,4
TEST_26053,1
TEST_26054,0
TEST_26055,4
TEST_26056,1
TEST_26057,3
TEST_26058,2
TEST_26059,3
TEST_26060,4
TEST_26061,2
TEST_26062,3
TEST_26063,0
TEST_26064,3
TEST_26065,3
TEST_26066,0
TEST_26067,4
TEST_26068,1
TEST_26069,4
TEST_26070,3
TEST_26071,4
TEST_26072,1
TEST_26073,0
TEST_26074,3
TEST_26075,0
TEST_26076,4
TEST_26077,3
TEST_26078,2
TEST_26079,0
TEST_26080,3
TEST_26081,1
TEST_26082,1
TEST_26083,1
TEST_26084,0
TEST_26085,3
TEST_26086,3
TEST_26087,1
TEST_26088,1
TEST_26089,2
TEST_26090,1
TEST_26091,3
TEST_26092,4
TEST_26093,1
TEST_26094,0
TEST_26095,1
TEST_26096,1
TEST_26097,3
TEST_26098,0
TEST_26099,3
TEST_26100,3
TEST_26101,3
TEST_26102,3
TEST_26103,4
TEST_26104,4
TEST_26105,3
TEST_26106,0
TEST_26107,2
TEST_26108,0
TEST_26109,4
TEST_26110,0
TEST_26111,4
TEST_26112,0
TEST_26113,1
TEST_26114,2
TEST_26115,2
TEST_26116,3
TEST_26117,1
TEST_26118,1
TEST_26119,3
TEST_26120,2
TEST_26121,2
TEST_26122,1
TEST_26123,3
TEST_26124,1
TEST_26125,3
TEST_26126,0
TEST_26127,1
TEST_26128,4
TEST_26129,2
TEST_26130,2
TEST_26131,0
TEST_26132,1
TEST_26133,3
TEST_26134,1
TEST_26135,1
TEST_26136,3
TEST_26137,3
TEST_26138,1
TEST_26139,3
TEST_26140,2
TEST_26141,2
TEST_26142,2
TEST_26143,4
TEST_26144,1
TEST_26145,1
TEST_26146,1
TEST_26147,3
TEST_26148,4
TEST_26149,0
TEST_26150,4
TEST_26151,0
TEST_26152,4
TEST_26153,4
TEST_26154,4
TEST_26155,4
TEST_26156,3
TEST_26157,2
TEST_26158,4
TEST_26159,2
TEST_26160,1
TEST_26161,3
TEST_26162,2
TEST_26163,3
TEST_26164,3
TEST_26165,4
TEST_26166,3
TEST_26167,4
TEST_26168,3
TEST_26169,2
TEST_26170,3
TEST_26171,4
TEST_26172,3
TEST_26173,1
TEST_26174,3
TEST_26175,0
TEST_26176,3
TEST_26177,3
TEST_26178,4
TEST_26179,4
TEST_26180,3
TEST_26181,4
TEST_26182,4
TEST_26183,2
TEST_26184,0
TEST_26185,3
TEST_26186,3
TEST_26187,3
TEST_26188,3
TEST_26189,4
TEST_26190,3
TEST_26191,2
TEST_26192,4
TEST_26193,4
TEST_26194,2
TEST_26195,0
TEST_26196,3
TEST_26197,4
TEST_26198,4
TEST_26199,2
TEST_26200,3
TEST_26201,2
TEST_26202,3
TEST_26203,4
TEST_26204,4
TEST_26205,3
TEST_26206,4
TEST_26207,4
TEST_26208,2
TEST_26209,2
TEST_26210,3
TEST_26211,2
TEST_26212,1
TEST_26213,4
TEST_26214,2
TEST_26215,0
TEST_26216,3
TEST_26217,2
TEST_26218,3
TEST_26219,2
TEST_26220,3
TEST_26221,4
TEST_26222,3
TEST_26223,3
TEST_26224,2
TEST_26225,0
TEST_26226,0
TEST_26227,2
TEST_26228,1
TEST_26229,4
TEST_26230,4
TEST_26231,0
TEST_26232,4
TEST_26233,3
TEST_26234,1
TEST_26235,0
TEST_26236,0
TEST_26237,0
TEST_26238,2
TEST_26239,0
TEST_26240,3
TEST_26241,4
TEST_26242,1
TEST_26243,1
TEST_26244,4
TEST_26245,2
TEST_26246,0
TEST_26247,2
TEST_26248,0
TEST_26249,4
TEST_26250,1
TEST_26251,0
TEST_26252,1
TEST_26253,4
TEST_26254,3
TEST_26255,1
TEST_26256,0
TEST_26257,1
TEST_26258,0
TEST_26259,4
TEST_26260,4
TEST_26261,4
TEST_26262,2
TEST_26263,4
TEST_26264,1
TEST_26265,3
TEST_26266,4
TEST_26267,3
TEST_26268,2
TEST_26269,3
TEST_26270,3
TEST_26271,1
TEST_26272,2
TEST_26273,0
TEST_26274,1
TEST_26275,3
TEST_26276,0
TEST_26277,4
TEST_26278,3
TEST_26279,1
TEST_26280,0
TEST_26281,2
TEST_26282,0
TEST_26283,4
TEST_26284,2
TEST_26285,4
TEST_26286,1
TEST_26287,1
TEST_26288,4
TEST_26289,2
TEST_26290,4
TEST_26291,4
TEST_26292,2
TEST_26293,2
TEST_26294,2
TEST_26295,4
TEST_26296,3
TEST_26297,2
TEST_26298,3
TEST_26299,3
TEST_26300,3
TEST_26301,3
TEST_26302,4
TEST_26303,0
TEST_26304,4
TEST_26305,2
TEST_26306,1
TEST_26307,3
TEST_26308,4
TEST_26309,4
TEST_26310,4
TEST_26311,3
TEST_26312,0
TEST_26313,1
TEST_26314,3
TEST_26315,0
TEST_26316,3
TEST_26317,4
TEST_26318,1
TEST_26319,2
TEST_26320,3
TEST_26321,1
TEST_26322,4
TEST_26323,3
TEST_26324,2
TEST_26325,2
TEST_26326,3
TEST_26327,1
TEST_26328,1
TEST_26329,4
TEST_26330,3
TEST_26331,1
TEST_26332,2
TEST_26333,3
TEST_26334,3
TEST_26335,4
TEST_26336,3
TEST_26337,2
TEST_26338,1
TEST_26339,4
TEST_26340,4
TEST_26341,4
TEST_26342,2
TEST_26343,3
TEST_26344,0
TEST_26345,3
TEST_26346,4
TEST_26347,4
TEST_26348,4
TEST_26349,2
TEST_26350,3
TEST_26351,4
TEST_26352,0
TEST_26353,3
TEST_26354,1
TEST_26355,0
TEST_26356,4
TEST_26357,1
TEST_26358,2
TEST_26359,4
TEST_26360,0
TEST_26361,3
TEST_26362,3
TEST_26363,2
TEST_26364,3
TEST_26365,3
TEST_26366,3
TEST_26367,3
TEST_26368,2
TEST_26369,1
TEST_26370,3
TEST_26371,2
TEST_26372,3
TEST_26373,3
TEST_26374,0
TEST_26375,3
TEST_26376,2
TEST_26377,0
TEST_26378,1
TEST_26379,1
TEST_26380,1
TEST_26381,2
TEST_26382,0
TEST_26383,2
TEST_26384,0
TEST_26385,3
TEST_26386,2
TEST_26387,4
TEST_26388,3
TEST_26389,1
TEST_26390,4
TEST_26391,3
TEST_26392,3
TEST_26393,4
TEST_26394,1
TEST_26395,0
TEST_26396,3
TEST_26397,0
TEST_26398,2
TEST_26399,4
TEST_26400,4
TEST_26401,4
TEST_26402,1
TEST_26403,1
TEST_26404,3
TEST_26405,2
TEST_26406,1
TEST_26407,4
TEST_26408,1
TEST_26409,1
TEST_26410,2
TEST_26411,4
TEST_26412,3
TEST_26413,2
TEST_26414,3
TEST_26415,0
TEST_26416,4
TEST_26417,3
TEST_26418,3
TEST_26419,3
TEST_26420,2
TEST_26421,3
TEST_26422,3
TEST_26423,4
TEST_26424,3
TEST_26425,4
TEST_26426,2
TEST_26427,2
TEST_26428,1
TEST_26429,4
TEST_26430,1
TEST_26431,4
TEST_26432,4
TEST_26433,0
TEST_26434,1
TEST_26435,4
TEST_26436,1
TEST_26437,4
TEST_26438,3
TEST_26439,4
TEST_26440,4
TEST_26441,3
TEST_26442,1
TEST_26443,4
TEST_26444,2
TEST_26445,2
TEST_26446,2
TEST_26447,3
TEST_26448,1
TEST_26449,1
TEST_26450,2
TEST_26451,4
TEST_26452,0
TEST_26453,4
TEST_26454,3
TEST_26455,3
TEST_26456,2
TEST_26457,3
TEST_26458,4
TEST_26459,3
TEST_26460,3
TEST_26461,0
TEST_26462,3
TEST_26463,2
TEST_26464,0
TEST_26465,2
TEST_26466,3
TEST_26467,3
TEST_26468,3
TEST_26469,4
TEST_26470,1
TEST_26471,2
TEST_26472,3
TEST_26473,3
TEST_26474,3
TEST_26475,2
TEST_26476,4
TEST_26477,3
TEST_26478,1
TEST_26479,3
TEST_26480,4
TEST_26481,2
TEST_26482,0
TEST_26483,4
TEST_26484,3
TEST_26485,2
TEST_26486,1
TEST_26487,4
TEST_26488,3
TEST_26489,1
TEST_26490,4
TEST_26491,4
TEST_26492,4
TEST_26493,3
TEST_26494,2
TEST_26495,2
TEST_26496,2
TEST_26497,3
TEST_26498,4
TEST_26499,4
TEST_26500,3
TEST_26501,2
TEST_26502,1
TEST_26503,3
TEST_26504,2
TEST_26505,1
TEST_26506,3
TEST_26507,4
TEST_26508,3
TEST_26509,3
TEST_26510,3
TEST_26511,3
TEST_26512,1
TEST_26513,4
TEST_26514,3
TEST_26515,3
TEST_26516,2
TEST_26517,0
TEST_26518,1
TEST_26519,2
TEST_26520,4
TEST_26521,1
TEST_26522,4
TEST_26523,4
TEST_26524,3
TEST_26525,1
TEST_26526,1
TEST_26527,2
TEST_26528,4
TEST_26529,1
TEST_26530,1
TEST_26531,3
TEST_26532,2
TEST_26533,1
TEST_26534,3
TEST_26535,2
TEST_26536,2
TEST_26537,4
TEST_26538,2
TEST_26539,0
TEST_26540,4
TEST_26541,4
TEST_26542,1
TEST_26543,2
TEST_26544,1
TEST_26545,3
TEST_26546,3
TEST_26547,0
TEST_26548,0
TEST_26549,4
TEST_26550,2
TEST_26551,4
TEST_26552,3
TEST_26553,4
TEST_26554,0
TEST_26555,2
TEST_26556,0
TEST_26557,3
TEST_26558,3
TEST_26559,0
TEST_26560,0
TEST_26561,0
TEST_26562,4
TEST_26563,2
TEST_26564,2
TEST_26565,3
TEST_26566,1
TEST_26567,4
TEST_26568,4
TEST_26569,3
TEST_26570,0
TEST_26571,4
TEST_26572,2
TEST_26573,3
TEST_26574,4
TEST_26575,3
TEST_26576,3
TEST_26577,4
TEST_26578,4
TEST_26579,0
TEST_26580,4
TEST_26581,3
TEST_26582,1
TEST_26583,4
TEST_26584,4
TEST_26585,2
TEST_26586,0
TEST_26587,3
TEST_26588,1
TEST_26589,3
TEST_26590,4
TEST_26591,1
TEST_26592,1
TEST_26593,4
TEST_26594,1
TEST_26595,1
TEST_26596,2
TEST_26597,2
TEST_26598,4
TEST_26599,4
TEST_26600,3
TEST_26601,4
TEST_26602,1
TEST_26603,3
TEST_26604,1
TEST_26605,3
TEST_26606,2
TEST_26607,2
TEST_26608,1
TEST_26609,0
TEST_26610,0
TEST_26611,4
TEST_26612,4
TEST_26613,4
TEST_26614,3
TEST_26615,3
TEST_26616,4
TEST_26617,3
TEST_26618,2
TEST_26619,1
TEST_26620,2
TEST_26621,0
TEST_26622,0
TEST_26623,0
TEST_26624,3
TEST_26625,1
TEST_26626,4
TEST_26627,2
TEST_26628,4
TEST_26629,4
TEST_26630,1
TEST_26631,3
TEST_26632,3
TEST_26633,2
TEST_26634,3
TEST_26635,3
TEST_26636,1
TEST_26637,2
TEST_26638,3
TEST_26639,3
TEST_26640,0
TEST_26641,4
TEST_26642,2
TEST_26643,0
TEST_26644,4
TEST_26645,3
TEST_26646,1
TEST_26647,3
TEST_26648,2
TEST_26649,1
TEST_26650,1
TEST_26651,1
TEST_26652,1
TEST_26653,1
TEST_26654,0
TEST_26655,3
TEST_26656,3
TEST_26657,2
TEST_26658,4
TEST_26659,2
TEST_26660,0
TEST_26661,4
TEST_26662,0
TEST_26663,1
TEST_26664,2
TEST_26665,3
TEST_26666,2
TEST_26667,3
TEST_26668,2
TEST_26669,2
TEST_26670,2
TEST_26671,0
TEST_26672,4
TEST_26673,3
TEST_26674,2
TEST_26675,3
TEST_26676,1
TEST_26677,2
TEST_26678,3
TEST_26679,4
TEST_26680,3
TEST_26681,0
TEST_26682,2
TEST_26683,1
TEST_26684,1
TEST_26685,1
TEST_26686,1
TEST_26687,0
TEST_26688,1
TEST_26689,4
TEST_26690,0
TEST_26691,3
TEST_26692,4
TEST_26693,3
TEST_26694,3
TEST_26695,4
TEST_26696,3
TEST_26697,2
TEST_26698,4
TEST_26699,3
TEST_26700,3
TEST_26701,3
TEST_26702,3
TEST_26703,2
TEST_26704,1
TEST_26705,4
TEST_26706,1
TEST_26707,1
TEST_26708,3
TEST_26709,4
TEST_26710,4
TEST_26711,1
TEST_26712,3
TEST_26713,3
TEST_26714,3
TEST_26715,0
TEST_26716,0
TEST_26717,0
TEST_26718,0
TEST_26719,2
TEST_26720,2
TEST_26721,0
TEST_26722,0
TEST_26723,4
TEST_26724,0
TEST_26725,2
TEST_26726,2
TEST_26727,2
TEST_26728,3
TEST_26729,4
TEST_26730,3
TEST_26731,3
TEST_26732,2
TEST_26733,1
TEST_26734,3
TEST_26735,3
TEST_26736,3
TEST_26737,1
TEST_26738,1
TEST_26739,0
TEST_26740,2
TEST_26741,4
TEST_26742,1
TEST_26743,3
TEST_26744,1
TEST_26745,0
TEST_26746,1
TEST_26747,3
TEST_26748,1
TEST_26749,0
TEST_26750,4
TEST_26751,3
TEST_26752,2
TEST_26753,0
TEST_26754,0
TEST_26755,2
TEST_26756,3
TEST_26757,4
TEST_26758,4
TEST_26759,2
TEST_26760,2
TEST_26761,3
TEST_26762,4
TEST_26763,2
TEST_26764,1
TEST_26765,3
TEST_26766,4
TEST_26767,3
TEST_26768,4
TEST_26769,1
TEST_26770,3
TEST_26771,1
TEST_26772,2
TEST_26773,3
TEST_26774,1
TEST_26775,1
TEST_26776,3
TEST_26777,3
TEST_26778,2
TEST_26779,2
TEST_26780,4
TEST_26781,4
TEST_26782,0
TEST_26783,4
TEST_26784,3
TEST_26785,3
TEST_26786,1
TEST_26787,3
TEST_26788,0
TEST_26789,0
TEST_26790,4
TEST_26791,3
TEST_26792,0
TEST_26793,3
TEST_26794,3
TEST_26795,3
TEST_26796,3
TEST_26797,3
TEST_26798,4
TEST_26799,2
TEST_26800,4
TEST_26801,1
TEST_26802,2
TEST_26803,3
TEST_26804,4
TEST_26805,3
TEST_26806,3
TEST_26807,0
TEST_26808,2
TEST_26809,4
TEST_26810,4
TEST_26811,2
TEST_26812,3
TEST_26813,3
TEST_26814,4
TEST_26815,0
TEST_26816,3
TEST_26817,3
TEST_26818,4
TEST_26819,4
TEST_26820,4
TEST_26821,4
TEST_26822,3
TEST_26823,3
TEST_26824,0
TEST_26825,3
TEST_26826,4
TEST_26827,3
TEST_26828,1
TEST_26829,2
TEST_26830,4
TEST_26831,3
TEST_26832,3
TEST_26833,4
TEST_26834,2
TEST_26835,2
TEST_26836,0
TEST_26837,0
TEST_26838,2
TEST_26839,1
TEST_26840,3
TEST_26841,3
TEST_26842,0
TEST_26843,0
TEST_26844,3
TEST_26845,4
TEST_26846,0
TEST_26847,3
TEST_26848,3
TEST_26849,4
TEST_26850,4
TEST_26851,4
TEST_26852,2
TEST_26853,4
TEST_26854,2
TEST_26855,1
TEST_26856,3
TEST_26857,0
TEST_26858,3
TEST_26859,4
TEST_26860,4
TEST_26861,4
TEST_26862,3
TEST_26863,2
TEST_26864,3
TEST_26865,3
TEST_26866,4
TEST_26867,3
TEST_26868,1
TEST_26869,3
TEST_26870,4
TEST_26871,0
TEST_26872,2
TEST_26873,1
TEST_26874,4
TEST_26875,4
TEST_26876,4
TEST_26877,3
TEST_26878,1
TEST_26879,2
TEST_26880,3
TEST_26881,2
TEST_26882,0
TEST_26883,4
TEST_26884,2
TEST_26885,4
TEST_26886,4
TEST_26887,3
TEST_26888,1
TEST_26889,4
TEST_26890,0
TEST_26891,1
TEST_26892,4
TEST_26893,3
TEST_26894,3
TEST_26895,4
TEST_26896,3
TEST_26897,1
TEST_26898,4
TEST_26899,4
TEST_26900,3
TEST_26901,4
TEST_26902,3
TEST_26903,1
TEST_26904,3
TEST_26905,1
TEST_26906,3
TEST_26907,4
TEST_26908,2
TEST_26909,0
TEST_26910,1
TEST_26911,3
TEST_26912,4
TEST_26913,4
TEST_26914,2
TEST_26915,4
TEST_26916,0
TEST_26917,2
TEST_26918,2
TEST_26919,3
TEST_26920,4
TEST_26921,3
TEST_26922,3
TEST_26923,3
TEST_26924,4
TEST_26925,4
TEST_26926,3
TEST_26927,2
TEST_26928,4
TEST_26929,4
TEST_26930,3
TEST_26931,4
TEST_26932,4
TEST_26933,3
TEST_26934,2
TEST_26935,4
TEST_26936,4
TEST_26937,2
TEST_26938,3
TEST_26939,0
TEST_26940,1
TEST_26941,3
TEST_26942,4
TEST_26943,1
TEST_26944,0
TEST_26945,3
TEST_26946,2
TEST_26947,3
TEST_26948,0
TEST_26949,3
TEST_26950,4
TEST_26951,1
TEST_26952,4
TEST_26953,1
TEST_26954,3
TEST_26955,3
TEST_26956,1
TEST_26957,0
TEST_26958,0
TEST_26959,3
TEST_26960,2
TEST_26961,3
TEST_26962,0
TEST_26963,3
TEST_26964,1
TEST_26965,3
TEST_26966,2
TEST_26967,2
TEST_26968,1
TEST_26969,3
TEST_26970,2
TEST_26971,3
TEST_26972,3
TEST_26973,2
TEST_26974,3
TEST_26975,4
TEST_26976,2
TEST_26977,3
TEST_26978,1
TEST_26979,3
TEST_26980,2
TEST_26981,4
TEST_26982,1
TEST_26983,3
TEST_26984,3
TEST_26985,3
TEST_26986,1
TEST_26987,4
TEST_26988,3
TEST_26989,0
TEST_26990,4
TEST_26991,3
TEST_26992,3
TEST_26993,2
TEST_26994,3
TEST_26995,1
TEST_26996,0
TEST_26997,1
TEST_26998,2
TEST_26999,1
TEST_27000,2
TEST_27001,3
TEST_27002,1
TEST_27003,1
TEST_27004,4
TEST_27005,2
TEST_27006,3
TEST_27007,1
TEST_27008,4
TEST_27009,4
TEST_27010,0
TEST_27011,4
TEST_27012,1
TEST_27013,0
TEST_27014,3
TEST_27015,1
TEST_27016,3
TEST_27017,0
TEST_27018,2
TEST_27019,1
TEST_27020,4
TEST_27021,0
TEST_27022,2
TEST_27023,2
TEST_27024,3
TEST_27025,2
TEST_27026,1
TEST_27027,1
TEST_27028,2
TEST_27029,3
TEST_27030,0
TEST_27031,3
TEST_27032,0
TEST_27033,3
TEST_27034,3
TEST_27035,1
TEST_27036,3
TEST_27037,2
TEST_27038,4
TEST_27039,1
TEST_27040,3
TEST_27041,2
TEST_27042,1
TEST_27043,0
TEST_27044,3
TEST_27045,0
TEST_27046,3
TEST_27047,1
TEST_27048,4
TEST_27049,2
TEST_27050,3
TEST_27051,4
TEST_27052,1
TEST_27053,0
TEST_27054,3
TEST_27055,2
TEST_27056,3
TEST_27057,1
TEST_27058,3
TEST_27059,0
TEST_27060,4
TEST_27061,0
TEST_27062,3
TEST_27063,2
TEST_27064,0
TEST_27065,3
TEST_27066,4
TEST_27067,3
TEST_27068,0
TEST_27069,1
TEST_27070,4
TEST_27071,2
TEST_27072,3
TEST_27073,3
TEST_27074,3
TEST_27075,2
TEST_27076,1
TEST_27077,2
TEST_27078,0
TEST_27079,3
TEST_27080,3
TEST_27081,3
TEST_27082,0
TEST_27083,3
TEST_27084,1
TEST_27085,0
TEST_27086,3
TEST_27087,3
TEST_27088,1
TEST_27089,4
TEST_27090,2
TEST_27091,2
TEST_27092,1
TEST_27093,4
TEST_27094,4
TEST_27095,0
TEST_27096,4
TEST_27097,4
TEST_27098,4
TEST_27099,3
TEST_27100,2
TEST_27101,1
TEST_27102,2
TEST_27103,4
TEST_27104,2
TEST_27105,2
TEST_27106,2
TEST_27107,2
TEST_27108,4
TEST_27109,3
TEST_27110,2
TEST_27111,4
TEST_27112,3
TEST_27113,2
TEST_27114,4
TEST_27115,4
TEST_27116,3
TEST_27117,2
TEST_27118,2
TEST_27119,3
TEST_27120,4
TEST_27121,2
TEST_27122,2
TEST_27123,2
TEST_27124,2
TEST_27125,4
TEST_27126,0
TEST_27127,4
TEST_27128,3
TEST_27129,1
TEST_27130,3
TEST_27131,4
TEST_27132,2
TEST_27133,0
TEST_27134,3
TEST_27135,1
TEST_27136,0
TEST_27137,0
TEST_27138,3
TEST_27139,3
TEST_27140,1
TEST_27141,3
TEST_27142,1
TEST_27143,1
TEST_27144,2
TEST_27145,1
TEST_27146,2
TEST_27147,1
TEST_27148,4
TEST_27149,1
TEST_27150,2
TEST_27151,2
TEST_27152,4
TEST_27153,3
TEST_27154,3
TEST_27155,3
TEST_27156,1
TEST_27157,0
TEST_27158,3
TEST_27159,3
TEST_27160,3
TEST_27161,3
TEST_27162,3
TEST_27163,1
TEST_27164,3
TEST_27165,1
TEST_27166,2
TEST_27167,0
TEST_27168,3
TEST_27169,1
TEST_27170,4
TEST_27171,1
TEST_27172,2
TEST_27173,4
TEST_27174,2
TEST_27175,0
TEST_27176,4
TEST_27177,4
TEST_27178,4
TEST_27179,2
TEST_27180,3
TEST_27181,3
TEST_27182,3
TEST_27183,3
TEST_27184,0
TEST_27185,2
TEST_27186,4
TEST_27187,3
TEST_27188,3
TEST_27189,1
TEST_27190,3
TEST_27191,2
TEST_27192,0
TEST_27193,0
TEST_27194,4
TEST_27195,3
TEST_27196,1
TEST_27197,2
TEST_27198,2
TEST_27199,4
TEST_27200,1
TEST_27201,2
TEST_27202,4
TEST_27203,3
TEST_27204,4
TEST_27205,0
TEST_27206,2
TEST_27207,2
TEST_27208,0
TEST_27209,4
TEST_27210,0
TEST_27211,0
TEST_27212,3
TEST_27213,2
TEST_27214,1
TEST_27215,1
TEST_27216,2
TEST_27217,2
TEST_27218,1
TEST_27219,1
TEST_27220,2
TEST_27221,1
TEST_27222,2
TEST_27223,2
TEST_27224,4
TEST_27225,2
TEST_27226,4
TEST_27227,3
TEST_27228,3
TEST_27229,2
TEST_27230,0
TEST_27231,3
TEST_27232,0
TEST_27233,4
TEST_27234,1
TEST_27235,2
TEST_27236,1
TEST_27237,2
TEST_27238,3
TEST_27239,3
TEST_27240,0
TEST_27241,4
TEST_27242,3
TEST_27243,3
TEST_27244,1
TEST_27245,3
TEST_27246,3
TEST_27247,1
TEST_27248,2
TEST_27249,2
TEST_27250,3
TEST_27251,3
TEST_27252,1
TEST_27253,4
TEST_27254,4
TEST_27255,1
TEST_27256,2
TEST_27257,1
TEST_27258,3
TEST_27259,4
TEST_27260,4
TEST_27261,2
TEST_27262,1
TEST_27263,0
TEST_27264,2
TEST_27265,4
TEST_27266,2
TEST_27267,0
TEST_27268,2
TEST_27269,0
TEST_27270,4
TEST_27271,2
TEST_27272,2
TEST_27273,2
TEST_27274,4
TEST_27275,0
TEST_27276,3
TEST_27277,2
TEST_27278,3
TEST_27279,3
TEST_27280,3
TEST_27281,4
TEST_27282,3
TEST_27283,2
TEST_27284,4
TEST_27285,2
TEST_27286,4
TEST_27287,2
TEST_27288,3
TEST_27289,4
TEST_27290,4
TEST_27291,3
TEST_27292,2
TEST_27293,3
TEST_27294,1
TEST_27295,3
TEST_27296,2
TEST_27297,2
TEST_27298,1
TEST_27299,1
TEST_27300,3
TEST_27301,3
TEST_27302,2
TEST_27303,4
TEST_27304,3
TEST_27305,3
TEST_27306,1
TEST_27307,4
TEST_27308,3
TEST_27309,3
TEST_27310,0
TEST_27311,3
TEST_27312,4
TEST_27313,2
TEST_27314,4
TEST_27315,3
TEST_27316,4
TEST_27317,4
TEST_27318,3
TEST_27319,0
TEST_27320,2
TEST_27321,2
TEST_27322,3
TEST_27323,4
TEST_27324,2
TEST_27325,4
TEST_27326,3
TEST_27327,4
TEST_27328,1
TEST_27329,2
TEST_27330,4
TEST_27331,4
TEST_27332,4
TEST_27333,4
TEST_27334,0
TEST_27335,1
TEST_27336,0
TEST_27337,3
TEST_27338,2
TEST_27339,1
TEST_27340,3
TEST_27341,1
TEST_27342,1
TEST_27343,4
TEST_27344,1
TEST_27345,4
TEST_27346,3
TEST_27347,2
TEST_27348,3
TEST_27349,1
TEST_27350,2
TEST_27351,0
TEST_27352,4
TEST_27353,3
TEST_27354,4
TEST_27355,4
TEST_27356,2
TEST_27357,1
TEST_27358,4
TEST_27359,4
TEST_27360,3
TEST_27361,3
TEST_27362,3
TEST_27363,0
TEST_27364,4
TEST_27365,2
TEST_27366,2
TEST_27367,1
TEST_27368,4
TEST_27369,3
TEST_27370,1
TEST_27371,4
TEST_27372,3
TEST_27373,4
TEST_27374,1
TEST_27375,1
TEST_27376,1
TEST_27377,2
TEST_27378,4
TEST_27379,3
TEST_27380,3
TEST_27381,1
TEST_27382,4
TEST_27383,2
TEST_27384,1
TEST_27385,1
TEST_27386,2
TEST_27387,2
TEST_27388,0
TEST_27389,0
TEST_27390,3
TEST_27391,1
TEST_27392,4
TEST_27393,2
TEST_27394,4
TEST_27395,1
TEST_27396,2
TEST_27397,4
TEST_27398,3
TEST_27399,4
TEST_27400,2
TEST_27401,4
TEST_27402,0
TEST_27403,3
TEST_27404,1
TEST_27405,3
TEST_27406,3
TEST_27407,3
TEST_27408,3
TEST_27409,4
TEST_27410,0
TEST_27411,4
TEST_27412,2
TEST_27413,4
TEST_27414,4
TEST_27415,1
TEST_27416,3
TEST_27417,0
TEST_27418,2
TEST_27419,3
TEST_27420,4
TEST_27421,1
TEST_27422,3
TEST_27423,0
TEST_27424,3
TEST_27425,4
TEST_27426,3
TEST_27427,3
TEST_27428,3
TEST_27429,1
TEST_27430,4
TEST_27431,3
TEST_27432,3
TEST_27433,3
TEST_27434,4
TEST_27435,4
TEST_27436,3
TEST_27437,3
TEST_27438,1
TEST_27439,1
TEST_27440,0
TEST_27441,1
TEST_27442,0
TEST_27443,1
TEST_27444,2
TEST_27445,1
TEST_27446,3
TEST_27447,2
TEST_27448,4
TEST_27449,4
TEST_27450,4
TEST_27451,3
TEST_27452,1
TEST_27453,4
TEST_27454,0
TEST_27455,3
TEST_27456,3
TEST_27457,4
TEST_27458,0
TEST_27459,4
TEST_27460,4
TEST_27461,4
TEST_27462,1
TEST_27463,2
TEST_27464,0
TEST_27465,3
TEST_27466,2
TEST_27467,2
TEST_27468,4
TEST_27469,3
TEST_27470,4
TEST_27471,4
TEST_27472,3
TEST_27473,4
TEST_27474,3
TEST_27475,4
TEST_27476,3
TEST_27477,2
TEST_27478,1
TEST_27479,4
TEST_27480,3
TEST_27481,0
TEST_27482,3
TEST_27483,2
TEST_27484,1
TEST_27485,2
TEST_27486,4
TEST_27487,1
TEST_27488,4
TEST_27489,1
TEST_27490,3
TEST_27491,1
TEST_27492,4
TEST_27493,3
TEST_27494,0
TEST_27495,3
TEST_27496,2
TEST_27497,3
TEST_27498,2
TEST_27499,3
TEST_27500,1
TEST_27501,2
TEST_27502,1
TEST_27503,3
TEST_27504,3
TEST_27505,2
TEST_27506,3
TEST_27507,4
TEST_27508,3
TEST_27509,3
TEST_27510,0
TEST_27511,4
TEST_27512,2
TEST_27513,0
TEST_27514,2
TEST_27515,3
TEST_27516,3
TEST_27517,1
TEST_27518,3
TEST_27519,0
TEST_27520,2
TEST_27521,3
TEST_27522,3
TEST_27523,3
TEST_27524,3
TEST_27525,3
TEST_27526,1
TEST_27527,0
TEST_27528,4
TEST_27529,3
TEST_27530,1
TEST_27531,3
TEST_27532,1
TEST_27533,1
TEST_27534,4
TEST_27535,3
TEST_27536,2
TEST_27537,2
TEST_27538,2
TEST_27539,1
TEST_27540,3
TEST_27541,3
TEST_27542,2
TEST_27543,3
TEST_27544,0
TEST_27545,3
TEST_27546,4
TEST_27547,4
TEST_27548,1
TEST_27549,2
TEST_27550,0
TEST_27551,4
TEST_27552,1
TEST_27553,2
TEST_27554,3
TEST_27555,4
TEST_27556,3
TEST_27557,2
TEST_27558,3
TEST_27559,1
TEST_27560,0
TEST_27561,3
TEST_27562,4
TEST_27563,2
TEST_27564,2
TEST_27565,1
TEST_27566,1
TEST_27567,3
TEST_27568,1
TEST_27569,2
TEST_27570,3
TEST_27571,3
TEST_27572,3
TEST_27573,1
TEST_27574,3
TEST_27575,3
TEST_27576,0
TEST_27577,1
TEST_27578,4
TEST_27579,3
TEST_27580,3
TEST_27581,4
TEST_27582,2
TEST_27583,4
TEST_27584,3
TEST_27585,1
TEST_27586,3
TEST_27587,2
TEST_27588,2
TEST_27589,1
TEST_27590,4
TEST_27591,3
TEST_27592,0
TEST_27593,3
TEST_27594,3
TEST_27595,4
TEST_27596,2
TEST_27597,2
TEST_27598,4
TEST_27599,4
TEST_27600,1
TEST_27601,0
TEST_27602,4
TEST_27603,1
TEST_27604,2
TEST_27605,3
TEST_27606,1
TEST_27607,4
TEST_27608,4
TEST_27609,4
TEST_27610,1
TEST_27611,3
TEST_27612,3
TEST_27613,0
TEST_27614,3
TEST_27615,1
TEST_27616,4
TEST_27617,1
TEST_27618,4
TEST_27619,2
TEST_27620,2
TEST_27621,3
TEST_27622,4
TEST_27623,3
TEST_27624,2
TEST_27625,2
TEST_27626,3
TEST_27627,4
TEST_27628,0
TEST_27629,0
TEST_27630,0
TEST_27631,3
TEST_27632,3
TEST_27633,3
TEST_27634,4
TEST_27635,1
TEST_27636,3
TEST_27637,1
TEST_27638,0
TEST_27639,0
TEST_27640,1
TEST_27641,3
TEST_27642,4
TEST_27643,4
TEST_27644,4
TEST_27645,2
TEST_27646,1
TEST_27647,0
TEST_27648,4
TEST_27649,0
TEST_27650,4
TEST_27651,2
TEST_27652,3
TEST_27653,1
TEST_27654,2
TEST_27655,4
TEST_27656,4
TEST_27657,3
TEST_27658,1
TEST_27659,3
TEST_27660,0
TEST_27661,3
TEST_27662,3
TEST_27663,0
TEST_27664,2
TEST_27665,2
TEST_27666,3
TEST_27667,4
TEST_27668,2
TEST_27669,3
TEST_27670,4
TEST_27671,3
TEST_27672,2
TEST_27673,2
TEST_27674,3
TEST_27675,3
TEST_27676,3
TEST_27677,4
TEST_27678,4
TEST_27679,1
TEST_27680,4
TEST_27681,4
TEST_27682,2
TEST_27683,1
TEST_27684,4
TEST_27685,1
TEST_27686,3
TEST_27687,2
TEST_27688,0
TEST_27689,3
TEST_27690,0
TEST_27691,2
TEST_27692,3
TEST_27693,2
TEST_27694,1
TEST_27695,4
TEST_27696,0
TEST_27697,3
TEST_27698,2
TEST_27699,2
TEST_27700,3
TEST_27701,3
TEST_27702,3
TEST_27703,4
TEST_27704,4
TEST_27705,4
TEST_27706,3
TEST_27707,3
TEST_27708,0
TEST_27709,3
TEST_27710,3
TEST_27711,0
TEST_27712,3
TEST_27713,3
TEST_27714,2
TEST_27715,2
TEST_27716,4
TEST_27717,4
TEST_27718,3
TEST_27719,0
TEST_27720,1
TEST_27721,4
TEST_27722,2
TEST_27723,1
TEST_27724,2
TEST_27725,2
TEST_27726,1
TEST_27727,2
TEST_27728,3
TEST_27729,0
TEST_27730,4
TEST_27731,1
TEST_27732,0
TEST_27733,3
TEST_27734,0
TEST_27735,2
TEST_27736,3
TEST_27737,0
TEST_27738,4
TEST_27739,0
TEST_27740,3
TEST_27741,1
TEST_27742,2
TEST_27743,3
TEST_27744,1
TEST_27745,2
TEST_27746,3
TEST_27747,2
TEST_27748,4
TEST_27749,0
TEST_27750,1
TEST_27751,3
TEST_27752,3
TEST_27753,2
TEST_27754,3
TEST_27755,4
TEST_27756,3
TEST_27757,1
TEST_27758,3
TEST_27759,4
TEST_27760,2
TEST_27761,3
TEST_27762,3
TEST_27763,0
TEST_27764,1
TEST_27765,3
TEST_27766,4
TEST_27767,1
TEST_27768,4
TEST_27769,3
TEST_27770,1
TEST_27771,1
TEST_27772,4
TEST_27773,2
TEST_27774,4
TEST_27775,1
TEST_27776,3
TEST_27777,2
TEST_27778,4
TEST_27779,1
TEST_27780,0
TEST_27781,3
TEST_27782,2
TEST_27783,2
TEST_27784,3
TEST_27785,2
TEST_27786,4
TEST_27787,2
TEST_27788,0
TEST_27789,2
TEST_27790,3
TEST_27791,0
TEST_27792,2
TEST_27793,4
TEST_27794,3
TEST_27795,3
TEST_27796,3
TEST_27797,2
TEST_27798,4
TEST_27799,0
TEST_27800,4
TEST_27801,2
TEST_27802,3
TEST_27803,3
TEST_27804,4
TEST_27805,4
TEST_27806,1
TEST_27807,4
TEST_27808,0
TEST_27809,3
TEST_27810,0
TEST_27811,4
TEST_27812,2
TEST_27813,4
TEST_27814,4
TEST_27815,0
TEST_27816,3
TEST_27817,1
TEST_27818,1
TEST_27819,4
TEST_27820,1
TEST_27821,2
TEST_27822,2
TEST_27823,3
TEST_27824,3
TEST_27825,0
TEST_27826,0
TEST_27827,3
TEST_27828,2
TEST_27829,4
TEST_27830,3
TEST_27831,1
TEST_27832,4
TEST_27833,4
TEST_27834,3
TEST_27835,1
TEST_27836,1
TEST_27837,1
TEST_27838,3
TEST_27839,4
TEST_27840,1
TEST_27841,1
TEST_27842,3
TEST_27843,3
TEST_27844,3
TEST_27845,0
TEST_27846,4
TEST_27847,1
TEST_27848,4
TEST_27849,4
TEST_27850,2
TEST_27851,1
TEST_27852,3
TEST_27853,3
TEST_27854,1
TEST_27855,4
TEST_27856,4
TEST_27857,2
TEST_27858,4
TEST_27859,4
TEST_27860,2
TEST_27861,2
TEST_27862,3
TEST_27863,1
TEST_27864,4
TEST_27865,2
TEST_27866,2
TEST_27867,1
TEST_27868,4
TEST_27869,2
TEST_27870,4
TEST_27871,1
TEST_27872,1
TEST_27873,4
TEST_27874,4
TEST_27875,2
TEST_27876,2
TEST_27877,4
TEST_27878,4
TEST_27879,2
TEST_27880,0
TEST_27881,2
TEST_27882,4
TEST_27883,3
TEST_27884,1
TEST_27885,4
TEST_27886,3
TEST_27887,4
TEST_27888,4
TEST_27889,1
TEST_27890,2
TEST_27891,3
TEST_27892,1
TEST_27893,3
TEST_27894,1
TEST_27895,4
TEST_27896,4
TEST_27897,4
TEST_27898,4
TEST_27899,3
TEST_27900,3
TEST_27901,1
TEST_27902,2
TEST_27903,1
TEST_27904,3
TEST_27905,0
TEST_27906,3
TEST_27907,3
TEST_27908,2
TEST_27909,0
TEST_27910,4
TEST_27911,1
TEST_27912,4
TEST_27913,0
TEST_27914,4
TEST_27915,1
TEST_27916,1
TEST_27917,2
TEST_27918,3
TEST_27919,3
TEST_27920,0
TEST_27921,3
TEST_27922,4
TEST_27923,0
TEST_27924,1
TEST_27925,4
TEST_27926,2
TEST_27927,1
TEST_27928,3
TEST_27929,1
TEST_27930,4
TEST_27931,3
TEST_27932,0
TEST_27933,2
TEST_27934,0
TEST_27935,3
TEST_27936,2
TEST_27937,3
TEST_27938,2
TEST_27939,4
TEST_27940,2
TEST_27941,3
TEST_27942,1
TEST_27943,4
TEST_27944,2
TEST_27945,3
TEST_27946,4
TEST_27947,4
TEST_27948,2
TEST_27949,2
TEST_27950,4
TEST_27951,0
TEST_27952,0
TEST_27953,3
TEST_27954,2
TEST_27955,1
TEST_27956,3
TEST_27957,3
TEST_27958,4
TEST_27959,4
TEST_27960,2
TEST_27961,1
TEST_27962,4
TEST_27963,4
TEST_27964,3
TEST_27965,1
TEST_27966,3
TEST_27967,2
TEST_27968,0
TEST_27969,3
TEST_27970,4
TEST_27971,4
TEST_27972,3
TEST_27973,3
TEST_27974,3
TEST_27975,3
TEST_27976,3
TEST_27977,1
TEST_27978,3
TEST_27979,2
TEST_27980,3
TEST_27981,4
TEST_27982,2
TEST_27983,2
TEST_27984,0
TEST_27985,4
TEST_27986,4
TEST_27987,4
TEST_27988,4
TEST_27989,1
TEST_27990,1
TEST_27991,1
TEST_27992,2
TEST_27993,2
TEST_27994,2
TEST_27995,0
TEST_27996,2
TEST_27997,1
TEST_27998,2
TEST_27999,0
TEST_28000,2
TEST_28001,4
TEST_28002,2
TEST_28003,0
TEST_28004,0
TEST_28005,0
TEST_28006,0
TEST_28007,3
TEST_28008,4
TEST_28009,2
TEST_28010,4
TEST_28011,3
TEST_28012,4
TEST_28013,4
TEST_28014,0
TEST_28015,3
TEST_28016,3
TEST_28017,0
TEST_28018,1
TEST_28019,4
TEST_28020,4
TEST_28021,0
TEST_28022,1
TEST_28023,3
TEST_28024,3
TEST_28025,1
TEST_28026,0
TEST_28027,4
TEST_28028,3
TEST_28029,0
TEST_28030,4
TEST_28031,4
TEST_28032,0
TEST_28033,4
TEST_28034,2
TEST_28035,3
TEST_28036,4
TEST_28037,2
TEST_28038,3
TEST_28039,3
TEST_28040,1
TEST_28041,2
TEST_28042,1
TEST_28043,2
TEST_28044,3
TEST_28045,3
TEST_28046,3
TEST_28047,4
TEST_28048,3
TEST_28049,2
TEST_28050,1
TEST_28051,4
TEST_28052,3
TEST_28053,3
TEST_28054,0
TEST_28055,2
TEST_28056,2
TEST_28057,3
TEST_28058,1
TEST_28059,3
TEST_28060,3
TEST_28061,1
TEST_28062,3
TEST_28063,1
TEST_28064,3
TEST_28065,3
TEST_28066,3
TEST_28067,2
TEST_28068,2
TEST_28069,4
TEST_28070,1
TEST_28071,2
TEST_28072,3
TEST_28073,2
TEST_28074,4
TEST_28075,0
TEST_28076,3
TEST_28077,2
TEST_28078,3
TEST_28079,4
TEST_28080,3
TEST_28081,0
TEST_28082,4
TEST_28083,3
TEST_28084,4
TEST_28085,0
TEST_28086,0
TEST_28087,4
TEST_28088,1
TEST_28089,4
TEST_28090,2
TEST_28091,3
TEST_28092,4
TEST_28093,4
TEST_28094,3
TEST_28095,0
TEST_28096,4
TEST_28097,3
TEST_28098,4
TEST_28099,2
TEST_28100,3
TEST_28101,2
TEST_28102,3
TEST_28103,3
TEST_28104,1
TEST_28105,1
TEST_28106,0
TEST_28107,3
TEST_28108,4
TEST_28109,1
TEST_28110,1
TEST_28111,3
TEST_28112,0
TEST_28113,4
TEST_28114,2
TEST_28115,3
TEST_28116,3
TEST_28117,1
TEST_28118,0
TEST_28119,4
TEST_28120,2
TEST_28121,0
TEST_28122,3
TEST_28123,2
TEST_28124,3
TEST_28125,2
TEST_28126,3
TEST_28127,3
TEST_28128,4
TEST_28129,1
TEST_28130,1
TEST_28131,2
TEST_28132,4
TEST_28133,1
TEST_28134,4
TEST_28135,3
TEST_28136,2
TEST_28137,4
TEST_28138,3
TEST_28139,3
TEST_28140,4
TEST_28141,0
TEST_28142,1
TEST_28143,4
TEST_28144,2
TEST_28145,3
TEST_28146,3
TEST_28147,0
TEST_28148,4
TEST_28149,4
TEST_28150,3
TEST_28151,1
TEST_28152,3
TEST_28153,2
TEST_28154,4
TEST_28155,4
TEST_28156,2
TEST_28157,3
TEST_28158,2
TEST_28159,4
TEST_28160,0
TEST_28161,0
TEST_28162,3
TEST_28163,2
TEST_28164,4
TEST_28165,2
TEST_28166,0
TEST_28167,1
TEST_28168,3
TEST_28169,2
TEST_28170,4
TEST_28171,4
TEST_28172,4
TEST_28173,1
TEST_28174,2
TEST_28175,3
TEST_28176,3
TEST_28177,1
TEST_28178,4
TEST_28179,2
TEST_28180,4
TEST_28181,3
TEST_28182,3
TEST_28183,3
TEST_28184,3
TEST_28185,4
TEST_28186,4
TEST_28187,4
TEST_28188,0
TEST_28189,0
TEST_28190,4
TEST_28191,4
TEST_28192,0
TEST_28193,0
TEST_28194,3
TEST_28195,2
TEST_28196,3
TEST_28197,0
TEST_28198,2
TEST_28199,4
TEST_28200,2
TEST_28201,3
TEST_28202,3
TEST_28203,3
TEST_28204,4
TEST_28205,4
TEST_28206,4
TEST_28207,1
TEST_28208,1
TEST_28209,2
TEST_28210,4
TEST_28211,2
TEST_28212,4
TEST_28213,3
TEST_28214,3
TEST_28215,3
TEST_28216,3
TEST_28217,3
TEST_28218,4
TEST_28219,3
TEST_28220,2
TEST_28221,2
TEST_28222,2
TEST_28223,1
TEST_28224,4
TEST_28225,4
TEST_28226,0
TEST_28227,4
TEST_28228,3
TEST_28229,1
TEST_28230,3
TEST_28231,1
TEST_28232,1
TEST_28233,3
TEST_28234,3
TEST_28235,0
TEST_28236,2
TEST_28237,2
TEST_28238,4
TEST_28239,3
TEST_28240,1
TEST_28241,2
TEST_28242,0
TEST_28243,1
TEST_28244,4
TEST_28245,3
TEST_28246,3
TEST_28247,4
TEST_28248,3
TEST_28249,2
TEST_28250,4
TEST_28251,3
TEST_28252,3
TEST_28253,1
TEST_28254,3
TEST_28255,3
TEST_28256,4
TEST_28257,2
TEST_28258,3
TEST_28259,2
TEST_28260,2
TEST_28261,0
TEST_28262,1
TEST_28263,4
TEST_28264,3
TEST_28265,3
TEST_28266,2
TEST_28267,1
TEST_28268,3
TEST_28269,0
TEST_28270,2
TEST_28271,4
TEST_28272,4
TEST_28273,0
TEST_28274,3
TEST_28275,2
TEST_28276,2
TEST_28277,2
TEST_28278,3
TEST_28279,3
TEST_28280,4
TEST_28281,3
TEST_28282,4
TEST_28283,4
TEST_28284,3
TEST_28285,4
TEST_28286,3
TEST_28287,2
TEST_28288,4
TEST_28289,4
TEST_28290,3
TEST_28291,2
TEST_28292,1
TEST_28293,3
TEST_28294,0
TEST_28295,0
TEST_28296,1
TEST_28297,2
TEST_28298,4
TEST_28299,2
TEST_28300,2
TEST_28301,3
TEST_28302,1
TEST_28303,4
TEST_28304,2
TEST_28305,2
TEST_28306,3
TEST_28307,3
TEST_28308,1
TEST_28309,1
TEST_28310,2
TEST_28311,4
TEST_28312,3
TEST_28313,2
TEST_28314,4
TEST_28315,2
TEST_28316,3
TEST_28317,4
TEST_28318,0
TEST_28319,4
TEST_28320,4
TEST_28321,4
TEST_28322,1
TEST_28323,2
TEST_28324,2
TEST_28325,1
TEST_28326,3
TEST_28327,2
TEST_28328,0
TEST_28329,2
TEST_28330,1
TEST_28331,4
TEST_28332,1
TEST_28333,3
TEST_28334,0
TEST_28335,1
TEST_28336,3
TEST_28337,2
TEST_28338,2
TEST_28339,2
TEST_28340,0
TEST_28341,1
TEST_28342,2
TEST_28343,4
TEST_28344,3
TEST_28345,3
TEST_28346,1
TEST_28347,2
TEST_28348,3
TEST_28349,2
TEST_28350,3
TEST_28351,1
TEST_28352,3
TEST_28353,1
TEST_28354,3
TEST_28355,1
TEST_28356,3
TEST_28357,3
TEST_28358,1
TEST_28359,3
TEST_28360,3
TEST_28361,4
TEST_28362,3
TEST_28363,0
TEST_28364,0
TEST_28365,0
TEST_28366,0
TEST_28367,1
TEST_28368,4
TEST_28369,2
TEST_28370,4
TEST_28371,2
TEST_28372,3
TEST_28373,4
TEST_28374,2
TEST_28375,4
TEST_28376,0
TEST_28377,0
TEST_28378,2
TEST_28379,1
TEST_28380,3
TEST_28381,1
TEST_28382,3
TEST_28383,2
TEST_28384,2
TEST_28385,4
TEST_28386,3
TEST_28387,3
TEST_28388,1
TEST_28389,3
TEST_28390,4
TEST_28391,2
TEST_28392,2
TEST_28393,2
TEST_28394,1
TEST_28395,0
TEST_28396,2
TEST_28397,1
TEST_28398,1
TEST_28399,1
TEST_28400,4
TEST_28401,4
TEST_28402,0
TEST_28403,3
TEST_28404,4
TEST_28405,4
TEST_28406,4
TEST_28407,1
TEST_28408,4
TEST_28409,3
TEST_28410,3
TEST_28411,1
TEST_28412,4
TEST_28413,0
TEST_28414,4
TEST_28415,4
TEST_28416,2
TEST_28417,1
TEST_28418,3
TEST_28419,3
TEST_28420,0
TEST_28421,1
TEST_28422,4
TEST_28423,3
TEST_28424,1
TEST_28425,3
TEST_28426,1
TEST_28427,4
TEST_28428,1
TEST_28429,3
TEST_28430,2
TEST_28431,0
TEST_28432,4
TEST_28433,4
TEST_28434,3
TEST_28435,2
TEST_28436,4
TEST_28437,2
TEST_28438,3
TEST_28439,4
TEST_28440,2
TEST_28441,3
TEST_28442,4
TEST_28443,3
TEST_28444,4
TEST_28445,2
TEST_28446,3
TEST_28447,3
TEST_28448,3
TEST_28449,4
TEST_28450,3
TEST_28451,2
TEST_28452,1
TEST_28453,2
TEST_28454,3
TEST_28455,4
TEST_28456,0
TEST_28457,1
TEST_28458,4
TEST_28459,3
TEST_28460,4
TEST_28461,3
TEST_28462,1
TEST_28463,2
TEST_28464,3
TEST_28465,2
TEST_28466,0
TEST_28467,1
TEST_28468,2
TEST_28469,1
TEST_28470,2
TEST_28471,4
TEST_28472,4
TEST_28473,1
TEST_28474,3
TEST_28475,4
TEST_28476,4
TEST_28477,2
TEST_28478,4
TEST_28479,1
TEST_28480,1
TEST_28481,4
TEST_28482,4
TEST_28483,0
TEST_28484,2
TEST_28485,0
TEST_28486,3
TEST_28487,4
TEST_28488,0
TEST_28489,1
TEST_28490,3
TEST_28491,3
TEST_28492,0
TEST_28493,3
TEST_28494,4
TEST_28495,2
TEST_28496,3
TEST_28497,4
TEST_28498,2
TEST_28499,1
TEST_28500,3
TEST_28501,2
TEST_28502,1
TEST_28503,0
TEST_28504,2
TEST_28505,3
TEST_28506,2
TEST_28507,4
TEST_28508,3
TEST_28509,4
TEST_28510,4
TEST_28511,0
TEST_28512,1
TEST_28513,2
TEST_28514,3
TEST_28515,4
TEST_28516,4
TEST_28517,1
TEST_28518,0
TEST_28519,1
TEST_28520,3
TEST_28521,1
TEST_28522,3
TEST_28523,3
TEST_28524,4
TEST_28525,4
TEST_28526,4
TEST_28527,4
TEST_28528,3
TEST_28529,3
TEST_28530,2
TEST_28531,1
TEST_28532,2
TEST_28533,1
TEST_28534,1
TEST_28535,1
TEST_28536,2
TEST_28537,4
TEST_28538,1
TEST_28539,2
TEST_28540,3
TEST_28541,1
TEST_28542,3
TEST_28543,4
TEST_28544,1
TEST_28545,4
TEST_28546,0
TEST_28547,3
TEST_28548,4
TEST_28549,2
TEST_28550,1
TEST_28551,2
TEST_28552,3
TEST_28553,1
TEST_28554,2
TEST_28555,3
TEST_28556,2
TEST_28557,3
TEST_28558,1
TEST_28559,3
TEST_28560,3
TEST_28561,1
TEST_28562,2
TEST_28563,1
TEST_28564,0
TEST_28565,1
TEST_28566,1
TEST_28567,0
TEST_28568,2
TEST_28569,4
TEST_28570,1
TEST_28571,3
TEST_28572,1
TEST_28573,3
TEST_28574,4
TEST_28575,2
TEST_28576,3
TEST_28577,1
TEST_28578,4
TEST_28579,4
TEST_28580,4
TEST_28581,0
TEST_28582,3
TEST_28583,3
TEST_28584,4
TEST_28585,2
TEST_28586,0
TEST_28587,0
TEST_28588,4
TEST_28589,4
TEST_28590,3
TEST_28591,1
TEST_28592,3
TEST_28593,0
TEST_28594,4
TEST_28595,1
TEST_28596,3
TEST_28597,3
TEST_28598,0
TEST_28599,2
TEST_28600,3
TEST_28601,0
TEST_28602,1
TEST_28603,1
TEST_28604,1
TEST_28605,0
TEST_28606,4
TEST_28607,2
TEST_28608,4
TEST_28609,2
TEST_28610,4
TEST_28611,4
TEST_28612,4
TEST_28613,0
TEST_28614,3
TEST_28615,4
TEST_28616,2
TEST_28617,2
TEST_28618,1
TEST_28619,4
TEST_28620,3
TEST_28621,0
TEST_28622,3
TEST_28623,2
TEST_28624,3
TEST_28625,4
TEST_28626,0
TEST_28627,1
TEST_28628,2
TEST_28629,4
TEST_28630,0
TEST_28631,4
TEST_28632,0
TEST_28633,3
TEST_28634,3
TEST_28635,1
TEST_28636,3
TEST_28637,0
TEST_28638,1
TEST_28639,4
TEST_28640,4
TEST_28641,2
TEST_28642,3
TEST_28643,1
TEST_28644,2
TEST_28645,4
TEST_28646,1
TEST_28647,1
TEST_28648,2
TEST_28649,4
TEST_28650,2
TEST_28651,4
TEST_28652,0
TEST_28653,1
TEST_28654,4
TEST_28655,3
TEST_28656,2
TEST_28657,1
TEST_28658,1
TEST_28659,1
TEST_28660,1
TEST_28661,1
TEST_28662,3
TEST_28663,3
TEST_28664,4
TEST_28665,2
TEST_28666,3
TEST_28667,4
TEST_28668,0
TEST_28669,3
TEST_28670,3
TEST_28671,3
TEST_28672,3
TEST_28673,4
TEST_28674,4
TEST_28675,3
TEST_28676,2
TEST_28677,2
TEST_28678,1
TEST_28679,3
TEST_28680,4
TEST_28681,4
TEST_28682,3
TEST_28683,3
TEST_28684,3
TEST_28685,3
TEST_28686,0
TEST_28687,0
TEST_28688,3
TEST_28689,3
TEST_28690,4
TEST_28691,1
TEST_28692,3
TEST_28693,1
TEST_28694,4
TEST_28695,2
TEST_28696,2
TEST_28697,3
TEST_28698,1
TEST_28699,1
TEST_28700,2
TEST_28701,4
TEST_28702,2
TEST_28703,2
TEST_28704,2
TEST_28705,3
TEST_28706,3
TEST_28707,3
TEST_28708,0
TEST_28709,1
TEST_28710,2
TEST_28711,2
TEST_28712,2
TEST_28713,0
TEST_28714,2
TEST_28715,4
TEST_28716,4
TEST_28717,2
TEST_28718,2
TEST_28719,4
TEST_28720,1
TEST_28721,0
TEST_28722,4
TEST_28723,4
TEST_28724,0
TEST_28725,4
TEST_28726,3
TEST_28727,3
TEST_28728,2
TEST_28729,2
TEST_28730,4
TEST_28731,3
TEST_28732,3
TEST_28733,4
TEST_28734,1
TEST_28735,4
TEST_28736,1
TEST_28737,1
TEST_28738,1
TEST_28739,3
TEST_28740,1
TEST_28741,2
TEST_28742,0
TEST_28743,3
TEST_28744,1
TEST_28745,4
TEST_28746,2
TEST_28747,2
TEST_28748,4
TEST_28749,4
TEST_28750,3
TEST_28751,4
TEST_28752,3
TEST_28753,2
TEST_28754,1
TEST_28755,4
TEST_28756,4
TEST_28757,1
TEST_28758,3
TEST_28759,1
TEST_28760,3
TEST_28761,3
TEST_28762,2
TEST_28763,0
TEST_28764,2
TEST_28765,3
TEST_28766,4
TEST_28767,2
TEST_28768,4
TEST_28769,3
TEST_28770,0
TEST_28771,3
TEST_28772,4
TEST_28773,1
TEST_28774,0
TEST_28775,0
TEST_28776,4
TEST_28777,4
TEST_28778,3
TEST_28779,2
TEST_28780,1
TEST_28781,3
TEST_28782,0
TEST_28783,3
TEST_28784,2
TEST_28785,4
TEST_28786,4
TEST_28787,4
TEST_28788,3
TEST_28789,4
TEST_28790,3
TEST_28791,1
TEST_28792,0
TEST_28793,2
TEST_28794,4
TEST_28795,4
TEST_28796,1
TEST_28797,4
TEST_28798,2
TEST_28799,4
TEST_28800,1
TEST_28801,3
TEST_28802,4
TEST_28803,4
TEST_28804,2
TEST_28805,1
TEST_28806,4
TEST_28807,3
TEST_28808,3
TEST_28809,4
TEST_28810,0
TEST_28811,4
TEST_28812,3
TEST_28813,4
TEST_28814,2
TEST_28815,2
TEST_28816,4
TEST_28817,4
TEST_28818,1
TEST_28819,1
TEST_28820,2
TEST_28821,1
TEST_28822,2
TEST_28823,1
TEST_28824,3
TEST_28825,2
TEST_28826,2
TEST_28827,0
TEST_28828,1
TEST_28829,4
TEST_28830,2
TEST_28831,0
TEST_28832,3
TEST_28833,3
TEST_28834,0
TEST_28835,4
TEST_28836,1
TEST_28837,1
TEST_28838,3
TEST_28839,4
TEST_28840,4
TEST_28841,2
TEST_28842,1
TEST_28843,2
TEST_28844,1
TEST_28845,2
TEST_28846,1
TEST_28847,1
TEST_28848,3
TEST_28849,0
TEST_28850,2
TEST_28851,3
TEST_28852,2
TEST_28853,4
TEST_28854,2
TEST_28855,1
TEST_28856,4
TEST_28857,4
TEST_28858,2
TEST_28859,3
TEST_28860,1
TEST_28861,4
TEST_28862,1
TEST_28863,3
TEST_28864,3
TEST_28865,3
TEST_28866,3
TEST_28867,3
TEST_28868,0
TEST_28869,2
TEST_28870,3
TEST_28871,3
TEST_28872,0
TEST_28873,3
TEST_28874,2
TEST_28875,3
TEST_28876,2
TEST_28877,3
TEST_28878,0
TEST_28879,2
TEST_28880,0
TEST_28881,2
TEST_28882,4
TEST_28883,1
TEST_28884,1
TEST_28885,3
TEST_28886,0
TEST_28887,3
TEST_28888,4
TEST_28889,3
TEST_28890,4
TEST_28891,0
TEST_28892,1
TEST_28893,4
TEST_28894,4
TEST_28895,2
TEST_28896,2
TEST_28897,3
TEST_28898,3
TEST_28899,2
TEST_28900,2
TEST_28901,4
TEST_28902,3
TEST_28903,0
TEST_28904,3
TEST_28905,2
TEST_28906,0
TEST_28907,2
TEST_28908,0
TEST_28909,1
TEST_28910,1
TEST_28911,3
TEST_28912,1
TEST_28913,1
TEST_28914,0
TEST_28915,0
TEST_28916,4
TEST_28917,4
TEST_28918,3
TEST_28919,4
TEST_28920,2
TEST_28921,3
TEST_28922,1
TEST_28923,4
TEST_28924,4
TEST_28925,4
TEST_28926,3
TEST_28927,3
TEST_28928,4
TEST_28929,4
TEST_28930,3
TEST_28931,3
TEST_28932,2
TEST_28933,3
TEST_28934,3
TEST_28935,0
TEST_28936,1
TEST_28937,1
TEST_28938,1
TEST_28939,4
TEST_28940,1
TEST_28941,4
TEST_28942,2
TEST_28943,1
TEST_28944,4
TEST_28945,1
TEST_28946,4
TEST_28947,3
TEST_28948,4
TEST_28949,1
TEST_28950,4
TEST_28951,3
TEST_28952,1
TEST_28953,1
TEST_28954,0
TEST_28955,3
TEST_28956,4
TEST_28957,4
TEST_28958,3
TEST_28959,4
TEST_28960,4
TEST_28961,4
TEST_28962,2
TEST_28963,0
TEST_28964,3
TEST_28965,4
TEST_28966,1
TEST_28967,2
TEST_28968,2
TEST_28969,2
TEST_28970,3
TEST_28971,3
TEST_28972,0
TEST_28973,3
TEST_28974,2
TEST_28975,0
TEST_28976,0
TEST_28977,0
TEST_28978,4
TEST_28979,0
TEST_28980,2
TEST_28981,1
TEST_28982,0
TEST_28983,4
TEST_28984,4
TEST_28985,1
TEST_28986,4
TEST_28987,3
TEST_28988,1
TEST_28989,3
TEST_28990,4
TEST_28991,1
TEST_28992,3
TEST_28993,2
TEST_28994,4
TEST_28995,0
TEST_28996,3
TEST_28997,0
TEST_28998,4
TEST_28999,3
TEST_29000,2
TEST_29001,2
TEST_29002,1
TEST_29003,4
TEST_29004,2
TEST_29005,3
TEST_29006,4
TEST_29007,0
TEST_29008,4
TEST_29009,4
TEST_29010,3
TEST_29011,2
TEST_29012,4
TEST_29013,3
TEST_29014,2
TEST_29015,4
TEST_29016,3
TEST_29017,0
TEST_29018,2
TEST_29019,3
TEST_29020,1
TEST_29021,2
TEST_29022,3
TEST_29023,4
TEST_29024,1
TEST_29025,3
TEST_29026,4
TEST_29027,2
TEST_29028,3
TEST_29029,3
TEST_29030,0
TEST_29031,1
TEST_29032,3
TEST_29033,3
TEST_29034,3
TEST_29035,1
TEST_29036,0
TEST_29037,2
TEST_29038,1
TEST_29039,4
TEST_29040,3
TEST_29041,1
TEST_29042,4
TEST_29043,3
TEST_29044,2
TEST_29045,1
TEST_29046,4
TEST_29047,0
TEST_29048,4
TEST_29049,3
TEST_29050,4
TEST_29051,1
TEST_29052,3
TEST_29053,2
TEST_29054,4
TEST_29055,2
TEST_29056,0
TEST_29057,0
TEST_29058,4
TEST_29059,1
TEST_29060,0
TEST_29061,3
TEST_29062,3
TEST_29063,4
TEST_29064,3
TEST_29065,4
TEST_29066,0
TEST_29067,2
TEST_29068,3
TEST_29069,3
TEST_29070,3
TEST_29071,4
TEST_29072,3
TEST_29073,4
TEST_29074,3
TEST_29075,1
TEST_29076,3
TEST_29077,4
TEST_29078,3
TEST_29079,4
TEST_29080,3
TEST_29081,3
TEST_29082,3
TEST_29083,4
TEST_29084,2
TEST_29085,0
TEST_29086,3
TEST_29087,3
TEST_29088,4
TEST_29089,2
TEST_29090,4
TEST_29091,1
TEST_29092,4
TEST_29093,4
TEST_29094,4
TEST_29095,1
TEST_29096,3
TEST_29097,3
TEST_29098,2
TEST_29099,1
TEST_29100,1
TEST_29101,4
TEST_29102,3
TEST_29103,4
TEST_29104,4
TEST_29105,2
TEST_29106,0
TEST_29107,1
TEST_29108,3
TEST_29109,2
TEST_29110,1
TEST_29111,0
TEST_29112,1
TEST_29113,2
TEST_29114,4
TEST_29115,4
TEST_29116,4
TEST_29117,4
TEST_29118,4
TEST_29119,3
TEST_29120,3
TEST_29121,3
TEST_29122,3
TEST_29123,4
TEST_29124,1
TEST_29125,1
TEST_29126,2
TEST_29127,4
TEST_29128,4
TEST_29129,3
TEST_29130,2
TEST_29131,2
TEST_29132,4
TEST_29133,1
TEST_29134,3
TEST_29135,1
TEST_29136,1
TEST_29137,4
TEST_29138,4
TEST_29139,2
TEST_29140,3
TEST_29141,3
TEST_29142,1
TEST_29143,0
TEST_29144,4
TEST_29145,0
TEST_29146,3
TEST_29147,0
TEST_29148,1
TEST_29149,4
TEST_29150,2
TEST_29151,1
TEST_29152,3
TEST_29153,0
TEST_29154,0
TEST_29155,2
TEST_29156,2
TEST_29157,3
TEST_29158,3
TEST_29159,3
TEST_29160,1
TEST_29161,4
TEST_29162,1
TEST_29163,0
TEST_29164,3
TEST_29165,1
TEST_29166,3
TEST_29167,2
TEST_29168,3
TEST_29169,1
TEST_29170,3
TEST_29171,3
TEST_29172,3
TEST_29173,4
TEST_29174,4
TEST_29175,3
TEST_29176,1
TEST_29177,4
TEST_29178,1
TEST_29179,2
TEST_29180,4
TEST_29181,3
TEST_29182,0
TEST_29183,2
TEST_29184,3
TEST_29185,4
TEST_29186,3
TEST_29187,2
TEST_29188,0
TEST_29189,3
TEST_29190,4
TEST_29191,3
TEST_29192,1
TEST_29193,0
TEST_29194,2
TEST_29195,1
TEST_29196,3
TEST_29197,4
TEST_29198,3
TEST_29199,0
TEST_29200,1
TEST_29201,4
TEST_29202,3
TEST_29203,0
TEST_29204,3
TEST_29205,0
TEST_29206,1
TEST_29207,4
TEST_29208,0
TEST_29209,3
TEST_29210,4
TEST_29211,2
TEST_29212,3
TEST_29213,2
TEST_29214,3
TEST_29215,4
TEST_29216,3
TEST_29217,2
TEST_29218,4
TEST_29219,3
TEST_29220,1
TEST_29221,2
TEST_29222,2
TEST_29223,4
TEST_29224,4
TEST_29225,2
TEST_29226,4
TEST_29227,0
TEST_29228,3
TEST_29229,2
TEST_29230,2
TEST_29231,3
TEST_29232,0
TEST_29233,3
TEST_29234,3
TEST_29235,1
TEST_29236,0
TEST_29237,3
TEST_29238,1
TEST_29239,1
TEST_29240,3
TEST_29241,0
TEST_29242,4
TEST_29243,0
TEST_29244,2
TEST_29245,2
TEST_29246,3
TEST_29247,2
TEST_29248,3
TEST_29249,1
TEST_29250,0
TEST_29251,2
TEST_29252,2
TEST_29253,4
TEST_29254,4
TEST_29255,1
TEST_29256,1
TEST_29257,3
TEST_29258,3
TEST_29259,0
TEST_29260,0
TEST_29261,3
TEST_29262,3
TEST_29263,4
TEST_29264,0
TEST_29265,1
TEST_29266,4
TEST_29267,0
TEST_29268,4
TEST_29269,1
TEST_29270,1
TEST_29271,4
TEST_29272,2
TEST_29273,4
TEST_29274,4
TEST_29275,3
TEST_29276,2
TEST_29277,4
TEST_29278,3
TEST_29279,3
TEST_29280,2
TEST_29281,4
TEST_29282,3
TEST_29283,4
TEST_29284,3
TEST_29285,1
TEST_29286,0
TEST_29287,3
TEST_29288,3
TEST_29289,1
TEST_29290,4
TEST_29291,4
TEST_29292,1
TEST_29293,4
TEST_29294,4
TEST_29295,1
TEST_29296,3
TEST_29297,2
TEST_29298,2
TEST_29299,2
TEST_29300,3
TEST_29301,4
TEST_29302,4
TEST_29303,0
TEST_29304,4
TEST_29305,3
TEST_29306,2
TEST_29307,3
TEST_29308,4
TEST_29309,2
TEST_29310,2
TEST_29311,1
TEST_29312,2
TEST_29313,3
TEST_29314,1
TEST_29315,4
TEST_29316,2
TEST_29317,3
TEST_29318,4
TEST_29319,2
TEST_29320,3
TEST_29321,4
TEST_29322,2
TEST_29323,4
TEST_29324,4
TEST_29325,3
TEST_29326,3
TEST_29327,3
TEST_29328,1
TEST_29329,4
TEST_29330,1
TEST_29331,3
TEST_29332,4
TEST_29333,1
TEST_29334,4
TEST_29335,3
TEST_29336,2
TEST_29337,4
TEST_29338,3
TEST_29339,4
TEST_29340,2
TEST_29341,3
TEST_29342,2
TEST_29343,3
TEST_29344,3
TEST_29345,3
TEST_29346,4
TEST_29347,3
TEST_29348,1
TEST_29349,3
TEST_29350,2
TEST_29351,2
TEST_29352,3
TEST_29353,3
TEST_29354,2
TEST_29355,4
TEST_29356,3
TEST_29357,0
TEST_29358,2
TEST_29359,3
TEST_29360,4
TEST_29361,1
TEST_29362,0
TEST_29363,3
TEST_29364,0
TEST_29365,4
TEST_29366,3
TEST_29367,1
TEST_29368,2
TEST_29369,0
TEST_29370,4
TEST_29371,4
TEST_29372,2
TEST_29373,3
TEST_29374,0
TEST_29375,2
TEST_29376,4
TEST_29377,0
TEST_29378,2
TEST_29379,4
TEST_29380,4
TEST_29381,4
TEST_29382,1
TEST_29383,4
TEST_29384,2
TEST_29385,3
TEST_29386,0
TEST_29387,3
TEST_29388,4
TEST_29389,4
TEST_29390,4
TEST_29391,3
TEST_29392,1
TEST_29393,0
TEST_29394,2
TEST_29395,0
TEST_29396,4
TEST_29397,1
TEST_29398,3
TEST_29399,4
TEST_29400,2
TEST_29401,0
TEST_29402,4
TEST_29403,4
TEST_29404,0
TEST_29405,3
TEST_29406,2
TEST_29407,3
TEST_29408,4
TEST_29409,3
TEST_29410,0
TEST_29411,2
TEST_29412,3
TEST_29413,4
TEST_29414,3
TEST_29415,3
TEST_29416,3
TEST_29417,0
TEST_29418,0
TEST_29419,4
TEST_29420,3
TEST_29421,3
TEST_29422,0
TEST_29423,0
TEST_29424,2
TEST_29425,2
TEST_29426,3
TEST_29427,4
TEST_29428,0
TEST_29429,2
TEST_29430,4
TEST_29431,4
TEST_29432,2
TEST_29433,3
TEST_29434,3
TEST_29435,3
TEST_29436,2
TEST_29437,3
TEST_29438,2
TEST_29439,1
TEST_29440,2
TEST_29441,1
TEST_29442,2
TEST_29443,4
TEST_29444,3
TEST_29445,3
TEST_29446,0
TEST_29447,0
TEST_29448,1
TEST_29449,1
TEST_29450,3
TEST_29451,3
TEST_29452,1
TEST_29453,0
TEST_29454,2
TEST_29455,3
TEST_29456,4
TEST_29457,2
TEST_29458,1
TEST_29459,0
TEST_29460,0
TEST_29461,4
TEST_29462,3
TEST_29463,1
TEST_29464,4
TEST_29465,3
TEST_29466,2
TEST_29467,3
TEST_29468,4
TEST_29469,2
TEST_29470,4
TEST_29471,3
TEST_29472,3
TEST_29473,3
TEST_29474,4
TEST_29475,1
TEST_29476,3
TEST_29477,3
TEST_29478,4
TEST_29479,0
TEST_29480,3
TEST_29481,4
TEST_29482,0
TEST_29483,3
TEST_29484,3
TEST_29485,3
TEST_29486,3
TEST_29487,2
TEST_29488,4
TEST_29489,4
TEST_29490,4
TEST_29491,3
TEST_29492,2
TEST_29493,2
TEST_29494,0
TEST_29495,4
TEST_29496,2
TEST_29497,2
TEST_29498,1
TEST_29499,3
TEST_29500,2
TEST_29501,3
TEST_29502,3
TEST_29503,3
TEST_29504,0
TEST_29505,1
TEST_29506,4
TEST_29507,1
TEST_29508,3
TEST_29509,1
TEST_29510,0
TEST_29511,3
TEST_29512,4
TEST_29513,3
TEST_29514,1
TEST_29515,2
TEST_29516,0
TEST_29517,0
TEST_29518,0
TEST_29519,2
TEST_29520,2
TEST_29521,1
TEST_29522,3
TEST_29523,0
TEST_29524,0
TEST_29525,2
TEST_29526,3
TEST_29527,4
TEST_29528,3
TEST_29529,4
TEST_29530,1
TEST_29531,3
TEST_29532,3
TEST_29533,1
TEST_29534,4
TEST_29535,3
TEST_29536,4
TEST_29537,3
TEST_29538,2
TEST_29539,2
TEST_29540,1
TEST_29541,2
TEST_29542,2
TEST_29543,2
TEST_29544,2
TEST_29545,2
TEST_29546,3
TEST_29547,0
TEST_29548,4
TEST_29549,4
TEST_29550,2
TEST_29551,1
TEST_29552,1
TEST_29553,3
TEST_29554,4
TEST_29555,2
TEST_29556,3
TEST_29557,4
TEST_29558,0
TEST_29559,4
TEST_29560,3
TEST_29561,3
TEST_29562,3
TEST_29563,3
TEST_29564,3
TEST_29565,4
TEST_29566,3
TEST_29567,3
TEST_29568,3
TEST_29569,2
TEST_29570,3
TEST_29571,3
TEST_29572,3
TEST_29573,2
TEST_29574,3
TEST_29575,4
TEST_29576,3
TEST_29577,4
TEST_29578,4
TEST_29579,3
TEST_29580,3
TEST_29581,3
TEST_29582,2
TEST_29583,0
TEST_29584,2
TEST_29585,2
TEST_29586,3
TEST_29587,1
TEST_29588,4
TEST_29589,2
TEST_29590,1
TEST_29591,2
TEST_29592,1
TEST_29593,4
TEST_29594,4
TEST_29595,4
TEST_29596,2
TEST_29597,3
TEST_29598,4
TEST_29599,3
TEST_29600,3
TEST_29601,3
TEST_29602,0
TEST_29603,3
TEST_29604,4
TEST_29605,2
TEST_29606,1
TEST_29607,1
TEST_29608,1
TEST_29609,4
TEST_29610,3
TEST_29611,2
TEST_29612,2
TEST_29613,3
TEST_29614,1
TEST_29615,3
TEST_29616,4
TEST_29617,4
TEST_29618,3
TEST_29619,4
TEST_29620,3
TEST_29621,4
TEST_29622,1
TEST_29623,3
TEST_29624,3
TEST_29625,3
TEST_29626,3
TEST_29627,0
TEST_29628,4
TEST_29629,1
TEST_29630,1
TEST_29631,3
TEST_29632,1
TEST_29633,3
TEST_29634,2
TEST_29635,3
TEST_29636,4
TEST_29637,4
TEST_29638,1
TEST_29639,1
TEST_29640,3
TEST_29641,4
TEST_29642,3
TEST_29643,1
TEST_29644,4
TEST_29645,2
TEST_29646,4
TEST_29647,3
TEST_29648,3
TEST_29649,3
TEST_29650,1
TEST_29651,3
TEST_29652,3
TEST_29653,3
TEST_29654,0
TEST_29655,0
TEST_29656,1
TEST_29657,2
TEST_29658,0
TEST_29659,0
TEST_29660,0
TEST_29661,4
TEST_29662,3
TEST_29663,2
TEST_29664,1
TEST_29665,2
TEST_29666,3
TEST_29667,3
TEST_29668,3
TEST_29669,2
TEST_29670,4
TEST_29671,1
TEST_29672,3
TEST_29673,3
TEST_29674,1
TEST_29675,4
TEST_29676,4
TEST_29677,3
TEST_29678,3
TEST_29679,4
TEST_29680,4
TEST_29681,4
TEST_29682,1
TEST_29683,3
TEST_29684,2
TEST_29685,4
TEST_29686,4
TEST_29687,0
TEST_29688,0
TEST_29689,0
TEST_29690,1
TEST_29691,2
TEST_29692,4
TEST_29693,1
TEST_29694,3
TEST_29695,3
TEST_29696,3
TEST_29697,3
TEST_29698,2
TEST_29699,0
TEST_29700,4
TEST_29701,4
TEST_29702,2
TEST_29703,4
TEST_29704,3
TEST_29705,3
TEST_29706,4
TEST_29707,4
TEST_29708,1
TEST_29709,2
TEST_29710,3
TEST_29711,3
TEST_29712,2
TEST_29713,3
TEST_29714,0
TEST_29715,4
TEST_29716,2
TEST_29717,3
TEST_29718,4
TEST_29719,2
TEST_29720,3
TEST_29721,3
TEST_29722,0
TEST_29723,4
TEST_29724,1
TEST_29725,3
TEST_29726,4
TEST_29727,1
TEST_29728,3
TEST_29729,1
TEST_29730,1
TEST_29731,1
TEST_29732,3
TEST_29733,0
TEST_29734,2
TEST_29735,2
TEST_29736,4
TEST_29737,4
TEST_29738,2
TEST_29739,1
TEST_29740,1
TEST_29741,3
TEST_29742,0
TEST_29743,4
TEST_29744,0
TEST_29745,4
TEST_29746,2
TEST_29747,3
TEST_29748,3
TEST_29749,4
TEST_29750,4
TEST_29751,4
TEST_29752,4
TEST_29753,4
TEST_29754,2
TEST_29755,4
TEST_29756,3
TEST_29757,3
TEST_29758,1
TEST_29759,3
TEST_29760,4
TEST_29761,3
TEST_29762,1
TEST_29763,2
TEST_29764,2
TEST_29765,3
TEST_29766,1
TEST_29767,3
TEST_29768,3
TEST_29769,3
TEST_29770,3
TEST_29771,3
TEST_29772,2
TEST_29773,4
TEST_29774,3
TEST_29775,3
TEST_29776,4
TEST_29777,1
TEST_29778,3
TEST_29779,4
TEST_29780,1
TEST_29781,0
TEST_29782,1
TEST_29783,4
TEST_29784,3
TEST_29785,3
TEST_29786,2
TEST_29787,3
TEST_29788,4
TEST_29789,4
TEST_29790,3
TEST_29791,1
TEST_29792,1
TEST_29793,1
TEST_29794,4
TEST_29795,3
TEST_29796,2
TEST_29797,4
TEST_29798,0
TEST_29799,4
TEST_29800,4
TEST_29801,2
TEST_29802,0
TEST_29803,3
TEST_29804,2
TEST_29805,3
TEST_29806,0
TEST_29807,3
TEST_29808,1
TEST_29809,1
TEST_29810,0
TEST_29811,3
TEST_29812,1
TEST_29813,2
TEST_29814,3
TEST_29815,0
TEST_29816,2
TEST_29817,3
TEST_29818,2
TEST_29819,2
TEST_29820,4
TEST_29821,1
TEST_29822,2
TEST_29823,1
TEST_29824,2
TEST_29825,4
TEST_29826,0
TEST_29827,2
TEST_29828,3
TEST_29829,4
TEST_29830,3
TEST_29831,0
TEST_29832,4
TEST_29833,0
TEST_29834,2
TEST_29835,4
TEST_29836,0
TEST_29837,2
TEST_29838,3
TEST_29839,1
TEST_29840,1
TEST_29841,3
TEST_29842,1
TEST_29843,4
TEST_29844,0
TEST_29845,4
TEST_29846,2
TEST_29847,3
TEST_29848,2
TEST_29849,1
TEST_29850,2
TEST_29851,3
TEST_29852,2
TEST_29853,0
TEST_29854,3
TEST_29855,1
TEST_29856,2
TEST_29857,4
TEST_29858,3
TEST_29859,4
TEST_29860,4
TEST_29861,3
TEST_29862,3
TEST_29863,1
TEST_29864,2
TEST_29865,3
TEST_29866,4
TEST_29867,3
TEST_29868,4
TEST_29869,0
TEST_29870,3
TEST_29871,2
TEST_29872,0
TEST_29873,4
TEST_29874,0
TEST_29875,4
TEST_29876,3
TEST_29877,0
TEST_29878,1
TEST_29879,3
TEST_29880,2
TEST_29881,3
TEST_29882,0
TEST_29883,1
TEST_29884,3
TEST_29885,3
TEST_29886,3
TEST_29887,4
TEST_29888,0
TEST_29889,2
TEST_29890,0
TEST_29891,3
TEST_29892,4
TEST_29893,3
TEST_29894,3
TEST_29895,3
TEST_29896,3
TEST_29897,0
TEST_29898,4
TEST_29899,2
TEST_29900,4
TEST_29901,2
TEST_29902,4
TEST_29903,0
TEST_29904,2
TEST_29905,3
TEST_29906,3
TEST_29907,2
TEST_29908,3
TEST_29909,2
TEST_29910,0
TEST_29911,3
TEST_29912,4
TEST_29913,2
TEST_29914,3
TEST_29915,2
TEST_29916,4
TEST_29917,1
TEST_29918,3
TEST_29919,4
TEST_29920,0
TEST_29921,3
TEST_29922,2
TEST_29923,3
TEST_29924,2
TEST_29925,1
TEST_29926,2
TEST_29927,3
TEST_29928,1
TEST_29929,4
TEST_29930,4
TEST_29931,3
TEST_29932,4
TEST_29933,4
TEST_29934,3
TEST_29935,1
TEST_29936,1
TEST_29937,3
TEST_29938,4
TEST_29939,1
TEST_29940,2
TEST_29941,2
TEST_29942,3
TEST_29943,3
TEST_29944,0
TEST_29945,1
TEST_29946,2
TEST_29947,2
TEST_29948,4
TEST_29949,4
TEST_29950,3
TEST_29951,2
TEST_29952,3
TEST_29953,3
TEST_29954,1
TEST_29955,1
TEST_29956,3
TEST_29957,2
TEST_29958,2
TEST_29959,0
TEST_29960,1
TEST_29961,0
TEST_29962,2
TEST_29963,3
TEST_29964,3
TEST_29965,3
TEST_29966,2
TEST_29967,2
TEST_29968,4
TEST_29969,4
TEST_29970,1
TEST_29971,4
TEST_29972,2
TEST_29973,2
TEST_29974,1
TEST_29975,1
TEST_29976,1
TEST_29977,0
TEST_29978,3
TEST_29979,1
TEST_29980,3
TEST_29981,3
TEST_29982,3
TEST_29983,2
TEST_29984,3
TEST_29985,3
TEST_29986,4
TEST_29987,4
TEST_29988,3
TEST_29989,4
TEST_29990,3
TEST_29991,2
TEST_29992,3
TEST_29993,3
TEST_29994,3
TEST_29995,3
TEST_29996,1
TEST_29997,3
TEST_29998,2
TEST_29999,3
TEST_30000,1
TEST_30001,3
TEST_30002,3
TEST_30003,3
TEST_30004,1
TEST_30005,4
TEST_30006,4
TEST_30007,2
TEST_30008,0
TEST_30009,4
TEST_30010,1
TEST_30011,1
TEST_30012,4
TEST_30013,3
TEST_30014,2
TEST_30015,3
TEST_30016,4
TEST_30017,4
TEST_30018,2
TEST_30019,2
TEST_30020,4
TEST_30021,2
TEST_30022,3
TEST_30023,4
TEST_30024,2
TEST_30025,4
TEST_30026,2
TEST_30027,3
TEST_30028,1
TEST_30029,2
TEST_30030,3
TEST_30031,4
TEST_30032,0
TEST_30033,1
TEST_30034,3
TEST_30035,3
TEST_30036,1
TEST_30037,3
TEST_30038,2
TEST_30039,4
TEST_30040,1
TEST_30041,3
TEST_30042,0
TEST_30043,3
TEST_30044,4
TEST_30045,1
TEST_30046,0
TEST_30047,2
TEST_30048,1
TEST_30049,3
TEST_30050,2
TEST_30051,1
TEST_30052,4
TEST_30053,4
TEST_30054,3
TEST_30055,2
TEST_30056,2
TEST_30057,4
TEST_30058,1
TEST_30059,0
TEST_30060,3
TEST_30061,0
TEST_30062,4
TEST_30063,3
TEST_30064,2
TEST_30065,4
TEST_30066,1
TEST_30067,2
TEST_30068,0
TEST_30069,4
TEST_30070,4
TEST_30071,0
TEST_30072,2
TEST_30073,2
TEST_30074,3
TEST_30075,3
TEST_30076,2
TEST_30077,3
TEST_30078,1
TEST_30079,3
TEST_30080,3
TEST_30081,1
TEST_30082,3
TEST_30083,3
TEST_30084,3
TEST_30085,3
TEST_30086,4
TEST_30087,1
TEST_30088,0
TEST_30089,3
TEST_30090,3
TEST_30091,2
TEST_30092,2
TEST_30093,3
TEST_30094,3
TEST_30095,2
TEST_30096,0
TEST_30097,0
TEST_30098,3
TEST_30099,4
TEST_30100,3
TEST_30101,3
TEST_30102,3
TEST_30103,4
TEST_30104,4
TEST_30105,3
TEST_30106,2
TEST_30107,1
TEST_30108,0
TEST_30109,4
TEST_30110,2
TEST_30111,3
TEST_30112,3
TEST_30113,3
TEST_30114,2
TEST_30115,2
TEST_30116,3
TEST_30117,3
TEST_30118,4
TEST_30119,1
TEST_30120,3
TEST_30121,0
TEST_30122,4
TEST_30123,4
TEST_30124,2
TEST_30125,3
TEST_30126,1
TEST_30127,2
TEST_30128,3
TEST_30129,4
TEST_30130,2
TEST_30131,3
TEST_30132,1
TEST_30133,2
TEST_30134,3
TEST_30135,3
TEST_30136,3
TEST_30137,3
TEST_30138,3
TEST_30139,3
TEST_30140,0
TEST_30141,1
TEST_30142,4
TEST_30143,4
TEST_30144,3
TEST_30145,3
TEST_30146,2
TEST_30147,3
TEST_30148,1
TEST_30149,4
TEST_30150,4
TEST_30151,4
TEST_30152,3
TEST_30153,0
TEST_30154,4
TEST_30155,1
TEST_30156,0
TEST_30157,3
TEST_30158,0
TEST_30159,2
TEST_30160,0
TEST_30161,3
TEST_30162,1
TEST_30163,3
TEST_30164,4
TEST_30165,0
TEST_30166,3
TEST_30167,4
TEST_30168,0
TEST_30169,0
TEST_30170,3
TEST_30171,3
TEST_30172,4
TEST_30173,4
TEST_30174,2
TEST_30175,4
TEST_30176,1
TEST_30177,0
TEST_30178,2
TEST_30179,2
TEST_30180,3
TEST_30181,2
TEST_30182,4
TEST_30183,4
TEST_30184,1
TEST_30185,0
TEST_30186,2
TEST_30187,1
TEST_30188,3
TEST_30189,1
TEST_30190,1
TEST_30191,1
TEST_30192,3
TEST_30193,3
TEST_30194,4
TEST_30195,4
TEST_30196,2
TEST_30197,4
TEST_30198,1
TEST_30199,4
TEST_30200,1
TEST_30201,2
TEST_30202,2
TEST_30203,2
TEST_30204,4
TEST_30205,3
TEST_30206,1
TEST_30207,4
TEST_30208,3
TEST_30209,3
TEST_30210,4
TEST_30211,2
TEST_30212,3
TEST_30213,2
TEST_30214,4
TEST_30215,4
TEST_30216,0
TEST_30217,2
TEST_30218,0
TEST_30219,4
TEST_30220,0
TEST_30221,4
TEST_30222,1
TEST_30223,3
TEST_30224,2
TEST_30225,1
TEST_30226,1
TEST_30227,0
TEST_30228,4
TEST_30229,4
TEST_30230,3
TEST_30231,0
TEST_30232,0
TEST_30233,0
TEST_30234,0
TEST_30235,4
TEST_30236,4
TEST_30237,3
TEST_30238,2
TEST_30239,2
TEST_30240,0
TEST_30241,4
TEST_30242,3
TEST_30243,2
TEST_30244,0
TEST_30245,3
TEST_30246,2
TEST_30247,1
TEST_30248,2
TEST_30249,4
TEST_30250,1
TEST_30251,1
TEST_30252,3
TEST_30253,0
TEST_30254,4
TEST_30255,3
TEST_30256,0
TEST_30257,1
TEST_30258,2
TEST_30259,1
TEST_30260,3
TEST_30261,4
TEST_30262,1
TEST_30263,3
TEST_30264,1
TEST_30265,2
TEST_30266,4
TEST_30267,0
TEST_30268,4
TEST_30269,4
TEST_30270,2
TEST_30271,3
TEST_30272,2
TEST_30273,4
TEST_30274,2
TEST_30275,4
TEST_30276,1
TEST_30277,1
TEST_30278,1
TEST_30279,0
TEST_30280,3
TEST_30281,3
TEST_30282,4
TEST_30283,4
TEST_30284,1
TEST_30285,4
TEST_30286,0
TEST_30287,3
TEST_30288,4
TEST_30289,2
TEST_30290,1
TEST_30291,1
TEST_30292,4
TEST_30293,0
TEST_30294,2
TEST_30295,3
TEST_30296,1
TEST_30297,2
TEST_30298,4
TEST_30299,3
TEST_30300,0
TEST_30301,3
TEST_30302,4
TEST_30303,0
TEST_30304,1
TEST_30305,2
TEST_30306,1
TEST_30307,4
TEST_30308,3
TEST_30309,4
TEST_30310,1
TEST_30311,4
TEST_30312,4
TEST_30313,4
TEST_30314,4
TEST_30315,0
TEST_30316,3
TEST_30317,4
TEST_30318,2
TEST_30319,1
TEST_30320,2
TEST_30321,2
TEST_30322,1
TEST_30323,3
TEST_30324,2
TEST_30325,3
TEST_30326,4
TEST_30327,0
TEST_30328,2
TEST_30329,2
TEST_30330,4
TEST_30331,3
TEST_30332,3
TEST_30333,2
TEST_30334,2
TEST_30335,1
TEST_30336,1
TEST_30337,0
TEST_30338,3
TEST_30339,0
TEST_30340,3
TEST_30341,0
TEST_30342,1
TEST_30343,1
TEST_30344,2
TEST_30345,1
TEST_30346,3
TEST_30347,2
TEST_30348,2
TEST_30349,4
TEST_30350,2
TEST_30351,1
TEST_30352,2
TEST_30353,1
TEST_30354,4
TEST_30355,3
TEST_30356,2
TEST_30357,2
TEST_30358,3
TEST_30359,2
TEST_30360,0
TEST_30361,1
TEST_30362,3
TEST_30363,4
TEST_30364,0
TEST_30365,2
TEST_30366,0
TEST_30367,1
TEST_30368,3
TEST_30369,2
TEST_30370,4
TEST_30371,3
TEST_30372,4
TEST_30373,2
TEST_30374,2
TEST_30375,2
TEST_30376,2
TEST_30377,3
TEST_30378,4
TEST_30379,2
TEST_30380,4
TEST_30381,2
TEST_30382,4
TEST_30383,3
TEST_30384,1
TEST_30385,3
TEST_30386,2
TEST_30387,3
TEST_30388,2
TEST_30389,0
TEST_30390,4
TEST_30391,0
TEST_30392,0
TEST_30393,0
TEST_30394,1
TEST_30395,3
TEST_30396,2
TEST_30397,2
TEST_30398,0
TEST_30399,3
TEST_30400,2
TEST_30401,3
TEST_30402,1
TEST_30403,3
TEST_30404,3
TEST_30405,4
TEST_30406,4
TEST_30407,3
TEST_30408,1
TEST_30409,4
TEST_30410,3
TEST_30411,1
TEST_30412,2
TEST_30413,1
TEST_30414,3
TEST_30415,0
TEST_30416,1
TEST_30417,0
TEST_30418,3
TEST_30419,1
TEST_30420,1
TEST_30421,4
TEST_30422,3
TEST_30423,2
TEST_30424,3
TEST_30425,4
TEST_30426,1
TEST_30427,3
TEST_30428,0
TEST_30429,1
TEST_30430,3
TEST_30431,3
TEST_30432,4
TEST_30433,4
TEST_30434,0
TEST_30435,4
TEST_30436,4
TEST_30437,1
TEST_30438,3
TEST_30439,3
TEST_30440,1
TEST_30441,2
TEST_30442,3
TEST_30443,3
TEST_30444,1
TEST_30445,3
TEST_30446,4
TEST_30447,0
TEST_30448,2
TEST_30449,0
TEST_30450,4
TEST_30451,0
TEST_30452,3
TEST_30453,2
TEST_30454,3
TEST_30455,1
TEST_30456,4
TEST_30457,2
TEST_30458,0
TEST_30459,4
TEST_30460,3
TEST_30461,4
TEST_30462,4
TEST_30463,1
TEST_30464,4
TEST_30465,2
TEST_30466,4
TEST_30467,4
TEST_30468,2
TEST_30469,4
TEST_30470,0
TEST_30471,3
TEST_30472,4
TEST_30473,0
TEST_30474,4
TEST_30475,4
TEST_30476,2
TEST_30477,0
TEST_30478,4
TEST_30479,4
TEST_30480,3
TEST_30481,3
TEST_30482,4
TEST_30483,3
TEST_30484,4
TEST_30485,3
TEST_30486,2
TEST_30487,2
TEST_30488,3
TEST_30489,1
TEST_30490,0
TEST_30491,2
TEST_30492,4
TEST_30493,1
TEST_30494,0
TEST_30495,1
TEST_30496,0
TEST_30497,3
TEST_30498,4
TEST_30499,1
TEST_30500,1
TEST_30501,4
TEST_30502,4
TEST_30503,2
TEST_30504,0
TEST_30505,4
TEST_30506,1
TEST_30507,4
TEST_30508,2
TEST_30509,3
TEST_30510,2
TEST_30511,1
TEST_30512,1
TEST_30513,1
TEST_30514,4
TEST_30515,1
TEST_30516,4
TEST_30517,0
TEST_30518,4
TEST_30519,1
TEST_30520,4
TEST_30521,2
TEST_30522,3
TEST_30523,3
TEST_30524,4
TEST_30525,3
TEST_30526,4
TEST_30527,1
TEST_30528,4
TEST_30529,4
TEST_30530,4
TEST_30531,3
TEST_30532,2
TEST_30533,4
TEST_30534,3
TEST_30535,3
TEST_30536,3
TEST_30537,2
TEST_30538,3
TEST_30539,3
TEST_30540,2
TEST_30541,1
TEST_30542,1
TEST_30543,2
TEST_30544,1
TEST_30545,0
TEST_30546,2
TEST_30547,2
TEST_30548,2
TEST_30549,3
TEST_30550,4
TEST_30551,0
TEST_30552,1
TEST_30553,3
TEST_30554,2
TEST_30555,0
TEST_30556,2
TEST_30557,2
TEST_30558,2
TEST_30559,1
TEST_30560,2
TEST_30561,1
TEST_30562,1
TEST_30563,3
TEST_30564,2
TEST_30565,4
TEST_30566,3
TEST_30567,3
TEST_30568,1
TEST_30569,3
TEST_30570,2
TEST_30571,2
TEST_30572,2
TEST_30573,4
TEST_30574,0
TEST_30575,0
TEST_30576,4
TEST_30577,2
TEST_30578,3
TEST_30579,0
TEST_30580,2
TEST_30581,3
TEST_30582,3
TEST_30583,4
TEST_30584,4
TEST_30585,1
TEST_30586,4
TEST_30587,1
TEST_30588,1
TEST_30589,0
TEST_30590,4
TEST_30591,2
TEST_30592,3
TEST_30593,2
TEST_30594,3
TEST_30595,1
TEST_30596,4
TEST_30597,2
TEST_30598,1
TEST_30599,0
TEST_30600,3
TEST_30601,4
TEST_30602,3
TEST_30603,1
TEST_30604,1
TEST_30605,2
TEST_30606,4
TEST_30607,0
TEST_30608,3
TEST_30609,1
TEST_30610,3
TEST_30611,1
TEST_30612,3
TEST_30613,4
TEST_30614,4
TEST_30615,3
TEST_30616,3
TEST_30617,0
TEST_30618,3
TEST_30619,2
TEST_30620,1
TEST_30621,3
TEST_30622,3
TEST_30623,3
TEST_30624,2
TEST_30625,3
TEST_30626,3
TEST_30627,3
TEST_30628,3
TEST_30629,1
TEST_30630,4
TEST_30631,4
TEST_30632,4
TEST_30633,0
TEST_30634,3
TEST_30635,2
TEST_30636,3
TEST_30637,4
TEST_30638,3
TEST_30639,4
TEST_30640,4
TEST_30641,4
TEST_30642,1
TEST_30643,2
TEST_30644,3
TEST_30645,4
TEST_30646,1
TEST_30647,4
TEST_30648,3
TEST_30649,0
TEST_30650,3
TEST_30651,2
TEST_30652,2
TEST_30653,0
TEST_30654,1
TEST_30655,3
TEST_30656,4
TEST_30657,3
TEST_30658,4
TEST_30659,2
TEST_30660,4
TEST_30661,2
TEST_30662,3
TEST_30663,0
TEST_30664,3
TEST_30665,0
TEST_30666,0
TEST_30667,3
TEST_30668,3
TEST_30669,4
TEST_30670,2
TEST_30671,3
TEST_30672,1
TEST_30673,4
TEST_30674,3
TEST_30675,4
TEST_30676,3
TEST_30677,3
TEST_30678,4
TEST_30679,0
TEST_30680,3
TEST_30681,3
TEST_30682,4
TEST_30683,4
TEST_30684,4
TEST_30685,0
TEST_30686,1
TEST_30687,3
TEST_30688,4
TEST_30689,3
TEST_30690,3
TEST_30691,2
TEST_30692,4
TEST_30693,4
TEST_30694,4
TEST_30695,3
TEST_30696,3
TEST_30697,3
TEST_30698,3
TEST_30699,0
TEST_30700,1
TEST_30701,3
TEST_30702,2
TEST_30703,4
TEST_30704,1
TEST_30705,4
TEST_30706,1
TEST_30707,4
TEST_30708,4
TEST_30709,4
TEST_30710,0
TEST_30711,4
TEST_30712,4
TEST_30713,3
TEST_30714,0
TEST_30715,2
TEST_30716,3
TEST_30717,0
TEST_30718,2
TEST_30719,4
TEST_30720,3
TEST_30721,2
TEST_30722,1
TEST_30723,4
TEST_30724,4
TEST_30725,2
TEST_30726,3
TEST_30727,1
TEST_30728,1
TEST_30729,0
TEST_30730,4
TEST_30731,2
TEST_30732,1
TEST_30733,0
TEST_30734,4
TEST_30735,3
TEST_30736,3
TEST_30737,4
TEST_30738,0
TEST_30739,4
TEST_30740,3
TEST_30741,2
TEST_30742,3
TEST_30743,1
TEST_30744,2
TEST_30745,3
TEST_30746,1
TEST_30747,1
TEST_30748,0
TEST_30749,1
TEST_30750,4
TEST_30751,2
TEST_30752,4
TEST_30753,1
TEST_30754,0
TEST_30755,2
TEST_30756,0
TEST_30757,2
TEST_30758,2
TEST_30759,1
TEST_30760,2
TEST_30761,2
TEST_30762,4
TEST_30763,3
TEST_30764,3
TEST_30765,3
TEST_30766,0
TEST_30767,2
TEST_30768,2
TEST_30769,0
TEST_30770,4
TEST_30771,2
TEST_30772,1
TEST_30773,2
TEST_30774,3
TEST_30775,0
TEST_30776,2
TEST_30777,0
TEST_30778,1
TEST_30779,3
TEST_30780,3
TEST_30781,4
TEST_30782,0
TEST_30783,3
TEST_30784,3
TEST_30785,2
TEST_30786,3
TEST_30787,3
TEST_30788,1
TEST_30789,0
TEST_30790,1
TEST_30791,1
TEST_30792,1
TEST_30793,2
TEST_30794,2
TEST_30795,2
TEST_30796,1
TEST_30797,1
TEST_30798,4
TEST_30799,0
TEST_30800,3
TEST_30801,1
TEST_30802,0
TEST_30803,4
TEST_30804,3
TEST_30805,1
TEST_30806,0
TEST_30807,1
TEST_30808,4
TEST_30809,4
TEST_30810,3
TEST_30811,3
TEST_30812,1
TEST_30813,2
TEST_30814,4
TEST_30815,4
TEST_30816,4
TEST_30817,1
TEST_30818,0
TEST_30819,4
TEST_30820,3
TEST_30821,3
TEST_30822,3
TEST_30823,4
TEST_30824,4
TEST_30825,0
TEST_30826,3
TEST_30827,3
TEST_30828,1
TEST_30829,3
TEST_30830,3
TEST_30831,0
TEST_30832,2
TEST_30833,3
TEST_30834,0
TEST_30835,2
TEST_30836,4
TEST_30837,3
TEST_30838,0
TEST_30839,2
TEST_30840,1
TEST_30841,2
TEST_30842,1
TEST_30843,3
TEST_30844,1
TEST_30845,4
TEST_30846,4
TEST_30847,3
TEST_30848,3
TEST_30849,2
TEST_30850,3
TEST_30851,3
TEST_30852,4
TEST_30853,1
TEST_30854,3
TEST_30855,3
TEST_30856,1
TEST_30857,2
TEST_30858,3
TEST_30859,3
TEST_30860,4
TEST_30861,1
TEST_30862,3
TEST_30863,1
TEST_30864,3
TEST_30865,3
TEST_30866,2
TEST_30867,3
TEST_30868,1
TEST_30869,3
TEST_30870,1
TEST_30871,3
TEST_30872,3
TEST_30873,2
TEST_30874,4
TEST_30875,2
TEST_30876,2
TEST_30877,2
TEST_30878,2
TEST_30879,2
TEST_30880,2
TEST_30881,2
TEST_30882,2
TEST_30883,3
TEST_30884,3
TEST_30885,3
TEST_30886,3
TEST_30887,2
TEST_30888,3
TEST_30889,1
TEST_30890,1
TEST_30891,4
TEST_30892,1
TEST_30893,1
TEST_30894,1
TEST_30895,0
TEST_30896,0
TEST_30897,2
TEST_30898,3
TEST_30899,2
TEST_30900,1
TEST_30901,1
TEST_30902,3
TEST_30903,2
TEST_30904,0
TEST_30905,3
TEST_30906,2
TEST_30907,4
TEST_30908,0
TEST_30909,1
TEST_30910,3
TEST_30911,4
TEST_30912,0
TEST_30913,4
TEST_30914,4
TEST_30915,1
TEST_30916,0
TEST_30917,1
TEST_30918,0
TEST_30919,1
TEST_30920,4
TEST_30921,4
TEST_30922,4
TEST_30923,1
TEST_30924,3
TEST_30925,3
TEST_30926,2
TEST_30927,3
TEST_30928,1
TEST_30929,0
TEST_30930,0
TEST_30931,4
TEST_30932,4
TEST_30933,3
TEST_30934,3
TEST_30935,1
TEST_30936,2
TEST_30937,4
TEST_30938,4
TEST_30939,3
TEST_30940,2
TEST_30941,4
TEST_30942,2
TEST_30943,3
TEST_30944,3
TEST_30945,2
TEST_30946,1
TEST_30947,2
TEST_30948,0
TEST_30949,3
TEST_30950,4
TEST_30951,4
TEST_30952,0
TEST_30953,2
TEST_30954,3
TEST_30955,4
TEST_30956,1
TEST_30957,1
TEST_30958,0
TEST_30959,0
TEST_30960,3
TEST_30961,4
TEST_30962,1
TEST_30963,2
TEST_30964,2
TEST_30965,1
TEST_30966,1
TEST_30967,3
TEST_30968,3
TEST_30969,4
TEST_30970,4
TEST_30971,2
TEST_30972,4
TEST_30973,3
TEST_30974,4
TEST_30975,3
TEST_30976,3
TEST_30977,4
TEST_30978,0
TEST_30979,3
TEST_30980,2
TEST_30981,4
TEST_30982,4
TEST_30983,2
TEST_30984,2
TEST_30985,0
TEST_30986,2
TEST_30987,3
TEST_30988,4
TEST_30989,3
TEST_30990,2
TEST_30991,3
TEST_30992,2
TEST_30993,0
TEST_30994,2
TEST_30995,2
TEST_30996,0
TEST_30997,0
TEST_30998,1
TEST_30999,2
TEST_31000,2
TEST_31001,0
TEST_31002,0
TEST_31003,4
TEST_31004,1
TEST_31005,0
TEST_31006,3
TEST_31007,1
TEST_31008,2
TEST_31009,1
TEST_31010,2
TEST_31011,3
TEST_31012,2
TEST_31013,3
TEST_31014,2
TEST_31015,0
TEST_31016,3
TEST_31017,3
TEST_31018,3
TEST_31019,1
TEST_31020,4
TEST_31021,3
TEST_31022,4
TEST_31023,1
TEST_31024,3
TEST_31025,3
TEST_31026,1
TEST_31027,3
TEST_31028,3
TEST_31029,2
TEST_31030,3
TEST_31031,1
TEST_31032,2
TEST_31033,2
TEST_31034,2
TEST_31035,0
TEST_31036,4
TEST_31037,0
TEST_31038,4
TEST_31039,3
TEST_31040,1
TEST_31041,2
TEST_31042,0
TEST_31043,1
TEST_31044,0
TEST_31045,0
TEST_31046,1
TEST_31047,2
TEST_31048,4
TEST_31049,4
TEST_31050,4
TEST_31051,4
TEST_31052,2
TEST_31053,1
TEST_31054,0
TEST_31055,2
TEST_31056,1
TEST_31057,4
TEST_31058,4
TEST_31059,4
TEST_31060,4
TEST_31061,2
TEST_31062,3
TEST_31063,0
TEST_31064,1
TEST_31065,3
TEST_31066,2
TEST_31067,0
TEST_31068,0
TEST_31069,2
TEST_31070,1
TEST_31071,3
TEST_31072,0
TEST_31073,3
TEST_31074,2
TEST_31075,1
TEST_31076,3
TEST_31077,3
TEST_31078,0
TEST_31079,3
TEST_31080,0
TEST_31081,3
TEST_31082,2
TEST_31083,0
TEST_31084,4
TEST_31085,1
TEST_31086,3
TEST_31087,2
TEST_31088,1
TEST_31089,3
TEST_31090,4
TEST_31091,3
TEST_31092,0
TEST_31093,0
TEST_31094,1
TEST_31095,0
TEST_31096,2
TEST_31097,2
TEST_31098,2
TEST_31099,1
TEST_31100,4
TEST_31101,3
TEST_31102,2
TEST_31103,3
TEST_31104,3
TEST_31105,2
TEST_31106,3
TEST_31107,1
TEST_31108,1
TEST_31109,3
TEST_31110,3
TEST_31111,0
TEST_31112,3
TEST_31113,3
TEST_31114,1
TEST_31115,3
TEST_31116,2
TEST_31117,3
TEST_31118,4
TEST_31119,2
TEST_31120,1
TEST_31121,1
TEST_31122,0
TEST_31123,1
TEST_31124,1
TEST_31125,4
TEST_31126,0
TEST_31127,4
TEST_31128,2
TEST_31129,0
TEST_31130,2
TEST_31131,3
TEST_31132,4
TEST_31133,2
TEST_31134,0
TEST_31135,4
TEST_31136,3
TEST_31137,4
TEST_31138,3
TEST_31139,3
TEST_31140,2
TEST_31141,3
TEST_31142,3
TEST_31143,4
TEST_31144,3
TEST_31145,3
TEST_31146,3
TEST_31147,2
TEST_31148,1
TEST_31149,2
TEST_31150,2
TEST_31151,1
TEST_31152,3
TEST_31153,2
TEST_31154,0
TEST_31155,1
TEST_31156,4
TEST_31157,0
TEST_31158,4
TEST_31159,3
TEST_31160,3
TEST_31161,3
TEST_31162,4
TEST_31163,3
TEST_31164,0
TEST_31165,0
TEST_31166,2
TEST_31167,1
TEST_31168,3
TEST_31169,1
TEST_31170,1
TEST_31171,2
TEST_31172,2
TEST_31173,4
TEST_31174,4
TEST_31175,1
TEST_31176,1
TEST_31177,3
TEST_31178,3
TEST_31179,3
TEST_31180,2
TEST_31181,0
TEST_31182,3
TEST_31183,3
TEST_31184,2
TEST_31185,3
TEST_31186,0
TEST_31187,3
TEST_31188,4
TEST_31189,1
TEST_31190,4
TEST_31191,1
TEST_31192,3
TEST_31193,4
TEST_31194,2
TEST_31195,2
TEST_31196,3
TEST_31197,4
TEST_31198,4
TEST_31199,2
TEST_31200,2
TEST_31201,4
TEST_31202,4
TEST_31203,2
TEST_31204,3
TEST_31205,0
TEST_31206,4
TEST_31207,3
TEST_31208,0
TEST_31209,1
TEST_31210,0
TEST_31211,0
TEST_31212,4
TEST_31213,3
TEST_31214,0
TEST_31215,3
TEST_31216,4
TEST_31217,4
TEST_31218,2
TEST_31219,3
TEST_31220,3
TEST_31221,4
TEST_31222,3
TEST_31223,3
TEST_31224,4
TEST_31225,3
TEST_31226,1
TEST_31227,3
TEST_31228,3
TEST_31229,1
TEST_31230,0
TEST_31231,3
TEST_31232,4
TEST_31233,4
TEST_31234,2
TEST_31235,2
TEST_31236,4
TEST_31237,3
TEST_31238,0
TEST_31239,1
TEST_31240,3
TEST_31241,4
TEST_31242,1
TEST_31243,4
TEST_31244,2
TEST_31245,2
TEST_31246,4
TEST_31247,3
TEST_31248,3
TEST_31249,4
TEST_31250,0
TEST_31251,3
TEST_31252,3
TEST_31253,1
TEST_31254,2
TEST_31255,1
TEST_31256,2
TEST_31257,3
TEST_31258,3
TEST_31259,1
TEST_31260,2
TEST_31261,3
TEST_31262,2
TEST_31263,3
TEST_31264,1
TEST_31265,3
TEST_31266,3
TEST_31267,2
TEST_31268,4
TEST_31269,4
TEST_31270,2
TEST_31271,3
TEST_31272,1
TEST_31273,3
TEST_31274,2
TEST_31275,3
TEST_31276,2
TEST_31277,4
TEST_31278,1
TEST_31279,4
TEST_31280,2
TEST_31281,2
TEST_31282,0
TEST_31283,2
TEST_31284,0
TEST_31285,0
TEST_31286,4
TEST_31287,1
TEST_31288,3
TEST_31289,3
TEST_31290,4
TEST_31291,0
TEST_31292,2
TEST_31293,4
TEST_31294,4
TEST_31295,4
TEST_31296,4
TEST_31297,4
TEST_31298,4
TEST_31299,3
TEST_31300,1
TEST_31301,3
TEST_31302,4
TEST_31303,0
TEST_31304,2
TEST_31305,1
TEST_31306,4
TEST_31307,0
TEST_31308,4
TEST_31309,4
TEST_31310,1
TEST_31311,1
TEST_31312,1
TEST_31313,4
TEST_31314,2
TEST_31315,0
TEST_31316,2
TEST_31317,1
TEST_31318,3
TEST_31319,1
TEST_31320,0
TEST_31321,1
TEST_31322,2
TEST_31323,4
TEST_31324,3
TEST_31325,0
TEST_31326,4
TEST_31327,4
TEST_31328,3
TEST_31329,1
TEST_31330,0
TEST_31331,4
TEST_31332,1
TEST_31333,3
TEST_31334,3
TEST_31335,1
TEST_31336,4
TEST_31337,3
TEST_31338,4
TEST_31339,2
TEST_31340,2
TEST_31341,2
TEST_31342,3
TEST_31343,4
TEST_31344,2
TEST_31345,3
TEST_31346,4
TEST_31347,4
TEST_31348,3
TEST_31349,1
TEST_31350,1
TEST_31351,2
TEST_31352,3
TEST_31353,2
TEST_31354,2
TEST_31355,3
TEST_31356,4
TEST_31357,4
TEST_31358,2
TEST_31359,2
TEST_31360,2
TEST_31361,2
TEST_31362,2
TEST_31363,3
TEST_31364,4
TEST_31365,1
TEST_31366,2
TEST_31367,4
TEST_31368,0
TEST_31369,4
TEST_31370,3
TEST_31371,1
TEST_31372,4
TEST_31373,3
TEST_31374,1
TEST_31375,0
TEST_31376,3
TEST_31377,0
TEST_31378,1
TEST_31379,3
TEST_31380,3
TEST_31381,4
TEST_31382,2
TEST_31383,2
TEST_31384,1
TEST_31385,4
TEST_31386,2
TEST_31387,3
TEST_31388,1
TEST_31389,2
TEST_31390,2
TEST_31391,0
TEST_31392,4
TEST_31393,1
TEST_31394,4
TEST_31395,4
TEST_31396,3
TEST_31397,0
TEST_31398,3
TEST_31399,2
TEST_31400,3
TEST_31401,2
TEST_31402,2
TEST_31403,2
TEST_31404,2
TEST_31405,3
TEST_31406,4
TEST_31407,0
TEST_31408,1
TEST_31409,4
TEST_31410,3
TEST_31411,3
TEST_31412,3
TEST_31413,4
TEST_31414,2
TEST_31415,1
TEST_31416,2
TEST_31417,3
TEST_31418,3
TEST_31419,4
TEST_31420,3
TEST_31421,0
TEST_31422,2
TEST_31423,4
TEST_31424,3
TEST_31425,1
TEST_31426,1
TEST_31427,1
TEST_31428,4
TEST_31429,1
TEST_31430,4
TEST_31431,3
TEST_31432,4
TEST_31433,1
TEST_31434,2
TEST_31435,3
TEST_31436,1
TEST_31437,1
TEST_31438,4
TEST_31439,3
TEST_31440,3
TEST_31441,1
TEST_31442,0
TEST_31443,0
TEST_31444,2
TEST_31445,3
TEST_31446,4
TEST_31447,2
TEST_31448,2
TEST_31449,4
TEST_31450,3
TEST_31451,4
TEST_31452,4
TEST_31453,0
TEST_31454,2
TEST_31455,3
TEST_31456,0
TEST_31457,2
TEST_31458,3
TEST_31459,2
TEST_31460,0
TEST_31461,2
TEST_31462,4
TEST_31463,4
TEST_31464,1
TEST_31465,0
TEST_31466,4
TEST_31467,0
TEST_31468,0
TEST_31469,2
TEST_31470,1
TEST_31471,3
TEST_31472,4
TEST_31473,3
TEST_31474,2
TEST_31475,1
TEST_31476,4
TEST_31477,1
TEST_31478,2
TEST_31479,0
TEST_31480,3
TEST_31481,3
TEST_31482,0
TEST_31483,4
TEST_31484,3
TEST_31485,3
TEST_31486,0
TEST_31487,2
TEST_31488,2
TEST_31489,3
TEST_31490,3
TEST_31491,3
TEST_31492,4
TEST_31493,4
TEST_31494,4
TEST_31495,0
TEST_31496,4
TEST_31497,3
TEST_31498,1
TEST_31499,2
TEST_31500,1
TEST_31501,4
TEST_31502,4
TEST_31503,3
TEST_31504,0
TEST_31505,2
TEST_31506,0
TEST_31507,1
TEST_31508,0
TEST_31509,3
TEST_31510,4
TEST_31511,4
TEST_31512,1
TEST_31513,4
TEST_31514,1
TEST_31515,1
TEST_31516,2
TEST_31517,4
TEST_31518,4
TEST_31519,0
TEST_31520,2
TEST_31521,4
TEST_31522,0
TEST_31523,1
TEST_31524,1
TEST_31525,1
TEST_31526,4
TEST_31527,1
TEST_31528,3
TEST_31529,3
TEST_31530,1
TEST_31531,3
TEST_31532,3
TEST_31533,4
TEST_31534,2
TEST_31535,1
TEST_31536,3
TEST_31537,3
TEST_31538,2
TEST_31539,4
TEST_31540,4
TEST_31541,2
TEST_31542,0
TEST_31543,1
TEST_31544,2
TEST_31545,0
TEST_31546,1
TEST_31547,4
TEST_31548,2
TEST_31549,4
TEST_31550,1
TEST_31551,1
TEST_31552,1
TEST_31553,1
TEST_31554,2
TEST_31555,4
TEST_31556,4
TEST_31557,2
TEST_31558,3
TEST_31559,4
TEST_31560,2
TEST_31561,4
TEST_31562,4
TEST_31563,1
TEST_31564,0
TEST_31565,3
TEST_31566,1
TEST_31567,4
TEST_31568,3
TEST_31569,1
TEST_31570,1
TEST_31571,2
TEST_31572,1
TEST_31573,1
TEST_31574,4
TEST_31575,4
TEST_31576,1
TEST_31577,3
TEST_31578,0
TEST_31579,1
TEST_31580,4
TEST_31581,4
TEST_31582,0
TEST_31583,2
TEST_31584,3
TEST_31585,3
TEST_31586,2
TEST_31587,4
TEST_31588,4
TEST_31589,4
TEST_31590,4
TEST_31591,3
TEST_31592,1
TEST_31593,4
TEST_31594,4
TEST_31595,3
TEST_31596,2
TEST_31597,4
TEST_31598,4
TEST_31599,3
TEST_31600,3
TEST_31601,3
TEST_31602,3
TEST_31603,0
TEST_31604,4
TEST_31605,1
TEST_31606,0
TEST_31607,1
TEST_31608,4
TEST_31609,1
TEST_31610,0
TEST_31611,2
TEST_31612,4
TEST_31613,0
TEST_31614,0
TEST_31615,4
TEST_31616,4
TEST_31617,4
TEST_31618,4
TEST_31619,4
TEST_31620,3
TEST_31621,4
TEST_31622,4
TEST_31623,4
TEST_31624,3
TEST_31625,4
TEST_31626,2
TEST_31627,3
TEST_31628,0
TEST_31629,2
TEST_31630,0
TEST_31631,2
TEST_31632,3
TEST_31633,4
TEST_31634,4
TEST_31635,2
TEST_31636,0
TEST_31637,4
TEST_31638,4
TEST_31639,4
TEST_31640,3
TEST_31641,4
TEST_31642,4
TEST_31643,1
TEST_31644,3
TEST_31645,3
TEST_31646,4
TEST_31647,3
TEST_31648,2
TEST_31649,2
TEST_31650,2
TEST_31651,0
TEST_31652,3
TEST_31653,0
TEST_31654,1
TEST_31655,4
TEST_31656,1
TEST_31657,2
TEST_31658,2
TEST_31659,1
TEST_31660,3
TEST_31661,1
TEST_31662,4
TEST_31663,3
TEST_31664,1
TEST_31665,2
TEST_31666,4
TEST_31667,4
TEST_31668,1
TEST_31669,3
TEST_31670,4
TEST_31671,4
TEST_31672,2
TEST_31673,2
TEST_31674,3
TEST_31675,0
TEST_31676,1
TEST_31677,1
TEST_31678,1
TEST_31679,2
TEST_31680,2
TEST_31681,1
TEST_31682,3
TEST_31683,1
TEST_31684,3
TEST_31685,3
TEST_31686,2
TEST_31687,4
TEST_31688,4
TEST_31689,2
TEST_31690,2
TEST_31691,1
TEST_31692,4
TEST_31693,3
TEST_31694,3
TEST_31695,3
TEST_31696,0
TEST_31697,2
TEST_31698,3
TEST_31699,3
TEST_31700,2
TEST_31701,0
TEST_31702,4
TEST_31703,2
TEST_31704,3
TEST_31705,0
TEST_31706,1
TEST_31707,3
TEST_31708,2
TEST_31709,3
TEST_31710,4
TEST_31711,3
TEST_31712,2
TEST_31713,4
TEST_31714,1
TEST_31715,3
TEST_31716,1
TEST_31717,3
TEST_31718,3
TEST_31719,4
TEST_31720,3
TEST_31721,3
TEST_31722,3
TEST_31723,1
TEST_31724,1
TEST_31725,4
TEST_31726,3
TEST_31727,2
TEST_31728,4
TEST_31729,3
TEST_31730,1
TEST_31731,0
TEST_31732,1
TEST_31733,0
TEST_31734,1
TEST_31735,3
TEST_31736,4
TEST_31737,3
TEST_31738,3
TEST_31739,0
TEST_31740,3
TEST_31741,3
TEST_31742,0
TEST_31743,3
TEST_31744,3
TEST_31745,4
TEST_31746,4
TEST_31747,4
TEST_31748,0
TEST_31749,2
TEST_31750,3
TEST_31751,4
TEST_31752,1
TEST_31753,4
TEST_31754,3
TEST_31755,4
TEST_31756,0
TEST_31757,0
TEST_31758,3
TEST_31759,1
TEST_31760,1
TEST_31761,1
TEST_31762,0
TEST_31763,3
TEST_31764,4
TEST_31765,2
TEST_31766,4
TEST_31767,1
TEST_31768,3
TEST_31769,0
TEST_31770,2
TEST_31771,3
TEST_31772,0
TEST_31773,2
TEST_31774,2
TEST_31775,3
TEST_31776,4
TEST_31777,3
TEST_31778,3
TEST_31779,3
TEST_31780,3
TEST_31781,3
TEST_31782,2
TEST_31783,4
TEST_31784,1
TEST_31785,0
TEST_31786,1
TEST_31787,0
TEST_31788,4
TEST_31789,1
TEST_31790,0
TEST_31791,4
TEST_31792,2
TEST_31793,3
TEST_31794,4
TEST_31795,3
TEST_31796,2
TEST_31797,3
TEST_31798,0
TEST_31799,2
TEST_31800,3
TEST_31801,3
TEST_31802,2
TEST_31803,4
TEST_31804,3
TEST_31805,1
TEST_31806,2
TEST_31807,3
TEST_31808,3
TEST_31809,1
TEST_31810,3
TEST_31811,3
TEST_31812,4
TEST_31813,1
TEST_31814,1
TEST_31815,3
TEST_31816,2
TEST_31817,0
TEST_31818,3
TEST_31819,2
TEST_31820,4
TEST_31821,3
TEST_31822,2
TEST_31823,3
TEST_31824,4
TEST_31825,3
TEST_31826,3
TEST_31827,4
TEST_31828,0
TEST_31829,3
TEST_31830,2
TEST_31831,3
TEST_31832,2
TEST_31833,2
TEST_31834,3
TEST_31835,3
TEST_31836,3
TEST_31837,2
TEST_31838,2
TEST_31839,4
TEST_31840,1
TEST_31841,3
TEST_31842,0
TEST_31843,3
TEST_31844,2
TEST_31845,3
TEST_31846,3
TEST_31847,3
TEST_31848,4
TEST_31849,0
TEST_31850,2
TEST_31851,2
TEST_31852,0
TEST_31853,3
TEST_31854,1
TEST_31855,4
TEST_31856,2
TEST_31857,1
TEST_31858,3
TEST_31859,1
TEST_31860,4
TEST_31861,1
TEST_31862,4
TEST_31863,3
TEST_31864,4
TEST_31865,1
TEST_31866,3
TEST_31867,3
TEST_31868,4
TEST_31869,0
TEST_31870,0
TEST_31871,3
TEST_31872,1
TEST_31873,0
TEST_31874,4
TEST_31875,3
TEST_31876,1
TEST_31877,3
TEST_31878,1
TEST_31879,3
TEST_31880,0
TEST_31881,4
TEST_31882,3
TEST_31883,3
TEST_31884,2
TEST_31885,4
TEST_31886,2
TEST_31887,0
TEST_31888,4
TEST_31889,2
TEST_31890,4
TEST_31891,1
TEST_31892,2
TEST_31893,0
TEST_31894,1
TEST_31895,1
TEST_31896,0
TEST_31897,2
TEST_31898,2
TEST_31899,1
TEST_31900,4
TEST_31901,0
TEST_31902,2
TEST_31903,4
TEST_31904,4
TEST_31905,1
TEST_31906,2
TEST_31907,4
TEST_31908,3
TEST_31909,1
TEST_31910,1
TEST_31911,1
TEST_31912,3
TEST_31913,3
TEST_31914,2
TEST_31915,0
TEST_31916,1
TEST_31917,3
TEST_31918,3
TEST_31919,0
TEST_31920,0
TEST_31921,3
TEST_31922,2
TEST_31923,4
TEST_31924,4
TEST_31925,2
TEST_31926,4
TEST_31927,1
TEST_31928,3
TEST_31929,1
TEST_31930,3
TEST_31931,3
TEST_31932,3
TEST_31933,4
TEST_31934,0
TEST_31935,3
TEST_31936,4
TEST_31937,4
TEST_31938,4
TEST_31939,4
TEST_31940,0
TEST_31941,0
TEST_31942,3
TEST_31943,3
TEST_31944,4
TEST_31945,2
TEST_31946,3
TEST_31947,3
TEST_31948,0
TEST_31949,1
TEST_31950,4
TEST_31951,4
TEST_31952,2
TEST_31953,2
TEST_31954,3
TEST_31955,1
TEST_31956,3
TEST_31957,1
TEST_31958,1
TEST_31959,2
TEST_31960,0
TEST_31961,2
TEST_31962,3
TEST_31963,1
TEST_31964,4
TEST_31965,3
TEST_31966,4
TEST_31967,3
TEST_31968,4
TEST_31969,3
TEST_31970,3
TEST_31971,3
TEST_31972,4
TEST_31973,3
TEST_31974,3
TEST_31975,4
TEST_31976,3
TEST_31977,4
TEST_31978,2
TEST_31979,2
TEST_31980,3
TEST_31981,1
TEST_31982,1
TEST_31983,3
TEST_31984,2
TEST_31985,2
TEST_31986,4
TEST_31987,1
TEST_31988,4
TEST_31989,3
TEST_31990,1
TEST_31991,3
TEST_31992,4
TEST_31993,0
TEST_31994,3
TEST_31995,2
TEST_31996,4
TEST_31997,3
TEST_31998,0
TEST_31999,3
TEST_32000,2
TEST_32001,0
TEST_32002,0
TEST_32003,2
TEST_32004,2
TEST_32005,0
TEST_32006,3
TEST_32007,3
TEST_32008,1
TEST_32009,2
TEST_32010,3
TEST_32011,3
TEST_32012,0
TEST_32013,3
TEST_32014,1
TEST_32015,2
TEST_32016,3
TEST_32017,2
TEST_32018,1
TEST_32019,4
TEST_32020,4
TEST_32021,3
TEST_32022,2
TEST_32023,2
TEST_32024,3
TEST_32025,3
TEST_32026,2
TEST_32027,4
TEST_32028,3
TEST_32029,2
TEST_32030,2
TEST_32031,3
TEST_32032,3
TEST_32033,4
TEST_32034,2
TEST_32035,3
TEST_32036,3
TEST_32037,3
TEST_32038,3
TEST_32039,4
TEST_32040,3
TEST_32041,0
TEST_32042,3
TEST_32043,1
TEST_32044,3
TEST_32045,3
TEST_32046,3
TEST_32047,3
TEST_32048,2
TEST_32049,2
TEST_32050,4
TEST_32051,4
TEST_32052,0
TEST_32053,4
TEST_32054,2
TEST_32055,4
TEST_32056,4
TEST_32057,0
TEST_32058,3
TEST_32059,1
TEST_32060,3
TEST_32061,0
TEST_32062,3
TEST_32063,3
TEST_32064,3
TEST_32065,4
TEST_32066,2
TEST_32067,2
TEST_32068,2
TEST_32069,2
TEST_32070,2
TEST_32071,2
TEST_32072,4
TEST_32073,2
TEST_32074,3
TEST_32075,3
TEST_32076,2
TEST_32077,2
TEST_32078,3
TEST_32079,2
TEST_32080,0
TEST_32081,3
TEST_32082,3
TEST_32083,1
TEST_32084,4
TEST_32085,4
TEST_32086,1
TEST_32087,1
TEST_32088,2
TEST_32089,1
TEST_32090,0
TEST_32091,0
TEST_32092,3
TEST_32093,1
TEST_32094,0
TEST_32095,4
TEST_32096,3
TEST_32097,2
TEST_32098,4
TEST_32099,3
TEST_32100,2
TEST_32101,1
TEST_32102,3
TEST_32103,0
TEST_32104,1
TEST_32105,1
TEST_32106,3
TEST_32107,2
TEST_32108,2
TEST_32109,1
TEST_32110,4
TEST_32111,1
TEST_32112,2
TEST_32113,2
TEST_32114,3
TEST_32115,3
TEST_32116,3
TEST_32117,4
TEST_32118,1
TEST_32119,2
TEST_32120,1
TEST_32121,1
TEST_32122,4
TEST_32123,1
TEST_32124,2
TEST_32125,4
TEST_32126,2
TEST_32127,3
TEST_32128,2
TEST_32129,4
TEST_32130,2
TEST_32131,4
TEST_32132,3
TEST_32133,3
TEST_32134,2
TEST_32135,0
TEST_32136,3
TEST_32137,0
TEST_32138,4
TEST_32139,1
TEST_32140,2
TEST_32141,3
TEST_32142,4
TEST_32143,2
TEST_32144,4
TEST_32145,2
TEST_32146,3
TEST_32147,3
TEST_32148,0
TEST_32149,1
TEST_32150,1
TEST_32151,1
TEST_32152,1
TEST_32153,3
TEST_32154,2
TEST_32155,2
TEST_32156,3
TEST_32157,1
TEST_32158,2
TEST_32159,3
TEST_32160,1
TEST_32161,3
TEST_32162,0
TEST_32163,2
TEST_32164,0
TEST_32165,1
TEST_32166,3
TEST_32167,2
TEST_32168,0
TEST_32169,3
TEST_32170,3
TEST_32171,2
TEST_32172,4
TEST_32173,4
TEST_32174,1
TEST_32175,0
TEST_32176,0
TEST_32177,4
TEST_32178,4
TEST_32179,3
TEST_32180,0
TEST_32181,0
TEST_32182,3
TEST_32183,4
TEST_32184,3
TEST_32185,2
TEST_32186,2
TEST_32187,0
TEST_32188,3
TEST_32189,3
TEST_32190,4
TEST_32191,3
TEST_32192,1
TEST_32193,3
TEST_32194,3
TEST_32195,3
TEST_32196,3
TEST_32197,3
TEST_32198,1
TEST_32199,3
TEST_32200,0
TEST_32201,1
TEST_32202,1
TEST_32203,3
TEST_32204,4
TEST_32205,2
TEST_32206,3
TEST_32207,1
TEST_32208,3
TEST_32209,3
TEST_32210,1
TEST_32211,3
TEST_32212,4
TEST_32213,2
TEST_32214,3
TEST_32215,3
TEST_32216,3
TEST_32217,3
TEST_32218,4
TEST_32219,4
TEST_32220,3
TEST_32221,4
TEST_32222,2
TEST_32223,2
TEST_32224,4
TEST_32225,1
TEST_32226,4
TEST_32227,1
TEST_32228,4
TEST_32229,2
TEST_32230,4
TEST_32231,3
TEST_32232,3
TEST_32233,3
TEST_32234,2
TEST_32235,4
TEST_32236,4
TEST_32237,3
TEST_32238,0
TEST_32239,4
TEST_32240,3
TEST_32241,2
TEST_32242,4
TEST_32243,0
TEST_32244,0
TEST_32245,3
TEST_32246,2
TEST_32247,1
TEST_32248,2
TEST_32249,3
TEST_32250,0
TEST_32251,3
TEST_32252,2
TEST_32253,3
TEST_32254,1
TEST_32255,3
TEST_32256,4
TEST_32257,4
TEST_32258,4
TEST_32259,1
TEST_32260,3
TEST_32261,3
TEST_32262,1
TEST_32263,3
TEST_32264,4
TEST_32265,3
TEST_32266,4
TEST_32267,1
TEST_32268,2
TEST_32269,3
TEST_32270,4
TEST_32271,3
TEST_32272,3
TEST_32273,3
TEST_32274,0
TEST_32275,2
TEST_32276,4
TEST_32277,4
TEST_32278,4
TEST_32279,2
TEST_32280,4
TEST_32281,4
TEST_32282,4
TEST_32283,1
TEST_32284,4
TEST_32285,2
TEST_32286,4
TEST_32287,2
TEST_32288,4
TEST_32289,3
TEST_32290,0
TEST_32291,3
TEST_32292,4
TEST_32293,0
TEST_32294,0
TEST_32295,1
TEST_32296,2
TEST_32297,4
TEST_32298,4
TEST_32299,4
TEST_32300,3
TEST_32301,0
TEST_32302,2
TEST_32303,1
TEST_32304,2
TEST_32305,2
TEST_32306,1
TEST_32307,3
TEST_32308,0
TEST_32309,2
TEST_32310,3
TEST_32311,2
TEST_32312,4
TEST_32313,1
TEST_32314,2
TEST_32315,0
TEST_32316,1
TEST_32317,2
TEST_32318,3
TEST_32319,3
TEST_32320,1
TEST_32321,3
TEST_32322,4
TEST_32323,3
TEST_32324,2
TEST_32325,2
TEST_32326,3
TEST_32327,2
TEST_32328,1
TEST_32329,0
TEST_32330,1
TEST_32331,2
TEST_32332,4
TEST_32333,1
TEST_32334,1
TEST_32335,4
TEST_32336,1
TEST_32337,1
TEST_32338,1
TEST_32339,0
TEST_32340,2
TEST_32341,2
TEST_32342,4
TEST_32343,4
TEST_32344,4
TEST_32345,3
TEST_32346,3
TEST_32347,3
TEST_32348,2
TEST_32349,3
TEST_32350,0
TEST_32351,3
TEST_32352,3
TEST_32353,3
TEST_32354,3
TEST_32355,3
TEST_32356,1
TEST_32357,0
TEST_32358,0
TEST_32359,2
TEST_32360,4
TEST_32361,0
TEST_32362,3
TEST_32363,3
TEST_32364,3
TEST_32365,3
TEST_32366,3
TEST_32367,2
TEST_32368,3
TEST_32369,3
TEST_32370,2
TEST_32371,2
TEST_32372,3
TEST_32373,3
TEST_32374,2
TEST_32375,4
TEST_32376,3
TEST_32377,3
TEST_32378,1
TEST_32379,4
TEST_32380,3
TEST_32381,4
TEST_32382,2
TEST_32383,3
TEST_32384,1
TEST_32385,3
TEST_32386,3
TEST_32387,1
TEST_32388,3
TEST_32389,3
TEST_32390,1
TEST_32391,2
TEST_32392,3
TEST_32393,1
TEST_32394,1
TEST_32395,3
TEST_32396,2
TEST_32397,3
TEST_32398,1
TEST_32399,3
TEST_32400,3
TEST_32401,2
TEST_32402,1
TEST_32403,3
TEST_32404,4
TEST_32405,3
TEST_32406,3
TEST_32407,3
TEST_32408,4
TEST_32409,3
TEST_32410,4
TEST_32411,3
TEST_32412,2
TEST_32413,4
TEST_32414,4
TEST_32415,4
TEST_32416,0
TEST_32417,3
TEST_32418,3
TEST_32419,2
TEST_32420,3
TEST_32421,2
TEST_32422,3
TEST_32423,4
TEST_32424,3
TEST_32425,2
TEST_32426,2
TEST_32427,0
TEST_32428,2
TEST_32429,1
TEST_32430,1
TEST_32431,4
TEST_32432,2
TEST_32433,4
TEST_32434,4
TEST_32435,3
TEST_32436,0
TEST_32437,3
TEST_32438,1
TEST_32439,2
TEST_32440,3
TEST_32441,0
TEST_32442,3
TEST_32443,1
TEST_32444,4
TEST_32445,3
TEST_32446,2
TEST_32447,2
TEST_32448,4
TEST_32449,4
TEST_32450,3
TEST_32451,2
TEST_32452,3
TEST_32453,3
TEST_32454,3
TEST_32455,4
TEST_32456,3
TEST_32457,2
TEST_32458,1
TEST_32459,2
TEST_32460,1
TEST_32461,4
TEST_32462,0
TEST_32463,3
TEST_32464,2
TEST_32465,2
TEST_32466,2
TEST_32467,3
TEST_32468,4
TEST_32469,2
TEST_32470,3
TEST_32471,4
TEST_32472,2
TEST_32473,3
TEST_32474,1
TEST_32475,1
TEST_32476,1
TEST_32477,4
TEST_32478,3
TEST_32479,4
TEST_32480,1
TEST_32481,3
TEST_32482,4
TEST_32483,1
TEST_32484,4
TEST_32485,1
TEST_32486,2
TEST_32487,1
TEST_32488,0
TEST_32489,4
TEST_32490,4
TEST_32491,4
TEST_32492,4
TEST_32493,1
TEST_32494,3
TEST_32495,4
TEST_32496,1
TEST_32497,1
TEST_32498,3
TEST_32499,3
TEST_32500,4
TEST_32501,1
TEST_32502,0
TEST_32503,4
TEST_32504,2
TEST_32505,4
TEST_32506,4
TEST_32507,4
TEST_32508,2
TEST_32509,4
TEST_32510,3
TEST_32511,1
TEST_32512,4
TEST_32513,0
TEST_32514,1
TEST_32515,0
TEST_32516,3
TEST_32517,4
TEST_32518,1
TEST_32519,3
TEST_32520,2
TEST_32521,4
TEST_32522,2
TEST_32523,2
TEST_32524,4
TEST_32525,1
TEST_32526,3
TEST_32527,3
TEST_32528,4
TEST_32529,3
TEST_32530,4
TEST_32531,3
TEST_32532,4
TEST_32533,1
TEST_32534,2
TEST_32535,0
TEST_32536,4
TEST_32537,4
TEST_32538,3
TEST_32539,3
TEST_32540,3
TEST_32541,0
TEST_32542,3
TEST_32543,1
TEST_32544,4
TEST_32545,3
TEST_32546,3
TEST_32547,2
TEST_32548,3
TEST_32549,0
TEST_32550,4
TEST_32551,4
TEST_32552,3
TEST_32553,2
TEST_32554,3
TEST_32555,1
TEST_32556,4
TEST_32557,0
TEST_32558,2
TEST_32559,0
TEST_32560,1
TEST_32561,1
TEST_32562,2
TEST_32563,2
TEST_32564,2
TEST_32565,4
TEST_32566,1
TEST_32567,2
TEST_32568,3
TEST_32569,4
TEST_32570,3
TEST_32571,2
TEST_32572,1
TEST_32573,4
TEST_32574,3
TEST_32575,1
TEST_32576,2
TEST_32577,2
TEST_32578,4
TEST_32579,1
TEST_32580,4
TEST_32581,1
TEST_32582,0
TEST_32583,3
TEST_32584,2
TEST_32585,4
TEST_32586,3
TEST_32587,4
TEST_32588,0
TEST_32589,2
TEST_32590,4
TEST_32591,3
TEST_32592,2
TEST_32593,3
TEST_32594,3
TEST_32595,0
TEST_32596,1
TEST_32597,2
TEST_32598,0
TEST_32599,1
TEST_32600,4
TEST_32601,1
TEST_32602,3
TEST_32603,2
TEST_32604,3
TEST_32605,4
TEST_32606,0
TEST_32607,2
TEST_32608,3
TEST_32609,3
TEST_32610,2
TEST_32611,2
TEST_32612,3
TEST_32613,4
TEST_32614,4
TEST_32615,4
TEST_32616,3
TEST_32617,2
TEST_32618,3
TEST_32619,1
TEST_32620,2
TEST_32621,0
TEST_32622,2
TEST_32623,4
TEST_32624,0
TEST_32625,3
TEST_32626,4
TEST_32627,3
TEST_32628,2
TEST_32629,2
TEST_32630,2
TEST_32631,4
TEST_32632,4
TEST_32633,2
TEST_32634,4
TEST_32635,1
TEST_32636,1
TEST_32637,1
TEST_32638,3
TEST_32639,2
TEST_32640,3
TEST_32641,1
TEST_32642,2
TEST_32643,3
TEST_32644,0
TEST_32645,2
TEST_32646,3
TEST_32647,4
TEST_32648,2
TEST_32649,4
TEST_32650,3
TEST_32651,4
TEST_32652,3
TEST_32653,2
TEST_32654,4
TEST_32655,0
TEST_32656,4
TEST_32657,2
TEST_32658,4
TEST_32659,3
TEST_32660,2
TEST_32661,1
TEST_32662,1
TEST_32663,4
TEST_32664,3
TEST_32665,1
TEST_32666,4
TEST_32667,3
TEST_32668,0
TEST_32669,3
TEST_32670,3
TEST_32671,3
TEST_32672,1
TEST_32673,4
TEST_32674,0
TEST_32675,2
TEST_32676,4
TEST_32677,4
TEST_32678,1
TEST_32679,4
TEST_32680,3
TEST_32681,4
TEST_32682,4
TEST_32683,1
TEST_32684,3
TEST_32685,1
TEST_32686,1
TEST_32687,0
TEST_32688,4
TEST_32689,3
TEST_32690,1
TEST_32691,3
TEST_32692,4
TEST_32693,1
TEST_32694,0
TEST_32695,4
TEST_32696,4
TEST_32697,2
TEST_32698,1
TEST_32699,2
TEST_32700,3
TEST_32701,3
TEST_32702,4
TEST_32703,3
TEST_32704,1
TEST_32705,2
TEST_32706,1
TEST_32707,1
TEST_32708,4
TEST_32709,0
TEST_32710,0
TEST_32711,3
TEST_32712,1
TEST_32713,1
TEST_32714,1
TEST_32715,2
TEST_32716,3
TEST_32717,2
TEST_32718,3
TEST_32719,4
TEST_32720,4
TEST_32721,3
TEST_32722,1
TEST_32723,3
TEST_32724,4
TEST_32725,0
TEST_32726,3
TEST_32727,1
TEST_32728,3
TEST_32729,4
TEST_32730,0
TEST_32731,1
TEST_32732,1
TEST_32733,1
TEST_32734,1
TEST_32735,3
TEST_32736,3
TEST_32737,3
TEST_32738,4
TEST_32739,4
TEST_32740,1
TEST_32741,2
TEST_32742,2
TEST_32743,3
TEST_32744,3
TEST_32745,3
TEST_32746,3
TEST_32747,2
TEST_32748,2
TEST_32749,2
TEST_32750,2
TEST_32751,1
TEST_32752,2
TEST_32753,4
TEST_32754,1
TEST_32755,4
TEST_32756,3
TEST_32757,3
TEST_32758,0
TEST_32759,4
TEST_32760,3
TEST_32761,1
TEST_32762,3
TEST_32763,0
TEST_32764,1
TEST_32765,4
TEST_32766,1
TEST_32767,3
TEST_32768,1
TEST_32769,4
TEST_32770,1
TEST_32771,3
TEST_32772,4
TEST_32773,2
TEST_32774,4
TEST_32775,1
TEST_32776,4
TEST_32777,3
TEST_32778,2
TEST_32779,3
TEST_32780,3
TEST_32781,0
TEST_32782,3
TEST_32783,3
TEST_32784,3
TEST_32785,4
TEST_32786,2
TEST_32787,1
TEST_32788,3
TEST_32789,3
TEST_32790,2
TEST_32791,2
TEST_32792,3
TEST_32793,1
TEST_32794,3
TEST_32795,3
TEST_32796,0
TEST_32797,1
TEST_32798,2
TEST_32799,4
TEST_32800,3
TEST_32801,1
TEST_32802,1
TEST_32803,4
TEST_32804,4
TEST_32805,3
TEST_32806,0
TEST_32807,4
TEST_32808,3
TEST_32809,4
TEST_32810,2
TEST_32811,4
TEST_32812,1
TEST_32813,3
TEST_32814,2
TEST_32815,4
TEST_32816,4
TEST_32817,3
TEST_32818,0
TEST_32819,2
TEST_32820,3
TEST_32821,3
TEST_32822,2
TEST_32823,4
TEST_32824,0
TEST_32825,4
TEST_32826,4
TEST_32827,4
TEST_32828,2
TEST_32829,2
TEST_32830,3
TEST_32831,3
TEST_32832,4
TEST_32833,3
TEST_32834,4
TEST_32835,4
TEST_32836,2
TEST_32837,0
TEST_32838,2
TEST_32839,4
TEST_32840,2
TEST_32841,4
TEST_32842,1
TEST_32843,3
TEST_32844,2
TEST_32845,2
TEST_32846,4
TEST_32847,3
TEST_32848,1
TEST_32849,2
TEST_32850,3
TEST_32851,3
TEST_32852,3
TEST_32853,2
TEST_32854,3
TEST_32855,4
TEST_32856,4
TEST_32857,2
TEST_32858,4
TEST_32859,4
TEST_32860,2
TEST_32861,3
TEST_32862,1
TEST_32863,3
TEST_32864,3
TEST_32865,0
TEST_32866,3
TEST_32867,3
TEST_32868,2
TEST_32869,2
TEST_32870,2
TEST_32871,4
TEST_32872,0
TEST_32873,3
TEST_32874,3
TEST_32875,0
TEST_32876,4
TEST_32877,3
TEST_32878,2
TEST_32879,3
TEST_32880,4
TEST_32881,4
TEST_32882,2
TEST_32883,4
TEST_32884,3
TEST_32885,3
TEST_32886,2
TEST_32887,1
TEST_32888,3
TEST_32889,4
TEST_32890,2
TEST_32891,0
TEST_32892,3
TEST_32893,4
TEST_32894,4
TEST_32895,2
TEST_32896,4
TEST_32897,3
TEST_32898,1
TEST_32899,1
TEST_32900,3
TEST_32901,1
TEST_32902,4
TEST_32903,4
TEST_32904,4
TEST_32905,4
TEST_32906,3
TEST_32907,1
TEST_32908,3
TEST_32909,4
TEST_32910,3
TEST_32911,3
TEST_32912,3
TEST_32913,3
TEST_32914,3
TEST_32915,3
TEST_32916,3
TEST_32917,1
TEST_32918,4
TEST_32919,3
TEST_32920,3
TEST_32921,3
TEST_32922,4
TEST_32923,3
TEST_32924,4
TEST_32925,2
TEST_32926,4
TEST_32927,2
TEST_32928,0
TEST_32929,4
TEST_32930,2
TEST_32931,1
TEST_32932,3
TEST_32933,2
TEST_32934,0
TEST_32935,4
TEST_32936,3
TEST_32937,3
TEST_32938,4
TEST_32939,0
TEST_32940,3
TEST_32941,4
TEST_32942,4
TEST_32943,4
TEST_32944,4
TEST_32945,2
TEST_32946,2
TEST_32947,2
TEST_32948,3
TEST_32949,3
TEST_32950,2
TEST_32951,2
TEST_32952,4
TEST_32953,2
TEST_32954,4
TEST_32955,2
TEST_32956,4
TEST_32957,3
TEST_32958,3
TEST_32959,1
TEST_32960,1
TEST_32961,4
TEST_32962,4
TEST_32963,3
TEST_32964,1
TEST_32965,3
TEST_32966,1
TEST_32967,2
TEST_32968,3
TEST_32969,4
TEST_32970,2
TEST_32971,3
TEST_32972,4
TEST_32973,3
TEST_32974,2
TEST_32975,2
TEST_32976,4
TEST_32977,3
TEST_32978,4
TEST_32979,1
TEST_32980,3
TEST_32981,3
TEST_32982,4
TEST_32983,1
TEST_32984,4
TEST_32985,1
TEST_32986,4
TEST_32987,3
TEST_32988,3
TEST_32989,4
TEST_32990,0
TEST_32991,0
TEST_32992,3
TEST_32993,4
TEST_32994,2
TEST_32995,0
TEST_32996,4
TEST_32997,2
TEST_32998,2
TEST_32999,2
TEST_33000,2
TEST_33001,3
TEST_33002,4
TEST_33003,2
TEST_33004,1
TEST_33005,0
TEST_33006,3
TEST_33007,3
TEST_33008,3
TEST_33009,2
TEST_33010,2
TEST_33011,2
TEST_33012,1
TEST_33013,0
TEST_33014,3
TEST_33015,4
TEST_33016,2
TEST_33017,1
TEST_33018,2
TEST_33019,4
TEST_33020,4
TEST_33021,3
TEST_33022,3
TEST_33023,3
TEST_33024,1
TEST_33025,1
TEST_33026,4
TEST_33027,0
TEST_33028,3
TEST_33029,2
TEST_33030,3
TEST_33031,4
TEST_33032,0
TEST_33033,0
TEST_33034,2
TEST_33035,3
TEST_33036,4
TEST_33037,0
TEST_33038,3
TEST_33039,3
TEST_33040,2
TEST_33041,3
TEST_33042,1
TEST_33043,4
TEST_33044,0
TEST_33045,2
TEST_33046,1
TEST_33047,4
TEST_33048,4
TEST_33049,1
TEST_33050,3
TEST_33051,4
TEST_33052,3
TEST_33053,3
TEST_33054,2
TEST_33055,4
TEST_33056,2
TEST_33057,1
TEST_33058,2
TEST_33059,0
TEST_33060,3
TEST_33061,3
TEST_33062,3
TEST_33063,0
TEST_33064,1
TEST_33065,1
TEST_33066,0
TEST_33067,3
TEST_33068,3
TEST_33069,4
TEST_33070,3
TEST_33071,4
TEST_33072,2
TEST_33073,3
TEST_33074,3
TEST_33075,3
TEST_33076,4
TEST_33077,4
TEST_33078,4
TEST_33079,4
TEST_33080,4
TEST_33081,1
TEST_33082,4
TEST_33083,2
TEST_33084,4
TEST_33085,2
TEST_33086,1
TEST_33087,0
TEST_33088,3
TEST_33089,3
TEST_33090,0
TEST_33091,4
TEST_33092,3
TEST_33093,4
TEST_33094,4
TEST_33095,2
TEST_33096,2
TEST_33097,3
TEST_33098,2
TEST_33099,4
TEST_33100,4
TEST_33101,1
TEST_33102,4
TEST_33103,3
TEST_33104,0
TEST_33105,4
TEST_33106,4
TEST_33107,2
TEST_33108,2
TEST_33109,4
TEST_33110,0
TEST_33111,1
TEST_33112,4
TEST_33113,2
TEST_33114,2
TEST_33115,3
TEST_33116,3
TEST_33117,3
TEST_33118,2
TEST_33119,1
TEST_33120,2
TEST_33121,1
TEST_33122,1
TEST_33123,0
TEST_33124,4
TEST_33125,1
TEST_33126,0
TEST_33127,2
TEST_33128,0
TEST_33129,2
TEST_33130,4
TEST_33131,3
TEST_33132,0
TEST_33133,2
TEST_33134,4
TEST_33135,3
TEST_33136,1
TEST_33137,0
TEST_33138,2
TEST_33139,2
TEST_33140,1
TEST_33141,4
TEST_33142,2
TEST_33143,1
TEST_33144,2
TEST_33145,2
TEST_33146,1
TEST_33147,1
TEST_33148,1
TEST_33149,1
TEST_33150,4
TEST_33151,1
TEST_33152,3
TEST_33153,4
TEST_33154,2
TEST_33155,2
TEST_33156,4
TEST_33157,4
TEST_33158,3
TEST_33159,4
TEST_33160,4
TEST_33161,3
TEST_33162,3
TEST_33163,1
TEST_33164,2
TEST_33165,4
TEST_33166,1
TEST_33167,2
TEST_33168,4
TEST_33169,1
TEST_33170,1
TEST_33171,1
TEST_33172,3
TEST_33173,2
TEST_33174,3
TEST_33175,3
TEST_33176,2
TEST_33177,0
TEST_33178,0
TEST_33179,3
TEST_33180,3
TEST_33181,3
TEST_33182,4
TEST_33183,0
TEST_33184,0
TEST_33185,4
TEST_33186,4
TEST_33187,1
TEST_33188,0
TEST_33189,2
TEST_33190,4
TEST_33191,4
TEST_33192,4
TEST_33193,4
TEST_33194,4
TEST_33195,3
TEST_33196,2
TEST_33197,4
TEST_33198,2
TEST_33199,3
TEST_33200,1
TEST_33201,0
TEST_33202,3
TEST_33203,2
TEST_33204,3
TEST_33205,2
TEST_33206,1
TEST_33207,4
TEST_33208,0
TEST_33209,3
TEST_33210,1
TEST_33211,4
TEST_33212,1
TEST_33213,4
TEST_33214,3
TEST_33215,4
TEST_33216,0
TEST_33217,2
TEST_33218,3
TEST_33219,3
TEST_33220,1
TEST_33221,4
TEST_33222,4
TEST_33223,3
TEST_33224,0
TEST_33225,0
TEST_33226,3
TEST_33227,2
TEST_33228,0
TEST_33229,3
TEST_33230,4
TEST_33231,3
TEST_33232,0
TEST_33233,4
TEST_33234,1
TEST_33235,0
TEST_33236,3
TEST_33237,3
TEST_33238,3
TEST_33239,2
TEST_33240,3
TEST_33241,2
TEST_33242,4
TEST_33243,4
TEST_33244,2
TEST_33245,0
TEST_33246,2
TEST_33247,3
TEST_33248,4
TEST_33249,3
TEST_33250,2
TEST_33251,1
TEST_33252,4
TEST_33253,1
TEST_33254,4
TEST_33255,4
TEST_33256,3
TEST_33257,3
TEST_33258,3
TEST_33259,2
TEST_33260,0
TEST_33261,3
TEST_33262,3
TEST_33263,3
TEST_33264,3
TEST_33265,2
TEST_33266,2
TEST_33267,4
TEST_33268,1
TEST_33269,2
TEST_33270,4
TEST_33271,3
TEST_33272,3
TEST_33273,4
TEST_33274,4
TEST_33275,4
TEST_33276,0
TEST_33277,4
TEST_33278,3
TEST_33279,2
TEST_33280,2
TEST_33281,1
TEST_33282,2
TEST_33283,3
TEST_33284,2
TEST_33285,0
TEST_33286,1
TEST_33287,4
TEST_33288,0
TEST_33289,4
TEST_33290,0
TEST_33291,3
TEST_33292,1
TEST_33293,4
TEST_33294,1
TEST_33295,3
TEST_33296,4
TEST_33297,2
TEST_33298,2
TEST_33299,1
TEST_33300,4
TEST_33301,3
TEST_33302,3
TEST_33303,1
TEST_33304,3
TEST_33305,3
TEST_33306,4
TEST_33307,2
TEST_33308,1
TEST_33309,2
TEST_33310,2
TEST_33311,2
TEST_33312,0
TEST_33313,2
TEST_33314,4
TEST_33315,4
TEST_33316,3
TEST_33317,1
TEST_33318,1
TEST_33319,3
TEST_33320,1
TEST_33321,4
TEST_33322,4
TEST_33323,0
TEST_33324,2
TEST_33325,3
TEST_33326,4
TEST_33327,4
TEST_33328,4
TEST_33329,4
TEST_33330,2
TEST_33331,3
TEST_33332,0
TEST_33333,3
TEST_33334,4
TEST_33335,2
TEST_33336,3
TEST_33337,0
TEST_33338,4
TEST_33339,2
TEST_33340,1
TEST_33341,3
TEST_33342,0
TEST_33343,4
TEST_33344,4
TEST_33345,2
TEST_33346,3
TEST_33347,3
TEST_33348,4
TEST_33349,4
TEST_33350,3
TEST_33351,4
TEST_33352,1
TEST_33353,1
TEST_33354,3
TEST_33355,0
TEST_33356,3
TEST_33357,1
TEST_33358,2
TEST_33359,3
TEST_33360,4
TEST_33361,4
TEST_33362,4
TEST_33363,3
TEST_33364,3
TEST_33365,3
TEST_33366,3
TEST_33367,1
TEST_33368,2
TEST_33369,4
TEST_33370,4
TEST_33371,4
TEST_33372,3
TEST_33373,1
TEST_33374,0
TEST_33375,0
TEST_33376,3
TEST_33377,1
TEST_33378,3
TEST_33379,0
TEST_33380,0
TEST_33381,3
TEST_33382,1
TEST_33383,3
TEST_33384,1
TEST_33385,4
TEST_33386,0
TEST_33387,4
TEST_33388,3
TEST_33389,2
TEST_33390,2
TEST_33391,4
TEST_33392,3
TEST_33393,3
TEST_33394,2
TEST_33395,3
TEST_33396,1
TEST_33397,0
TEST_33398,4
TEST_33399,3
TEST_33400,3
TEST_33401,3
TEST_33402,4
TEST_33403,0
TEST_33404,1
TEST_33405,0
TEST_33406,4
TEST_33407,3
TEST_33408,4
TEST_33409,4
TEST_33410,2
TEST_33411,0
TEST_33412,3
TEST_33413,4
TEST_33414,1
TEST_33415,2
TEST_33416,3
TEST_33417,1
TEST_33418,4
TEST_33419,0
TEST_33420,4
TEST_33421,2
TEST_33422,1
TEST_33423,2
TEST_33424,2
TEST_33425,0
TEST_33426,2
TEST_33427,2
TEST_33428,2
TEST_33429,2
TEST_33430,3
TEST_33431,3
TEST_33432,1
TEST_33433,4
TEST_33434,4
TEST_33435,0
TEST_33436,4
TEST_33437,3
TEST_33438,3
TEST_33439,4
TEST_33440,4
TEST_33441,2
TEST_33442,2
TEST_33443,2
TEST_33444,2
TEST_33445,4
TEST_33446,2
TEST_33447,2
TEST_33448,4
TEST_33449,0
TEST_33450,1
TEST_33451,3
TEST_33452,3
TEST_33453,1
TEST_33454,1
TEST_33455,2
TEST_33456,1
TEST_33457,3
TEST_33458,4
TEST_33459,2
TEST_33460,1
TEST_33461,4
TEST_33462,0
TEST_33463,2
TEST_33464,3
TEST_33465,3
TEST_33466,3
TEST_33467,2
TEST_33468,4
TEST_33469,4
TEST_33470,2
TEST_33471,3
TEST_33472,4
TEST_33473,3
TEST_33474,0
TEST_33475,4
TEST_33476,1
TEST_33477,4
TEST_33478,4
TEST_33479,2
TEST_33480,3
TEST_33481,2
TEST_33482,1
TEST_33483,4
TEST_33484,2
TEST_33485,1
TEST_33486,1
TEST_33487,4
TEST_33488,3
TEST_33489,3
TEST_33490,3
TEST_33491,3
TEST_33492,3
TEST_33493,4
TEST_33494,3
TEST_33495,2
TEST_33496,2
TEST_33497,0
TEST_33498,4
TEST_33499,0
TEST_33500,4
TEST_33501,3
TEST_33502,4
TEST_33503,3
TEST_33504,2
TEST_33505,3
TEST_33506,3
TEST_33507,2
TEST_33508,3
TEST_33509,3
TEST_33510,4
TEST_33511,0
TEST_33512,2
TEST_33513,2
TEST_33514,3
TEST_33515,1
TEST_33516,2
TEST_33517,0
TEST_33518,4
TEST_33519,3
TEST_33520,2
TEST_33521,3
TEST_33522,0
TEST_33523,2
TEST_33524,2
TEST_33525,4
TEST_33526,2
TEST_33527,1
TEST_33528,2
TEST_33529,3
TEST_33530,3
TEST_33531,4
TEST_33532,3
TEST_33533,2
TEST_33534,3
TEST_33535,3
TEST_33536,3
TEST_33537,2
TEST_33538,3
TEST_33539,1
TEST_33540,1
TEST_33541,3
TEST_33542,2
TEST_33543,3
TEST_33544,2
TEST_33545,2
TEST_33546,1
TEST_33547,0
TEST_33548,3
TEST_33549,3
TEST_33550,0
TEST_33551,3
TEST_33552,1
TEST_33553,4
TEST_33554,1
TEST_33555,1
TEST_33556,2
TEST_33557,1
TEST_33558,3
TEST_33559,3
TEST_33560,0
TEST_33561,1
TEST_33562,0
TEST_33563,2
TEST_33564,3
TEST_33565,4
TEST_33566,2
TEST_33567,1
TEST_33568,3
TEST_33569,4
TEST_33570,3
TEST_33571,2
TEST_33572,3
TEST_33573,3
TEST_33574,0
TEST_33575,2
TEST_33576,2
TEST_33577,3
TEST_33578,4
TEST_33579,4
TEST_33580,0
TEST_33581,2
TEST_33582,4
TEST_33583,3
TEST_33584,2
TEST_33585,2
TEST_33586,3
TEST_33587,1
TEST_33588,2
TEST_33589,3
TEST_33590,3
TEST_33591,4
TEST_33592,1
TEST_33593,2
TEST_33594,2
TEST_33595,4
TEST_33596,2
TEST_33597,4
TEST_33598,2
TEST_33599,3
TEST_33600,2
TEST_33601,4
TEST_33602,4
TEST_33603,2
TEST_33604,2
TEST_33605,2
TEST_33606,4
TEST_33607,3
TEST_33608,3
TEST_33609,3
TEST_33610,0
TEST_33611,3
TEST_33612,2
TEST_33613,1
TEST_33614,1
TEST_33615,3
TEST_33616,2
TEST_33617,1
TEST_33618,1
TEST_33619,3
TEST_33620,0
TEST_33621,2
TEST_33622,4
TEST_33623,0
TEST_33624,3
TEST_33625,0
TEST_33626,0
TEST_33627,3
TEST_33628,4
TEST_33629,2
TEST_33630,3
TEST_33631,0
TEST_33632,3
TEST_33633,4
TEST_33634,3
TEST_33635,2
TEST_33636,3
TEST_33637,4
TEST_33638,2
TEST_33639,2
TEST_33640,2
TEST_33641,4
TEST_33642,4
TEST_33643,4
TEST_33644,3
TEST_33645,3
TEST_33646,3
TEST_33647,0
TEST_33648,3
TEST_33649,2
TEST_33650,3
TEST_33651,2
TEST_33652,3
TEST_33653,4
TEST_33654,3
TEST_33655,1
TEST_33656,4
TEST_33657,2
TEST_33658,3
TEST_33659,2
TEST_33660,4
TEST_33661,3
TEST_33662,3
TEST_33663,2
TEST_33664,1
TEST_33665,1
TEST_33666,2
TEST_33667,3
TEST_33668,0
TEST_33669,2
TEST_33670,1
TEST_33671,3
TEST_33672,4
TEST_33673,1
TEST_33674,2
TEST_33675,3
TEST_33676,4
TEST_33677,4
TEST_33678,2
TEST_33679,1
TEST_33680,3
TEST_33681,2
TEST_33682,1
TEST_33683,0
TEST_33684,2
TEST_33685,2
TEST_33686,2
TEST_33687,0
TEST_33688,4
TEST_33689,4
TEST_33690,0
TEST_33691,3
TEST_33692,1
TEST_33693,1
TEST_33694,0
TEST_33695,3
TEST_33696,2
TEST_33697,3
TEST_33698,2
TEST_33699,2
TEST_33700,2
TEST_33701,2
TEST_33702,0
TEST_33703,2
TEST_33704,2
TEST_33705,3
TEST_33706,3
TEST_33707,2
TEST_33708,3
TEST_33709,2
TEST_33710,4
TEST_33711,3
TEST_33712,3
TEST_33713,1
TEST_33714,2
TEST_33715,1
TEST_33716,1
TEST_33717,1
TEST_33718,0
TEST_33719,3
TEST_33720,4
TEST_33721,4
TEST_33722,1
TEST_33723,2
TEST_33724,1
TEST_33725,1
TEST_33726,4
TEST_33727,3
TEST_33728,3
TEST_33729,3
TEST_33730,2
TEST_33731,3
TEST_33732,3
TEST_33733,1
TEST_33734,0
TEST_33735,3
TEST_33736,3
TEST_33737,1
TEST_33738,2
TEST_33739,2
TEST_33740,2
TEST_33741,1
TEST_33742,1
TEST_33743,4
TEST_33744,2
TEST_33745,3
TEST_33746,2
TEST_33747,1
TEST_33748,2
TEST_33749,0
TEST_33750,0
TEST_33751,4
TEST_33752,2
TEST_33753,1
TEST_33754,2
TEST_33755,4
TEST_33756,2
TEST_33757,0
TEST_33758,2
TEST_33759,2
TEST_33760,3
TEST_33761,4
TEST_33762,4
TEST_33763,2
TEST_33764,3
TEST_33765,4
TEST_33766,0
TEST_33767,0
TEST_33768,4
TEST_33769,4
TEST_33770,4
TEST_33771,2
TEST_33772,1
TEST_33773,1
TEST_33774,2
TEST_33775,1
TEST_33776,0
TEST_33777,3
TEST_33778,4
TEST_33779,3
TEST_33780,1
TEST_33781,0
TEST_33782,2
TEST_33783,1
TEST_33784,3
TEST_33785,2
TEST_33786,3
TEST_33787,1
TEST_33788,3
TEST_33789,0
TEST_33790,4
TEST_33791,3
TEST_33792,1
TEST_33793,4
TEST_33794,3
TEST_33795,2
TEST_33796,3
TEST_33797,2
TEST_33798,4
TEST_33799,3
TEST_33800,3
TEST_33801,3
TEST_33802,1
TEST_33803,3
TEST_33804,3
TEST_33805,4
TEST_33806,3
TEST_33807,3
TEST_33808,2
TEST_33809,4
TEST_33810,4
TEST_33811,3
TEST_33812,0
TEST_33813,3
TEST_33814,2
TEST_33815,1
TEST_33816,4
TEST_33817,4
TEST_33818,4
TEST_33819,2
TEST_33820,4
TEST_33821,4
TEST_33822,2
TEST_33823,3
TEST_33824,4
TEST_33825,1
TEST_33826,3
TEST_33827,4
TEST_33828,2
TEST_33829,2
TEST_33830,3
TEST_33831,1
TEST_33832,3
TEST_33833,4
TEST_33834,0
TEST_33835,0
TEST_33836,3
TEST_33837,2
TEST_33838,2
TEST_33839,4
TEST_33840,4
TEST_33841,4
TEST_33842,2
TEST_33843,0
TEST_33844,3
TEST_33845,2
TEST_33846,1
TEST_33847,2
TEST_33848,2
TEST_33849,3
TEST_33850,0
TEST_33851,2
TEST_33852,4
TEST_33853,4
TEST_33854,0
TEST_33855,3
TEST_33856,3
TEST_33857,0
TEST_33858,1
TEST_33859,4
TEST_33860,2
TEST_33861,0
TEST_33862,4
TEST_33863,1
TEST_33864,1
TEST_33865,3
TEST_33866,2
TEST_33867,3
TEST_33868,1
TEST_33869,3
TEST_33870,3
TEST_33871,3
TEST_33872,3
TEST_33873,1
TEST_33874,2
TEST_33875,3
TEST_33876,3
TEST_33877,2
TEST_33878,3
TEST_33879,2
TEST_33880,1
TEST_33881,0
TEST_33882,3
TEST_33883,4
TEST_33884,4
TEST_33885,3
TEST_33886,2
TEST_33887,0
TEST_33888,3
TEST_33889,4
TEST_33890,1
TEST_33891,3
TEST_33892,0
TEST_33893,1
TEST_33894,1
TEST_33895,3
TEST_33896,2
TEST_33897,4
TEST_33898,4
TEST_33899,0
TEST_33900,4
TEST_33901,4
TEST_33902,2
TEST_33903,4
TEST_33904,4
TEST_33905,3
TEST_33906,3
TEST_33907,3
TEST_33908,2
TEST_33909,4
TEST_33910,2
TEST_33911,4
TEST_33912,0
TEST_33913,2
TEST_33914,4
TEST_33915,3
TEST_33916,4
TEST_33917,3
TEST_33918,0
TEST_33919,1
TEST_33920,2
TEST_33921,4
TEST_33922,3
TEST_33923,4
TEST_33924,3
TEST_33925,0
TEST_33926,2
TEST_33927,0
TEST_33928,2
TEST_33929,2
TEST_33930,2
TEST_33931,2
TEST_33932,4
TEST_33933,4
TEST_33934,3
TEST_33935,1
TEST_33936,3
TEST_33937,2
TEST_33938,2
TEST_33939,3
TEST_33940,0
TEST_33941,3
TEST_33942,4
TEST_33943,1
TEST_33944,4
TEST_33945,3
TEST_33946,3
TEST_33947,0
TEST_33948,4
TEST_33949,3
TEST_33950,0
TEST_33951,3
TEST_33952,2
TEST_33953,3
TEST_33954,4
TEST_33955,0
TEST_33956,1
TEST_33957,3
TEST_33958,3
TEST_33959,3
TEST_33960,0
TEST_33961,0
TEST_33962,2
TEST_33963,1
TEST_33964,3
TEST_33965,3
TEST_33966,3
TEST_33967,1
TEST_33968,3
TEST_33969,3
TEST_33970,2
TEST_33971,4
TEST_33972,2
TEST_33973,1
TEST_33974,3
TEST_33975,2
TEST_33976,2
TEST_33977,4
TEST_33978,0
TEST_33979,1
TEST_33980,0
TEST_33981,4
TEST_33982,0
TEST_33983,4
TEST_33984,4
TEST_33985,3
TEST_33986,4
TEST_33987,3
TEST_33988,3
TEST_33989,1
TEST_33990,1
TEST_33991,3
TEST_33992,2
TEST_33993,4
TEST_33994,3
TEST_33995,2
TEST_33996,1
TEST_33997,0
TEST_33998,2
TEST_33999,0
TEST_34000,0
TEST_34001,4
TEST_34002,0
TEST_34003,3
TEST_34004,1
TEST_34005,1
TEST_34006,3
TEST_34007,3
TEST_34008,0
TEST_34009,1
TEST_34010,4
TEST_34011,3
TEST_34012,3
TEST_34013,3
TEST_34014,1
TEST_34015,3
TEST_34016,3
TEST_34017,3
TEST_34018,0
TEST_34019,2
TEST_34020,4
TEST_34021,0
TEST_34022,3
TEST_34023,3
TEST_34024,3
TEST_34025,4
TEST_34026,3
TEST_34027,2
TEST_34028,3
TEST_34029,3
TEST_34030,3
TEST_34031,0
TEST_34032,3
TEST_34033,3
TEST_34034,4
TEST_34035,3
TEST_34036,4
TEST_34037,2
TEST_34038,2
TEST_34039,3
TEST_34040,4
TEST_34041,0
TEST_34042,4
TEST_34043,3
TEST_34044,1
TEST_34045,2
TEST_34046,2
TEST_34047,1
TEST_34048,3
TEST_34049,1
TEST_34050,4
TEST_34051,3
TEST_34052,1
TEST_34053,1
TEST_34054,4
TEST_34055,4
TEST_34056,4
TEST_34057,3
TEST_34058,4
TEST_34059,4
TEST_34060,3
TEST_34061,2
TEST_34062,1
TEST_34063,4
TEST_34064,3
TEST_34065,3
TEST_34066,3
TEST_34067,4
TEST_34068,3
TEST_34069,3
TEST_34070,2
TEST_34071,4
TEST_34072,0
TEST_34073,1
TEST_34074,3
TEST_34075,1
TEST_34076,4
TEST_34077,2
TEST_34078,4
TEST_34079,0
TEST_34080,2
TEST_34081,2
TEST_34082,4
TEST_34083,4
TEST_34084,3
TEST_34085,0
TEST_34086,3
TEST_34087,4
TEST_34088,1
TEST_34089,3
TEST_34090,1
TEST_34091,3
TEST_34092,1
TEST_34093,0
TEST_34094,4
TEST_34095,3
TEST_34096,4
TEST_34097,0
TEST_34098,3
TEST_34099,4
TEST_34100,0
TEST_34101,3
TEST_34102,3
TEST_34103,4
TEST_34104,1
TEST_34105,2
TEST_34106,2
TEST_34107,4
TEST_34108,3
TEST_34109,1
TEST_34110,4
TEST_34111,3
TEST_34112,3
TEST_34113,3
TEST_34114,1
TEST_34115,4
TEST_34116,4
TEST_34117,3
TEST_34118,0
TEST_34119,2
TEST_34120,2
TEST_34121,3
TEST_34122,2
TEST_34123,2
TEST_34124,1
TEST_34125,2
TEST_34126,4
TEST_34127,2
TEST_34128,3
TEST_34129,0
TEST_34130,3
TEST_34131,3
TEST_34132,0
TEST_34133,4
TEST_34134,1
TEST_34135,2
TEST_34136,3
TEST_34137,1
TEST_34138,0
TEST_34139,3
TEST_34140,0
TEST_34141,3
TEST_34142,2
TEST_34143,4
TEST_34144,1
TEST_34145,0
TEST_34146,3
TEST_34147,0
TEST_34148,0
TEST_34149,4
TEST_34150,1
TEST_34151,3
TEST_34152,1
TEST_34153,2
TEST_34154,0
TEST_34155,1
TEST_34156,0
TEST_34157,4
TEST_34158,1
TEST_34159,3
TEST_34160,3
TEST_34161,4
TEST_34162,1
TEST_34163,2
TEST_34164,3
TEST_34165,2
TEST_34166,1
TEST_34167,4
TEST_34168,4
TEST_34169,4
TEST_34170,4
TEST_34171,4
TEST_34172,1
TEST_34173,0
TEST_34174,4
TEST_34175,2
TEST_34176,2
TEST_34177,0
TEST_34178,3
TEST_34179,4
TEST_34180,2
TEST_34181,1
TEST_34182,3
TEST_34183,3
TEST_34184,1
TEST_34185,2
TEST_34186,3
TEST_34187,4
TEST_34188,4
TEST_34189,2
TEST_34190,1
TEST_34191,3
TEST_34192,3
TEST_34193,3
TEST_34194,1
TEST_34195,2
TEST_34196,3
TEST_34197,0
TEST_34198,4
TEST_34199,3
TEST_34200,3
TEST_34201,3
TEST_34202,2
TEST_34203,4
TEST_34204,1
TEST_34205,3
TEST_34206,4
TEST_34207,0
TEST_34208,1
TEST_34209,3
TEST_34210,0
TEST_34211,3
TEST_34212,3
TEST_34213,1
TEST_34214,2
TEST_34215,1
TEST_34216,4
TEST_34217,3
TEST_34218,2
TEST_34219,3
TEST_34220,1
TEST_34221,3
TEST_34222,3
TEST_34223,1
TEST_34224,4
TEST_34225,3
TEST_34226,4
TEST_34227,4
TEST_34228,3
TEST_34229,4
TEST_34230,2
TEST_34231,2
TEST_34232,3
TEST_34233,3
TEST_34234,2
TEST_34235,1
TEST_34236,0
TEST_34237,0
TEST_34238,3
TEST_34239,4
TEST_34240,4
TEST_34241,3
TEST_34242,0
TEST_34243,1
TEST_34244,1
TEST_34245,4
TEST_34246,2
TEST_34247,0
TEST_34248,2
TEST_34249,3
TEST_34250,4
TEST_34251,3
TEST_34252,1
TEST_34253,4
TEST_34254,1
TEST_34255,4
TEST_34256,3
TEST_34257,1
TEST_34258,3
TEST_34259,4
TEST_34260,2
TEST_34261,3
TEST_34262,3
TEST_34263,2
TEST_34264,3
TEST_34265,1
TEST_34266,0
TEST_34267,2
TEST_34268,3
TEST_34269,0
TEST_34270,4
TEST_34271,4
TEST_34272,2
TEST_34273,4
TEST_34274,2
TEST_34275,0
TEST_34276,3
TEST_34277,4
TEST_34278,4
TEST_34279,3
TEST_34280,0
TEST_34281,2
TEST_34282,0
TEST_34283,3
TEST_34284,2
TEST_34285,4
TEST_34286,1
TEST_34287,2
TEST_34288,0
TEST_34289,1
TEST_34290,2
TEST_34291,3
TEST_34292,2
TEST_34293,4
TEST_34294,3
TEST_34295,2
TEST_34296,2
TEST_34297,3
TEST_34298,2
TEST_34299,1
TEST_34300,2
TEST_34301,3
TEST_34302,3
TEST_34303,4
TEST_34304,1
TEST_34305,4
TEST_34306,3
TEST_34307,4
TEST_34308,4
TEST_34309,1
TEST_34310,2
TEST_34311,3
TEST_34312,0
TEST_34313,3
TEST_34314,2
TEST_34315,3
TEST_34316,2
TEST_34317,2
TEST_34318,1
TEST_34319,3
TEST_34320,0
TEST_34321,3
TEST_34322,3
TEST_34323,3
TEST_34324,4
TEST_34325,4
TEST_34326,0
TEST_34327,3
TEST_34328,1
TEST_34329,3
TEST_34330,3
TEST_34331,3
TEST_34332,4
TEST_34333,3
TEST_34334,3
TEST_34335,2
TEST_34336,0
TEST_34337,2
TEST_34338,2
TEST_34339,4
TEST_34340,0
TEST_34341,3
TEST_34342,0
TEST_34343,4
TEST_34344,4
TEST_34345,3
TEST_34346,2
TEST_34347,4
TEST_34348,2
TEST_34349,3
TEST_34350,4
TEST_34351,3
TEST_34352,1
TEST_34353,3
TEST_34354,3
TEST_34355,3
TEST_34356,4
TEST_34357,0
TEST_34358,3
TEST_34359,4
TEST_34360,2
TEST_34361,4
TEST_34362,0
TEST_34363,1
TEST_34364,4
TEST_34365,0
TEST_34366,2
TEST_34367,4
TEST_34368,0
TEST_34369,2
TEST_34370,1
TEST_34371,3
TEST_34372,2
TEST_34373,3
TEST_34374,3
TEST_34375,2
TEST_34376,1
TEST_34377,1
TEST_34378,0
TEST_34379,0
TEST_34380,3
TEST_34381,4
TEST_34382,1
TEST_34383,1
TEST_34384,1
TEST_34385,4
TEST_34386,4
TEST_34387,3
TEST_34388,1
TEST_34389,3
TEST_34390,4
TEST_34391,3
TEST_34392,1
TEST_34393,3
TEST_34394,0
TEST_34395,2
TEST_34396,0
TEST_34397,4
TEST_34398,3
TEST_34399,1
TEST_34400,1
TEST_34401,4
TEST_34402,4
TEST_34403,3
TEST_34404,1
TEST_34405,4
TEST_34406,3
TEST_34407,2
TEST_34408,4
TEST_34409,3
TEST_34410,4
TEST_34411,4
TEST_34412,4
TEST_34413,1
TEST_34414,0
TEST_34415,3
TEST_34416,3
TEST_34417,3
TEST_34418,2
TEST_34419,3
TEST_34420,4
TEST_34421,4
TEST_34422,4
TEST_34423,2
TEST_34424,2
TEST_34425,2
TEST_34426,3
TEST_34427,2
TEST_34428,0
TEST_34429,3
TEST_34430,3
TEST_34431,2
TEST_34432,3
TEST_34433,3
TEST_34434,2
TEST_34435,2
TEST_34436,3
TEST_34437,4
TEST_34438,2
TEST_34439,0
TEST_34440,1
TEST_34441,3
TEST_34442,3
TEST_34443,3
TEST_34444,2
TEST_34445,2
TEST_34446,2
TEST_34447,2
TEST_34448,1
TEST_34449,4
TEST_34450,4
TEST_34451,1
TEST_34452,4
TEST_34453,2
TEST_34454,4
TEST_34455,3
TEST_34456,3
TEST_34457,3
TEST_34458,2
TEST_34459,4
TEST_34460,2
TEST_34461,4
TEST_34462,2
TEST_34463,3
TEST_34464,3
TEST_34465,3
TEST_34466,4
TEST_34467,3
TEST_34468,2
TEST_34469,0
TEST_34470,1
TEST_34471,4
TEST_34472,1
TEST_34473,4
TEST_34474,3
TEST_34475,4
TEST_34476,0
TEST_34477,3
TEST_34478,0
TEST_34479,4
TEST_34480,1
TEST_34481,1
TEST_34482,4
TEST_34483,2
TEST_34484,2
TEST_34485,0
TEST_34486,1
TEST_34487,3
TEST_34488,2
TEST_34489,3
TEST_34490,3
TEST_34491,2
TEST_34492,0
TEST_34493,2
TEST_34494,1
TEST_34495,0
TEST_34496,4
TEST_34497,1
TEST_34498,3
TEST_34499,2
TEST_34500,3
TEST_34501,4
TEST_34502,2
TEST_34503,1
TEST_34504,2
TEST_34505,4
TEST_34506,3
TEST_34507,3
TEST_34508,0
TEST_34509,4
TEST_34510,2
TEST_34511,1
TEST_34512,4
TEST_34513,4
TEST_34514,1
TEST_34515,2
TEST_34516,3
TEST_34517,4
TEST_34518,3
TEST_34519,2
TEST_34520,0
TEST_34521,4
TEST_34522,3
TEST_34523,1
TEST_34524,3
TEST_34525,1
TEST_34526,3
TEST_34527,2
TEST_34528,4
TEST_34529,1
TEST_34530,0
TEST_34531,3
TEST_34532,3
TEST_34533,2
TEST_34534,3
TEST_34535,3
TEST_34536,1
TEST_34537,1
TEST_34538,3
TEST_34539,2
TEST_34540,4
TEST_34541,0
TEST_34542,0
TEST_34543,2
TEST_34544,2
TEST_34545,0
TEST_34546,0
TEST_34547,1
TEST_34548,2
TEST_34549,1
TEST_34550,4
TEST_34551,0
TEST_34552,2
TEST_34553,3
TEST_34554,2
TEST_34555,2
TEST_34556,4
TEST_34557,1
TEST_34558,4
TEST_34559,3
TEST_34560,2
TEST_34561,1
TEST_34562,4
TEST_34563,4
TEST_34564,0
TEST_34565,3
TEST_34566,2
TEST_34567,2
TEST_34568,2
TEST_34569,2
TEST_34570,3
TEST_34571,4
TEST_34572,1
TEST_34573,0
TEST_34574,4
TEST_34575,4
TEST_34576,0
TEST_34577,4
TEST_34578,1
TEST_34579,3
TEST_34580,3
TEST_34581,3
TEST_34582,3
TEST_34583,3
TEST_34584,4
TEST_34585,3
TEST_34586,2
TEST_34587,1
TEST_34588,3
TEST_34589,1
TEST_34590,2
TEST_34591,1
TEST_34592,4
TEST_34593,4
TEST_34594,3
TEST_34595,4
TEST_34596,3
TEST_34597,0
TEST_34598,2
TEST_34599,3
TEST_34600,4
TEST_34601,3
TEST_34602,4
TEST_34603,0
TEST_34604,3
TEST_34605,3
TEST_34606,1
TEST_34607,2
TEST_34608,4
TEST_34609,0
TEST_34610,3
TEST_34611,2
TEST_34612,4
TEST_34613,2
TEST_34614,3
TEST_34615,4
TEST_34616,2
TEST_34617,4
TEST_34618,0
TEST_34619,1
TEST_34620,3
TEST_34621,3
TEST_34622,4
TEST_34623,4
TEST_34624,0
TEST_34625,1
TEST_34626,1
TEST_34627,3
TEST_34628,4
TEST_34629,4
TEST_34630,1
TEST_34631,2
TEST_34632,4
TEST_34633,4
TEST_34634,2
TEST_34635,3
TEST_34636,1
TEST_34637,4
TEST_34638,4
TEST_34639,4
TEST_34640,0
TEST_34641,4
TEST_34642,3
TEST_34643,4
TEST_34644,4
TEST_34645,4
TEST_34646,3
TEST_34647,3
TEST_34648,0
TEST_34649,4
TEST_34650,3
TEST_34651,3
TEST_34652,4
TEST_34653,4
TEST_34654,3
TEST_34655,4
TEST_34656,2
TEST_34657,3
TEST_34658,4
TEST_34659,2
TEST_34660,2
TEST_34661,4
TEST_34662,1
TEST_34663,4
TEST_34664,2
TEST_34665,4
TEST_34666,4
TEST_34667,0
TEST_34668,3
TEST_34669,2
TEST_34670,1
TEST_34671,4
TEST_34672,3
TEST_34673,1
TEST_34674,0
TEST_34675,1
TEST_34676,1
TEST_34677,3
TEST_34678,2
TEST_34679,4
TEST_34680,3
TEST_34681,1
TEST_34682,0
TEST_34683,0
TEST_34684,4
TEST_34685,3
TEST_34686,4
TEST_34687,3
TEST_34688,3
TEST_34689,3
TEST_34690,4
TEST_34691,3
TEST_34692,1
TEST_34693,4
TEST_34694,2
TEST_34695,1
TEST_34696,4
TEST_34697,1
TEST_34698,3
TEST_34699,1
TEST_34700,4
TEST_34701,3
TEST_34702,4
TEST_34703,2
TEST_34704,4
TEST_34705,1
TEST_34706,1
TEST_34707,4
TEST_34708,2
TEST_34709,3
TEST_34710,3
TEST_34711,1
TEST_34712,0
TEST_34713,0
TEST_34714,2
TEST_34715,3
TEST_34716,3
TEST_34717,3
TEST_34718,1
TEST_34719,3
TEST_34720,3
TEST_34721,4
TEST_34722,3
TEST_34723,3
TEST_34724,1
TEST_34725,1
TEST_34726,0
TEST_34727,2
TEST_34728,4
TEST_34729,4
TEST_34730,3
TEST_34731,1
TEST_34732,4
TEST_34733,2
TEST_34734,3
TEST_34735,4
TEST_34736,1
TEST_34737,2
TEST_34738,3
TEST_34739,2
TEST_34740,4
TEST_34741,4
TEST_34742,0
TEST_34743,2
TEST_34744,2
TEST_34745,2
TEST_34746,0
TEST_34747,4
TEST_34748,0
TEST_34749,3
TEST_34750,1
TEST_34751,2
TEST_34752,3
TEST_34753,0
TEST_34754,2
TEST_34755,3
TEST_34756,4
TEST_34757,2
TEST_34758,2
TEST_34759,2
TEST_34760,1
TEST_34761,4
TEST_34762,4
TEST_34763,4
TEST_34764,4
TEST_34765,4
TEST_34766,2
TEST_34767,3
TEST_34768,3
TEST_34769,3
TEST_34770,1
TEST_34771,2
TEST_34772,2
TEST_34773,1
TEST_34774,1
TEST_34775,4
TEST_34776,1
TEST_34777,3
TEST_34778,1
TEST_34779,1
TEST_34780,2
TEST_34781,3
TEST_34782,2
TEST_34783,1
TEST_34784,2
TEST_34785,4
TEST_34786,2
TEST_34787,3
TEST_34788,1
TEST_34789,4
TEST_34790,3
TEST_34791,1
TEST_34792,3
TEST_34793,3
TEST_34794,1
TEST_34795,3
TEST_34796,3
TEST_34797,1
TEST_34798,3
TEST_34799,3
TEST_34800,3
TEST_34801,1
TEST_34802,4
TEST_34803,2
TEST_34804,3
TEST_34805,3
TEST_34806,3
TEST_34807,3
TEST_34808,3
TEST_34809,2
TEST_34810,4
TEST_34811,4
TEST_34812,0
TEST_34813,2
TEST_34814,3
TEST_34815,1
TEST_34816,1
TEST_34817,0
TEST_34818,4
TEST_34819,0
TEST_34820,1
TEST_34821,1
TEST_34822,2
TEST_34823,2
TEST_34824,4
TEST_34825,0
TEST_34826,3
TEST_34827,4
TEST_34828,4
TEST_34829,0
TEST_34830,3
TEST_34831,3
TEST_34832,2
TEST_34833,3
TEST_34834,2
TEST_34835,1
TEST_34836,2
TEST_34837,2
TEST_34838,0
TEST_34839,3
TEST_34840,1
TEST_34841,3
TEST_34842,1
TEST_34843,1
TEST_34844,4
TEST_34845,3
TEST_34846,1
TEST_34847,3
TEST_34848,1
TEST_34849,1
TEST_34850,4
TEST_34851,2
TEST_34852,4
TEST_34853,1
TEST_34854,1
TEST_34855,3
TEST_34856,1
TEST_34857,1
TEST_34858,4
TEST_34859,2
TEST_34860,4
TEST_34861,0
TEST_34862,4
TEST_34863,3
TEST_34864,3
TEST_34865,4
TEST_34866,4
TEST_34867,2
TEST_34868,3
TEST_34869,1
TEST_34870,3
TEST_34871,3
TEST_34872,1
TEST_34873,0
TEST_34874,0
TEST_34875,3
TEST_34876,0
TEST_34877,1
TEST_34878,1
TEST_34879,3
TEST_34880,2
TEST_34881,0
TEST_34882,4
TEST_34883,1
TEST_34884,2
TEST_34885,3
TEST_34886,2
TEST_34887,3
TEST_34888,4
TEST_34889,3
TEST_34890,0
TEST_34891,4
TEST_34892,2
TEST_34893,1
TEST_34894,1
TEST_34895,4
TEST_34896,2
TEST_34897,4
TEST_34898,3
TEST_34899,1
TEST_34900,4
TEST_34901,3
TEST_34902,2
TEST_34903,4
TEST_34904,0
TEST_34905,0
TEST_34906,2
TEST_34907,3
TEST_34908,3
TEST_34909,1
TEST_34910,1
TEST_34911,2
TEST_34912,0
TEST_34913,1
TEST_34914,2
TEST_34915,0
TEST_34916,2
TEST_34917,3
TEST_34918,2
TEST_34919,3
TEST_34920,3
TEST_34921,4
TEST_34922,3
TEST_34923,0
TEST_34924,0
TEST_34925,1
TEST_34926,0
TEST_34927,4
TEST_34928,1
TEST_34929,3
TEST_34930,3
TEST_34931,0
TEST_34932,3
TEST_34933,0
TEST_34934,3
TEST_34935,4
TEST_34936,4
TEST_34937,2
TEST_34938,4
TEST_34939,0
TEST_34940,4
TEST_34941,4
TEST_34942,3
TEST_34943,4
TEST_34944,2
TEST_34945,4
TEST_34946,3
TEST_34947,2
TEST_34948,4
TEST_34949,3
TEST_34950,3
TEST_34951,3
TEST_34952,0
TEST_34953,1
TEST_34954,1
TEST_34955,3
TEST_34956,3
TEST_34957,4
TEST_34958,2
TEST_34959,2
TEST_34960,3
TEST_34961,4
TEST_34962,2
TEST_34963,3
TEST_34964,1
TEST_34965,1
TEST_34966,4
TEST_34967,4
TEST_34968,3
TEST_34969,1
TEST_34970,3
TEST_34971,2
TEST_34972,2
TEST_34973,4
TEST_34974,1
TEST_34975,0
TEST_34976,4
TEST_34977,2
TEST_34978,1
TEST_34979,1
TEST_34980,4
TEST_34981,1
TEST_34982,0
TEST_34983,0
TEST_34984,2
TEST_34985,2
TEST_34986,3
TEST_34987,2
TEST_34988,3
TEST_34989,2
TEST_34990,3
TEST_34991,2
TEST_34992,3
TEST_34993,4
TEST_34994,2
TEST_34995,3
TEST_34996,0
TEST_34997,3
TEST_34998,3
TEST_34999,1
TEST_35000,4
TEST_35001,2
TEST_35002,4
TEST_35003,4
TEST_35004,3
TEST_35005,2
TEST_35006,4
TEST_35007,3
TEST_35008,2
TEST_35009,4
TEST_35010,2
TEST_35011,3
TEST_35012,1
TEST_35013,1
TEST_35014,3
TEST_35015,4
TEST_35016,2
TEST_35017,1
TEST_35018,2
TEST_35019,3
TEST_35020,4
TEST_35021,4
TEST_35022,4
TEST_35023,0
TEST_35024,3
TEST_35025,2
TEST_35026,4
TEST_35027,3
TEST_35028,1
TEST_35029,1
TEST_35030,4
TEST_35031,3
TEST_35032,2
TEST_35033,1
TEST_35034,1
TEST_35035,3
TEST_35036,3
TEST_35037,1
TEST_35038,4
TEST_35039,3
TEST_35040,1
TEST_35041,1
TEST_35042,3
TEST_35043,0
TEST_35044,4
TEST_35045,1
TEST_35046,3
TEST_35047,2
TEST_35048,2
TEST_35049,4
TEST_35050,4
TEST_35051,4
TEST_35052,1
TEST_35053,3
TEST_35054,4
TEST_35055,2
TEST_35056,4
TEST_35057,4
TEST_35058,4
TEST_35059,3
TEST_35060,2
TEST_35061,1
TEST_35062,3
TEST_35063,2
TEST_35064,0
TEST_35065,0
TEST_35066,2
TEST_35067,1
TEST_35068,4
TEST_35069,2
TEST_35070,0
TEST_35071,1
TEST_35072,0
TEST_35073,2
TEST_35074,3
TEST_35075,1
TEST_35076,0
TEST_35077,3
TEST_35078,4
TEST_35079,3
TEST_35080,3
TEST_35081,4
TEST_35082,1
TEST_35083,2
TEST_35084,3
TEST_35085,2
TEST_35086,0
TEST_35087,4
TEST_35088,4
TEST_35089,2
TEST_35090,4
TEST_35091,1
TEST_35092,0
TEST_35093,1
TEST_35094,2
TEST_35095,1
TEST_35096,1
TEST_35097,4
TEST_35098,4
TEST_35099,3
TEST_35100,3
TEST_35101,2
TEST_35102,4
TEST_35103,4
TEST_35104,2
TEST_35105,3
TEST_35106,4
TEST_35107,2
TEST_35108,1
TEST_35109,0
TEST_35110,0
TEST_35111,3
TEST_35112,2
TEST_35113,3
TEST_35114,1
TEST_35115,3
TEST_35116,3
TEST_35117,2
TEST_35118,2
TEST_35119,0
TEST_35120,2
TEST_35121,4
TEST_35122,1
TEST_35123,3
TEST_35124,1
TEST_35125,2
TEST_35126,4
TEST_35127,4
TEST_35128,4
TEST_35129,1
TEST_35130,3
TEST_35131,3
TEST_35132,3
TEST_35133,3
TEST_35134,3
TEST_35135,3
TEST_35136,3
TEST_35137,1
TEST_35138,4
TEST_35139,2
TEST_35140,1
TEST_35141,4
TEST_35142,4
TEST_35143,3
TEST_35144,3
TEST_35145,3
TEST_35146,1
TEST_35147,3
TEST_35148,2
TEST_35149,4
TEST_35150,3
TEST_35151,4
TEST_35152,2
TEST_35153,2
TEST_35154,4
TEST_35155,2
TEST_35156,0
TEST_35157,4
TEST_35158,1
TEST_35159,4
TEST_35160,4
TEST_35161,1
TEST_35162,2
TEST_35163,4
TEST_35164,0
TEST_35165,3
TEST_35166,4
TEST_35167,3
TEST_35168,3
TEST_35169,3
TEST_35170,0
TEST_35171,4
TEST_35172,4
TEST_35173,2
TEST_35174,4
TEST_35175,1
TEST_35176,1
TEST_35177,3
TEST_35178,3
TEST_35179,3
TEST_35180,1
TEST_35181,4
TEST_35182,2
TEST_35183,3
TEST_35184,0
TEST_35185,1
TEST_35186,3
TEST_35187,0
TEST_35188,2
TEST_35189,0
TEST_35190,2
TEST_35191,4
TEST_35192,2
TEST_35193,1
TEST_35194,0
TEST_35195,3
TEST_35196,0
TEST_35197,3
TEST_35198,4
TEST_35199,3
TEST_35200,0
TEST_35201,3
TEST_35202,3
TEST_35203,3
TEST_35204,3
TEST_35205,1
TEST_35206,3
TEST_35207,3
TEST_35208,3
TEST_35209,0
TEST_35210,2
TEST_35211,0
TEST_35212,0
TEST_35213,0
TEST_35214,4
TEST_35215,4
TEST_35216,2
TEST_35217,1
TEST_35218,4
TEST_35219,1
TEST_35220,3
TEST_35221,4
TEST_35222,2
TEST_35223,4
TEST_35224,1
TEST_35225,3
TEST_35226,1
TEST_35227,3
TEST_35228,4
TEST_35229,2
TEST_35230,0
TEST_35231,3
TEST_35232,0
TEST_35233,3
TEST_35234,4
TEST_35235,2
TEST_35236,4
TEST_35237,2
TEST_35238,3
TEST_35239,3
TEST_35240,3
TEST_35241,1
TEST_35242,0
TEST_35243,3
TEST_35244,2
TEST_35245,2
TEST_35246,4
TEST_35247,2
TEST_35248,3
TEST_35249,2
TEST_35250,0
TEST_35251,2
TEST_35252,0
TEST_35253,2
TEST_35254,1
TEST_35255,2
TEST_35256,0
TEST_35257,0
TEST_35258,4
TEST_35259,4
TEST_35260,2
TEST_35261,4
TEST_35262,3
TEST_35263,0
TEST_35264,2
TEST_35265,4
TEST_35266,0
TEST_35267,2
TEST_35268,3
TEST_35269,2
TEST_35270,1
TEST_35271,2
TEST_35272,3
TEST_35273,3
TEST_35274,4
TEST_35275,4
TEST_35276,4
TEST_35277,4
TEST_35278,2
TEST_35279,1
TEST_35280,4
TEST_35281,4
TEST_35282,4
TEST_35283,3
TEST_35284,0
TEST_35285,2
TEST_35286,2
TEST_35287,0
TEST_35288,1
TEST_35289,2
TEST_35290,1
TEST_35291,2
TEST_35292,1
TEST_35293,1
TEST_35294,1
TEST_35295,3
TEST_35296,4
TEST_35297,3
TEST_35298,3
TEST_35299,1
TEST_35300,4
TEST_35301,3
TEST_35302,4
TEST_35303,4
TEST_35304,4
TEST_35305,4
TEST_35306,1
TEST_35307,2
TEST_35308,0
TEST_35309,2
TEST_35310,2
TEST_35311,3
TEST_35312,3
TEST_35313,4
TEST_35314,3
TEST_35315,1
TEST_35316,4
TEST_35317,2
TEST_35318,3
TEST_35319,4
TEST_35320,0
TEST_35321,4
TEST_35322,0
TEST_35323,2
TEST_35324,4
TEST_35325,3
TEST_35326,0
TEST_35327,3
TEST_35328,3
TEST_35329,1
TEST_35330,0
TEST_35331,0
TEST_35332,3
TEST_35333,3
TEST_35334,0
TEST_35335,2
TEST_35336,4
TEST_35337,1
TEST_35338,3
TEST_35339,4
TEST_35340,3
TEST_35341,3
TEST_35342,2
TEST_35343,2
TEST_35344,4
TEST_35345,4
TEST_35346,3
TEST_35347,0
TEST_35348,2
TEST_35349,1
TEST_35350,0
TEST_35351,0
TEST_35352,2
TEST_35353,3
TEST_35354,2
TEST_35355,2
TEST_35356,1
TEST_35357,0
TEST_35358,4
TEST_35359,2
TEST_35360,4
TEST_35361,0
TEST_35362,0
TEST_35363,4
TEST_35364,4
TEST_35365,2
TEST_35366,3
TEST_35367,4
TEST_35368,2
TEST_35369,2
TEST_35370,1
TEST_35371,2
TEST_35372,2
TEST_35373,2
TEST_35374,3
TEST_35375,4
TEST_35376,4
TEST_35377,3
TEST_35378,4
TEST_35379,2
TEST_35380,3
TEST_35381,3
TEST_35382,2
TEST_35383,2
TEST_35384,4
TEST_35385,1
TEST_35386,0
TEST_35387,4
TEST_35388,3
TEST_35389,0
TEST_35390,2
TEST_35391,1
TEST_35392,3
TEST_35393,3
TEST_35394,4
TEST_35395,0
TEST_35396,3
TEST_35397,1
TEST_35398,0
TEST_35399,1
TEST_35400,0
TEST_35401,3
TEST_35402,4
TEST_35403,3
TEST_35404,2
TEST_35405,3
TEST_35406,1
TEST_35407,0
TEST_35408,0
TEST_35409,3
TEST_35410,3
TEST_35411,1
TEST_35412,3
TEST_35413,3
TEST_35414,1
TEST_35415,1
TEST_35416,3
TEST_35417,3
TEST_35418,4
TEST_35419,3
TEST_35420,4
TEST_35421,4
TEST_35422,0
TEST_35423,4
TEST_35424,1
TEST_35425,4
TEST_35426,4
TEST_35427,1
TEST_35428,3
TEST_35429,3
TEST_35430,0
TEST_35431,4
TEST_35432,1
TEST_35433,2
TEST_35434,1
TEST_35435,3
TEST_35436,4
TEST_35437,3
TEST_35438,3
TEST_35439,0
TEST_35440,4
TEST_35441,1
TEST_35442,1
TEST_35443,3
TEST_35444,2
TEST_35445,0
TEST_35446,3
TEST_35447,3
TEST_35448,2
TEST_35449,2
TEST_35450,2
TEST_35451,3
TEST_35452,2
TEST_35453,4
TEST_35454,4
TEST_35455,2
TEST_35456,4
TEST_35457,3
TEST_35458,3
TEST_35459,2
TEST_35460,2
TEST_35461,3
TEST_35462,3
TEST_35463,3
TEST_35464,4
TEST_35465,3
TEST_35466,4
TEST_35467,4
TEST_35468,4
TEST_35469,2
TEST_35470,1
TEST_35471,2
TEST_35472,2
TEST_35473,4
TEST_35474,3
TEST_35475,2
TEST_35476,2
TEST_35477,3
TEST_35478,0
TEST_35479,4
TEST_35480,3
TEST_35481,1
TEST_35482,0
TEST_35483,3
TEST_35484,3
TEST_35485,3
TEST_35486,0
TEST_35487,1
TEST_35488,3
TEST_35489,3
TEST_35490,4
TEST_35491,1
TEST_35492,1
TEST_35493,2
TEST_35494,3
TEST_35495,4
TEST_35496,3
TEST_35497,4
TEST_35498,3
TEST_35499,2
TEST_35500,4
TEST_35501,4
TEST_35502,4
TEST_35503,3
TEST_35504,1
TEST_35505,4
TEST_35506,4
TEST_35507,2
TEST_35508,0
TEST_35509,0
TEST_35510,3
TEST_35511,0
TEST_35512,4
TEST_35513,1
TEST_35514,3
TEST_35515,2
TEST_35516,2
TEST_35517,0
TEST_35518,0
TEST_35519,3
TEST_35520,2
TEST_35521,3
TEST_35522,4
TEST_35523,1
TEST_35524,3
TEST_35525,3
TEST_35526,1
TEST_35527,2
TEST_35528,3
TEST_35529,0
TEST_35530,3
TEST_35531,1
TEST_35532,3
TEST_35533,4
TEST_35534,3
TEST_35535,1
TEST_35536,3
TEST_35537,2
TEST_35538,4
TEST_35539,2
TEST_35540,2
TEST_35541,3
TEST_35542,4
TEST_35543,0
TEST_35544,3
TEST_35545,2
TEST_35546,4
TEST_35547,3
TEST_35548,2
TEST_35549,2
TEST_35550,0
TEST_35551,0
TEST_35552,2
TEST_35553,3
TEST_35554,0
TEST_35555,2
TEST_35556,3
TEST_35557,1
TEST_35558,2
TEST_35559,3
TEST_35560,4
TEST_35561,3
TEST_35562,2
TEST_35563,3
TEST_35564,4
TEST_35565,0
TEST_35566,4
TEST_35567,1
TEST_35568,3
TEST_35569,1
TEST_35570,3
TEST_35571,2
TEST_35572,2
TEST_35573,3
TEST_35574,1
TEST_35575,2
TEST_35576,1
TEST_35577,0
TEST_35578,4
TEST_35579,3
TEST_35580,4
TEST_35581,3
TEST_35582,3
TEST_35583,3
TEST_35584,4
TEST_35585,2
TEST_35586,0
TEST_35587,1
TEST_35588,4
TEST_35589,2
TEST_35590,1
TEST_35591,1
TEST_35592,2
TEST_35593,4
TEST_35594,2
TEST_35595,3
TEST_35596,3
TEST_35597,4
TEST_35598,3
TEST_35599,4
TEST_35600,3
TEST_35601,2
TEST_35602,4
TEST_35603,2
TEST_35604,3
TEST_35605,2
TEST_35606,3
TEST_35607,4
TEST_35608,0
TEST_35609,4
TEST_35610,0
TEST_35611,3
TEST_35612,3
TEST_35613,1
TEST_35614,4
TEST_35615,2
TEST_35616,2
TEST_35617,3
TEST_35618,3
TEST_35619,0
TEST_35620,2
TEST_35621,3
TEST_35622,4
TEST_35623,2
TEST_35624,1
TEST_35625,1
TEST_35626,2
TEST_35627,1
TEST_35628,1
TEST_35629,2
TEST_35630,0
TEST_35631,2
TEST_35632,4
TEST_35633,3
TEST_35634,3
TEST_35635,2
TEST_35636,4
TEST_35637,0
TEST_35638,1
TEST_35639,4
TEST_35640,4
TEST_35641,1
TEST_35642,1
TEST_35643,0
TEST_35644,1
TEST_35645,2
TEST_35646,4
TEST_35647,4
TEST_35648,4
TEST_35649,3
TEST_35650,1
TEST_35651,2
TEST_35652,1
TEST_35653,3
TEST_35654,4
TEST_35655,3
TEST_35656,4
TEST_35657,1
TEST_35658,4
TEST_35659,2
TEST_35660,2
TEST_35661,2
TEST_35662,4
TEST_35663,1
TEST_35664,3
TEST_35665,4
TEST_35666,1
TEST_35667,3
TEST_35668,0
TEST_35669,1
TEST_35670,2
TEST_35671,1
TEST_35672,2
TEST_35673,3
TEST_35674,2
TEST_35675,0
TEST_35676,4
TEST_35677,4
TEST_35678,3
TEST_35679,3
TEST_35680,2
TEST_35681,4
TEST_35682,0
TEST_35683,1
TEST_35684,1
TEST_35685,3
TEST_35686,3
TEST_35687,1
TEST_35688,0
TEST_35689,2
TEST_35690,3
TEST_35691,3
TEST_35692,3
TEST_35693,3
TEST_35694,0
TEST_35695,2
TEST_35696,1
TEST_35697,4
TEST_35698,3
TEST_35699,3
TEST_35700,3
TEST_35701,1
TEST_35702,3
TEST_35703,3
TEST_35704,4
TEST_35705,1
TEST_35706,3
TEST_35707,2
TEST_35708,3
TEST_35709,3
TEST_35710,3
TEST_35711,4
TEST_35712,0
TEST_35713,1
TEST_35714,4
TEST_35715,4
TEST_35716,3
TEST_35717,3
TEST_35718,0
TEST_35719,1
TEST_35720,3
TEST_35721,4
TEST_35722,3
TEST_35723,3
TEST_35724,0
TEST_35725,2
TEST_35726,1
TEST_35727,0
TEST_35728,2
TEST_35729,4
TEST_35730,2
TEST_35731,3
TEST_35732,3
TEST_35733,4
TEST_35734,3
TEST_35735,3
TEST_35736,1
TEST_35737,2
TEST_35738,3
TEST_35739,2
TEST_35740,4
TEST_35741,3
TEST_35742,3
TEST_35743,1
TEST_35744,3
TEST_35745,4
TEST_35746,2
TEST_35747,2
TEST_35748,1
TEST_35749,3
TEST_35750,1
TEST_35751,2
TEST_35752,4
TEST_35753,3
TEST_35754,2
TEST_35755,3
TEST_35756,0
TEST_35757,0
TEST_35758,0
TEST_35759,3
TEST_35760,4
TEST_35761,3
TEST_35762,3
TEST_35763,2
TEST_35764,4
TEST_35765,2
TEST_35766,3
TEST_35767,3
TEST_35768,4
TEST_35769,1
TEST_35770,4
TEST_35771,3
TEST_35772,2
TEST_35773,3
TEST_35774,3
TEST_35775,4
TEST_35776,2
TEST_35777,2
TEST_35778,1
TEST_35779,2
TEST_35780,3
TEST_35781,1
TEST_35782,3
TEST_35783,3
TEST_35784,3
TEST_35785,2
TEST_35786,0
TEST_35787,2
TEST_35788,3
TEST_35789,3
TEST_35790,3
TEST_35791,2
TEST_35792,1
TEST_35793,1
TEST_35794,3
TEST_35795,2
TEST_35796,1
TEST_35797,2
TEST_35798,2
TEST_35799,2
TEST_35800,0
TEST_35801,4
TEST_35802,3
TEST_35803,1
TEST_35804,2
TEST_35805,2
TEST_35806,3
TEST_35807,1
TEST_35808,4
TEST_35809,0
TEST_35810,2
TEST_35811,3
TEST_35812,4
TEST_35813,4
TEST_35814,4
TEST_35815,4
TEST_35816,3
TEST_35817,4
TEST_35818,1
TEST_35819,3
TEST_35820,1
TEST_35821,4
TEST_35822,1
TEST_35823,4
TEST_35824,4
TEST_35825,3
TEST_35826,2
TEST_35827,2
TEST_35828,3
TEST_35829,4
TEST_35830,3
TEST_35831,3
TEST_35832,3
TEST_35833,0
TEST_35834,3
TEST_35835,2
TEST_35836,0
TEST_35837,1
TEST_35838,0
TEST_35839,1
TEST_35840,4
TEST_35841,1
TEST_35842,2
TEST_35843,1
TEST_35844,3
TEST_35845,1
TEST_35846,2
TEST_35847,3
TEST_35848,4
TEST_35849,2
TEST_35850,4
TEST_35851,2
TEST_35852,1
TEST_35853,3
TEST_35854,0
TEST_35855,4
TEST_35856,0
TEST_35857,0
TEST_35858,3
TEST_35859,1
TEST_35860,3
TEST_35861,4
TEST_35862,2
TEST_35863,1
TEST_35864,4
TEST_35865,2
TEST_35866,0
TEST_35867,4
TEST_35868,2
TEST_35869,3
TEST_35870,3
TEST_35871,2
TEST_35872,0
TEST_35873,1
TEST_35874,4
TEST_35875,2
TEST_35876,0
TEST_35877,0
TEST_35878,4
TEST_35879,3
TEST_35880,1
TEST_35881,4
TEST_35882,3
TEST_35883,4
TEST_35884,3
TEST_35885,3
TEST_35886,3
TEST_35887,1
TEST_35888,3
TEST_35889,0
TEST_35890,2
TEST_35891,3
TEST_35892,4
TEST_35893,3
TEST_35894,3
TEST_35895,4
TEST_35896,2
TEST_35897,2
TEST_35898,3
TEST_35899,3
TEST_35900,4
TEST_35901,3
TEST_35902,2
TEST_35903,4
TEST_35904,1
TEST_35905,0
TEST_35906,4
TEST_35907,3
TEST_35908,3
TEST_35909,2
TEST_35910,4
TEST_35911,0
TEST_35912,3
TEST_35913,4
TEST_35914,0
TEST_35915,0
TEST_35916,4
TEST_35917,2
TEST_35918,0
TEST_35919,2
TEST_35920,4
TEST_35921,0
TEST_35922,3
TEST_35923,1
TEST_35924,2
TEST_35925,4
TEST_35926,0
TEST_35927,2
TEST_35928,3
TEST_35929,4
TEST_35930,3
TEST_35931,0
TEST_35932,3
TEST_35933,3
TEST_35934,3
TEST_35935,1
TEST_35936,2
TEST_35937,3
TEST_35938,2
TEST_35939,3
TEST_35940,3
TEST_35941,3
TEST_35942,4
TEST_35943,3
TEST_35944,2
TEST_35945,2
TEST_35946,1
TEST_35947,0
TEST_35948,3
TEST_35949,1
TEST_35950,1
TEST_35951,4
TEST_35952,1
TEST_35953,1
TEST_35954,3
TEST_35955,3
TEST_35956,2
TEST_35957,4
TEST_35958,3
TEST_35959,3
TEST_35960,4
TEST_35961,0
TEST_35962,2
TEST_35963,2
TEST_35964,4
TEST_35965,0
TEST_35966,2
TEST_35967,1
TEST_35968,4
TEST_35969,4
TEST_35970,4
TEST_35971,3
TEST_35972,1
TEST_35973,3
TEST_35974,1
TEST_35975,4
TEST_35976,2
TEST_35977,1
TEST_35978,3
TEST_35979,4
TEST_35980,3
TEST_35981,4
TEST_35982,0
TEST_35983,4
TEST_35984,1
TEST_35985,0
TEST_35986,3
TEST_35987,4
TEST_35988,2
TEST_35989,0
TEST_35990,0
TEST_35991,3
TEST_35992,2
TEST_35993,3
TEST_35994,3
TEST_35995,3
TEST_35996,0
TEST_35997,0
TEST_35998,3
TEST_35999,3
TEST_36000,4
TEST_36001,4
TEST_36002,0
TEST_36003,4
TEST_36004,2
TEST_36005,3
TEST_36006,4
TEST_36007,1
TEST_36008,2
TEST_36009,1
TEST_36010,3
TEST_36011,3
TEST_36012,4
TEST_36013,4
TEST_36014,0
TEST_36015,2
TEST_36016,4
TEST_36017,3
TEST_36018,0
TEST_36019,3
TEST_36020,3
TEST_36021,0
TEST_36022,1
TEST_36023,2
TEST_36024,2
TEST_36025,4
TEST_36026,3
TEST_36027,2
TEST_36028,2
TEST_36029,4
TEST_36030,4
TEST_36031,4
TEST_36032,1
TEST_36033,2
TEST_36034,3
TEST_36035,4
TEST_36036,0
TEST_36037,4
TEST_36038,0
TEST_36039,4
TEST_36040,2
TEST_36041,2
TEST_36042,4
TEST_36043,3
TEST_36044,2
TEST_36045,4
TEST_36046,0
TEST_36047,3
TEST_36048,4
TEST_36049,4
TEST_36050,2
TEST_36051,0
TEST_36052,4
TEST_36053,4
TEST_36054,3
TEST_36055,2
TEST_36056,4
TEST_36057,4
TEST_36058,2
TEST_36059,3
TEST_36060,2
TEST_36061,1
TEST_36062,2
TEST_36063,3
TEST_36064,3
TEST_36065,1
TEST_36066,2
TEST_36067,3
TEST_36068,0
TEST_36069,2
TEST_36070,3
TEST_36071,4
TEST_36072,0
TEST_36073,2
TEST_36074,1
TEST_36075,3
TEST_36076,2
TEST_36077,4
TEST_36078,3
TEST_36079,2
TEST_36080,0
TEST_36081,1
TEST_36082,2
TEST_36083,3
TEST_36084,3
TEST_36085,4
TEST_36086,4
TEST_36087,4
TEST_36088,0
TEST_36089,4
TEST_36090,0
TEST_36091,2
TEST_36092,1
TEST_36093,3
TEST_36094,0
TEST_36095,3
TEST_36096,4
TEST_36097,0
TEST_36098,0
TEST_36099,1
TEST_36100,1
TEST_36101,1
TEST_36102,2
TEST_36103,4
TEST_36104,0
TEST_36105,4
TEST_36106,3
TEST_36107,3
TEST_36108,0
TEST_36109,1
TEST_36110,3
TEST_36111,3
TEST_36112,3
TEST_36113,3
TEST_36114,2
TEST_36115,2
TEST_36116,3
TEST_36117,0
TEST_36118,3
TEST_36119,2
TEST_36120,2
TEST_36121,0
TEST_36122,3
TEST_36123,0
TEST_36124,3
TEST_36125,4
TEST_36126,1
TEST_36127,0
TEST_36128,4
TEST_36129,4
TEST_36130,3
TEST_36131,4
TEST_36132,3
TEST_36133,3
TEST_36134,3
TEST_36135,3
TEST_36136,4
TEST_36137,0
TEST_36138,3
TEST_36139,4
TEST_36140,1
TEST_36141,0
TEST_36142,0
TEST_36143,4
TEST_36144,3
TEST_36145,2
TEST_36146,4
TEST_36147,0
TEST_36148,4
TEST_36149,4
TEST_36150,2
TEST_36151,4
TEST_36152,4
TEST_36153,0
TEST_36154,3
TEST_36155,1
TEST_36156,2
TEST_36157,0
TEST_36158,3
TEST_36159,3
TEST_36160,1
TEST_36161,3
TEST_36162,3
TEST_36163,4
TEST_36164,1
TEST_36165,1
TEST_36166,4
TEST_36167,1
TEST_36168,3
TEST_36169,3
TEST_36170,4
TEST_36171,3
TEST_36172,2
TEST_36173,2
TEST_36174,2
TEST_36175,0
TEST_36176,2
TEST_36177,4
TEST_36178,0
TEST_36179,3
TEST_36180,2
TEST_36181,3
TEST_36182,2
TEST_36183,3
TEST_36184,0
TEST_36185,4
TEST_36186,2
TEST_36187,4
TEST_36188,4
TEST_36189,2
TEST_36190,4
TEST_36191,3
TEST_36192,3
TEST_36193,2
TEST_36194,3
TEST_36195,3
TEST_36196,2
TEST_36197,4
TEST_36198,4
TEST_36199,2
TEST_36200,2
TEST_36201,3
TEST_36202,3
TEST_36203,2
TEST_36204,4
TEST_36205,3
TEST_36206,1
TEST_36207,2
TEST_36208,2
TEST_36209,4
TEST_36210,3
TEST_36211,2
TEST_36212,4
TEST_36213,3
TEST_36214,3
TEST_36215,0
TEST_36216,4
TEST_36217,4
TEST_36218,2
TEST_36219,1
TEST_36220,1
TEST_36221,3
TEST_36222,3
TEST_36223,3
TEST_36224,4
TEST_36225,4
TEST_36226,3
TEST_36227,2
TEST_36228,3
TEST_36229,2
TEST_36230,3
TEST_36231,2
TEST_36232,3
TEST_36233,2
TEST_36234,2
TEST_36235,1
TEST_36236,2
TEST_36237,3
TEST_36238,2
TEST_36239,1
TEST_36240,4
TEST_36241,3
TEST_36242,3
TEST_36243,3
TEST_36244,3
TEST_36245,2
TEST_36246,4
TEST_36247,1
TEST_36248,3
TEST_36249,3
TEST_36250,4
TEST_36251,2
TEST_36252,0
TEST_36253,4
TEST_36254,3
TEST_36255,1
TEST_36256,4
TEST_36257,4
TEST_36258,1
TEST_36259,3
TEST_36260,3
TEST_36261,3
TEST_36262,3
TEST_36263,0
TEST_36264,3
TEST_36265,3
TEST_36266,4
TEST_36267,1
TEST_36268,3
TEST_36269,0
TEST_36270,1
TEST_36271,3
TEST_36272,3
TEST_36273,4
TEST_36274,0
TEST_36275,2
TEST_36276,4
TEST_36277,0
TEST_36278,1
TEST_36279,3
TEST_36280,4
TEST_36281,3
TEST_36282,4
TEST_36283,4
TEST_36284,2
TEST_36285,1
TEST_36286,3
TEST_36287,0
TEST_36288,2
TEST_36289,0
TEST_36290,3
TEST_36291,3
TEST_36292,3
TEST_36293,3
TEST_36294,3
TEST_36295,4
TEST_36296,0
TEST_36297,3
TEST_36298,3
TEST_36299,3
TEST_36300,1
TEST_36301,2
TEST_36302,1
TEST_36303,2
TEST_36304,3
TEST_36305,1
TEST_36306,3
TEST_36307,3
TEST_36308,2
TEST_36309,3
TEST_36310,4
TEST_36311,2
TEST_36312,3
TEST_36313,3
TEST_36314,3
TEST_36315,3
TEST_36316,3
TEST_36317,4
TEST_36318,2
TEST_36319,4
TEST_36320,4
TEST_36321,2
TEST_36322,4
TEST_36323,1
TEST_36324,2
TEST_36325,2
TEST_36326,1
TEST_36327,0
TEST_36328,1
TEST_36329,2
TEST_36330,2
TEST_36331,1
TEST_36332,2
TEST_36333,4
TEST_36334,1
TEST_36335,3
TEST_36336,4
TEST_36337,4
TEST_36338,1
TEST_36339,2
TEST_36340,4
TEST_36341,3
TEST_36342,2
TEST_36343,3
TEST_36344,3
TEST_36345,2
TEST_36346,0
TEST_36347,2
TEST_36348,4
TEST_36349,3
TEST_36350,3
TEST_36351,4
TEST_36352,3
TEST_36353,1
TEST_36354,4
TEST_36355,2
TEST_36356,4
TEST_36357,2
TEST_36358,2
TEST_36359,4
TEST_36360,0
TEST_36361,2
TEST_36362,3
TEST_36363,3
TEST_36364,0
TEST_36365,3
TEST_36366,3
TEST_36367,0
TEST_36368,2
TEST_36369,0
TEST_36370,3
TEST_36371,0
TEST_36372,2
TEST_36373,3
TEST_36374,4
TEST_36375,1
TEST_36376,3
TEST_36377,3
TEST_36378,4
TEST_36379,2
TEST_36380,3
TEST_36381,1
TEST_36382,1
TEST_36383,4
TEST_36384,1
TEST_36385,4
TEST_36386,1
TEST_36387,2
TEST_36388,2
TEST_36389,1
TEST_36390,2
TEST_36391,2
TEST_36392,1
TEST_36393,4
TEST_36394,4
TEST_36395,0
TEST_36396,2
TEST_36397,2
TEST_36398,3
TEST_36399,3
TEST_36400,3
TEST_36401,3
TEST_36402,1
TEST_36403,2
TEST_36404,2
TEST_36405,3
TEST_36406,0
TEST_36407,0
TEST_36408,1
TEST_36409,2
TEST_36410,3
TEST_36411,4
TEST_36412,3
TEST_36413,3
TEST_36414,1
TEST_36415,1
TEST_36416,3
TEST_36417,0
TEST_36418,0
TEST_36419,2
TEST_36420,3
TEST_36421,4
TEST_36422,2
TEST_36423,4
TEST_36424,3
TEST_36425,1
TEST_36426,1
TEST_36427,1
TEST_36428,4
TEST_36429,3
TEST_36430,3
TEST_36431,3
TEST_36432,3
TEST_36433,2
TEST_36434,2
TEST_36435,3
TEST_36436,3
TEST_36437,3
TEST_36438,0
TEST_36439,2
TEST_36440,4
TEST_36441,3
TEST_36442,4
TEST_36443,2
TEST_36444,0
TEST_36445,3
TEST_36446,2
TEST_36447,3
TEST_36448,2
TEST_36449,4
TEST_36450,3
TEST_36451,3
TEST_36452,3
TEST_36453,3
TEST_36454,0
TEST_36455,1
TEST_36456,2
TEST_36457,3
TEST_36458,2
TEST_36459,4
TEST_36460,0
TEST_36461,0
TEST_36462,1
TEST_36463,0
TEST_36464,4
TEST_36465,0
TEST_36466,4
TEST_36467,2
TEST_36468,1
TEST_36469,2
TEST_36470,3
TEST_36471,4
TEST_36472,2
TEST_36473,1
TEST_36474,3
TEST_36475,2
TEST_36476,3
TEST_36477,1
TEST_36478,4
TEST_36479,4
TEST_36480,2
TEST_36481,2
TEST_36482,4
TEST_36483,3
TEST_36484,3
TEST_36485,2
TEST_36486,3
TEST_36487,2
TEST_36488,0
TEST_36489,2
TEST_36490,3
TEST_36491,3
TEST_36492,4
TEST_36493,4
TEST_36494,2
TEST_36495,1
TEST_36496,1
TEST_36497,3
TEST_36498,4
TEST_36499,2
TEST_36500,2
TEST_36501,3
TEST_36502,2
TEST_36503,3
TEST_36504,0
TEST_36505,3
TEST_36506,4
TEST_36507,2
TEST_36508,3
TEST_36509,1
TEST_36510,4
TEST_36511,3
TEST_36512,4
TEST_36513,2
TEST_36514,2
TEST_36515,2
TEST_36516,4
TEST_36517,4
TEST_36518,2
TEST_36519,2
TEST_36520,1
TEST_36521,3
TEST_36522,2
TEST_36523,2
TEST_36524,3
TEST_36525,3
TEST_36526,2
TEST_36527,4
TEST_36528,4
TEST_36529,3
TEST_36530,3
TEST_36531,3
TEST_36532,3
TEST_36533,3
TEST_36534,2
TEST_36535,4
TEST_36536,2
TEST_36537,3
TEST_36538,2
TEST_36539,4
TEST_36540,1
TEST_36541,4
TEST_36542,0
TEST_36543,3
TEST_36544,4
TEST_36545,0
TEST_36546,3
TEST_36547,3
TEST_36548,2
TEST_36549,0
TEST_36550,0
TEST_36551,2
TEST_36552,1
TEST_36553,2
TEST_36554,3
TEST_36555,2
TEST_36556,3
TEST_36557,3
TEST_36558,3
TEST_36559,0
TEST_36560,4
TEST_36561,3
TEST_36562,4
TEST_36563,3
TEST_36564,0
TEST_36565,1
TEST_36566,0
TEST_36567,2
TEST_36568,4
TEST_36569,4
TEST_36570,3
TEST_36571,3
TEST_36572,4
TEST_36573,0
TEST_36574,1
TEST_36575,4
TEST_36576,3
TEST_36577,0
TEST_36578,3
TEST_36579,3
TEST_36580,0
TEST_36581,2
TEST_36582,0
TEST_36583,1
TEST_36584,3
TEST_36585,2
TEST_36586,3
TEST_36587,1
TEST_36588,3
TEST_36589,2
TEST_36590,4
TEST_36591,2
TEST_36592,4
TEST_36593,3
TEST_36594,2
TEST_36595,4
TEST_36596,1
TEST_36597,3
TEST_36598,2
TEST_36599,4
TEST_36600,2
TEST_36601,3
TEST_36602,3
TEST_36603,1
TEST_36604,1
TEST_36605,1
TEST_36606,4
TEST_36607,1
TEST_36608,2
TEST_36609,2
TEST_36610,1
TEST_36611,4
TEST_36612,4
TEST_36613,3
TEST_36614,4
TEST_36615,0
TEST_36616,3
TEST_36617,3
TEST_36618,1
TEST_36619,3
TEST_36620,3
TEST_36621,3
TEST_36622,3
TEST_36623,4
TEST_36624,4
TEST_36625,3
TEST_36626,3
TEST_36627,3
TEST_36628,0
TEST_36629,1
TEST_36630,3
TEST_36631,4
TEST_36632,0
TEST_36633,1
TEST_36634,4
TEST_36635,2
TEST_36636,3
TEST_36637,1
TEST_36638,1
TEST_36639,2
TEST_36640,1
TEST_36641,4
TEST_36642,3
TEST_36643,3
TEST_36644,1
TEST_36645,1
TEST_36646,2
TEST_36647,3
TEST_36648,2
TEST_36649,1
TEST_36650,0
TEST_36651,3
TEST_36652,2
TEST_36653,2
TEST_36654,0
TEST_36655,0
TEST_36656,4
TEST_36657,4
TEST_36658,2
TEST_36659,0
TEST_36660,3
TEST_36661,2
TEST_36662,3
TEST_36663,4
TEST_36664,3
TEST_36665,3
TEST_36666,4
TEST_36667,1
TEST_36668,4
TEST_36669,4
TEST_36670,4
TEST_36671,1
TEST_36672,1
TEST_36673,4
TEST_36674,0
TEST_36675,2
TEST_36676,4
TEST_36677,2
TEST_36678,2
TEST_36679,4
TEST_36680,2
TEST_36681,4
TEST_36682,4
TEST_36683,1
TEST_36684,1
TEST_36685,4
TEST_36686,3
TEST_36687,3
TEST_36688,0
TEST_36689,3
TEST_36690,1
TEST_36691,0
TEST_36692,4
TEST_36693,2
TEST_36694,4
TEST_36695,1
TEST_36696,4
TEST_36697,1
TEST_36698,4
TEST_36699,4
TEST_36700,0
TEST_36701,3
TEST_36702,0
TEST_36703,3
TEST_36704,1
TEST_36705,2
TEST_36706,4
TEST_36707,2
TEST_36708,4
TEST_36709,0
TEST_36710,4
TEST_36711,1
TEST_36712,3
TEST_36713,2
TEST_36714,0
TEST_36715,2
TEST_36716,4
TEST_36717,1
TEST_36718,1
TEST_36719,0
TEST_36720,3
TEST_36721,3
TEST_36722,3
TEST_36723,2
TEST_36724,2
TEST_36725,4
TEST_36726,4
TEST_36727,0
TEST_36728,2
TEST_36729,3
TEST_36730,2
TEST_36731,1
TEST_36732,4
TEST_36733,2
TEST_36734,0
TEST_36735,3
TEST_36736,3
TEST_36737,3
TEST_36738,4
TEST_36739,2
TEST_36740,1
TEST_36741,3
TEST_36742,3
TEST_36743,3
TEST_36744,0
TEST_36745,0
TEST_36746,2
TEST_36747,4
TEST_36748,1
TEST_36749,4
TEST_36750,4
TEST_36751,4
TEST_36752,4
TEST_36753,0
TEST_36754,4
TEST_36755,2
TEST_36756,4
TEST_36757,3
TEST_36758,4
TEST_36759,3
TEST_36760,4
TEST_36761,3
TEST_36762,1
TEST_36763,1
TEST_36764,4
TEST_36765,4
TEST_36766,4
TEST_36767,4
TEST_36768,3
TEST_36769,3
TEST_36770,1
TEST_36771,3
TEST_36772,4
TEST_36773,3
TEST_36774,4
TEST_36775,3
TEST_36776,4
TEST_36777,4
TEST_36778,2
TEST_36779,4
TEST_36780,0
TEST_36781,1
TEST_36782,4
TEST_36783,1
TEST_36784,2
TEST_36785,3
TEST_36786,3
TEST_36787,1
TEST_36788,4
TEST_36789,1
TEST_36790,2
TEST_36791,1
TEST_36792,1
TEST_36793,3
TEST_36794,1
TEST_36795,4
TEST_36796,4
TEST_36797,0
TEST_36798,4
TEST_36799,3
TEST_36800,2
TEST_36801,3
TEST_36802,3
TEST_36803,2
TEST_36804,4
TEST_36805,1
TEST_36806,3
TEST_36807,3
TEST_36808,2
TEST_36809,0
TEST_36810,3
TEST_36811,2
TEST_36812,3
TEST_36813,0
TEST_36814,0
TEST_36815,0
TEST_36816,2
TEST_36817,2
TEST_36818,2
TEST_36819,1
TEST_36820,4
TEST_36821,1
TEST_36822,3
TEST_36823,3
TEST_36824,1
TEST_36825,0
TEST_36826,4
TEST_36827,3
TEST_36828,4
TEST_36829,4
TEST_36830,4
TEST_36831,3
TEST_36832,3
TEST_36833,4
TEST_36834,3
TEST_36835,4
TEST_36836,3
TEST_36837,2
TEST_36838,3
TEST_36839,0
TEST_36840,2
TEST_36841,4
TEST_36842,4
TEST_36843,2
TEST_36844,4
TEST_36845,3
TEST_36846,2
TEST_36847,3
TEST_36848,3
TEST_36849,1
TEST_36850,2
TEST_36851,0
TEST_36852,3
TEST_36853,0
TEST_36854,3
TEST_36855,0
TEST_36856,4
TEST_36857,2
TEST_36858,3
TEST_36859,3
TEST_36860,2
TEST_36861,3
TEST_36862,2
TEST_36863,3
TEST_36864,4
TEST_36865,0
TEST_36866,3
TEST_36867,3
TEST_36868,0
TEST_36869,1
TEST_36870,0
TEST_36871,3
TEST_36872,4
TEST_36873,0
TEST_36874,2
TEST_36875,3
TEST_36876,3
TEST_36877,1
TEST_36878,2
TEST_36879,4
TEST_36880,2
TEST_36881,0
TEST_36882,2
TEST_36883,4
TEST_36884,0
TEST_36885,3
TEST_36886,1
TEST_36887,4
TEST_36888,2
TEST_36889,1
TEST_36890,4
TEST_36891,4
TEST_36892,1
TEST_36893,4
TEST_36894,2
TEST_36895,3
TEST_36896,1
TEST_36897,4
TEST_36898,1
TEST_36899,1
TEST_36900,4
TEST_36901,2
TEST_36902,3
TEST_36903,0
TEST_36904,3
TEST_36905,2
TEST_36906,0
TEST_36907,3
TEST_36908,1
TEST_36909,3
TEST_36910,4
TEST_36911,2
TEST_36912,4
TEST_36913,4
TEST_36914,2
TEST_36915,2
TEST_36916,3
TEST_36917,3
TEST_36918,4
TEST_36919,1
TEST_36920,0
TEST_36921,1
TEST_36922,1
TEST_36923,2
TEST_36924,3
TEST_36925,4
TEST_36926,3
TEST_36927,4
TEST_36928,4
TEST_36929,2
TEST_36930,3
TEST_36931,3
TEST_36932,2
TEST_36933,0
TEST_36934,4
TEST_36935,1
TEST_36936,4
TEST_36937,3
TEST_36938,4
TEST_36939,2
TEST_36940,4
TEST_36941,1
TEST_36942,2
TEST_36943,3
TEST_36944,2
TEST_36945,3
TEST_36946,0
TEST_36947,4
TEST_36948,0
TEST_36949,4
TEST_36950,3
TEST_36951,3
TEST_36952,3
TEST_36953,3
TEST_36954,3
TEST_36955,4
TEST_36956,4
TEST_36957,4
TEST_36958,0
TEST_36959,1
TEST_36960,3
TEST_36961,4
TEST_36962,3
TEST_36963,4
TEST_36964,3
TEST_36965,3
TEST_36966,4
TEST_36967,0
TEST_36968,4
TEST_36969,2
TEST_36970,4
TEST_36971,4
TEST_36972,4
TEST_36973,2
TEST_36974,3
TEST_36975,2
TEST_36976,3
TEST_36977,0
TEST_36978,3
TEST_36979,2
TEST_36980,4
TEST_36981,0
TEST_36982,3
TEST_36983,3
TEST_36984,0
TEST_36985,2
TEST_36986,1
TEST_36987,3
TEST_36988,1
TEST_36989,3
TEST_36990,3
TEST_36991,1
TEST_36992,4
TEST_36993,0
TEST_36994,1
TEST_36995,3
TEST_36996,4
TEST_36997,1
TEST_36998,3
TEST_36999,3
TEST_37000,3
TEST_37001,0
TEST_37002,2
TEST_37003,2
TEST_37004,4
TEST_37005,3
TEST_37006,3
TEST_37007,4
TEST_37008,3
TEST_37009,4
TEST_37010,3
TEST_37011,2
TEST_37012,1
TEST_37013,4
TEST_37014,3
TEST_37015,0
TEST_37016,1
TEST_37017,4
TEST_37018,3
TEST_37019,4
TEST_37020,3
TEST_37021,2
TEST_37022,0
TEST_37023,2
TEST_37024,3
TEST_37025,2
TEST_37026,3
TEST_37027,2
TEST_37028,3
TEST_37029,3
TEST_37030,2
TEST_37031,1
TEST_37032,0
TEST_37033,1
TEST_37034,4
TEST_37035,3
TEST_37036,4
TEST_37037,3
TEST_37038,2
TEST_37039,2
TEST_37040,3
TEST_37041,2
TEST_37042,4
TEST_37043,4
TEST_37044,3
TEST_37045,3
TEST_37046,2
TEST_37047,2
TEST_37048,0
TEST_37049,4
TEST_37050,3
TEST_37051,3
TEST_37052,0
TEST_37053,4
TEST_37054,1
TEST_37055,2
TEST_37056,3
TEST_37057,2
TEST_37058,2
TEST_37059,2
TEST_37060,2
TEST_37061,3
TEST_37062,3
TEST_37063,1
TEST_37064,3
TEST_37065,1
TEST_37066,4
TEST_37067,4
TEST_37068,4
TEST_37069,3
TEST_37070,1
TEST_37071,4
TEST_37072,0
TEST_37073,2
TEST_37074,3
TEST_37075,4
TEST_37076,1
TEST_37077,3
TEST_37078,4
TEST_37079,4
TEST_37080,2
TEST_37081,4
TEST_37082,4
TEST_37083,2
TEST_37084,3
TEST_37085,4
TEST_37086,2
TEST_37087,3
TEST_37088,3
TEST_37089,0
TEST_37090,3
TEST_37091,2
TEST_37092,4
TEST_37093,2
TEST_37094,2
TEST_37095,3
TEST_37096,2
TEST_37097,1
TEST_37098,2
TEST_37099,3
TEST_37100,3
TEST_37101,3
TEST_37102,2
TEST_37103,2
TEST_37104,4
TEST_37105,1
TEST_37106,1
TEST_37107,3
TEST_37108,4
TEST_37109,3
TEST_37110,3
TEST_37111,3
TEST_37112,2
TEST_37113,1
TEST_37114,4
TEST_37115,2
TEST_37116,2
TEST_37117,1
TEST_37118,2
TEST_37119,2
TEST_37120,3
TEST_37121,3
TEST_37122,0
TEST_37123,2
TEST_37124,0
TEST_37125,4
TEST_37126,0
TEST_37127,4
TEST_37128,4
TEST_37129,4
TEST_37130,4
TEST_37131,2
TEST_37132,4
TEST_37133,1
TEST_37134,3
TEST_37135,2
TEST_37136,0
TEST_37137,4
TEST_37138,1
TEST_37139,1
TEST_37140,2
TEST_37141,3
TEST_37142,1
TEST_37143,0
TEST_37144,2
TEST_37145,4
TEST_37146,2
TEST_37147,2
TEST_37148,1
TEST_37149,1
TEST_37150,0
TEST_37151,3
TEST_37152,4
TEST_37153,0
TEST_37154,1
TEST_37155,2
TEST_37156,4
TEST_37157,1
TEST_37158,2
TEST_37159,4
TEST_37160,2
TEST_37161,3
TEST_37162,4
TEST_37163,4
TEST_37164,1
TEST_37165,2
TEST_37166,3
TEST_37167,4
TEST_37168,4
TEST_37169,0
TEST_37170,4
TEST_37171,3
TEST_37172,1
TEST_37173,3
TEST_37174,3
TEST_37175,2
TEST_37176,0
TEST_37177,3
TEST_37178,3
TEST_37179,1
TEST_37180,4
TEST_37181,2
TEST_37182,4
TEST_37183,4
TEST_37184,1
TEST_37185,1
TEST_37186,3
TEST_37187,2
TEST_37188,0
TEST_37189,3
TEST_37190,1
TEST_37191,4
TEST_37192,3
TEST_37193,4
TEST_37194,3
TEST_37195,0
TEST_37196,2
TEST_37197,2
TEST_37198,4
TEST_37199,4
TEST_37200,0
TEST_37201,4
TEST_37202,2
TEST_37203,0
TEST_37204,3
TEST_37205,1
TEST_37206,4
TEST_37207,3
TEST_37208,3
TEST_37209,0
TEST_37210,0
TEST_37211,4
TEST_37212,0
TEST_37213,2
TEST_37214,2
TEST_37215,0
TEST_37216,0
TEST_37217,4
TEST_37218,0
TEST_37219,2
TEST_37220,4
TEST_37221,2
TEST_37222,1
TEST_37223,3
TEST_37224,0
TEST_37225,2
TEST_37226,4
TEST_37227,0
TEST_37228,1
TEST_37229,1
TEST_37230,2
TEST_37231,1
TEST_37232,4
TEST_37233,4
TEST_37234,1
TEST_37235,3
TEST_37236,4
TEST_37237,2
TEST_37238,2
TEST_37239,4
TEST_37240,0
TEST_37241,0
TEST_37242,3
TEST_37243,4
TEST_37244,0
TEST_37245,0
TEST_37246,1
TEST_37247,3
TEST_37248,1
TEST_37249,0
TEST_37250,3
TEST_37251,2
TEST_37252,4
TEST_37253,4
TEST_37254,4
TEST_37255,3
TEST_37256,2
TEST_37257,2
TEST_37258,3
TEST_37259,2
TEST_37260,0
TEST_37261,4
TEST_37262,4
TEST_37263,3
TEST_37264,1
TEST_37265,4
TEST_37266,2
TEST_37267,2
TEST_37268,3
TEST_37269,2
TEST_37270,3
TEST_37271,0
TEST_37272,2
TEST_37273,4
TEST_37274,1
TEST_37275,3
TEST_37276,0
TEST_37277,2
TEST_37278,1
TEST_37279,1
TEST_37280,1
TEST_37281,1
TEST_37282,3
TEST_37283,3
TEST_37284,0
TEST_37285,4
TEST_37286,4
TEST_37287,3
TEST_37288,3
TEST_37289,3
TEST_37290,0
TEST_37291,2
TEST_37292,0
TEST_37293,4
TEST_37294,3
TEST_37295,0
TEST_37296,4
TEST_37297,1
TEST_37298,0
TEST_37299,2
TEST_37300,1
TEST_37301,4
TEST_37302,2
TEST_37303,3
TEST_37304,3
TEST_37305,3
TEST_37306,1
TEST_37307,3
TEST_37308,1
TEST_37309,3
TEST_37310,0
TEST_37311,4
TEST_37312,2
TEST_37313,4
TEST_37314,1
TEST_37315,2
TEST_37316,1
TEST_37317,2
TEST_37318,3
TEST_37319,4
TEST_37320,1
TEST_37321,4
TEST_37322,1
TEST_37323,3
TEST_37324,3
TEST_37325,0
TEST_37326,0
TEST_37327,2
TEST_37328,3
TEST_37329,1
TEST_37330,2
TEST_37331,4
TEST_37332,1
TEST_37333,0
TEST_37334,1
TEST_37335,0
TEST_37336,3
TEST_37337,2
TEST_37338,3
TEST_37339,1
TEST_37340,3
TEST_37341,0
TEST_37342,4
TEST_37343,4
TEST_37344,0
TEST_37345,3
TEST_37346,0
TEST_37347,1
TEST_37348,4
TEST_37349,2
TEST_37350,1
TEST_37351,0
TEST_37352,1
TEST_37353,3
TEST_37354,3
TEST_37355,4
TEST_37356,2
TEST_37357,1
TEST_37358,2
TEST_37359,3
TEST_37360,0
TEST_37361,3
TEST_37362,3
TEST_37363,0
TEST_37364,1
TEST_37365,0
TEST_37366,1
TEST_37367,2
TEST_37368,0
TEST_37369,3
TEST_37370,1
TEST_37371,1
TEST_37372,2
TEST_37373,3
TEST_37374,2
TEST_37375,2
TEST_37376,1
TEST_37377,1
TEST_37378,3
TEST_37379,3
TEST_37380,3
TEST_37381,3
TEST_37382,3
TEST_37383,3
TEST_37384,0
TEST_37385,1
TEST_37386,3
TEST_37387,3
TEST_37388,4
TEST_37389,2
TEST_37390,3
TEST_37391,3
TEST_37392,0
TEST_37393,2
TEST_37394,2
TEST_37395,1
TEST_37396,3
TEST_37397,4
TEST_37398,3
TEST_37399,1
TEST_37400,1
TEST_37401,3
TEST_37402,4
TEST_37403,2
TEST_37404,3
TEST_37405,4
TEST_37406,4
TEST_37407,3
TEST_37408,1
TEST_37409,3
TEST_37410,3
TEST_37411,3
TEST_37412,3
TEST_37413,3
TEST_37414,3
TEST_37415,1
TEST_37416,4
TEST_37417,1
TEST_37418,4
TEST_37419,0
TEST_37420,0
TEST_37421,4
TEST_37422,4
TEST_37423,4
TEST_37424,3
TEST_37425,4
TEST_37426,4
TEST_37427,2
TEST_37428,4
TEST_37429,3
TEST_37430,0
TEST_37431,3
TEST_37432,0
TEST_37433,3
TEST_37434,3
TEST_37435,3
TEST_37436,1
TEST_37437,3
TEST_37438,4
TEST_37439,4
TEST_37440,1
TEST_37441,4
TEST_37442,2
TEST_37443,3
TEST_37444,2
TEST_37445,4
TEST_37446,4
TEST_37447,4
TEST_37448,2
TEST_37449,3
TEST_37450,3
TEST_37451,3
TEST_37452,2
TEST_37453,1
TEST_37454,1
TEST_37455,1
TEST_37456,2
TEST_37457,3
TEST_37458,0
TEST_37459,0
TEST_37460,1
TEST_37461,2
TEST_37462,3
TEST_37463,3
TEST_37464,3
TEST_37465,3
TEST_37466,2
TEST_37467,3
TEST_37468,0
TEST_37469,3
TEST_37470,0
TEST_37471,1
TEST_37472,2
TEST_37473,3
TEST_37474,4
TEST_37475,3
TEST_37476,0
TEST_37477,3
TEST_37478,0
TEST_37479,0
TEST_37480,0
TEST_37481,3
TEST_37482,2
TEST_37483,2
TEST_37484,3
TEST_37485,3
TEST_37486,3
TEST_37487,2
TEST_37488,2
TEST_37489,4
TEST_37490,3
TEST_37491,2
TEST_37492,2
TEST_37493,1
TEST_37494,3
TEST_37495,3
TEST_37496,4
TEST_37497,0
TEST_37498,0
TEST_37499,2
TEST_37500,4
TEST_37501,0
TEST_37502,3
TEST_37503,1
TEST_37504,3
TEST_37505,1
TEST_37506,4
TEST_37507,3
TEST_37508,1
TEST_37509,2
TEST_37510,1
TEST_37511,1
TEST_37512,1
TEST_37513,4
TEST_37514,2
TEST_37515,2
TEST_37516,2
TEST_37517,3
TEST_37518,2
TEST_37519,0
TEST_37520,2
TEST_37521,0
TEST_37522,3
TEST_37523,2
TEST_37524,3
TEST_37525,1
TEST_37526,3
TEST_37527,3
TEST_37528,0
TEST_37529,1
TEST_37530,4
TEST_37531,2
TEST_37532,4
TEST_37533,1
TEST_37534,3
TEST_37535,1
TEST_37536,3
TEST_37537,2
TEST_37538,1
TEST_37539,1
TEST_37540,3
TEST_37541,2
TEST_37542,4
TEST_37543,3
TEST_37544,4
TEST_37545,0
TEST_37546,4
TEST_37547,3
TEST_37548,4
TEST_37549,4
TEST_37550,2
TEST_37551,4
TEST_37552,4
TEST_37553,4
TEST_37554,4
TEST_37555,4
TEST_37556,1
TEST_37557,4
TEST_37558,4
TEST_37559,4
TEST_37560,3
TEST_37561,3
TEST_37562,4
TEST_37563,3
TEST_37564,3
TEST_37565,3
TEST_37566,2
TEST_37567,2
TEST_37568,0
TEST_37569,0
TEST_37570,2
TEST_37571,2
TEST_37572,4
TEST_37573,3
TEST_37574,2
TEST_37575,3
TEST_37576,3
TEST_37577,3
TEST_37578,4
TEST_37579,1
TEST_37580,2
TEST_37581,3
TEST_37582,3
TEST_37583,2
TEST_37584,2
TEST_37585,4
TEST_37586,1
TEST_37587,3
TEST_37588,4
TEST_37589,2
TEST_37590,4
TEST_37591,4
TEST_37592,4
TEST_37593,0
TEST_37594,3
TEST_37595,2
TEST_37596,2
TEST_37597,4
TEST_37598,4
TEST_37599,2
TEST_37600,4
TEST_37601,1
TEST_37602,4
TEST_37603,1
TEST_37604,0
TEST_37605,0
TEST_37606,1
TEST_37607,2
TEST_37608,4
TEST_37609,3
TEST_37610,0
TEST_37611,3
TEST_37612,2
TEST_37613,3
TEST_37614,0
TEST_37615,1
TEST_37616,2
TEST_37617,3
TEST_37618,2
TEST_37619,0
TEST_37620,3
TEST_37621,3
TEST_37622,2
TEST_37623,1
TEST_37624,1
TEST_37625,0
TEST_37626,2
TEST_37627,3
TEST_37628,2
TEST_37629,3
TEST_37630,3
TEST_37631,4
TEST_37632,0
TEST_37633,3
TEST_37634,4
TEST_37635,4
TEST_37636,2
TEST_37637,1
TEST_37638,1
TEST_37639,3
TEST_37640,2
TEST_37641,0
TEST_37642,3
TEST_37643,3
TEST_37644,3
TEST_37645,4
TEST_37646,3
TEST_37647,4
TEST_37648,4
TEST_37649,1
TEST_37650,4
TEST_37651,4
TEST_37652,4
TEST_37653,3
TEST_37654,3
TEST_37655,4
TEST_37656,2
TEST_37657,0
TEST_37658,3
TEST_37659,3
TEST_37660,4
TEST_37661,1
TEST_37662,0
TEST_37663,4
TEST_37664,0
TEST_37665,1
TEST_37666,2
TEST_37667,1
TEST_37668,3
TEST_37669,1
TEST_37670,1
TEST_37671,2
TEST_37672,3
TEST_37673,4
TEST_37674,0
TEST_37675,4
TEST_37676,0
TEST_37677,4
TEST_37678,4
TEST_37679,4
TEST_37680,1
TEST_37681,3
TEST_37682,2
TEST_37683,0
TEST_37684,1
TEST_37685,4
TEST_37686,4
TEST_37687,0
TEST_37688,3
TEST_37689,0
TEST_37690,3
TEST_37691,4
TEST_37692,2
TEST_37693,0
TEST_37694,3
TEST_37695,0
TEST_37696,2
TEST_37697,4
TEST_37698,0
TEST_37699,1
TEST_37700,3
TEST_37701,3
TEST_37702,3
TEST_37703,1
TEST_37704,4
TEST_37705,1
TEST_37706,2
TEST_37707,1
TEST_37708,1
TEST_37709,3
TEST_37710,3
TEST_37711,3
TEST_37712,2
TEST_37713,2
TEST_37714,1
TEST_37715,4
TEST_37716,4
TEST_37717,1
TEST_37718,2
TEST_37719,1
TEST_37720,3
TEST_37721,3
TEST_37722,4
TEST_37723,2
TEST_37724,1
TEST_37725,3
TEST_37726,4
TEST_37727,3
TEST_37728,0
TEST_37729,2
TEST_37730,4
TEST_37731,0
TEST_37732,3
TEST_37733,1
TEST_37734,4
TEST_37735,4
TEST_37736,3
TEST_37737,1
TEST_37738,2
TEST_37739,3
TEST_37740,3
TEST_37741,4
TEST_37742,1
TEST_37743,3
TEST_37744,4
TEST_37745,2
TEST_37746,0
TEST_37747,1
TEST_37748,4
TEST_37749,2
TEST_37750,2
TEST_37751,3
TEST_37752,2
TEST_37753,3
TEST_37754,3
TEST_37755,1
TEST_37756,4
TEST_37757,2
TEST_37758,4
TEST_37759,1
TEST_37760,3
TEST_37761,4
TEST_37762,3
TEST_37763,3
TEST_37764,4
TEST_37765,4
TEST_37766,2
TEST_37767,3
TEST_37768,2
TEST_37769,2
TEST_37770,4
TEST_37771,3
TEST_37772,0
TEST_37773,1
TEST_37774,1
TEST_37775,3
TEST_37776,4
TEST_37777,4
TEST_37778,4
TEST_37779,3
TEST_37780,2
TEST_37781,2
TEST_37782,0
TEST_37783,4
TEST_37784,4
TEST_37785,4
TEST_37786,2
TEST_37787,0
TEST_37788,3
TEST_37789,2
TEST_37790,4
TEST_37791,2
TEST_37792,3
TEST_37793,0
TEST_37794,3
TEST_37795,4
TEST_37796,1
TEST_37797,0
TEST_37798,2
TEST_37799,4
TEST_37800,3
TEST_37801,1
TEST_37802,2
TEST_37803,3
TEST_37804,2
TEST_37805,4
TEST_37806,4
TEST_37807,2
TEST_37808,2
TEST_37809,1
TEST_37810,3
TEST_37811,3
TEST_37812,0
TEST_37813,3
TEST_37814,1
TEST_37815,2
TEST_37816,0
TEST_37817,1
TEST_37818,4
TEST_37819,3
TEST_37820,2
TEST_37821,0
TEST_37822,2
TEST_37823,3
TEST_37824,0
TEST_37825,1
TEST_37826,0
TEST_37827,2
TEST_37828,0
TEST_37829,4
TEST_37830,4
TEST_37831,2
TEST_37832,3
TEST_37833,2
TEST_37834,0
TEST_37835,2
TEST_37836,2
TEST_37837,4
TEST_37838,3
TEST_37839,2
TEST_37840,2
TEST_37841,4
TEST_37842,1
TEST_37843,2
TEST_37844,1
TEST_37845,3
TEST_37846,3
TEST_37847,3
TEST_37848,2
TEST_37849,0
TEST_37850,3
TEST_37851,2
TEST_37852,4
TEST_37853,4
TEST_37854,0
TEST_37855,3
TEST_37856,4
TEST_37857,2
TEST_37858,3
TEST_37859,3
TEST_37860,4
TEST_37861,3
TEST_37862,2
TEST_37863,2
TEST_37864,3
TEST_37865,2
TEST_37866,0
TEST_37867,3
TEST_37868,4
TEST_37869,2
TEST_37870,4
TEST_37871,2
TEST_37872,3
TEST_37873,2
TEST_37874,3
TEST_37875,3
TEST_37876,3
TEST_37877,0
TEST_37878,0
TEST_37879,3
TEST_37880,1
TEST_37881,2
TEST_37882,2
TEST_37883,0
TEST_37884,1
TEST_37885,0
TEST_37886,4
TEST_37887,0
TEST_37888,3
TEST_37889,3
TEST_37890,4
TEST_37891,2
TEST_37892,2
TEST_37893,3
TEST_37894,0
TEST_37895,2
TEST_37896,1
TEST_37897,4
TEST_37898,4
TEST_37899,4
TEST_37900,2
TEST_37901,4
TEST_37902,3
TEST_37903,3
TEST_37904,2
TEST_37905,3
TEST_37906,1
TEST_37907,3
TEST_37908,2
TEST_37909,3
TEST_37910,3
TEST_37911,2
TEST_37912,0
TEST_37913,2
TEST_37914,2
TEST_37915,2
TEST_37916,0
TEST_37917,1
TEST_37918,2
TEST_37919,3
TEST_37920,3
TEST_37921,0
TEST_37922,2
TEST_37923,2
TEST_37924,0
TEST_37925,4
TEST_37926,2
TEST_37927,0
TEST_37928,2
TEST_37929,3
TEST_37930,2
TEST_37931,3
TEST_37932,2
TEST_37933,3
TEST_37934,0
TEST_37935,4
TEST_37936,0
TEST_37937,1
TEST_37938,3
TEST_37939,3
TEST_37940,1
TEST_37941,2
TEST_37942,1
TEST_37943,3
TEST_37944,3
TEST_37945,1
TEST_37946,4
TEST_37947,2
TEST_37948,3
TEST_37949,3
TEST_37950,3
TEST_37951,3
TEST_37952,3
TEST_37953,2
TEST_37954,4
TEST_37955,3
TEST_37956,3
TEST_37957,2
TEST_37958,3
TEST_37959,2
TEST_37960,2
TEST_37961,1
TEST_37962,3
TEST_37963,4
TEST_37964,2
TEST_37965,4
TEST_37966,2
TEST_37967,0
TEST_37968,4
TEST_37969,3
TEST_37970,4
TEST_37971,3
TEST_37972,4
TEST_37973,2
TEST_37974,3
TEST_37975,0
TEST_37976,1
TEST_37977,1
TEST_37978,3
TEST_37979,0
TEST_37980,1
TEST_37981,3
TEST_37982,1
TEST_37983,0
TEST_37984,1
TEST_37985,3
TEST_37986,4
TEST_37987,1
TEST_37988,1
TEST_37989,0
TEST_37990,0
TEST_37991,2
TEST_37992,2
TEST_37993,3
TEST_37994,4
TEST_37995,2
TEST_37996,1
TEST_37997,4
TEST_37998,3
TEST_37999,4
TEST_38000,1
TEST_38001,0
TEST_38002,0
TEST_38003,2
TEST_38004,4
TEST_38005,2
TEST_38006,3
TEST_38007,2
TEST_38008,1
TEST_38009,3
TEST_38010,3
TEST_38011,2
TEST_38012,2
TEST_38013,1
TEST_38014,4
TEST_38015,1
TEST_38016,4
TEST_38017,3
TEST_38018,3
TEST_38019,3
TEST_38020,1
TEST_38021,3
TEST_38022,3
TEST_38023,0
TEST_38024,2
TEST_38025,3
TEST_38026,3
TEST_38027,0
TEST_38028,4
TEST_38029,4
TEST_38030,3
TEST_38031,4
TEST_38032,4
TEST_38033,4
TEST_38034,2
TEST_38035,2
TEST_38036,2
TEST_38037,3
TEST_38038,4
TEST_38039,0
TEST_38040,2
TEST_38041,4
TEST_38042,4
TEST_38043,3
TEST_38044,2
TEST_38045,3
TEST_38046,4
TEST_38047,1
TEST_38048,3
TEST_38049,4
TEST_38050,1
TEST_38051,3
TEST_38052,2
TEST_38053,2
TEST_38054,2
TEST_38055,1
TEST_38056,3
TEST_38057,4
TEST_38058,4
TEST_38059,1
TEST_38060,1
TEST_38061,4
TEST_38062,4
TEST_38063,0
TEST_38064,1
TEST_38065,4
TEST_38066,0
TEST_38067,3
TEST_38068,3
TEST_38069,2
TEST_38070,3
TEST_38071,0
TEST_38072,3
TEST_38073,4
TEST_38074,3
TEST_38075,2
TEST_38076,4
TEST_38077,2
TEST_38078,3
TEST_38079,1
TEST_38080,4
TEST_38081,3
TEST_38082,1
TEST_38083,3
TEST_38084,3
TEST_38085,4
TEST_38086,3
TEST_38087,0
TEST_38088,4
TEST_38089,2
TEST_38090,2
TEST_38091,3
TEST_38092,3
TEST_38093,1
TEST_38094,4
TEST_38095,4
TEST_38096,4
TEST_38097,0
TEST_38098,1
TEST_38099,2
TEST_38100,1
TEST_38101,2
TEST_38102,3
TEST_38103,3
TEST_38104,4
TEST_38105,2
TEST_38106,3
TEST_38107,2
TEST_38108,4
TEST_38109,3
TEST_38110,0
TEST_38111,0
TEST_38112,1
TEST_38113,2
TEST_38114,2
TEST_38115,4
TEST_38116,0
TEST_38117,0
TEST_38118,2
TEST_38119,4
TEST_38120,3
TEST_38121,4
TEST_38122,3
TEST_38123,1
TEST_38124,3
TEST_38125,4
TEST_38126,3
TEST_38127,0
TEST_38128,4
TEST_38129,3
TEST_38130,4
TEST_38131,3
TEST_38132,4
TEST_38133,3
TEST_38134,3
TEST_38135,4
TEST_38136,0
TEST_38137,4
TEST_38138,3
TEST_38139,1
TEST_38140,1
TEST_38141,3
TEST_38142,3
TEST_38143,0
TEST_38144,1
TEST_38145,2
TEST_38146,3
TEST_38147,4
TEST_38148,0
TEST_38149,3
TEST_38150,3
TEST_38151,3
TEST_38152,3
TEST_38153,3
TEST_38154,4
TEST_38155,3
TEST_38156,4
TEST_38157,4
TEST_38158,2
TEST_38159,1
TEST_38160,1
TEST_38161,4
TEST_38162,1
TEST_38163,3
TEST_38164,3
TEST_38165,1
TEST_38166,3
TEST_38167,3
TEST_38168,3
TEST_38169,4
TEST_38170,1
TEST_38171,1
TEST_38172,2
TEST_38173,4
TEST_38174,0
TEST_38175,4
TEST_38176,3
TEST_38177,0
TEST_38178,0
TEST_38179,0
TEST_38180,3
TEST_38181,2
TEST_38182,4
TEST_38183,4
TEST_38184,4
TEST_38185,3
TEST_38186,3
TEST_38187,1
TEST_38188,4
TEST_38189,3
TEST_38190,4
TEST_38191,4
TEST_38192,3
TEST_38193,0
TEST_38194,3
TEST_38195,4
TEST_38196,3
TEST_38197,1
TEST_38198,3
TEST_38199,3
TEST_38200,3
TEST_38201,1
TEST_38202,3
TEST_38203,2
TEST_38204,4
TEST_38205,4
TEST_38206,3
TEST_38207,2
TEST_38208,4
TEST_38209,3
TEST_38210,0
TEST_38211,3
TEST_38212,3
TEST_38213,2
TEST_38214,1
TEST_38215,4
TEST_38216,1
TEST_38217,2
TEST_38218,4
TEST_38219,3
TEST_38220,1
TEST_38221,0
TEST_38222,4
TEST_38223,3
TEST_38224,2
TEST_38225,2
TEST_38226,4
TEST_38227,4
TEST_38228,2
TEST_38229,3
TEST_38230,0
TEST_38231,2
TEST_38232,1
TEST_38233,0
TEST_38234,2
TEST_38235,4
TEST_38236,2
TEST_38237,4
TEST_38238,2
TEST_38239,0
TEST_38240,4
TEST_38241,1
TEST_38242,0
TEST_38243,3
TEST_38244,1
TEST_38245,4
TEST_38246,0
TEST_38247,3
TEST_38248,0
TEST_38249,4
TEST_38250,3
TEST_38251,4
TEST_38252,2
TEST_38253,0
TEST_38254,2
TEST_38255,3
TEST_38256,1
TEST_38257,2
TEST_38258,2
TEST_38259,0
TEST_38260,2
TEST_38261,4
TEST_38262,2
TEST_38263,3
TEST_38264,4
TEST_38265,4
TEST_38266,0
TEST_38267,4
TEST_38268,3
TEST_38269,0
TEST_38270,0
TEST_38271,3
TEST_38272,3
TEST_38273,3
TEST_38274,1
TEST_38275,3
TEST_38276,3
TEST_38277,4
TEST_38278,4
TEST_38279,1
TEST_38280,3
TEST_38281,2
TEST_38282,1
TEST_38283,3
TEST_38284,3
TEST_38285,1
TEST_38286,4
TEST_38287,4
TEST_38288,2
TEST_38289,4
TEST_38290,1
TEST_38291,4
TEST_38292,2
TEST_38293,4
TEST_38294,4
TEST_38295,4
TEST_38296,4
TEST_38297,1
TEST_38298,3
TEST_38299,3
TEST_38300,4
TEST_38301,2
TEST_38302,1
TEST_38303,4
TEST_38304,1
TEST_38305,3
TEST_38306,2
TEST_38307,0
TEST_38308,4
TEST_38309,1
TEST_38310,0
TEST_38311,3
TEST_38312,3
TEST_38313,4
TEST_38314,2
TEST_38315,0
TEST_38316,1
TEST_38317,2
TEST_38318,2
TEST_38319,4
TEST_38320,1
TEST_38321,3
TEST_38322,4
TEST_38323,2
TEST_38324,4
TEST_38325,4
TEST_38326,4
TEST_38327,0
TEST_38328,1
TEST_38329,2
TEST_38330,3
TEST_38331,4
TEST_38332,1
TEST_38333,2
TEST_38334,2
TEST_38335,2
TEST_38336,3
TEST_38337,3
TEST_38338,0
TEST_38339,3
TEST_38340,3
TEST_38341,1
TEST_38342,3
TEST_38343,4
TEST_38344,1
TEST_38345,4
TEST_38346,4
TEST_38347,4
TEST_38348,3
TEST_38349,2
TEST_38350,3
TEST_38351,3
TEST_38352,3
TEST_38353,0
TEST_38354,4
TEST_38355,4
TEST_38356,2
TEST_38357,2
TEST_38358,4
TEST_38359,3
TEST_38360,2
TEST_38361,4
TEST_38362,2
TEST_38363,3
TEST_38364,4
TEST_38365,4
TEST_38366,1
TEST_38367,4
TEST_38368,4
TEST_38369,4
TEST_38370,1
TEST_38371,4
TEST_38372,2
TEST_38373,3
TEST_38374,3
TEST_38375,3
TEST_38376,1
TEST_38377,2
TEST_38378,3
TEST_38379,2
TEST_38380,0
TEST_38381,2
TEST_38382,4
TEST_38383,2
TEST_38384,4
TEST_38385,1
TEST_38386,3
TEST_38387,2
TEST_38388,4
TEST_38389,4
TEST_38390,4
TEST_38391,3
TEST_38392,0
TEST_38393,2
TEST_38394,0
TEST_38395,3
TEST_38396,0
TEST_38397,3
TEST_38398,2
TEST_38399,0
TEST_38400,0
TEST_38401,4
TEST_38402,4
TEST_38403,4
TEST_38404,2
TEST_38405,1
TEST_38406,3
TEST_38407,3
TEST_38408,3
TEST_38409,2
TEST_38410,3
TEST_38411,4
TEST_38412,0
TEST_38413,0
TEST_38414,4
TEST_38415,4
TEST_38416,3
TEST_38417,2
TEST_38418,1
TEST_38419,1
TEST_38420,4
TEST_38421,4
TEST_38422,3
TEST_38423,3
TEST_38424,2
TEST_38425,4
TEST_38426,0
TEST_38427,3
TEST_38428,3
TEST_38429,3
TEST_38430,4
TEST_38431,4
TEST_38432,3
TEST_38433,4
TEST_38434,3
TEST_38435,0
TEST_38436,3
TEST_38437,2
TEST_38438,3
TEST_38439,1
TEST_38440,3
TEST_38441,1
TEST_38442,0
TEST_38443,0
TEST_38444,0
TEST_38445,3
TEST_38446,2
TEST_38447,4
TEST_38448,0
TEST_38449,3
TEST_38450,4
TEST_38451,1
TEST_38452,2
TEST_38453,1
TEST_38454,1
TEST_38455,4
TEST_38456,3
TEST_38457,3
TEST_38458,3
TEST_38459,3
TEST_38460,2
TEST_38461,4
TEST_38462,3
TEST_38463,4
TEST_38464,1
TEST_38465,3
TEST_38466,3
TEST_38467,2
TEST_38468,3
TEST_38469,0
TEST_38470,1
TEST_38471,1
TEST_38472,4
TEST_38473,4
TEST_38474,2
TEST_38475,1
TEST_38476,1
TEST_38477,4
TEST_38478,3
TEST_38479,2
TEST_38480,1
TEST_38481,2
TEST_38482,3
TEST_38483,1
TEST_38484,4
TEST_38485,0
TEST_38486,1
TEST_38487,2
TEST_38488,3
TEST_38489,4
TEST_38490,0
TEST_38491,2
TEST_38492,2
TEST_38493,1
TEST_38494,1
TEST_38495,0
TEST_38496,3
TEST_38497,2
TEST_38498,3
TEST_38499,4
TEST_38500,1
TEST_38501,3
TEST_38502,0
TEST_38503,0
TEST_38504,3
TEST_38505,4
TEST_38506,4
TEST_38507,3
TEST_38508,1
TEST_38509,4
TEST_38510,3
TEST_38511,3
TEST_38512,3
TEST_38513,2
TEST_38514,3
TEST_38515,2
TEST_38516,0
TEST_38517,3
TEST_38518,4
TEST_38519,2
TEST_38520,1
TEST_38521,3
TEST_38522,1
TEST_38523,0
TEST_38524,3
TEST_38525,4
TEST_38526,2
TEST_38527,1
TEST_38528,3
TEST_38529,2
TEST_38530,2
TEST_38531,4
TEST_38532,0
TEST_38533,0
TEST_38534,0
TEST_38535,3
TEST_38536,2
TEST_38537,4
TEST_38538,1
TEST_38539,3
TEST_38540,0
TEST_38541,4
TEST_38542,4
TEST_38543,4
TEST_38544,1
TEST_38545,1
TEST_38546,3
TEST_38547,3
TEST_38548,4
TEST_38549,4
TEST_38550,1
TEST_38551,3
TEST_38552,0
TEST_38553,3
TEST_38554,3
TEST_38555,0
TEST_38556,4
TEST_38557,0
TEST_38558,1
TEST_38559,4
TEST_38560,4
TEST_38561,4
TEST_38562,3
TEST_38563,3
TEST_38564,2
TEST_38565,1
TEST_38566,0
TEST_38567,4
TEST_38568,4
TEST_38569,3
TEST_38570,0
TEST_38571,1
TEST_38572,0
TEST_38573,2
TEST_38574,2
TEST_38575,0
TEST_38576,0
TEST_38577,4
TEST_38578,0
TEST_38579,0
TEST_38580,0
TEST_38581,0
TEST_38582,3
TEST_38583,3
TEST_38584,1
TEST_38585,3
TEST_38586,3
TEST_38587,4
TEST_38588,3
TEST_38589,0
TEST_38590,3
TEST_38591,4
TEST_38592,3
TEST_38593,3
TEST_38594,2
TEST_38595,4
TEST_38596,1
TEST_38597,2
TEST_38598,2
TEST_38599,3
TEST_38600,0
TEST_38601,2
TEST_38602,4
TEST_38603,4
TEST_38604,3
TEST_38605,1
TEST_38606,3
TEST_38607,3
TEST_38608,3
TEST_38609,3
TEST_38610,4
TEST_38611,1
TEST_38612,0
TEST_38613,4
TEST_38614,3
TEST_38615,0
TEST_38616,4
TEST_38617,4
TEST_38618,2
TEST_38619,3
TEST_38620,2
TEST_38621,3
TEST_38622,1
TEST_38623,0
TEST_38624,2
TEST_38625,2
TEST_38626,2
TEST_38627,0
TEST_38628,1
TEST_38629,4
TEST_38630,3
TEST_38631,0
TEST_38632,4
TEST_38633,2
TEST_38634,4
TEST_38635,4
TEST_38636,2
TEST_38637,3
TEST_38638,1
TEST_38639,3
TEST_38640,0
TEST_38641,0
TEST_38642,1
TEST_38643,1
TEST_38644,4
TEST_38645,4
TEST_38646,1
TEST_38647,4
TEST_38648,1
TEST_38649,4
TEST_38650,4
TEST_38651,4
TEST_38652,3
TEST_38653,4
TEST_38654,2
TEST_38655,0
TEST_38656,4
TEST_38657,3
TEST_38658,4
TEST_38659,3
TEST_38660,0
TEST_38661,0
TEST_38662,4
TEST_38663,3
TEST_38664,3
TEST_38665,3
TEST_38666,1
TEST_38667,3
TEST_38668,4
TEST_38669,1
TEST_38670,0
TEST_38671,0
TEST_38672,3
TEST_38673,2
TEST_38674,4
TEST_38675,1
TEST_38676,4
TEST_38677,4
TEST_38678,3
TEST_38679,0
TEST_38680,3
TEST_38681,4
TEST_38682,1
TEST_38683,1
TEST_38684,3
TEST_38685,4
TEST_38686,3
TEST_38687,4
TEST_38688,4
TEST_38689,2
TEST_38690,3
TEST_38691,4
TEST_38692,1
TEST_38693,4
TEST_38694,4
TEST_38695,4
TEST_38696,3
TEST_38697,2
TEST_38698,3
TEST_38699,2
TEST_38700,0
TEST_38701,4
TEST_38702,3
TEST_38703,2
TEST_38704,4
TEST_38705,1
TEST_38706,3
TEST_38707,2
TEST_38708,4
TEST_38709,2
TEST_38710,1
TEST_38711,4
TEST_38712,4
TEST_38713,4
TEST_38714,4
TEST_38715,2
TEST_38716,3
TEST_38717,4
TEST_38718,1
TEST_38719,4
TEST_38720,1
TEST_38721,3
TEST_38722,0
TEST_38723,1
TEST_38724,3
TEST_38725,1
TEST_38726,0
TEST_38727,4
TEST_38728,3
TEST_38729,1
TEST_38730,2
TEST_38731,4
TEST_38732,1
TEST_38733,1
TEST_38734,2
TEST_38735,3
TEST_38736,3
TEST_38737,2
TEST_38738,0
TEST_38739,3
TEST_38740,3
TEST_38741,2
TEST_38742,2
TEST_38743,3
TEST_38744,4
TEST_38745,3
TEST_38746,4
TEST_38747,2
TEST_38748,4
TEST_38749,4
TEST_38750,0
TEST_38751,3
TEST_38752,4
TEST_38753,3
TEST_38754,0
TEST_38755,1
TEST_38756,3
TEST_38757,3
TEST_38758,0
TEST_38759,3
TEST_38760,3
TEST_38761,3
TEST_38762,4
TEST_38763,4
TEST_38764,4
TEST_38765,2
TEST_38766,0
TEST_38767,2
TEST_38768,3
TEST_38769,3
TEST_38770,4
TEST_38771,3
TEST_38772,0
TEST_38773,1
TEST_38774,2
TEST_38775,3
TEST_38776,1
TEST_38777,4
TEST_38778,3
TEST_38779,2
TEST_38780,4
TEST_38781,3
TEST_38782,3
TEST_38783,3
TEST_38784,1
TEST_38785,1
TEST_38786,1
TEST_38787,4
TEST_38788,3
TEST_38789,0
TEST_38790,2
TEST_38791,3
TEST_38792,3
TEST_38793,3
TEST_38794,1
TEST_38795,4
TEST_38796,3
TEST_38797,1
TEST_38798,1
TEST_38799,2
TEST_38800,4
TEST_38801,1
TEST_38802,1
TEST_38803,1
TEST_38804,0
TEST_38805,3
TEST_38806,1
TEST_38807,2
TEST_38808,4
TEST_38809,0
TEST_38810,3
TEST_38811,3
TEST_38812,4
TEST_38813,4
TEST_38814,4
TEST_38815,2
TEST_38816,3
TEST_38817,2
TEST_38818,2
TEST_38819,3
TEST_38820,3
TEST_38821,0
TEST_38822,3
TEST_38823,2
TEST_38824,4
TEST_38825,3
TEST_38826,1
TEST_38827,0
TEST_38828,2
TEST_38829,2
TEST_38830,3
TEST_38831,2
TEST_38832,1
TEST_38833,4
TEST_38834,0
TEST_38835,4
TEST_38836,1
TEST_38837,0
TEST_38838,2
TEST_38839,1
TEST_38840,4
TEST_38841,4
TEST_38842,2
TEST_38843,4
TEST_38844,3
TEST_38845,2
TEST_38846,3
TEST_38847,2
TEST_38848,4
TEST_38849,3
TEST_38850,0
TEST_38851,0
TEST_38852,3
TEST_38853,3
TEST_38854,1
TEST_38855,0
TEST_38856,2
TEST_38857,4
TEST_38858,0
TEST_38859,1
TEST_38860,4
TEST_38861,4
TEST_38862,3
TEST_38863,0
TEST_38864,0
TEST_38865,2
TEST_38866,1
TEST_38867,1
TEST_38868,3
TEST_38869,3
TEST_38870,1
TEST_38871,1
TEST_38872,4
TEST_38873,3
TEST_38874,4
TEST_38875,0
TEST_38876,4
TEST_38877,0
TEST_38878,1
TEST_38879,1
TEST_38880,3
TEST_38881,2
TEST_38882,4
TEST_38883,2
TEST_38884,4
TEST_38885,3
TEST_38886,4
TEST_38887,4
TEST_38888,2
TEST_38889,1
TEST_38890,0
TEST_38891,3
TEST_38892,2
TEST_38893,3
TEST_38894,3
TEST_38895,2
TEST_38896,3
TEST_38897,4
TEST_38898,3
TEST_38899,1
TEST_38900,3
TEST_38901,3
TEST_38902,1
TEST_38903,1
TEST_38904,2
TEST_38905,3
TEST_38906,3
TEST_38907,3
TEST_38908,2
TEST_38909,3
TEST_38910,4
TEST_38911,0
TEST_38912,2
TEST_38913,3
TEST_38914,4
TEST_38915,4
TEST_38916,1
TEST_38917,1
TEST_38918,3
TEST_38919,1
TEST_38920,1
TEST_38921,4
TEST_38922,2
TEST_38923,1
TEST_38924,3
TEST_38925,4
TEST_38926,2
TEST_38927,1
TEST_38928,4
TEST_38929,2
TEST_38930,4
TEST_38931,1
TEST_38932,3
TEST_38933,3
TEST_38934,0
TEST_38935,3
TEST_38936,2
TEST_38937,4
TEST_38938,0
TEST_38939,2
TEST_38940,3
TEST_38941,3
TEST_38942,2
TEST_38943,2
TEST_38944,4
TEST_38945,2
TEST_38946,3
TEST_38947,1
TEST_38948,3
TEST_38949,4
TEST_38950,4
TEST_38951,1
TEST_38952,3
TEST_38953,3
TEST_38954,3
TEST_38955,3
TEST_38956,3
TEST_38957,1
TEST_38958,2
TEST_38959,4
TEST_38960,4
TEST_38961,1
TEST_38962,2
TEST_38963,3
TEST_38964,1
TEST_38965,4
TEST_38966,1
TEST_38967,1
TEST_38968,4
TEST_38969,4
TEST_38970,2
TEST_38971,4
TEST_38972,3
TEST_38973,3
TEST_38974,4
TEST_38975,2
TEST_38976,0
TEST_38977,4
TEST_38978,0
TEST_38979,0
TEST_38980,4
TEST_38981,2
TEST_38982,2
TEST_38983,4
TEST_38984,4
TEST_38985,4
TEST_38986,4
TEST_38987,3
TEST_38988,1
TEST_38989,4
TEST_38990,3
TEST_38991,3
TEST_38992,3
TEST_38993,3
TEST_38994,1
TEST_38995,4
TEST_38996,2
TEST_38997,3
TEST_38998,4
TEST_38999,4
TEST_39000,0
TEST_39001,4
TEST_39002,1
TEST_39003,4
TEST_39004,0
TEST_39005,4
TEST_39006,4
TEST_39007,4
TEST_39008,2
TEST_39009,4
TEST_39010,2
TEST_39011,0
TEST_39012,3
TEST_39013,1
TEST_39014,0
TEST_39015,2
TEST_39016,1
TEST_39017,3
TEST_39018,3
TEST_39019,0
TEST_39020,0
TEST_39021,2
TEST_39022,4
TEST_39023,0
TEST_39024,4
TEST_39025,3
TEST_39026,3
TEST_39027,4
TEST_39028,2
TEST_39029,2
TEST_39030,2
TEST_39031,3
TEST_39032,1
TEST_39033,2
TEST_39034,3
TEST_39035,4
TEST_39036,3
TEST_39037,1
TEST_39038,3
TEST_39039,3
TEST_39040,3
TEST_39041,2
TEST_39042,1
TEST_39043,3
TEST_39044,3
TEST_39045,4
TEST_39046,3
TEST_39047,4
TEST_39048,2
TEST_39049,3
TEST_39050,2
TEST_39051,1
TEST_39052,3
TEST_39053,1
TEST_39054,2
TEST_39055,4
TEST_39056,4
TEST_39057,1
TEST_39058,3
TEST_39059,0
TEST_39060,3
TEST_39061,1
TEST_39062,4
TEST_39063,2
TEST_39064,3
TEST_39065,4
TEST_39066,2
TEST_39067,0
TEST_39068,2
TEST_39069,0
TEST_39070,3
TEST_39071,4
TEST_39072,2
TEST_39073,4
TEST_39074,1
TEST_39075,2
TEST_39076,3
TEST_39077,3
TEST_39078,3
TEST_39079,1
TEST_39080,4
TEST_39081,4
TEST_39082,4
TEST_39083,4
TEST_39084,0
TEST_39085,4
TEST_39086,2
TEST_39087,3
TEST_39088,2
TEST_39089,1
TEST_39090,4
TEST_39091,0
TEST_39092,1
TEST_39093,2
TEST_39094,3
TEST_39095,3
TEST_39096,1
TEST_39097,4
TEST_39098,1
TEST_39099,2
TEST_39100,0
TEST_39101,3
TEST_39102,3
TEST_39103,3
TEST_39104,3
TEST_39105,4
TEST_39106,0
TEST_39107,2
TEST_39108,3
TEST_39109,2
TEST_39110,2
TEST_39111,0
TEST_39112,1
TEST_39113,0
TEST_39114,2
TEST_39115,0
TEST_39116,1
TEST_39117,3
TEST_39118,4
TEST_39119,3
TEST_39120,1
TEST_39121,0
TEST_39122,0
TEST_39123,2
TEST_39124,2
TEST_39125,2
TEST_39126,1
TEST_39127,2
TEST_39128,1
TEST_39129,1
TEST_39130,4
TEST_39131,4
TEST_39132,3
TEST_39133,3
TEST_39134,3
TEST_39135,3
TEST_39136,3
TEST_39137,1
TEST_39138,3
TEST_39139,3
TEST_39140,1
TEST_39141,3
TEST_39142,3
TEST_39143,0
TEST_39144,2
TEST_39145,4
TEST_39146,3
TEST_39147,3
TEST_39148,1
TEST_39149,3
TEST_39150,4
TEST_39151,0
TEST_39152,3
TEST_39153,3
TEST_39154,2
TEST_39155,3
TEST_39156,2
TEST_39157,4
TEST_39158,4
TEST_39159,2
TEST_39160,1
TEST_39161,3
TEST_39162,2
TEST_39163,4
TEST_39164,4
TEST_39165,2
TEST_39166,3
TEST_39167,1
TEST_39168,3
TEST_39169,1
TEST_39170,1
TEST_39171,2
TEST_39172,3
TEST_39173,3
TEST_39174,1
TEST_39175,3
TEST_39176,4
TEST_39177,0
TEST_39178,4
TEST_39179,4
TEST_39180,2
TEST_39181,2
TEST_39182,3
TEST_39183,2
TEST_39184,1
TEST_39185,3
TEST_39186,3
TEST_39187,2
TEST_39188,2
TEST_39189,3
TEST_39190,4
TEST_39191,2
TEST_39192,3
TEST_39193,2
TEST_39194,2
TEST_39195,3
TEST_39196,1
TEST_39197,2
TEST_39198,4
TEST_39199,0
TEST_39200,2
TEST_39201,1
TEST_39202,2
TEST_39203,2
TEST_39204,4
TEST_39205,2
TEST_39206,4
TEST_39207,3
TEST_39208,4
TEST_39209,3
TEST_39210,3
TEST_39211,2
TEST_39212,3
TEST_39213,3
TEST_39214,2
TEST_39215,0
TEST_39216,1
TEST_39217,4
TEST_39218,3
TEST_39219,2
TEST_39220,3
TEST_39221,3
TEST_39222,0
TEST_39223,1
TEST_39224,3
TEST_39225,4
TEST_39226,4
TEST_39227,3
TEST_39228,0
TEST_39229,0
TEST_39230,4
TEST_39231,4
TEST_39232,0
TEST_39233,4
TEST_39234,3
TEST_39235,4
TEST_39236,0
TEST_39237,2
TEST_39238,4
TEST_39239,3
TEST_39240,0
TEST_39241,4
TEST_39242,1
TEST_39243,4
TEST_39244,2
TEST_39245,1
TEST_39246,2
TEST_39247,1
TEST_39248,0
TEST_39249,2
TEST_39250,3
TEST_39251,2
TEST_39252,2
TEST_39253,2
TEST_39254,3
TEST_39255,1
TEST_39256,3
TEST_39257,1
TEST_39258,4
TEST_39259,3
TEST_39260,4
TEST_39261,2
TEST_39262,2
TEST_39263,4
TEST_39264,4
TEST_39265,2
TEST_39266,3
TEST_39267,3
TEST_39268,2
TEST_39269,1
TEST_39270,3
TEST_39271,1
TEST_39272,2
TEST_39273,3
TEST_39274,3
TEST_39275,4
TEST_39276,3
TEST_39277,2
TEST_39278,4
TEST_39279,3
TEST_39280,2
TEST_39281,1
TEST_39282,4
TEST_39283,2
TEST_39284,0
TEST_39285,3
TEST_39286,1
TEST_39287,3
TEST_39288,3
TEST_39289,0
TEST_39290,3
TEST_39291,2
TEST_39292,4
TEST_39293,3
TEST_39294,3
TEST_39295,0
TEST_39296,2
TEST_39297,2
TEST_39298,4
TEST_39299,3
TEST_39300,4
TEST_39301,4
TEST_39302,1
TEST_39303,4
TEST_39304,3
TEST_39305,4
TEST_39306,4
TEST_39307,1
TEST_39308,1
TEST_39309,3
TEST_39310,4
TEST_39311,3
TEST_39312,1
TEST_39313,3
TEST_39314,3
TEST_39315,3
TEST_39316,0
TEST_39317,3
TEST_39318,0
TEST_39319,4
TEST_39320,0
TEST_39321,3
TEST_39322,1
TEST_39323,4
TEST_39324,4
TEST_39325,1
TEST_39326,2
TEST_39327,0
TEST_39328,2
TEST_39329,4
TEST_39330,0
TEST_39331,0
TEST_39332,3
TEST_39333,1
TEST_39334,3
TEST_39335,0
TEST_39336,3
TEST_39337,0
TEST_39338,4
TEST_39339,3
TEST_39340,3
TEST_39341,0
TEST_39342,3
TEST_39343,3
TEST_39344,3
TEST_39345,1
TEST_39346,3
TEST_39347,1
TEST_39348,2
TEST_39349,2
TEST_39350,2
TEST_39351,4
TEST_39352,1
TEST_39353,1
TEST_39354,4
TEST_39355,4
TEST_39356,3
TEST_39357,2
TEST_39358,3
TEST_39359,3
TEST_39360,1
TEST_39361,2
TEST_39362,2
TEST_39363,2
TEST_39364,4
TEST_39365,2
TEST_39366,2
TEST_39367,2
TEST_39368,1
TEST_39369,1
TEST_39370,3
TEST_39371,3
TEST_39372,1
TEST_39373,0
TEST_39374,3
TEST_39375,4
TEST_39376,3
TEST_39377,3
TEST_39378,1
TEST_39379,2
TEST_39380,2
TEST_39381,4
TEST_39382,3
TEST_39383,4
TEST_39384,3
TEST_39385,0
TEST_39386,3
TEST_39387,4
TEST_39388,0
TEST_39389,3
TEST_39390,4
TEST_39391,0
TEST_39392,1
TEST_39393,3
TEST_39394,2
TEST_39395,3
TEST_39396,4
TEST_39397,0
TEST_39398,4
TEST_39399,3
TEST_39400,2
TEST_39401,3
TEST_39402,1
TEST_39403,4
TEST_39404,3
TEST_39405,0
TEST_39406,4
TEST_39407,2
TEST_39408,0
TEST_39409,4
TEST_39410,3
TEST_39411,4
TEST_39412,3
TEST_39413,4
TEST_39414,1
TEST_39415,1
TEST_39416,3
TEST_39417,0
TEST_39418,3
TEST_39419,3
TEST_39420,4
TEST_39421,3
TEST_39422,3
TEST_39423,4
TEST_39424,0
TEST_39425,3
TEST_39426,1
TEST_39427,3
TEST_39428,3
TEST_39429,2
TEST_39430,3
TEST_39431,3
TEST_39432,3
TEST_39433,4
TEST_39434,2
TEST_39435,3
TEST_39436,2
TEST_39437,3
TEST_39438,3
TEST_39439,2
TEST_39440,0
TEST_39441,4
TEST_39442,2
TEST_39443,0
TEST_39444,1
TEST_39445,3
TEST_39446,1
TEST_39447,4
TEST_39448,4
TEST_39449,3
TEST_39450,0
TEST_39451,2
TEST_39452,2
TEST_39453,3
TEST_39454,2
TEST_39455,4
TEST_39456,1
TEST_39457,4
TEST_39458,2
TEST_39459,3
TEST_39460,0
TEST_39461,4
TEST_39462,4
TEST_39463,1
TEST_39464,4
TEST_39465,0
TEST_39466,3
TEST_39467,3
TEST_39468,1
TEST_39469,0
TEST_39470,3
TEST_39471,3
TEST_39472,3
TEST_39473,2
TEST_39474,0
TEST_39475,0
TEST_39476,4
TEST_39477,3
TEST_39478,0
TEST_39479,4
TEST_39480,1
TEST_39481,4
TEST_39482,1
TEST_39483,0
TEST_39484,3
TEST_39485,3
TEST_39486,2
TEST_39487,2
TEST_39488,3
TEST_39489,3
TEST_39490,3
TEST_39491,3
TEST_39492,4
TEST_39493,4
TEST_39494,4
TEST_39495,4
TEST_39496,4
TEST_39497,1
TEST_39498,3
TEST_39499,3
TEST_39500,4
TEST_39501,4
TEST_39502,1
TEST_39503,2
TEST_39504,3
TEST_39505,2
TEST_39506,1
TEST_39507,4
TEST_39508,3
TEST_39509,1
TEST_39510,3
TEST_39511,1
TEST_39512,4
TEST_39513,4
TEST_39514,3
TEST_39515,4
TEST_39516,1
TEST_39517,3
TEST_39518,4
TEST_39519,3
TEST_39520,3
TEST_39521,1
TEST_39522,4
TEST_39523,4
TEST_39524,2
TEST_39525,1
TEST_39526,3
TEST_39527,2
TEST_39528,3
TEST_39529,2
TEST_39530,4
TEST_39531,3
TEST_39532,0
TEST_39533,3
TEST_39534,2
TEST_39535,3
TEST_39536,0
TEST_39537,1
TEST_39538,4
TEST_39539,0
TEST_39540,1
TEST_39541,1
TEST_39542,2
TEST_39543,1
TEST_39544,3
TEST_39545,4
TEST_39546,0
TEST_39547,4
TEST_39548,1
TEST_39549,2
TEST_39550,2
TEST_39551,2
TEST_39552,3
TEST_39553,2
TEST_39554,1
TEST_39555,0
TEST_39556,1
TEST_39557,3
TEST_39558,3
TEST_39559,4
TEST_39560,0
TEST_39561,4
TEST_39562,4
TEST_39563,2
TEST_39564,1
TEST_39565,4
TEST_39566,3
TEST_39567,1
TEST_39568,0
TEST_39569,3
TEST_39570,3
TEST_39571,1
TEST_39572,1
TEST_39573,0
TEST_39574,4
TEST_39575,4
TEST_39576,2
TEST_39577,1
TEST_39578,4
TEST_39579,1
TEST_39580,1
TEST_39581,2
TEST_39582,2
TEST_39583,4
TEST_39584,4
TEST_39585,1
TEST_39586,2
TEST_39587,0
TEST_39588,1
TEST_39589,3
TEST_39590,0
TEST_39591,4
TEST_39592,3
TEST_39593,0
TEST_39594,3
TEST_39595,0
TEST_39596,3
TEST_39597,3
TEST_39598,0
TEST_39599,3
TEST_39600,4
TEST_39601,4
TEST_39602,0
TEST_39603,1
TEST_39604,4
TEST_39605,1
TEST_39606,2
TEST_39607,1
TEST_39608,1
TEST_39609,4
TEST_39610,0
TEST_39611,3
TEST_39612,2
TEST_39613,2
TEST_39614,1
TEST_39615,4
TEST_39616,2
TEST_39617,4
TEST_39618,0
TEST_39619,3
TEST_39620,3
TEST_39621,2
TEST_39622,3
TEST_39623,1
TEST_39624,0
TEST_39625,2
TEST_39626,4
TEST_39627,2
TEST_39628,3
TEST_39629,4
TEST_39630,2
TEST_39631,3
TEST_39632,1
TEST_39633,3
TEST_39634,2
TEST_39635,3
TEST_39636,4
TEST_39637,4
TEST_39638,4
TEST_39639,2
TEST_39640,1
TEST_39641,1
TEST_39642,2
TEST_39643,1
TEST_39644,0
TEST_39645,1
TEST_39646,3
TEST_39647,0
TEST_39648,2
TEST_39649,0
TEST_39650,2
TEST_39651,4
TEST_39652,3
TEST_39653,2
TEST_39654,3
TEST_39655,1
TEST_39656,1
TEST_39657,2
TEST_39658,3
TEST_39659,4
TEST_39660,4
TEST_39661,1
TEST_39662,2
TEST_39663,0
TEST_39664,2
TEST_39665,3
TEST_39666,3
TEST_39667,2
TEST_39668,2
TEST_39669,0
TEST_39670,4
TEST_39671,1
TEST_39672,1
TEST_39673,4
TEST_39674,3
TEST_39675,3
TEST_39676,2
TEST_39677,3
TEST_39678,3
TEST_39679,4
TEST_39680,1
TEST_39681,3
TEST_39682,1
TEST_39683,3
TEST_39684,0
TEST_39685,1
TEST_39686,3
TEST_39687,3
TEST_39688,2
TEST_39689,3
TEST_39690,0
TEST_39691,4
TEST_39692,0
TEST_39693,1
TEST_39694,3
TEST_39695,2
TEST_39696,0
TEST_39697,1
TEST_39698,4
TEST_39699,2
TEST_39700,3
TEST_39701,2
TEST_39702,2
TEST_39703,3
TEST_39704,1
TEST_39705,3
TEST_39706,2
TEST_39707,3
TEST_39708,1
TEST_39709,3
TEST_39710,1
TEST_39711,4
TEST_39712,3
TEST_39713,2
TEST_39714,2
TEST_39715,4
TEST_39716,3
TEST_39717,2
TEST_39718,2
TEST_39719,0
TEST_39720,2
TEST_39721,4
TEST_39722,3
TEST_39723,3
TEST_39724,3
TEST_39725,0
TEST_39726,4
TEST_39727,1
TEST_39728,3
TEST_39729,4
TEST_39730,3
TEST_39731,4
TEST_39732,2
TEST_39733,2
TEST_39734,0
TEST_39735,0
TEST_39736,4
TEST_39737,3
TEST_39738,2
TEST_39739,1
TEST_39740,2
TEST_39741,4
TEST_39742,1
TEST_39743,1
TEST_39744,2
TEST_39745,3
TEST_39746,3
TEST_39747,3
TEST_39748,1
TEST_39749,2
TEST_39750,4
TEST_39751,2
TEST_39752,0
TEST_39753,0
TEST_39754,4
TEST_39755,3
TEST_39756,0
TEST_39757,2
TEST_39758,3
TEST_39759,3
TEST_39760,2
TEST_39761,1
TEST_39762,2
TEST_39763,0
TEST_39764,2
TEST_39765,1
TEST_39766,3
TEST_39767,1
TEST_39768,2
TEST_39769,1
TEST_39770,2
TEST_39771,0
TEST_39772,2
TEST_39773,3
TEST_39774,0
TEST_39775,3
TEST_39776,1
TEST_39777,2
TEST_39778,4
TEST_39779,3
TEST_39780,0
TEST_39781,1
TEST_39782,2
TEST_39783,1
TEST_39784,2
TEST_39785,0
TEST_39786,2
TEST_39787,3
TEST_39788,2
TEST_39789,3
TEST_39790,2
TEST_39791,1
TEST_39792,3
TEST_39793,2
TEST_39794,3
TEST_39795,2
TEST_39796,4
TEST_39797,3
TEST_39798,3
TEST_39799,3
TEST_39800,1
TEST_39801,0
TEST_39802,1
TEST_39803,4
TEST_39804,4
TEST_39805,4
TEST_39806,3
TEST_39807,4
TEST_39808,4
TEST_39809,4
TEST_39810,1
TEST_39811,4
TEST_39812,3
TEST_39813,3
TEST_39814,3
TEST_39815,4
TEST_39816,2
TEST_39817,4
TEST_39818,3
TEST_39819,3
TEST_39820,2
TEST_39821,4
TEST_39822,4
TEST_39823,1
TEST_39824,4
TEST_39825,4
TEST_39826,1
TEST_39827,1
TEST_39828,2
TEST_39829,3
TEST_39830,2
TEST_39831,1
TEST_39832,2
TEST_39833,4
TEST_39834,4
TEST_39835,2
TEST_39836,3
TEST_39837,4
TEST_39838,2
TEST_39839,0
TEST_39840,3
TEST_39841,4
TEST_39842,4
TEST_39843,3
TEST_39844,4
TEST_39845,4
TEST_39846,2
TEST_39847,4
TEST_39848,1
TEST_39849,1
TEST_39850,2
TEST_39851,1
TEST_39852,2
TEST_39853,4
TEST_39854,3
TEST_39855,1
TEST_39856,4
TEST_39857,2
TEST_39858,2
TEST_39859,3
TEST_39860,3
TEST_39861,1
TEST_39862,4
TEST_39863,0
TEST_39864,1
TEST_39865,3
TEST_39866,0
TEST_39867,4
TEST_39868,4
TEST_39869,4
TEST_39870,1
TEST_39871,4
TEST_39872,4
TEST_39873,4
TEST_39874,0
TEST_39875,4
TEST_39876,3
TEST_39877,3
TEST_39878,2
TEST_39879,2
TEST_39880,1
TEST_39881,4
TEST_39882,3
TEST_39883,1
TEST_39884,4
TEST_39885,1
TEST_39886,2
TEST_39887,3
TEST_39888,4
TEST_39889,4
TEST_39890,3
TEST_39891,4
TEST_39892,4
TEST_39893,4
TEST_39894,3
TEST_39895,4
TEST_39896,3
TEST_39897,4
TEST_39898,0
TEST_39899,3
TEST_39900,2
TEST_39901,2
TEST_39902,0
TEST_39903,2
TEST_39904,2
TEST_39905,1
TEST_39906,4
TEST_39907,3
TEST_39908,2
TEST_39909,1
TEST_39910,0
TEST_39911,1
TEST_39912,4
TEST_39913,1
TEST_39914,2
TEST_39915,3
TEST_39916,2
TEST_39917,4
TEST_39918,3
TEST_39919,2
TEST_39920,2
TEST_39921,1
TEST_39922,1
TEST_39923,0
TEST_39924,0
TEST_39925,0
TEST_39926,3
TEST_39927,0
TEST_39928,2
TEST_39929,4
TEST_39930,0
TEST_39931,3
TEST_39932,2
TEST_39933,1
TEST_39934,4
TEST_39935,2
TEST_39936,3
TEST_39937,2
TEST_39938,4
TEST_39939,4
TEST_39940,4
TEST_39941,3
TEST_39942,4
TEST_39943,3
TEST_39944,3
TEST_39945,1
TEST_39946,3
TEST_39947,0
TEST_39948,4
TEST_39949,3
TEST_39950,2
TEST_39951,2
TEST_39952,0
TEST_39953,4
TEST_39954,2
TEST_39955,4
TEST_39956,1
TEST_39957,0
TEST_39958,0
TEST_39959,4
TEST_39960,0
TEST_39961,3
TEST_39962,4
TEST_39963,1
TEST_39964,2
TEST_39965,3
TEST_39966,3
TEST_39967,1
TEST_39968,2
TEST_39969,3
TEST_39970,1
TEST_39971,2
TEST_39972,4
TEST_39973,0
TEST_39974,1
TEST_39975,2
TEST_39976,0
TEST_39977,2
TEST_39978,0
TEST_39979,1
TEST_39980,1
TEST_39981,2
TEST_39982,3
TEST_39983,4
TEST_39984,2
TEST_39985,0
TEST_39986,1
TEST_39987,2
TEST_39988,3
TEST_39989,4
TEST_39990,1
TEST_39991,1
TEST_39992,4
TEST_39993,3
TEST_39994,1
TEST_39995,1
TEST_39996,4
TEST_39997,2
TEST_39998,3
TEST_39999,3
TEST_40000,3
TEST_40001,1
TEST_40002,0
TEST_40003,3
TEST_40004,4
TEST_40005,3
TEST_40006,0
TEST_40007,1
TEST_40008,0
TEST_40009,2
TEST_40010,3
TEST_40011,2
TEST_40012,3
TEST_40013,0
TEST_40014,2
TEST_40015,2
TEST_40016,4
TEST_40017,4
TEST_40018,3
TEST_40019,4
TEST_40020,4
TEST_40021,2
TEST_40022,3
TEST_40023,3
TEST_40024,0
TEST_40025,4
TEST_40026,1
TEST_40027,1
TEST_40028,2
TEST_40029,3
TEST_40030,1
TEST_40031,2
TEST_40032,2
TEST_40033,3
TEST_40034,2
TEST_40035,2
TEST_40036,3
TEST_40037,1
TEST_40038,3
TEST_40039,2
TEST_40040,1
TEST_40041,2
TEST_40042,2
TEST_40043,1
TEST_40044,2
TEST_40045,4
TEST_40046,2
TEST_40047,2
TEST_40048,0
TEST_40049,3
TEST_40050,2
TEST_40051,3
TEST_40052,0
TEST_40053,1
TEST_40054,3
TEST_40055,2
TEST_40056,1
TEST_40057,3
TEST_40058,3
TEST_40059,3
TEST_40060,3
TEST_40061,3
TEST_40062,3
TEST_40063,3
TEST_40064,2
TEST_40065,3
TEST_40066,3
TEST_40067,4
TEST_40068,2
TEST_40069,3
TEST_40070,4
TEST_40071,3
TEST_40072,1
TEST_40073,2
TEST_40074,1
TEST_40075,3
TEST_40076,3
TEST_40077,1
TEST_40078,3
TEST_40079,2
TEST_40080,3
TEST_40081,3
TEST_40082,0
TEST_40083,4
TEST_40084,0
TEST_40085,1
TEST_40086,2
TEST_40087,0
TEST_40088,3
TEST_40089,3
TEST_40090,3
TEST_40091,3
TEST_40092,0
TEST_40093,1
TEST_40094,2
TEST_40095,3
TEST_40096,3
TEST_40097,1
TEST_40098,3
TEST_40099,2
TEST_40100,2
TEST_40101,4
TEST_40102,3
TEST_40103,1
TEST_40104,3
TEST_40105,4
TEST_40106,0
TEST_40107,3
TEST_40108,4
TEST_40109,1
TEST_40110,3
TEST_40111,2
TEST_40112,2
TEST_40113,4
TEST_40114,3
TEST_40115,3
TEST_40116,1
TEST_40117,1
TEST_40118,4
TEST_40119,4
TEST_40120,4
TEST_40121,3
TEST_40122,1
TEST_40123,2
TEST_40124,3
TEST_40125,3
TEST_40126,2
TEST_40127,3
TEST_40128,3
TEST_40129,3
TEST_40130,3
TEST_40131,4
TEST_40132,4
TEST_40133,3
TEST_40134,2
TEST_40135,2
TEST_40136,3
TEST_40137,3
TEST_40138,3
TEST_40139,2
TEST_40140,3
TEST_40141,3
TEST_40142,3
TEST_40143,4
TEST_40144,3
TEST_40145,1
TEST_40146,0
TEST_40147,4
TEST_40148,0
TEST_40149,0
TEST_40150,3
TEST_40151,4
TEST_40152,0
TEST_40153,4
TEST_40154,4
TEST_40155,0
TEST_40156,3
TEST_40157,2
TEST_40158,2
TEST_40159,3
TEST_40160,4
TEST_40161,1
TEST_40162,4
TEST_40163,4
TEST_40164,0
TEST_40165,2
TEST_40166,4
TEST_40167,3
TEST_40168,2
TEST_40169,0
TEST_40170,3
TEST_40171,1
TEST_40172,2
TEST_40173,3
TEST_40174,3
TEST_40175,3
TEST_40176,3
TEST_40177,2
TEST_40178,4
TEST_40179,2
TEST_40180,4
TEST_40181,4
TEST_40182,0
TEST_40183,4
TEST_40184,4
TEST_40185,4
TEST_40186,4
TEST_40187,2
TEST_40188,4
TEST_40189,0
TEST_40190,2
TEST_40191,3
TEST_40192,0
TEST_40193,2
TEST_40194,3
TEST_40195,2
TEST_40196,2
TEST_40197,2
TEST_40198,0
TEST_40199,3
TEST_40200,4
TEST_40201,2
TEST_40202,1
TEST_40203,2
TEST_40204,0
TEST_40205,1
TEST_40206,3
TEST_40207,3
TEST_40208,3
TEST_40209,4
TEST_40210,3
TEST_40211,3
TEST_40212,2
TEST_40213,1
TEST_40214,4
TEST_40215,2
TEST_40216,1
TEST_40217,3
TEST_40218,1
TEST_40219,0
TEST_40220,4
TEST_40221,0
TEST_40222,0
TEST_40223,3
TEST_40224,3
TEST_40225,3
TEST_40226,1
TEST_40227,3
TEST_40228,2
TEST_40229,4
TEST_40230,4
TEST_40231,3
TEST_40232,3
TEST_40233,3
TEST_40234,3
TEST_40235,3
TEST_40236,4
TEST_40237,2
TEST_40238,2
TEST_40239,1
TEST_40240,1
TEST_40241,3
TEST_40242,4
TEST_40243,3
TEST_40244,1
TEST_40245,3
TEST_40246,4
TEST_40247,3
TEST_40248,2
TEST_40249,4
TEST_40250,2
TEST_40251,2
TEST_40252,3
TEST_40253,0
TEST_40254,4
TEST_40255,1
TEST_40256,3
TEST_40257,1
TEST_40258,3
TEST_40259,1
TEST_40260,0
TEST_40261,0
TEST_40262,2
TEST_40263,2
TEST_40264,4
TEST_40265,1
TEST_40266,3
TEST_40267,2
TEST_40268,2
TEST_40269,1
TEST_40270,3
TEST_40271,1
TEST_40272,1
TEST_40273,3
TEST_40274,1
TEST_40275,4
TEST_40276,2
TEST_40277,4
TEST_40278,1
TEST_40279,2
TEST_40280,3
TEST_40281,4
TEST_40282,4
TEST_40283,2
TEST_40284,2
TEST_40285,4
TEST_40286,1
TEST_40287,3
TEST_40288,0
TEST_40289,0
TEST_40290,1
TEST_40291,4
TEST_40292,4
TEST_40293,3
TEST_40294,4
TEST_40295,2
TEST_40296,4
TEST_40297,1
TEST_40298,4
TEST_40299,0
TEST_40300,3
TEST_40301,0
TEST_40302,2
TEST_40303,3
TEST_40304,3
TEST_40305,0
TEST_40306,1
TEST_40307,2
TEST_40308,2
TEST_40309,3
TEST_40310,4
TEST_40311,4
TEST_40312,3
TEST_40313,2
TEST_40314,1
TEST_40315,3
TEST_40316,1
TEST_40317,2
TEST_40318,4
TEST_40319,3
TEST_40320,4
TEST_40321,2
TEST_40322,0
TEST_40323,4
TEST_40324,1
TEST_40325,1
TEST_40326,2
TEST_40327,1
TEST_40328,0
TEST_40329,1
TEST_40330,3
TEST_40331,1
TEST_40332,1
TEST_40333,1
TEST_40334,3
TEST_40335,3
TEST_40336,2
TEST_40337,0
TEST_40338,4
TEST_40339,2
TEST_40340,0
TEST_40341,3
TEST_40342,3
TEST_40343,2
TEST_40344,1
TEST_40345,1
TEST_40346,4
TEST_40347,4
TEST_40348,1
TEST_40349,4
TEST_40350,3
TEST_40351,0
TEST_40352,3
TEST_40353,1
TEST_40354,4
TEST_40355,3
TEST_40356,4
TEST_40357,0
TEST_40358,4
TEST_40359,2
TEST_40360,2
TEST_40361,1
TEST_40362,3
TEST_40363,0
TEST_40364,0
TEST_40365,1
TEST_40366,3
TEST_40367,0
TEST_40368,0
TEST_40369,4
TEST_40370,3
TEST_40371,3
TEST_40372,1
TEST_40373,4
TEST_40374,0
TEST_40375,0
TEST_40376,3
TEST_40377,4
TEST_40378,1
TEST_40379,4
TEST_40380,2
TEST_40381,1
TEST_40382,1
TEST_40383,3
TEST_40384,2
TEST_40385,0
TEST_40386,2
TEST_40387,2
TEST_40388,1
TEST_40389,2
TEST_40390,0
TEST_40391,4
TEST_40392,4
TEST_40393,2
TEST_40394,0
TEST_40395,3
TEST_40396,2
TEST_40397,4
TEST_40398,0
TEST_40399,3
TEST_40400,3
TEST_40401,2
TEST_40402,1
TEST_40403,3
TEST_40404,2
TEST_40405,2
TEST_40406,3
TEST_40407,2
TEST_40408,3
TEST_40409,1
TEST_40410,3
TEST_40411,3
TEST_40412,3
TEST_40413,3
TEST_40414,2
TEST_40415,3
TEST_40416,4
TEST_40417,1
TEST_40418,3
TEST_40419,0
TEST_40420,4
TEST_40421,0
TEST_40422,2
TEST_40423,0
TEST_40424,2
TEST_40425,2
TEST_40426,3
TEST_40427,3
TEST_40428,3
TEST_40429,3
TEST_40430,1
TEST_40431,0
TEST_40432,4
TEST_40433,0
TEST_40434,3
TEST_40435,3
TEST_40436,4
TEST_40437,3
TEST_40438,4
TEST_40439,2
TEST_40440,4
TEST_40441,3
TEST_40442,1
TEST_40443,1
TEST_40444,2
TEST_40445,2
TEST_40446,2
TEST_40447,0
TEST_40448,1
TEST_40449,4
TEST_40450,1
TEST_40451,4
TEST_40452,0
TEST_40453,2
TEST_40454,4
TEST_40455,3
TEST_40456,4
TEST_40457,1
TEST_40458,2
TEST_40459,3
TEST_40460,3
TEST_40461,3
TEST_40462,2
TEST_40463,4
TEST_40464,1
TEST_40465,3
TEST_40466,2
TEST_40467,1
TEST_40468,4
TEST_40469,4
TEST_40470,3
TEST_40471,3
TEST_40472,1
TEST_40473,2
TEST_40474,0
TEST_40475,2
TEST_40476,3
TEST_40477,4
TEST_40478,0
TEST_40479,3
TEST_40480,1
TEST_40481,1
TEST_40482,3
TEST_40483,2
TEST_40484,1
TEST_40485,1
TEST_40486,1
TEST_40487,3
TEST_40488,4
TEST_40489,4
TEST_40490,3
TEST_40491,2
TEST_40492,2
TEST_40493,0
TEST_40494,3
TEST_40495,0
TEST_40496,3
TEST_40497,4
TEST_40498,4
TEST_40499,3
TEST_40500,4
TEST_40501,3
TEST_40502,0
TEST_40503,4
TEST_40504,3
TEST_40505,2
TEST_40506,1
TEST_40507,2
TEST_40508,0
TEST_40509,4
TEST_40510,4
TEST_40511,3
TEST_40512,3
TEST_40513,4
TEST_40514,1
TEST_40515,1
TEST_40516,2
TEST_40517,3
TEST_40518,4
TEST_40519,1
TEST_40520,4
TEST_40521,3
TEST_40522,2
TEST_40523,4
TEST_40524,1
TEST_40525,2
TEST_40526,3
TEST_40527,1
TEST_40528,1
TEST_40529,4
TEST_40530,4
TEST_40531,3
TEST_40532,2
TEST_40533,0
TEST_40534,3
TEST_40535,2
TEST_40536,3
TEST_40537,1
TEST_40538,4
TEST_40539,1
TEST_40540,2
TEST_40541,3
TEST_40542,1
TEST_40543,4
TEST_40544,1
TEST_40545,4
TEST_40546,4
TEST_40547,4
TEST_40548,2
TEST_40549,3
TEST_40550,0
TEST_40551,2
TEST_40552,3
TEST_40553,4
TEST_40554,0
TEST_40555,1
TEST_40556,1
TEST_40557,4
TEST_40558,0
TEST_40559,4
TEST_40560,3
TEST_40561,3
TEST_40562,2
TEST_40563,2
TEST_40564,1
TEST_40565,4
TEST_40566,4
TEST_40567,0
TEST_40568,4
TEST_40569,0
TEST_40570,1
TEST_40571,2
TEST_40572,3
TEST_40573,3
TEST_40574,2
TEST_40575,2
TEST_40576,2
TEST_40577,4
TEST_40578,1
TEST_40579,3
TEST_40580,3
TEST_40581,3
TEST_40582,3
TEST_40583,3
TEST_40584,3
TEST_40585,1
TEST_40586,2
TEST_40587,1
TEST_40588,4
TEST_40589,2
TEST_40590,2
TEST_40591,1
TEST_40592,0
TEST_40593,3
TEST_40594,3
TEST_40595,4
TEST_40596,4
TEST_40597,1
TEST_40598,1
TEST_40599,3
TEST_40600,2
TEST_40601,3
TEST_40602,4
TEST_40603,3
TEST_40604,0
TEST_40605,2
TEST_40606,3
TEST_40607,4
TEST_40608,4
TEST_40609,3
TEST_40610,3
TEST_40611,2
TEST_40612,3
TEST_40613,3
TEST_40614,1
TEST_40615,2
TEST_40616,2
TEST_40617,4
TEST_40618,3
TEST_40619,2
TEST_40620,2
TEST_40621,4
TEST_40622,3
TEST_40623,4
TEST_40624,1
TEST_40625,0
TEST_40626,3
TEST_40627,3
TEST_40628,2
TEST_40629,3
TEST_40630,2
TEST_40631,2
TEST_40632,3
TEST_40633,4
TEST_40634,2
TEST_40635,1
TEST_40636,1
TEST_40637,2
TEST_40638,4
TEST_40639,2
TEST_40640,3
TEST_40641,4
TEST_40642,3
TEST_40643,1
TEST_40644,2
TEST_40645,4
TEST_40646,4
TEST_40647,1
TEST_40648,2
TEST_40649,4
TEST_40650,4
TEST_40651,4
TEST_40652,2
TEST_40653,4
TEST_40654,3
TEST_40655,4
TEST_40656,0
TEST_40657,3
TEST_40658,3
TEST_40659,3
TEST_40660,1
TEST_40661,4
TEST_40662,0
TEST_40663,3
TEST_40664,0
TEST_40665,4
TEST_40666,3
TEST_40667,3
TEST_40668,4
TEST_40669,0
TEST_40670,1
TEST_40671,2
TEST_40672,1
TEST_40673,1
TEST_40674,4
TEST_40675,3
TEST_40676,3
TEST_40677,0
TEST_40678,4
TEST_40679,3
TEST_40680,0
TEST_40681,3
TEST_40682,0
TEST_40683,2
TEST_40684,2
TEST_40685,4
TEST_40686,4
TEST_40687,1
TEST_40688,2
TEST_40689,0
TEST_40690,2
TEST_40691,2
TEST_40692,0
TEST_40693,0
TEST_40694,3
TEST_40695,2
TEST_40696,4
TEST_40697,1
TEST_40698,1
TEST_40699,4
TEST_40700,3
TEST_40701,4
TEST_40702,4
TEST_40703,1
TEST_40704,1
TEST_40705,4
TEST_40706,3
TEST_40707,0
TEST_40708,3
TEST_40709,4
TEST_40710,3
TEST_40711,2
TEST_40712,0
TEST_40713,4
TEST_40714,3
TEST_40715,1
TEST_40716,2
TEST_40717,2
TEST_40718,0
TEST_40719,2
TEST_40720,3
TEST_40721,3
TEST_40722,1
TEST_40723,0
TEST_40724,2
TEST_40725,3
TEST_40726,3
TEST_40727,0
TEST_40728,4
TEST_40729,1
TEST_40730,1
TEST_40731,0
TEST_40732,2
TEST_40733,1
TEST_40734,1
TEST_40735,4
TEST_40736,2
TEST_40737,2
TEST_40738,4
TEST_40739,0
TEST_40740,1
TEST_40741,1
TEST_40742,1
TEST_40743,3
TEST_40744,0
TEST_40745,3
TEST_40746,4
TEST_40747,3
TEST_40748,4
TEST_40749,2
TEST_40750,2
TEST_40751,0
TEST_40752,3
TEST_40753,2
TEST_40754,4
TEST_40755,3
TEST_40756,3
TEST_40757,3
TEST_40758,3
TEST_40759,4
TEST_40760,0
TEST_40761,4
TEST_40762,2
TEST_40763,2
TEST_40764,1
TEST_40765,4
TEST_40766,4
TEST_40767,2
TEST_40768,3
TEST_40769,1
TEST_40770,3
TEST_40771,2
TEST_40772,3
TEST_40773,3
TEST_40774,3
TEST_40775,3
TEST_40776,2
TEST_40777,3
TEST_40778,0
TEST_40779,1
TEST_40780,2
TEST_40781,0
TEST_40782,3
TEST_40783,2
TEST_40784,2
TEST_40785,4
TEST_40786,1
TEST_40787,1
TEST_40788,4
TEST_40789,4
TEST_40790,3
TEST_40791,4
TEST_40792,2
TEST_40793,4
TEST_40794,4
TEST_40795,3
TEST_40796,4
TEST_40797,1
TEST_40798,4
TEST_40799,0
TEST_40800,4
TEST_40801,3
TEST_40802,0
TEST_40803,2
TEST_40804,1
TEST_40805,3
TEST_40806,2
TEST_40807,1
TEST_40808,4
TEST_40809,1
TEST_40810,2
TEST_40811,2
TEST_40812,4
TEST_40813,4
TEST_40814,2
TEST_40815,3
TEST_40816,3
TEST_40817,2
TEST_40818,4
TEST_40819,1
TEST_40820,4
TEST_40821,4
TEST_40822,2
TEST_40823,0
TEST_40824,2
TEST_40825,4
TEST_40826,1
TEST_40827,1
TEST_40828,0
TEST_40829,2
TEST_40830,2
TEST_40831,1
TEST_40832,2
TEST_40833,0
TEST_40834,4
TEST_40835,3
TEST_40836,4
TEST_40837,4
TEST_40838,4
TEST_40839,0
TEST_40840,1
TEST_40841,2
TEST_40842,2
TEST_40843,2
TEST_40844,2
TEST_40845,0
TEST_40846,2
TEST_40847,1
TEST_40848,2
TEST_40849,4
TEST_40850,4
TEST_40851,4
TEST_40852,0
TEST_40853,0
TEST_40854,1
TEST_40855,2
TEST_40856,4
TEST_40857,3
TEST_40858,2
TEST_40859,3
TEST_40860,1
TEST_40861,0
TEST_40862,3
TEST_40863,1
TEST_40864,3
TEST_40865,3
TEST_40866,2
TEST_40867,0
TEST_40868,1
TEST_40869,3
TEST_40870,1
TEST_40871,2
TEST_40872,2
TEST_40873,3
TEST_40874,3
TEST_40875,2
TEST_40876,0
TEST_40877,4
TEST_40878,3
TEST_40879,3
TEST_40880,4
TEST_40881,0
TEST_40882,3
TEST_40883,3
TEST_40884,3
TEST_40885,2
TEST_40886,4
TEST_40887,2
TEST_40888,1
TEST_40889,2
TEST_40890,3
TEST_40891,0
TEST_40892,3
TEST_40893,3
TEST_40894,0
TEST_40895,1
TEST_40896,3
TEST_40897,3
TEST_40898,4
TEST_40899,3
TEST_40900,3
TEST_40901,2
TEST_40902,3
TEST_40903,4
TEST_40904,2
TEST_40905,0
TEST_40906,2
TEST_40907,2
TEST_40908,3
TEST_40909,1
TEST_40910,1
TEST_40911,4
TEST_40912,4
TEST_40913,3
TEST_40914,3
TEST_40915,4
TEST_40916,4
TEST_40917,0
TEST_40918,2
TEST_40919,1
TEST_40920,4
TEST_40921,3
TEST_40922,2
TEST_40923,1
TEST_40924,1
TEST_40925,3
TEST_40926,0
TEST_40927,0
TEST_40928,2
TEST_40929,2
TEST_40930,0
TEST_40931,2
TEST_40932,3
TEST_40933,0
TEST_40934,2
TEST_40935,4
TEST_40936,0
TEST_40937,3
TEST_40938,1
TEST_40939,3
TEST_40940,0
TEST_40941,2
TEST_40942,3
TEST_40943,2
TEST_40944,3
TEST_40945,2
TEST_40946,3
TEST_40947,1
TEST_40948,3
TEST_40949,2
TEST_40950,3
TEST_40951,0
TEST_40952,1
TEST_40953,4
TEST_40954,2
TEST_40955,3
TEST_40956,2
TEST_40957,1
TEST_40958,2
TEST_40959,2
TEST_40960,4
TEST_40961,0
TEST_40962,4
TEST_40963,2
TEST_40964,3
TEST_40965,4
TEST_40966,3
TEST_40967,3
TEST_40968,0
TEST_40969,1
TEST_40970,0
TEST_40971,2
TEST_40972,0
TEST_40973,1
TEST_40974,3
TEST_40975,3
TEST_40976,2
TEST_40977,2
TEST_40978,1
TEST_40979,4
TEST_40980,0
TEST_40981,0
TEST_40982,4
TEST_40983,1
TEST_40984,0
TEST_40985,0
TEST_40986,2
TEST_40987,3
TEST_40988,4
TEST_40989,1
TEST_40990,3
TEST_40991,2
TEST_40992,2
TEST_40993,3
TEST_40994,4
TEST_40995,4
TEST_40996,3
TEST_40997,2
TEST_40998,3
TEST_40999,4
TEST_41000,4
TEST_41001,3
TEST_41002,4
TEST_41003,3
TEST_41004,2
TEST_41005,2
TEST_41006,4
TEST_41007,3
TEST_41008,1
TEST_41009,3
TEST_41010,2
TEST_41011,2
TEST_41012,4
TEST_41013,1
TEST_41014,2
TEST_41015,3
TEST_41016,3
TEST_41017,2
TEST_41018,0
TEST_41019,2
TEST_41020,3
TEST_41021,1
TEST_41022,4
TEST_41023,4
TEST_41024,4
TEST_41025,3
TEST_41026,3
TEST_41027,0
TEST_41028,4
TEST_41029,1
TEST_41030,1
TEST_41031,0
TEST_41032,2
TEST_41033,1
TEST_41034,3
TEST_41035,3
TEST_41036,0
TEST_41037,2
TEST_41038,3
TEST_41039,3
TEST_41040,1
TEST_41041,3
TEST_41042,1
TEST_41043,4
TEST_41044,0
TEST_41045,0
TEST_41046,2
TEST_41047,4
TEST_41048,4
TEST_41049,4
TEST_41050,1
TEST_41051,3
TEST_41052,3
TEST_41053,1
TEST_41054,4
TEST_41055,4
TEST_41056,3
TEST_41057,3
TEST_41058,2
TEST_41059,1
TEST_41060,2
TEST_41061,3
TEST_41062,2
TEST_41063,1
TEST_41064,4
TEST_41065,3
TEST_41066,2
TEST_41067,2
TEST_41068,3
TEST_41069,3
TEST_41070,3
TEST_41071,4
TEST_41072,3
TEST_41073,3
TEST_41074,4
TEST_41075,4
TEST_41076,2
TEST_41077,4
TEST_41078,3
TEST_41079,4
TEST_41080,0
TEST_41081,3
TEST_41082,4
TEST_41083,3
TEST_41084,4
TEST_41085,3
TEST_41086,3
TEST_41087,4
TEST_41088,4
TEST_41089,0
TEST_41090,3
TEST_41091,3
TEST_41092,4
TEST_41093,3
TEST_41094,3
TEST_41095,0
TEST_41096,4
TEST_41097,3
TEST_41098,1
TEST_41099,0
TEST_41100,2
TEST_41101,0
TEST_41102,4
TEST_41103,4
TEST_41104,3
TEST_41105,2
TEST_41106,1
TEST_41107,3
TEST_41108,3
TEST_41109,4
TEST_41110,1
TEST_41111,4
TEST_41112,2
TEST_41113,4
TEST_41114,4
TEST_41115,4
TEST_41116,4
TEST_41117,4
TEST_41118,4
TEST_41119,3
TEST_41120,4
TEST_41121,3
TEST_41122,4
TEST_41123,2
TEST_41124,4
TEST_41125,3
TEST_41126,0
TEST_41127,2
TEST_41128,4
TEST_41129,4
TEST_41130,2
TEST_41131,2
TEST_41132,3
TEST_41133,1
TEST_41134,3
TEST_41135,4
TEST_41136,3
TEST_41137,0
TEST_41138,2
TEST_41139,2
TEST_41140,1
TEST_41141,2
TEST_41142,3
TEST_41143,2
TEST_41144,3
TEST_41145,3
TEST_41146,3
TEST_41147,2
TEST_41148,4
TEST_41149,4
TEST_41150,0
TEST_41151,3
TEST_41152,3
TEST_41153,1
TEST_41154,4
TEST_41155,3
TEST_41156,4
TEST_41157,3
TEST_41158,3
TEST_41159,3
TEST_41160,2
TEST_41161,0
TEST_41162,1
TEST_41163,3
TEST_41164,4
TEST_41165,2
TEST_41166,1
TEST_41167,4
TEST_41168,4
TEST_41169,3
TEST_41170,1
TEST_41171,4
TEST_41172,3
TEST_41173,0
TEST_41174,0
TEST_41175,1
TEST_41176,2
TEST_41177,3
TEST_41178,2
TEST_41179,4
TEST_41180,3
TEST_41181,2
TEST_41182,4
TEST_41183,4
TEST_41184,2
TEST_41185,3
TEST_41186,3
TEST_41187,1
TEST_41188,4
TEST_41189,2
TEST_41190,1
TEST_41191,4
TEST_41192,2
TEST_41193,4
TEST_41194,2
TEST_41195,4
TEST_41196,4
TEST_41197,3
TEST_41198,2
TEST_41199,3
TEST_41200,3
TEST_41201,3
TEST_41202,1
TEST_41203,1
TEST_41204,4
TEST_41205,2
TEST_41206,4
TEST_41207,3
TEST_41208,4
TEST_41209,1
TEST_41210,4
TEST_41211,3
TEST_41212,2
TEST_41213,3
TEST_41214,3
TEST_41215,0
TEST_41216,1
TEST_41217,3
TEST_41218,4
TEST_41219,2
TEST_41220,4
TEST_41221,3
TEST_41222,4
TEST_41223,3
TEST_41224,0
TEST_41225,2
TEST_41226,3
TEST_41227,0
TEST_41228,1
TEST_41229,1
TEST_41230,2
TEST_41231,3
TEST_41232,3
TEST_41233,3
TEST_41234,3
TEST_41235,3
TEST_41236,3
TEST_41237,4
TEST_41238,4
TEST_41239,0
TEST_41240,1
TEST_41241,4
TEST_41242,2
TEST_41243,2
TEST_41244,2
TEST_41245,4
TEST_41246,3
TEST_41247,1
TEST_41248,2
TEST_41249,3
TEST_41250,3
TEST_41251,4
TEST_41252,2
TEST_41253,3
TEST_41254,1
TEST_41255,0
TEST_41256,3
TEST_41257,1
TEST_41258,4
TEST_41259,3
TEST_41260,3
TEST_41261,3
TEST_41262,4
TEST_41263,1
TEST_41264,3
TEST_41265,0
TEST_41266,4
TEST_41267,3
TEST_41268,3
TEST_41269,2
TEST_41270,4
TEST_41271,4
TEST_41272,1
TEST_41273,4
TEST_41274,4
TEST_41275,4
TEST_41276,3
TEST_41277,1
TEST_41278,4
TEST_41279,2
TEST_41280,0
TEST_41281,3
TEST_41282,1
TEST_41283,0
TEST_41284,2
TEST_41285,3
TEST_41286,4
TEST_41287,3
TEST_41288,1
TEST_41289,1
TEST_41290,2
TEST_41291,4
TEST_41292,0
TEST_41293,4
TEST_41294,3
TEST_41295,4
TEST_41296,2
TEST_41297,2
TEST_41298,3
TEST_41299,3
TEST_41300,2
TEST_41301,3
TEST_41302,3
TEST_41303,0
TEST_41304,1
TEST_41305,1
TEST_41306,3
TEST_41307,2
TEST_41308,2
TEST_41309,2
TEST_41310,0
TEST_41311,0
TEST_41312,3
TEST_41313,3
TEST_41314,3
TEST_41315,3
TEST_41316,4
TEST_41317,3
TEST_41318,4
TEST_41319,1
TEST_41320,3
TEST_41321,4
TEST_41322,2
TEST_41323,3
TEST_41324,4
TEST_41325,1
TEST_41326,3
TEST_41327,4
TEST_41328,0
TEST_41329,2
TEST_41330,1
TEST_41331,3
TEST_41332,2
TEST_41333,3
TEST_41334,2
TEST_41335,2
TEST_41336,2
TEST_41337,2
TEST_41338,3
TEST_41339,4
TEST_41340,4
TEST_41341,0
TEST_41342,3
TEST_41343,0
TEST_41344,3
TEST_41345,2
TEST_41346,2
TEST_41347,3
TEST_41348,4
TEST_41349,0
TEST_41350,1
TEST_41351,1
TEST_41352,2
TEST_41353,3
TEST_41354,2
TEST_41355,1
TEST_41356,4
TEST_41357,2
TEST_41358,2
TEST_41359,2
TEST_41360,1
TEST_41361,2
TEST_41362,3
TEST_41363,1
TEST_41364,4
TEST_41365,2
TEST_41366,3
TEST_41367,3
TEST_41368,3
TEST_41369,3
TEST_41370,3
TEST_41371,3
TEST_41372,2
TEST_41373,0
TEST_41374,2
TEST_41375,0
TEST_41376,2
TEST_41377,1
TEST_41378,1
TEST_41379,2
TEST_41380,1
TEST_41381,2
TEST_41382,3
TEST_41383,0
TEST_41384,3
TEST_41385,0
TEST_41386,2
TEST_41387,0
TEST_41388,2
TEST_41389,4
TEST_41390,3
TEST_41391,4
TEST_41392,4
TEST_41393,1
TEST_41394,0
TEST_41395,3
TEST_41396,1
TEST_41397,4
TEST_41398,1
TEST_41399,1
TEST_41400,0
TEST_41401,4
TEST_41402,2
TEST_41403,1
TEST_41404,1
TEST_41405,1
TEST_41406,3
TEST_41407,1
TEST_41408,0
TEST_41409,0
TEST_41410,2
TEST_41411,3
TEST_41412,3
TEST_41413,4
TEST_41414,3
TEST_41415,3
TEST_41416,4
TEST_41417,2
TEST_41418,3
TEST_41419,0
TEST_41420,1
TEST_41421,3
TEST_41422,0
TEST_41423,0
TEST_41424,2
TEST_41425,4
TEST_41426,4
TEST_41427,3
TEST_41428,2
TEST_41429,1
TEST_41430,0
TEST_41431,3
TEST_41432,3
TEST_41433,2
TEST_41434,1
TEST_41435,3
TEST_41436,3
TEST_41437,1
TEST_41438,1
TEST_41439,4
TEST_41440,2
TEST_41441,4
TEST_41442,2
TEST_41443,3
TEST_41444,3
TEST_41445,3
TEST_41446,3
TEST_41447,3
TEST_41448,4
TEST_41449,4
TEST_41450,3
TEST_41451,4
TEST_41452,1
TEST_41453,0
TEST_41454,2
TEST_41455,1
TEST_41456,2
TEST_41457,1
TEST_41458,4
TEST_41459,2
TEST_41460,2
TEST_41461,3
TEST_41462,3
TEST_41463,3
TEST_41464,0
TEST_41465,2
TEST_41466,3
TEST_41467,3
TEST_41468,1
TEST_41469,3
TEST_41470,0
TEST_41471,2
TEST_41472,1
TEST_41473,3
TEST_41474,1
TEST_41475,3
TEST_41476,4
TEST_41477,4
TEST_41478,0
TEST_41479,0
TEST_41480,3
TEST_41481,0
TEST_41482,3
TEST_41483,2
TEST_41484,3
TEST_41485,4
TEST_41486,2
TEST_41487,3
TEST_41488,3
TEST_41489,4
TEST_41490,4
TEST_41491,3
TEST_41492,4
TEST_41493,4
TEST_41494,1
TEST_41495,3
TEST_41496,1
TEST_41497,2
TEST_41498,3
TEST_41499,4
TEST_41500,4
TEST_41501,3
TEST_41502,4
TEST_41503,1
TEST_41504,3
TEST_41505,4
TEST_41506,0
TEST_41507,4
TEST_41508,3
TEST_41509,0
TEST_41510,0
TEST_41511,3
TEST_41512,4
TEST_41513,1
TEST_41514,1
TEST_41515,3
TEST_41516,0
TEST_41517,0
TEST_41518,3
TEST_41519,3
TEST_41520,4
TEST_41521,4
TEST_41522,3
TEST_41523,4
TEST_41524,1
TEST_41525,3
TEST_41526,3
TEST_41527,2
TEST_41528,4
TEST_41529,3
TEST_41530,3
TEST_41531,4
TEST_41532,3
TEST_41533,0
TEST_41534,3
TEST_41535,1
TEST_41536,0
TEST_41537,1
TEST_41538,0
TEST_41539,0
TEST_41540,0
TEST_41541,0
TEST_41542,3
TEST_41543,2
TEST_41544,3
TEST_41545,1
TEST_41546,4
TEST_41547,2
TEST_41548,1
TEST_41549,2
TEST_41550,2
TEST_41551,3
TEST_41552,2
TEST_41553,4
TEST_41554,3
TEST_41555,2
TEST_41556,4
TEST_41557,1
TEST_41558,4
TEST_41559,4
TEST_41560,3
TEST_41561,1
TEST_41562,3
TEST_41563,4
TEST_41564,0
TEST_41565,0
TEST_41566,2
TEST_41567,2
TEST_41568,3
TEST_41569,1
TEST_41570,4
TEST_41571,3
TEST_41572,2
TEST_41573,3
TEST_41574,4
TEST_41575,1
TEST_41576,4
TEST_41577,4
TEST_41578,2
TEST_41579,0
TEST_41580,4
TEST_41581,3
TEST_41582,0
TEST_41583,3
TEST_41584,2
TEST_41585,3
TEST_41586,3
TEST_41587,0
TEST_41588,0
TEST_41589,3
TEST_41590,0
TEST_41591,3
TEST_41592,4
TEST_41593,2
TEST_41594,4
TEST_41595,3
TEST_41596,2
TEST_41597,3
TEST_41598,4
TEST_41599,4
TEST_41600,1
TEST_41601,3
TEST_41602,0
TEST_41603,0
TEST_41604,3
TEST_41605,0
TEST_41606,4
TEST_41607,4
TEST_41608,4
TEST_41609,3
TEST_41610,2
TEST_41611,4
TEST_41612,3
TEST_41613,0
TEST_41614,1
TEST_41615,0
TEST_41616,3
TEST_41617,3
TEST_41618,1
TEST_41619,2
TEST_41620,3
TEST_41621,3
TEST_41622,1
TEST_41623,3
TEST_41624,4
TEST_41625,2
TEST_41626,3
TEST_41627,2
TEST_41628,2
TEST_41629,2
TEST_41630,3
TEST_41631,3
TEST_41632,3
TEST_41633,4
TEST_41634,3
TEST_41635,0
TEST_41636,4
TEST_41637,0
TEST_41638,3
TEST_41639,4
TEST_41640,4
TEST_41641,1
TEST_41642,2
TEST_41643,1
TEST_41644,2
TEST_41645,4
TEST_41646,1
TEST_41647,4
TEST_41648,1
TEST_41649,2
TEST_41650,4
TEST_41651,2
TEST_41652,1
TEST_41653,3
TEST_41654,3
TEST_41655,2
TEST_41656,2
TEST_41657,3
TEST_41658,0
TEST_41659,2
TEST_41660,3
TEST_41661,4
TEST_41662,2
TEST_41663,4
TEST_41664,2
TEST_41665,4
TEST_41666,3
TEST_41667,3
TEST_41668,1
TEST_41669,0
TEST_41670,0
TEST_41671,4
TEST_41672,2
TEST_41673,0
TEST_41674,3
TEST_41675,4
TEST_41676,4
TEST_41677,4
TEST_41678,2
TEST_41679,2
TEST_41680,0
TEST_41681,2
TEST_41682,4
TEST_41683,4
TEST_41684,4
TEST_41685,2
TEST_41686,2
TEST_41687,2
TEST_41688,3
TEST_41689,0
TEST_41690,3
TEST_41691,2
TEST_41692,2
TEST_41693,2
TEST_41694,4
TEST_41695,4
TEST_41696,2
TEST_41697,3
TEST_41698,3
TEST_41699,3
TEST_41700,4
TEST_41701,4
TEST_41702,0
TEST_41703,0
TEST_41704,3
TEST_41705,2
TEST_41706,1
TEST_41707,0
TEST_41708,2
TEST_41709,4
TEST_41710,3
TEST_41711,4
TEST_41712,4
TEST_41713,4
TEST_41714,3
TEST_41715,1
TEST_41716,0
TEST_41717,1
TEST_41718,0
TEST_41719,1
TEST_41720,3
TEST_41721,3
TEST_41722,4
TEST_41723,3
TEST_41724,2
TEST_41725,2
TEST_41726,3
TEST_41727,4
TEST_41728,3
TEST_41729,3
TEST_41730,4
TEST_41731,2
TEST_41732,4
TEST_41733,4
TEST_41734,2
TEST_41735,2
TEST_41736,4
TEST_41737,4
TEST_41738,4
TEST_41739,2
TEST_41740,0
TEST_41741,4
TEST_41742,2
TEST_41743,4
TEST_41744,1
TEST_41745,1
TEST_41746,4
TEST_41747,0
TEST_41748,2
TEST_41749,2
TEST_41750,4
TEST_41751,0
TEST_41752,1
TEST_41753,3
TEST_41754,3
TEST_41755,2
TEST_41756,4
TEST_41757,2
TEST_41758,1
TEST_41759,2
TEST_41760,3
TEST_41761,4
TEST_41762,3
TEST_41763,3
TEST_41764,3
TEST_41765,3
TEST_41766,1
TEST_41767,3
TEST_41768,2
TEST_41769,3
TEST_41770,2
TEST_41771,0
TEST_41772,3
TEST_41773,3
TEST_41774,0
TEST_41775,0
TEST_41776,2
TEST_41777,3
TEST_41778,1
TEST_41779,0
TEST_41780,3
TEST_41781,3
TEST_41782,0
TEST_41783,0
TEST_41784,3
TEST_41785,2
TEST_41786,3
TEST_41787,3
TEST_41788,3
TEST_41789,0
TEST_41790,4
TEST_41791,1
TEST_41792,2
TEST_41793,2
TEST_41794,2
TEST_41795,0
TEST_41796,3
TEST_41797,4
TEST_41798,3
TEST_41799,4
TEST_41800,4
TEST_41801,4
TEST_41802,4
TEST_41803,3
TEST_41804,3
TEST_41805,3
TEST_41806,2
TEST_41807,1
TEST_41808,4
TEST_41809,0
TEST_41810,2
TEST_41811,1
TEST_41812,1
TEST_41813,0
TEST_41814,3
TEST_41815,1
TEST_41816,0
TEST_41817,4
TEST_41818,3
TEST_41819,0
TEST_41820,2
TEST_41821,3
TEST_41822,4
TEST_41823,2
TEST_41824,2
TEST_41825,2
TEST_41826,3
TEST_41827,3
TEST_41828,3
TEST_41829,3
TEST_41830,1
TEST_41831,3
TEST_41832,0
TEST_41833,4
TEST_41834,1
TEST_41835,1
TEST_41836,2
TEST_41837,3
TEST_41838,3
TEST_41839,2
TEST_41840,2
TEST_41841,3
TEST_41842,2
TEST_41843,3
TEST_41844,4
TEST_41845,4
TEST_41846,0
TEST_41847,2
TEST_41848,1
TEST_41849,2
TEST_41850,2
TEST_41851,2
TEST_41852,3
TEST_41853,2
TEST_41854,2
TEST_41855,2
TEST_41856,3
TEST_41857,3
TEST_41858,3
TEST_41859,3
TEST_41860,4
TEST_41861,0
TEST_41862,1
TEST_41863,3
TEST_41864,4
TEST_41865,2
TEST_41866,0
TEST_41867,3
TEST_41868,3
TEST_41869,1
TEST_41870,3
TEST_41871,0
TEST_41872,2
TEST_41873,3
TEST_41874,3
TEST_41875,3
TEST_41876,0
TEST_41877,2
TEST_41878,2
TEST_41879,4
TEST_41880,0
TEST_41881,3
TEST_41882,2
TEST_41883,2
TEST_41884,4
TEST_41885,2
TEST_41886,4
TEST_41887,2
TEST_41888,2
TEST_41889,1
TEST_41890,2
TEST_41891,0
TEST_41892,1
TEST_41893,2
TEST_41894,4
TEST_41895,1
TEST_41896,4
TEST_41897,1
TEST_41898,4
TEST_41899,2
TEST_41900,2
TEST_41901,4
TEST_41902,2
TEST_41903,3
TEST_41904,4
TEST_41905,1
TEST_41906,4
TEST_41907,4
TEST_41908,1
TEST_41909,2
TEST_41910,3
TEST_41911,3
TEST_41912,4
TEST_41913,1
TEST_41914,3
TEST_41915,4
TEST_41916,4
TEST_41917,1
TEST_41918,3
TEST_41919,2
TEST_41920,0
TEST_41921,1
TEST_41922,3
TEST_41923,3
TEST_41924,1
TEST_41925,2
TEST_41926,4
TEST_41927,0
TEST_41928,3
TEST_41929,3
TEST_41930,2
TEST_41931,3
TEST_41932,1
TEST_41933,4
TEST_41934,4
TEST_41935,0
TEST_41936,3
TEST_41937,1
TEST_41938,3
TEST_41939,2
TEST_41940,4
TEST_41941,3
TEST_41942,4
TEST_41943,3
TEST_41944,3
TEST_41945,2
TEST_41946,2
TEST_41947,4
TEST_41948,3
TEST_41949,1
TEST_41950,4
TEST_41951,3
TEST_41952,3
TEST_41953,2
TEST_41954,3
TEST_41955,3
TEST_41956,3
TEST_41957,3
TEST_41958,2
TEST_41959,1
TEST_41960,3
TEST_41961,2
TEST_41962,4
TEST_41963,4
TEST_41964,2
TEST_41965,2
TEST_41966,2
TEST_41967,2
TEST_41968,2
TEST_41969,3
TEST_41970,4
TEST_41971,4
TEST_41972,4
TEST_41973,1
TEST_41974,3
TEST_41975,2
TEST_41976,1
TEST_41977,3
TEST_41978,4
TEST_41979,3
TEST_41980,2
TEST_41981,3
TEST_41982,0
TEST_41983,2
TEST_41984,4
TEST_41985,4
TEST_41986,3
TEST_41987,1
TEST_41988,4
TEST_41989,2
TEST_41990,3
TEST_41991,2
TEST_41992,3
TEST_41993,1
TEST_41994,1
TEST_41995,4
TEST_41996,4
TEST_41997,3
TEST_41998,0
TEST_41999,2
TEST_42000,1
TEST_42001,0
TEST_42002,1
TEST_42003,0
TEST_42004,4
TEST_42005,0
TEST_42006,3
TEST_42007,3
TEST_42008,2
TEST_42009,3
TEST_42010,2
TEST_42011,1
TEST_42012,0
TEST_42013,4
TEST_42014,4
TEST_42015,4
TEST_42016,1
TEST_42017,2
TEST_42018,1
TEST_42019,0
TEST_42020,1
TEST_42021,4
TEST_42022,3
TEST_42023,1
TEST_42024,1
TEST_42025,4
TEST_42026,3
TEST_42027,4
TEST_42028,0
TEST_42029,3
TEST_42030,3
TEST_42031,4
TEST_42032,3
TEST_42033,4
TEST_42034,4
TEST_42035,0
TEST_42036,3
TEST_42037,3
TEST_42038,2
TEST_42039,4
TEST_42040,2
TEST_42041,4
TEST_42042,3
TEST_42043,0
TEST_42044,1
TEST_42045,3
TEST_42046,2
TEST_42047,2
TEST_42048,3
TEST_42049,4
TEST_42050,2
TEST_42051,1
TEST_42052,1
TEST_42053,4
TEST_42054,3
TEST_42055,1
TEST_42056,3
TEST_42057,3
TEST_42058,0
TEST_42059,1
TEST_42060,0
TEST_42061,4
TEST_42062,4
TEST_42063,3
TEST_42064,1
TEST_42065,4
TEST_42066,4
TEST_42067,0
TEST_42068,2
TEST_42069,3
TEST_42070,1
TEST_42071,4
TEST_42072,1
TEST_42073,1
TEST_42074,2
TEST_42075,2
TEST_42076,3
TEST_42077,2
TEST_42078,3
TEST_42079,4
TEST_42080,0
TEST_42081,2
TEST_42082,3
TEST_42083,4
TEST_42084,2
TEST_42085,2
TEST_42086,2
TEST_42087,1
TEST_42088,2
TEST_42089,3
TEST_42090,4
TEST_42091,1
TEST_42092,0
TEST_42093,4
TEST_42094,2
TEST_42095,0
TEST_42096,2
TEST_42097,3
TEST_42098,1
TEST_42099,3
TEST_42100,1
TEST_42101,4
TEST_42102,4
TEST_42103,3
TEST_42104,3
TEST_42105,2
TEST_42106,4
TEST_42107,4
TEST_42108,3
TEST_42109,3
TEST_42110,4
TEST_42111,4
TEST_42112,2
TEST_42113,3
TEST_42114,4
TEST_42115,1
TEST_42116,0
TEST_42117,4
TEST_42118,1
TEST_42119,0
TEST_42120,2
TEST_42121,2
TEST_42122,4
TEST_42123,3
TEST_42124,1
TEST_42125,3
TEST_42126,1
TEST_42127,2
TEST_42128,4
TEST_42129,3
TEST_42130,4
TEST_42131,3
TEST_42132,2
TEST_42133,2
TEST_42134,0
TEST_42135,1
TEST_42136,1
TEST_42137,4
TEST_42138,1
TEST_42139,4
TEST_42140,3
TEST_42141,4
TEST_42142,3
TEST_42143,2
TEST_42144,2
TEST_42145,1
TEST_42146,1
TEST_42147,1
TEST_42148,3
TEST_42149,2
TEST_42150,4
TEST_42151,4
TEST_42152,4
TEST_42153,4
TEST_42154,3
TEST_42155,0
TEST_42156,4
TEST_42157,4
TEST_42158,4
TEST_42159,2
TEST_42160,0
TEST_42161,2
TEST_42162,3
TEST_42163,3
TEST_42164,4
TEST_42165,4
TEST_42166,3
TEST_42167,4
TEST_42168,4
TEST_42169,0
TEST_42170,2
TEST_42171,2
TEST_42172,4
TEST_42173,3
TEST_42174,4
TEST_42175,2
TEST_42176,1
TEST_42177,4
TEST_42178,0
TEST_42179,3
TEST_42180,3
TEST_42181,0
TEST_42182,0
TEST_42183,4
TEST_42184,2
TEST_42185,3
TEST_42186,3
TEST_42187,0
TEST_42188,3
TEST_42189,1
TEST_42190,1
TEST_42191,1
TEST_42192,4
TEST_42193,1
TEST_42194,0
TEST_42195,4
TEST_42196,1
TEST_42197,3
TEST_42198,0
TEST_42199,4
TEST_42200,3
TEST_42201,2
TEST_42202,3
TEST_42203,4
TEST_42204,2
TEST_42205,3
TEST_42206,4
TEST_42207,2
TEST_42208,0
TEST_42209,2
TEST_42210,2
TEST_42211,3
TEST_42212,0
TEST_42213,2
TEST_42214,4
TEST_42215,3
TEST_42216,3
TEST_42217,1
TEST_42218,3
TEST_42219,1
TEST_42220,3
TEST_42221,4
TEST_42222,4
TEST_42223,1
TEST_42224,4
TEST_42225,0
TEST_42226,1
TEST_42227,0
TEST_42228,4
TEST_42229,2
TEST_42230,2
TEST_42231,2
TEST_42232,4
TEST_42233,3
TEST_42234,2
TEST_42235,4
TEST_42236,4
TEST_42237,2
TEST_42238,2
TEST_42239,0
TEST_42240,3
TEST_42241,2
TEST_42242,1
TEST_42243,0
TEST_42244,1
TEST_42245,3
TEST_42246,1
TEST_42247,3
TEST_42248,3
TEST_42249,4
TEST_42250,4
TEST_42251,2
TEST_42252,4
TEST_42253,2
TEST_42254,2
TEST_42255,3
TEST_42256,0
TEST_42257,2
TEST_42258,2
TEST_42259,3
TEST_42260,4
TEST_42261,1
TEST_42262,3
TEST_42263,1
TEST_42264,2
TEST_42265,3
TEST_42266,2
TEST_42267,2
TEST_42268,0
TEST_42269,0
TEST_42270,0
TEST_42271,3
TEST_42272,1
TEST_42273,4
TEST_42274,0
TEST_42275,4
TEST_42276,4
TEST_42277,2
TEST_42278,3
TEST_42279,3
TEST_42280,3
TEST_42281,2
TEST_42282,2
TEST_42283,4
TEST_42284,4
TEST_42285,3
TEST_42286,0
TEST_42287,3
TEST_42288,0
TEST_42289,1
TEST_42290,4
TEST_42291,4
TEST_42292,4
TEST_42293,2
TEST_42294,2
TEST_42295,3
TEST_42296,3
TEST_42297,3
TEST_42298,4
TEST_42299,3
TEST_42300,3
TEST_42301,3
TEST_42302,3
TEST_42303,3
TEST_42304,4
TEST_42305,4
TEST_42306,4
TEST_42307,1
TEST_42308,1
TEST_42309,3
TEST_42310,1
TEST_42311,2
TEST_42312,2
TEST_42313,2
TEST_42314,3
TEST_42315,3
TEST_42316,3
TEST_42317,4
TEST_42318,4
TEST_42319,0
TEST_42320,4
TEST_42321,0
TEST_42322,4
TEST_42323,2
TEST_42324,3
TEST_42325,4
TEST_42326,2
TEST_42327,4
TEST_42328,3
TEST_42329,3
TEST_42330,2
TEST_42331,4
TEST_42332,4
TEST_42333,1
TEST_42334,3
TEST_42335,0
TEST_42336,4
TEST_42337,3
TEST_42338,2
TEST_42339,3
TEST_42340,4
TEST_42341,4
TEST_42342,2
TEST_42343,1
TEST_42344,1
TEST_42345,4
TEST_42346,0
TEST_42347,2
TEST_42348,3
TEST_42349,3
TEST_42350,3
TEST_42351,3
TEST_42352,4
TEST_42353,3
TEST_42354,2
TEST_42355,0
TEST_42356,1
TEST_42357,4
TEST_42358,3
TEST_42359,2
TEST_42360,3
TEST_42361,3
TEST_42362,3
TEST_42363,3
TEST_42364,2
TEST_42365,2
TEST_42366,2
TEST_42367,3
TEST_42368,1
TEST_42369,3
TEST_42370,4
TEST_42371,4
TEST_42372,3
TEST_42373,3
TEST_42374,0
TEST_42375,2
TEST_42376,3
TEST_42377,0
TEST_42378,2
TEST_42379,3
TEST_42380,1
TEST_42381,4
TEST_42382,3
TEST_42383,3
TEST_42384,3
TEST_42385,4
TEST_42386,0
TEST_42387,2
TEST_42388,1
TEST_42389,3
TEST_42390,0
TEST_42391,4
TEST_42392,3
TEST_42393,4
TEST_42394,4
TEST_42395,4
TEST_42396,0
TEST_42397,3
TEST_42398,0
TEST_42399,1
TEST_42400,4
TEST_42401,0
TEST_42402,4
TEST_42403,0
TEST_42404,4
TEST_42405,3
TEST_42406,0
TEST_42407,1
TEST_42408,1
TEST_42409,3
TEST_42410,1
TEST_42411,4
TEST_42412,4
TEST_42413,0
TEST_42414,2
TEST_42415,3
TEST_42416,2
TEST_42417,2
TEST_42418,2
TEST_42419,3
TEST_42420,2
TEST_42421,3
TEST_42422,0
TEST_42423,2
TEST_42424,3
TEST_42425,2
TEST_42426,1
TEST_42427,2
TEST_42428,2
TEST_42429,0
TEST_42430,3
TEST_42431,1
TEST_42432,3
TEST_42433,4
TEST_42434,1
TEST_42435,1
TEST_42436,3
TEST_42437,4
TEST_42438,0
TEST_42439,1
TEST_42440,2
TEST_42441,3
TEST_42442,2
TEST_42443,1
TEST_42444,3
TEST_42445,3
TEST_42446,4
TEST_42447,3
TEST_42448,4
TEST_42449,1
TEST_42450,4
TEST_42451,1
TEST_42452,4
TEST_42453,3
TEST_42454,3
TEST_42455,1
TEST_42456,3
TEST_42457,1
TEST_42458,3
TEST_42459,4
TEST_42460,4
TEST_42461,2
TEST_42462,1
TEST_42463,2
TEST_42464,0
TEST_42465,1
TEST_42466,1
TEST_42467,4
TEST_42468,3
TEST_42469,1
TEST_42470,4
TEST_42471,4
TEST_42472,3
TEST_42473,3
TEST_42474,1
TEST_42475,3
TEST_42476,3
TEST_42477,3
TEST_42478,4
TEST_42479,4
TEST_42480,4
TEST_42481,3
TEST_42482,2
TEST_42483,0
TEST_42484,4
TEST_42485,4
TEST_42486,4
TEST_42487,0
TEST_42488,1
TEST_42489,4
TEST_42490,2
TEST_42491,4
TEST_42492,1
TEST_42493,2
TEST_42494,1
TEST_42495,4
TEST_42496,1
TEST_42497,0
TEST_42498,3
TEST_42499,4
TEST_42500,3
TEST_42501,3
TEST_42502,1
TEST_42503,4
TEST_42504,1
TEST_42505,1
TEST_42506,3
TEST_42507,0
TEST_42508,3
TEST_42509,1
TEST_42510,2
TEST_42511,2
TEST_42512,4
TEST_42513,2
TEST_42514,2
TEST_42515,3
TEST_42516,2
TEST_42517,1
TEST_42518,0
TEST_42519,3
TEST_42520,3
TEST_42521,3
TEST_42522,4
TEST_42523,4
TEST_42524,1
TEST_42525,2
TEST_42526,0
TEST_42527,3
TEST_42528,3
TEST_42529,2
TEST_42530,2
TEST_42531,1
TEST_42532,0
TEST_42533,1
TEST_42534,2
TEST_42535,4
TEST_42536,2
TEST_42537,4
TEST_42538,3
TEST_42539,3
TEST_42540,0
TEST_42541,3
TEST_42542,2
TEST_42543,0
TEST_42544,2
TEST_42545,4
TEST_42546,0
TEST_42547,3
TEST_42548,4
TEST_42549,0
TEST_42550,1
TEST_42551,1
TEST_42552,3
TEST_42553,4
TEST_42554,3
TEST_42555,2
TEST_42556,4
TEST_42557,4
TEST_42558,1
TEST_42559,4
TEST_42560,1
TEST_42561,3
TEST_42562,2
TEST_42563,4
TEST_42564,4
TEST_42565,1
TEST_42566,4
TEST_42567,3
TEST_42568,1
TEST_42569,3
TEST_42570,3
TEST_42571,3
TEST_42572,4
TEST_42573,2
TEST_42574,4
TEST_42575,2
TEST_42576,4
TEST_42577,2
TEST_42578,2
TEST_42579,4
TEST_42580,2
TEST_42581,0
TEST_42582,3
TEST_42583,0
TEST_42584,4
TEST_42585,3
TEST_42586,3
TEST_42587,3
TEST_42588,2
TEST_42589,0
TEST_42590,1
TEST_42591,0
TEST_42592,0
TEST_42593,3
TEST_42594,3
TEST_42595,3
TEST_42596,4
TEST_42597,3
TEST_42598,4
TEST_42599,3
TEST_42600,4
TEST_42601,0
TEST_42602,4
TEST_42603,2
TEST_42604,1
TEST_42605,2
TEST_42606,0
TEST_42607,4
TEST_42608,3
TEST_42609,3
TEST_42610,4
TEST_42611,1
TEST_42612,2
TEST_42613,1
TEST_42614,4
TEST_42615,4
TEST_42616,1
TEST_42617,1
TEST_42618,3
TEST_42619,4
TEST_42620,2
TEST_42621,2
TEST_42622,4
TEST_42623,1
TEST_42624,4
TEST_42625,2
TEST_42626,4
TEST_42627,3
TEST_42628,0
TEST_42629,0
TEST_42630,3
TEST_42631,1
TEST_42632,4
TEST_42633,3
TEST_42634,3
TEST_42635,4
TEST_42636,1
TEST_42637,4
TEST_42638,4
TEST_42639,0
TEST_42640,2
TEST_42641,4
TEST_42642,3
TEST_42643,3
TEST_42644,3
TEST_42645,3
TEST_42646,2
TEST_42647,2
TEST_42648,0
TEST_42649,2
TEST_42650,2
TEST_42651,0
TEST_42652,4
TEST_42653,2
TEST_42654,3
TEST_42655,0
TEST_42656,0
TEST_42657,3
TEST_42658,2
TEST_42659,3
TEST_42660,4
TEST_42661,3
TEST_42662,0
TEST_42663,2
TEST_42664,2
TEST_42665,3
TEST_42666,2
TEST_42667,3
TEST_42668,2
TEST_42669,0
TEST_42670,1
TEST_42671,4
TEST_42672,1
TEST_42673,3
TEST_42674,4
TEST_42675,3
TEST_42676,3
TEST_42677,1
TEST_42678,2
TEST_42679,3
TEST_42680,4
TEST_42681,4
TEST_42682,4
TEST_42683,4
TEST_42684,4
TEST_42685,1
TEST_42686,2
TEST_42687,2
TEST_42688,0
TEST_42689,3
TEST_42690,4
TEST_42691,4
TEST_42692,3
TEST_42693,4
TEST_42694,4
TEST_42695,3
TEST_42696,4
TEST_42697,3
TEST_42698,3
TEST_42699,3
TEST_42700,4
TEST_42701,3
TEST_42702,3
TEST_42703,2
TEST_42704,2
TEST_42705,2
TEST_42706,2
TEST_42707,4
TEST_42708,4
TEST_42709,3
TEST_42710,3
TEST_42711,1
TEST_42712,1
TEST_42713,3
TEST_42714,3
TEST_42715,1
TEST_42716,1
TEST_42717,0
TEST_42718,1
TEST_42719,4
TEST_42720,3
TEST_42721,0
TEST_42722,3
TEST_42723,1
TEST_42724,0
TEST_42725,3
TEST_42726,4
TEST_42727,0
TEST_42728,0
TEST_42729,3
TEST_42730,3
TEST_42731,4
TEST_42732,1
TEST_42733,0
TEST_42734,4
TEST_42735,1
TEST_42736,4
TEST_42737,2
TEST_42738,2
TEST_42739,1
TEST_42740,1
TEST_42741,2
TEST_42742,4
TEST_42743,1
TEST_42744,2
TEST_42745,3
TEST_42746,4
TEST_42747,3
TEST_42748,4
TEST_42749,2
TEST_42750,4
TEST_42751,2
TEST_42752,2
TEST_42753,1
TEST_42754,2
TEST_42755,3
TEST_42756,3
TEST_42757,2
TEST_42758,1
TEST_42759,2
TEST_42760,4
TEST_42761,2
TEST_42762,1
TEST_42763,0
TEST_42764,3
TEST_42765,0
TEST_42766,0
TEST_42767,2
TEST_42768,3
TEST_42769,3
TEST_42770,2
TEST_42771,4
TEST_42772,0
TEST_42773,1
TEST_42774,3
TEST_42775,1
TEST_42776,0
TEST_42777,1
TEST_42778,1
TEST_42779,0
TEST_42780,0
TEST_42781,3
TEST_42782,3
TEST_42783,4
TEST_42784,3
TEST_42785,1
TEST_42786,0
TEST_42787,2
TEST_42788,1
TEST_42789,4
TEST_42790,2
TEST_42791,0
TEST_42792,4
TEST_42793,1
TEST_42794,3
TEST_42795,2
TEST_42796,2
TEST_42797,0
TEST_42798,3
TEST_42799,4
TEST_42800,2
TEST_42801,3
TEST_42802,3
TEST_42803,3
TEST_42804,3
TEST_42805,3
TEST_42806,0
TEST_42807,3
TEST_42808,2
TEST_42809,1
TEST_42810,2
TEST_42811,3
TEST_42812,4
TEST_42813,0
TEST_42814,2
TEST_42815,4
TEST_42816,3
TEST_42817,1
TEST_42818,0
TEST_42819,3
TEST_42820,3
TEST_42821,3
TEST_42822,1
TEST_42823,0
TEST_42824,4
TEST_42825,3
TEST_42826,4
TEST_42827,0
TEST_42828,3
TEST_42829,3
TEST_42830,3
TEST_42831,0
TEST_42832,2
TEST_42833,2
TEST_42834,4
TEST_42835,1
TEST_42836,3
TEST_42837,2
TEST_42838,2
TEST_42839,1
TEST_42840,0
TEST_42841,3
TEST_42842,3
TEST_42843,3
TEST_42844,4
TEST_42845,2
TEST_42846,3
TEST_42847,2
TEST_42848,0
TEST_42849,1
TEST_42850,3
TEST_42851,1
TEST_42852,1
TEST_42853,4
TEST_42854,1
TEST_42855,4
TEST_42856,4
TEST_42857,3
TEST_42858,3
TEST_42859,0
TEST_42860,2
TEST_42861,2
TEST_42862,0
TEST_42863,1
TEST_42864,4
TEST_42865,1
TEST_42866,4
TEST_42867,2
TEST_42868,0
TEST_42869,3
TEST_42870,3
TEST_42871,3
TEST_42872,4
TEST_42873,4
TEST_42874,3
TEST_42875,2
TEST_42876,3
TEST_42877,0
TEST_42878,0
TEST_42879,0
TEST_42880,2
TEST_42881,3
TEST_42882,3
TEST_42883,2
TEST_42884,2
TEST_42885,2
TEST_42886,3
TEST_42887,3
TEST_42888,1
TEST_42889,4
TEST_42890,3
TEST_42891,4
TEST_42892,0
TEST_42893,3
TEST_42894,3
TEST_42895,2
TEST_42896,2
TEST_42897,4
TEST_42898,0
TEST_42899,3
TEST_42900,2
TEST_42901,4
TEST_42902,1
TEST_42903,0
TEST_42904,4
TEST_42905,4
TEST_42906,2
TEST_42907,1
TEST_42908,4
TEST_42909,2
TEST_42910,1
TEST_42911,4
TEST_42912,4
TEST_42913,1
TEST_42914,1
TEST_42915,3
TEST_42916,2
TEST_42917,0
TEST_42918,4
TEST_42919,2
TEST_42920,3
TEST_42921,1
TEST_42922,0
TEST_42923,0
TEST_42924,0
TEST_42925,4
TEST_42926,1
TEST_42927,0
TEST_42928,1
TEST_42929,4
TEST_42930,4
TEST_42931,4
TEST_42932,4
TEST_42933,3
TEST_42934,3
TEST_42935,1
TEST_42936,1
TEST_42937,3
TEST_42938,4
TEST_42939,0
TEST_42940,2
TEST_42941,2
TEST_42942,3
TEST_42943,1
TEST_42944,0
TEST_42945,1
TEST_42946,0
TEST_42947,1
TEST_42948,3
TEST_42949,0
TEST_42950,4
TEST_42951,4
TEST_42952,3
TEST_42953,2
TEST_42954,2
TEST_42955,1
TEST_42956,4
TEST_42957,4
TEST_42958,4
TEST_42959,2
TEST_42960,2
TEST_42961,2
TEST_42962,3
TEST_42963,2
TEST_42964,1
TEST_42965,2
TEST_42966,2
TEST_42967,4
TEST_42968,2
TEST_42969,2
TEST_42970,2
TEST_42971,0
TEST_42972,3
TEST_42973,2
TEST_42974,2
TEST_42975,1
TEST_42976,4
TEST_42977,3
TEST_42978,3
TEST_42979,2
TEST_42980,3
TEST_42981,0
TEST_42982,3
TEST_42983,3
TEST_42984,1
TEST_42985,4
TEST_42986,2
TEST_42987,2
TEST_42988,3
TEST_42989,4
TEST_42990,1
TEST_42991,3
TEST_42992,3
TEST_42993,4
TEST_42994,0
TEST_42995,3
TEST_42996,3
TEST_42997,0
TEST_42998,3
TEST_42999,2
TEST_43000,3
TEST_43001,0
TEST_43002,4
TEST_43003,3
TEST_43004,3
TEST_43005,2
TEST_43006,4
TEST_43007,4
TEST_43008,4
TEST_43009,3
TEST_43010,2
TEST_43011,2
TEST_43012,1
TEST_43013,2
TEST_43014,2
TEST_43015,3
TEST_43016,0
TEST_43017,2
TEST_43018,2
TEST_43019,2
TEST_43020,2
TEST_43021,2
TEST_43022,2
TEST_43023,4
TEST_43024,3
TEST_43025,3
TEST_43026,3
TEST_43027,3
TEST_43028,4
TEST_43029,4
TEST_43030,3
TEST_43031,2
TEST_43032,3
TEST_43033,4
TEST_43034,3
TEST_43035,1
TEST_43036,2
TEST_43037,4
TEST_43038,1
TEST_43039,1
TEST_43040,2
TEST_43041,3
TEST_43042,2
TEST_43043,2
TEST_43044,2
TEST_43045,1
TEST_43046,3
TEST_43047,3
TEST_43048,4
TEST_43049,3
TEST_43050,3
TEST_43051,3
TEST_43052,2
TEST_43053,0
TEST_43054,2
TEST_43055,1
TEST_43056,4
TEST_43057,0
TEST_43058,0
TEST_43059,4
TEST_43060,2
TEST_43061,4
TEST_43062,2
TEST_43063,1
TEST_43064,3
TEST_43065,2
TEST_43066,0
TEST_43067,1
TEST_43068,2
TEST_43069,3
TEST_43070,4
TEST_43071,4
TEST_43072,4
TEST_43073,3
TEST_43074,2
TEST_43075,0
TEST_43076,2
TEST_43077,4
TEST_43078,4
TEST_43079,2
TEST_43080,1
TEST_43081,0
TEST_43082,3
TEST_43083,0
TEST_43084,2
TEST_43085,4
TEST_43086,3
TEST_43087,0
TEST_43088,4
TEST_43089,4
TEST_43090,3
TEST_43091,3
TEST_43092,2
TEST_43093,2
TEST_43094,1
TEST_43095,2
TEST_43096,4
TEST_43097,1
TEST_43098,3
TEST_43099,2
TEST_43100,1
TEST_43101,1
TEST_43102,2
TEST_43103,0
TEST_43104,4
TEST_43105,3
TEST_43106,2
TEST_43107,4
TEST_43108,2
TEST_43109,1
TEST_43110,4
TEST_43111,0
TEST_43112,4
TEST_43113,4
TEST_43114,1
TEST_43115,3
TEST_43116,1
TEST_43117,2
TEST_43118,1
TEST_43119,2
TEST_43120,0
TEST_43121,0
TEST_43122,4
TEST_43123,1
TEST_43124,3
TEST_43125,2
TEST_43126,3
TEST_43127,3
TEST_43128,2
TEST_43129,1
TEST_43130,3
TEST_43131,2
TEST_43132,1
TEST_43133,2
TEST_43134,2
TEST_43135,2
TEST_43136,3
TEST_43137,1
TEST_43138,2
TEST_43139,3
TEST_43140,0
TEST_43141,3
TEST_43142,1
TEST_43143,2
TEST_43144,2
TEST_43145,1
TEST_43146,1
TEST_43147,3
TEST_43148,1
TEST_43149,3
TEST_43150,0
TEST_43151,3
TEST_43152,2
TEST_43153,3
TEST_43154,4
TEST_43155,3
TEST_43156,0
TEST_43157,1
TEST_43158,3
TEST_43159,1
TEST_43160,0
TEST_43161,4
TEST_43162,0
TEST_43163,3
TEST_43164,4
TEST_43165,3
TEST_43166,3
TEST_43167,3
TEST_43168,4
TEST_43169,3
TEST_43170,4
TEST_43171,4
TEST_43172,3
TEST_43173,1
TEST_43174,4
TEST_43175,3
TEST_43176,4
TEST_43177,0
TEST_43178,1
TEST_43179,4
TEST_43180,4
TEST_43181,4
TEST_43182,3
TEST_43183,0
TEST_43184,1
TEST_43185,4
TEST_43186,0
TEST_43187,3
TEST_43188,3
TEST_43189,4
TEST_43190,4
TEST_43191,1
TEST_43192,1
TEST_43193,3
TEST_43194,1
TEST_43195,1
TEST_43196,1
TEST_43197,3
TEST_43198,3
TEST_43199,0
TEST_43200,2
TEST_43201,1
TEST_43202,3
TEST_43203,1
TEST_43204,3
TEST_43205,2
TEST_43206,1
TEST_43207,3
TEST_43208,0
TEST_43209,1
TEST_43210,0
TEST_43211,4
TEST_43212,3
TEST_43213,2
TEST_43214,4
TEST_43215,4
TEST_43216,2
TEST_43217,0
TEST_43218,3
TEST_43219,1
TEST_43220,0
TEST_43221,4
TEST_43222,1
TEST_43223,3
TEST_43224,3
TEST_43225,3
TEST_43226,4
TEST_43227,3
TEST_43228,0
TEST_43229,3
TEST_43230,2
TEST_43231,1
TEST_43232,2
TEST_43233,4
TEST_43234,4
TEST_43235,1
TEST_43236,3
TEST_43237,3
TEST_43238,3
TEST_43239,4
TEST_43240,1
TEST_43241,2
TEST_43242,0
TEST_43243,4
TEST_43244,4
TEST_43245,3
TEST_43246,4
TEST_43247,2
TEST_43248,0
TEST_43249,1
TEST_43250,1
TEST_43251,2
TEST_43252,2
TEST_43253,2
TEST_43254,2
TEST_43255,1
TEST_43256,3
TEST_43257,4
TEST_43258,3
TEST_43259,3
TEST_43260,0
TEST_43261,3
TEST_43262,2
TEST_43263,4
TEST_43264,1
TEST_43265,4
TEST_43266,2
TEST_43267,4
TEST_43268,3
TEST_43269,0
TEST_43270,3
TEST_43271,1
TEST_43272,4
TEST_43273,4
TEST_43274,3
TEST_43275,1
TEST_43276,2
TEST_43277,3
TEST_43278,1
TEST_43279,2
TEST_43280,0
TEST_43281,2
TEST_43282,2
TEST_43283,1
TEST_43284,4
TEST_43285,1
TEST_43286,2
TEST_43287,3
TEST_43288,4
TEST_43289,1
TEST_43290,3
TEST_43291,0
TEST_43292,2
TEST_43293,4
TEST_43294,1
TEST_43295,4
TEST_43296,3
TEST_43297,1
TEST_43298,1
TEST_43299,2
TEST_43300,4
TEST_43301,3
TEST_43302,4
TEST_43303,3
TEST_43304,2
TEST_43305,3
TEST_43306,4
TEST_43307,1
TEST_43308,0
TEST_43309,4
TEST_43310,1
TEST_43311,0
TEST_43312,3
TEST_43313,2
TEST_43314,2
TEST_43315,2
TEST_43316,3
TEST_43317,2
TEST_43318,3
TEST_43319,2
TEST_43320,0
TEST_43321,3
TEST_43322,4
TEST_43323,3
TEST_43324,0
TEST_43325,0
TEST_43326,3
TEST_43327,4
TEST_43328,4
TEST_43329,1
TEST_43330,3
TEST_43331,4
TEST_43332,1
TEST_43333,2
TEST_43334,4
TEST_43335,4
TEST_43336,1
TEST_43337,2
TEST_43338,3
TEST_43339,1
TEST_43340,0
TEST_43341,2
TEST_43342,4
TEST_43343,0
TEST_43344,3
TEST_43345,4
TEST_43346,2
TEST_43347,3
TEST_43348,1
TEST_43349,3
TEST_43350,2
TEST_43351,0
TEST_43352,3
TEST_43353,3
TEST_43354,1
TEST_43355,3
TEST_43356,4
TEST_43357,3
TEST_43358,4
TEST_43359,1
TEST_43360,3
TEST_43361,4
TEST_43362,2
TEST_43363,4
TEST_43364,1
TEST_43365,3
TEST_43366,3
TEST_43367,1
TEST_43368,4
TEST_43369,4
TEST_43370,0
TEST_43371,3
TEST_43372,0
TEST_43373,2
TEST_43374,2
TEST_43375,4
TEST_43376,2
TEST_43377,2
TEST_43378,0
TEST_43379,3
TEST_43380,2
TEST_43381,4
TEST_43382,2
TEST_43383,3
TEST_43384,2
TEST_43385,2
TEST_43386,4
TEST_43387,1
TEST_43388,3
TEST_43389,3
TEST_43390,4
TEST_43391,1
TEST_43392,3
TEST_43393,3
TEST_43394,0
TEST_43395,4
TEST_43396,3
TEST_43397,0
TEST_43398,4
TEST_43399,4
TEST_43400,4
TEST_43401,0
TEST_43402,2
TEST_43403,3
TEST_43404,2
TEST_43405,1
TEST_43406,1
TEST_43407,4
TEST_43408,4
TEST_43409,2
TEST_43410,3
TEST_43411,0
TEST_43412,4
TEST_43413,3
TEST_43414,3
TEST_43415,0
TEST_43416,4
TEST_43417,0
TEST_43418,3
TEST_43419,4
TEST_43420,4
TEST_43421,3
TEST_43422,1
TEST_43423,4
TEST_43424,1
TEST_43425,0
TEST_43426,2
TEST_43427,0
TEST_43428,0
TEST_43429,2
TEST_43430,4
TEST_43431,4
TEST_43432,3
TEST_43433,3
TEST_43434,2
TEST_43435,4
TEST_43436,4
TEST_43437,0
TEST_43438,1
TEST_43439,3
TEST_43440,2
TEST_43441,1
TEST_43442,1
TEST_43443,3
TEST_43444,2
TEST_43445,3
TEST_43446,3
TEST_43447,4
TEST_43448,1
TEST_43449,2
TEST_43450,2
TEST_43451,3
TEST_43452,1
TEST_43453,4
TEST_43454,3
TEST_43455,4
TEST_43456,1
TEST_43457,1
TEST_43458,0
TEST_43459,3
TEST_43460,2
TEST_43461,0
TEST_43462,4
TEST_43463,2
TEST_43464,1
TEST_43465,4
TEST_43466,3
TEST_43467,1
TEST_43468,4
TEST_43469,3
TEST_43470,1
TEST_43471,3
TEST_43472,3
TEST_43473,2
TEST_43474,2
TEST_43475,1
TEST_43476,1
TEST_43477,1
TEST_43478,3
TEST_43479,3
TEST_43480,2
TEST_43481,2
TEST_43482,3
TEST_43483,2
TEST_43484,0
TEST_43485,3
TEST_43486,2
TEST_43487,3
TEST_43488,1
TEST_43489,2
TEST_43490,2
TEST_43491,2
TEST_43492,3
TEST_43493,3
TEST_43494,2
TEST_43495,1
TEST_43496,3
TEST_43497,3
TEST_43498,2
TEST_43499,2
TEST_43500,3
TEST_43501,2
TEST_43502,2
TEST_43503,2
TEST_43504,2
TEST_43505,0
TEST_43506,2
TEST_43507,3
TEST_43508,2
TEST_43509,2
TEST_43510,4
TEST_43511,0
TEST_43512,3
TEST_43513,4
TEST_43514,1
TEST_43515,3
TEST_43516,2
TEST_43517,1
TEST_43518,0
TEST_43519,3
TEST_43520,2
TEST_43521,1
TEST_43522,4
TEST_43523,1
TEST_43524,1
TEST_43525,2
TEST_43526,2
TEST_43527,3
TEST_43528,4
TEST_43529,3
TEST_43530,1
TEST_43531,2
TEST_43532,3
TEST_43533,0
TEST_43534,1
TEST_43535,4
TEST_43536,1
TEST_43537,4
TEST_43538,1
TEST_43539,0
TEST_43540,0
TEST_43541,2
TEST_43542,2
TEST_43543,3
TEST_43544,3
TEST_43545,0
TEST_43546,1
TEST_43547,2
TEST_43548,1
TEST_43549,4
TEST_43550,2
TEST_43551,4
TEST_43552,4
TEST_43553,0
TEST_43554,4
TEST_43555,1
TEST_43556,1
TEST_43557,3
TEST_43558,4
TEST_43559,3
TEST_43560,0
TEST_43561,1
TEST_43562,3
TEST_43563,1
TEST_43564,4
TEST_43565,3
TEST_43566,4
TEST_43567,4
TEST_43568,4
TEST_43569,3
TEST_43570,4
TEST_43571,0
TEST_43572,4
TEST_43573,2
TEST_43574,4
TEST_43575,1
TEST_43576,3
TEST_43577,2
TEST_43578,1
TEST_43579,3
TEST_43580,4
TEST_43581,3
TEST_43582,2
TEST_43583,4
TEST_43584,2
TEST_43585,2
TEST_43586,0
TEST_43587,2
TEST_43588,3
TEST_43589,2
TEST_43590,2
TEST_43591,3
TEST_43592,2
TEST_43593,4
TEST_43594,4
TEST_43595,2
TEST_43596,3
TEST_43597,3
TEST_43598,3
TEST_43599,3
TEST_43600,2
TEST_43601,3
TEST_43602,1
TEST_43603,2
TEST_43604,2
TEST_43605,3
TEST_43606,2
TEST_43607,2
TEST_43608,4
TEST_43609,2
TEST_43610,0
TEST_43611,3
TEST_43612,2
TEST_43613,2
TEST_43614,0
TEST_43615,2
TEST_43616,1
TEST_43617,2
TEST_43618,3
TEST_43619,3
TEST_43620,0
TEST_43621,2
TEST_43622,1
TEST_43623,2
TEST_43624,4
TEST_43625,0
TEST_43626,3
TEST_43627,2
TEST_43628,1
TEST_43629,2
TEST_43630,3
TEST_43631,3
TEST_43632,3
TEST_43633,1
TEST_43634,1
TEST_43635,3
TEST_43636,4
TEST_43637,1
TEST_43638,1
TEST_43639,3
TEST_43640,3
TEST_43641,4
TEST_43642,4
TEST_43643,3
TEST_43644,3
TEST_43645,4
TEST_43646,3
TEST_43647,3
TEST_43648,3
TEST_43649,4
TEST_43650,3
TEST_43651,2
TEST_43652,2
TEST_43653,0
TEST_43654,2
TEST_43655,3
TEST_43656,4
TEST_43657,4
TEST_43658,0
TEST_43659,4
TEST_43660,1
TEST_43661,3
TEST_43662,2
TEST_43663,4
TEST_43664,4
TEST_43665,3
TEST_43666,4
TEST_43667,2
TEST_43668,3
TEST_43669,0
TEST_43670,3
TEST_43671,2
TEST_43672,0
TEST_43673,4
TEST_43674,3
TEST_43675,1
TEST_43676,3
TEST_43677,1
TEST_43678,2
TEST_43679,0
TEST_43680,0
TEST_43681,0
TEST_43682,2
TEST_43683,4
TEST_43684,0
TEST_43685,2
TEST_43686,0
TEST_43687,3
TEST_43688,3
TEST_43689,1
TEST_43690,4
TEST_43691,3
TEST_43692,2
TEST_43693,3
TEST_43694,3
TEST_43695,4
TEST_43696,4
TEST_43697,1
TEST_43698,1
TEST_43699,4
TEST_43700,4
TEST_43701,2
TEST_43702,2
TEST_43703,4
TEST_43704,2
TEST_43705,1
TEST_43706,3
TEST_43707,0
TEST_43708,3
TEST_43709,0
TEST_43710,0
TEST_43711,3
TEST_43712,3
TEST_43713,4
TEST_43714,3
TEST_43715,4
TEST_43716,4
TEST_43717,4
TEST_43718,3
TEST_43719,1
TEST_43720,4
TEST_43721,4
TEST_43722,2
TEST_43723,4
TEST_43724,4
TEST_43725,2
TEST_43726,1
TEST_43727,1
TEST_43728,2
TEST_43729,2
TEST_43730,0
TEST_43731,3
TEST_43732,4
TEST_43733,1
TEST_43734,2
TEST_43735,1
TEST_43736,1
TEST_43737,0
TEST_43738,4
TEST_43739,0
TEST_43740,3
TEST_43741,4
TEST_43742,0
TEST_43743,2
TEST_43744,2
TEST_43745,3
TEST_43746,1
TEST_43747,1
TEST_43748,0
TEST_43749,2
TEST_43750,1
TEST_43751,3
TEST_43752,3
TEST_43753,2
TEST_43754,4
TEST_43755,2
TEST_43756,3
TEST_43757,3
TEST_43758,1
TEST_43759,1
TEST_43760,3
TEST_43761,4
TEST_43762,3
TEST_43763,1
TEST_43764,0
TEST_43765,2
TEST_43766,0
TEST_43767,4
TEST_43768,2
TEST_43769,3
TEST_43770,4
TEST_43771,1
TEST_43772,0
TEST_43773,3
TEST_43774,3
TEST_43775,3
TEST_43776,2
TEST_43777,1
TEST_43778,2
TEST_43779,2
TEST_43780,1
TEST_43781,4
TEST_43782,4
TEST_43783,2
TEST_43784,2
TEST_43785,3
TEST_43786,4
TEST_43787,2
TEST_43788,0
TEST_43789,3
TEST_43790,1
TEST_43791,3
TEST_43792,3
TEST_43793,4
TEST_43794,1
TEST_43795,4
TEST_43796,3
TEST_43797,4
TEST_43798,4
TEST_43799,1
TEST_43800,3
TEST_43801,1
TEST_43802,2
TEST_43803,0
TEST_43804,2
TEST_43805,3
TEST_43806,4
TEST_43807,0
TEST_43808,1
TEST_43809,4
TEST_43810,0
TEST_43811,0
TEST_43812,4
TEST_43813,3
TEST_43814,4
TEST_43815,0
TEST_43816,2
TEST_43817,2
TEST_43818,4
TEST_43819,0
TEST_43820,2
TEST_43821,2
TEST_43822,2
TEST_43823,3
TEST_43824,1
TEST_43825,3
TEST_43826,2
TEST_43827,4
TEST_43828,3
TEST_43829,0
TEST_43830,3
TEST_43831,3
TEST_43832,4
TEST_43833,4
TEST_43834,3
TEST_43835,4
TEST_43836,3
TEST_43837,4
TEST_43838,4
TEST_43839,3
TEST_43840,1
TEST_43841,2
TEST_43842,2
TEST_43843,1
TEST_43844,1
TEST_43845,1
TEST_43846,2
TEST_43847,1
TEST_43848,0
TEST_43849,2
TEST_43850,2
TEST_43851,2
TEST_43852,1
TEST_43853,4
TEST_43854,4
TEST_43855,0
TEST_43856,1
TEST_43857,3
TEST_43858,2
TEST_43859,2
TEST_43860,4
TEST_43861,2
TEST_43862,3
TEST_43863,2
TEST_43864,3
TEST_43865,4
TEST_43866,4
TEST_43867,1
TEST_43868,3
TEST_43869,4
TEST_43870,3
TEST_43871,3
TEST_43872,1
TEST_43873,1
TEST_43874,4
TEST_43875,2
TEST_43876,3
TEST_43877,0
TEST_43878,3
TEST_43879,0
TEST_43880,2
TEST_43881,3
TEST_43882,3
TEST_43883,2
TEST_43884,3
TEST_43885,3
TEST_43886,2
TEST_43887,3
TEST_43888,1
TEST_43889,0
TEST_43890,2
TEST_43891,0
TEST_43892,1
TEST_43893,3
TEST_43894,3
TEST_43895,1
TEST_43896,4
TEST_43897,3
TEST_43898,1
TEST_43899,2
TEST_43900,3
TEST_43901,3
TEST_43902,3
TEST_43903,1
TEST_43904,4
TEST_43905,4
TEST_43906,1
TEST_43907,2
TEST_43908,2
TEST_43909,0
TEST_43910,3
TEST_43911,0
TEST_43912,2
TEST_43913,4
TEST_43914,4
TEST_43915,0
TEST_43916,3
TEST_43917,3
TEST_43918,2
TEST_43919,0
TEST_43920,2
TEST_43921,4
TEST_43922,2
TEST_43923,1
TEST_43924,4
TEST_43925,3
TEST_43926,1
TEST_43927,4
TEST_43928,3
TEST_43929,1
TEST_43930,4
TEST_43931,4
TEST_43932,4
TEST_43933,2
TEST_43934,1
TEST_43935,3
TEST_43936,1
TEST_43937,3
TEST_43938,4
TEST_43939,2
TEST_43940,4
TEST_43941,2
TEST_43942,4
TEST_43943,3
TEST_43944,1
TEST_43945,2
TEST_43946,3
TEST_43947,3
TEST_43948,1
TEST_43949,3
TEST_43950,0
TEST_43951,1
TEST_43952,3
TEST_43953,2
TEST_43954,1
TEST_43955,2
TEST_43956,3
TEST_43957,4
TEST_43958,3
TEST_43959,4
TEST_43960,3
TEST_43961,1
TEST_43962,0
TEST_43963,3
TEST_43964,2
TEST_43965,0
TEST_43966,4
TEST_43967,2
TEST_43968,4
TEST_43969,2
TEST_43970,3
TEST_43971,0
TEST_43972,2
TEST_43973,2
TEST_43974,3
TEST_43975,0
TEST_43976,1
TEST_43977,3
TEST_43978,4
TEST_43979,4
TEST_43980,3
TEST_43981,4
TEST_43982,3
TEST_43983,4
TEST_43984,3
TEST_43985,1
TEST_43986,3
TEST_43987,4
TEST_43988,3
TEST_43989,4
TEST_43990,1
TEST_43991,1
TEST_43992,2
TEST_43993,1
TEST_43994,3
TEST_43995,4
TEST_43996,0
TEST_43997,2
TEST_43998,2
TEST_43999,1
TEST_44000,1
TEST_44001,3
TEST_44002,4
TEST_44003,4
TEST_44004,1
TEST_44005,3
TEST_44006,0
TEST_44007,2
TEST_44008,1
TEST_44009,3
TEST_44010,1
TEST_44011,2
TEST_44012,2
TEST_44013,2
TEST_44014,4
TEST_44015,2
TEST_44016,3
TEST_44017,3
TEST_44018,1
TEST_44019,3
TEST_44020,3
TEST_44021,4
TEST_44022,3
TEST_44023,4
TEST_44024,3
TEST_44025,3
TEST_44026,2
TEST_44027,1
TEST_44028,0
TEST_44029,4
TEST_44030,4
TEST_44031,0
TEST_44032,0
TEST_44033,0
TEST_44034,3
TEST_44035,4
TEST_44036,3
TEST_44037,3
TEST_44038,0
TEST_44039,4
TEST_44040,3
TEST_44041,3
TEST_44042,4
TEST_44043,1
TEST_44044,4
TEST_44045,2
TEST_44046,3
TEST_44047,4
TEST_44048,1
TEST_44049,1
TEST_44050,4
TEST_44051,4
TEST_44052,4
TEST_44053,4
TEST_44054,3
TEST_44055,1
TEST_44056,3
TEST_44057,2
TEST_44058,4
TEST_44059,0
TEST_44060,4
TEST_44061,1
TEST_44062,4
TEST_44063,3
TEST_44064,3
TEST_44065,1
TEST_44066,2
TEST_44067,4
TEST_44068,3
TEST_44069,1
TEST_44070,3
TEST_44071,3
TEST_44072,2
TEST_44073,3
TEST_44074,4
TEST_44075,0
TEST_44076,4
TEST_44077,2
TEST_44078,0
TEST_44079,4
TEST_44080,4
TEST_44081,0
TEST_44082,3
TEST_44083,3
TEST_44084,2
TEST_44085,2
TEST_44086,2
TEST_44087,1
TEST_44088,4
TEST_44089,2
TEST_44090,2
TEST_44091,4
TEST_44092,2
TEST_44093,3
TEST_44094,1
TEST_44095,2
TEST_44096,4
TEST_44097,0
TEST_44098,0
TEST_44099,3
TEST_44100,4
TEST_44101,1
TEST_44102,2
TEST_44103,1
TEST_44104,1
TEST_44105,4
TEST_44106,1
TEST_44107,3
TEST_44108,1
TEST_44109,3
TEST_44110,3
TEST_44111,4
TEST_44112,4
TEST_44113,4
TEST_44114,0
TEST_44115,1
TEST_44116,3
TEST_44117,4
TEST_44118,3
TEST_44119,1
TEST_44120,4
TEST_44121,0
TEST_44122,3
TEST_44123,3
TEST_44124,2
TEST_44125,2
TEST_44126,4
TEST_44127,1
TEST_44128,4
TEST_44129,1
TEST_44130,3
TEST_44131,0
TEST_44132,4
TEST_44133,3
TEST_44134,4
TEST_44135,0
TEST_44136,3
TEST_44137,0
TEST_44138,3
TEST_44139,4
TEST_44140,1
TEST_44141,4
TEST_44142,3
TEST_44143,3
TEST_44144,4
TEST_44145,2
TEST_44146,1
TEST_44147,2
TEST_44148,4
TEST_44149,2
TEST_44150,3
TEST_44151,2
TEST_44152,4
TEST_44153,2
TEST_44154,4
TEST_44155,4
TEST_44156,1
TEST_44157,0
TEST_44158,1
TEST_44159,3
TEST_44160,2
TEST_44161,3
TEST_44162,4
TEST_44163,2
TEST_44164,3
TEST_44165,3
TEST_44166,1
TEST_44167,0
TEST_44168,4
TEST_44169,1
TEST_44170,4
TEST_44171,2
TEST_44172,3
TEST_44173,4
TEST_44174,3
TEST_44175,1
TEST_44176,2
TEST_44177,4
TEST_44178,2
TEST_44179,0
TEST_44180,1
TEST_44181,1
TEST_44182,3
TEST_44183,1
TEST_44184,0
TEST_44185,3
TEST_44186,4
TEST_44187,4
TEST_44188,3
TEST_44189,0
TEST_44190,3
TEST_44191,4
TEST_44192,3
TEST_44193,2
TEST_44194,0
TEST_44195,1
TEST_44196,2
TEST_44197,3
TEST_44198,4
TEST_44199,4
TEST_44200,2
TEST_44201,0
TEST_44202,1
TEST_44203,3
TEST_44204,4
TEST_44205,0
TEST_44206,3
TEST_44207,1
TEST_44208,4
TEST_44209,2
TEST_44210,2
TEST_44211,4
TEST_44212,3
TEST_44213,2
TEST_44214,3
TEST_44215,2
TEST_44216,4
TEST_44217,3
TEST_44218,3
TEST_44219,3
TEST_44220,2
TEST_44221,3
TEST_44222,1
TEST_44223,0
TEST_44224,1
TEST_44225,4
TEST_44226,1
TEST_44227,3
TEST_44228,3
TEST_44229,0
TEST_44230,2
TEST_44231,1
TEST_44232,4
TEST_44233,4
TEST_44234,4
TEST_44235,1
TEST_44236,3
TEST_44237,4
TEST_44238,4
TEST_44239,2
TEST_44240,1
TEST_44241,3
TEST_44242,3
TEST_44243,1
TEST_44244,0
TEST_44245,0
TEST_44246,3
TEST_44247,2
TEST_44248,3
TEST_44249,4
TEST_44250,0
TEST_44251,2
TEST_44252,4
TEST_44253,3
TEST_44254,2
TEST_44255,0
TEST_44256,4
TEST_44257,4
TEST_44258,3
TEST_44259,3
TEST_44260,3
TEST_44261,2
TEST_44262,1
TEST_44263,3
TEST_44264,4
TEST_44265,4
TEST_44266,2
TEST_44267,1
TEST_44268,3
TEST_44269,0
TEST_44270,3
TEST_44271,3
TEST_44272,2
TEST_44273,1
TEST_44274,1
TEST_44275,4
TEST_44276,1
TEST_44277,0
TEST_44278,4
TEST_44279,0
TEST_44280,3
TEST_44281,2
TEST_44282,4
TEST_44283,3
TEST_44284,2
TEST_44285,4
TEST_44286,4
TEST_44287,4
TEST_44288,4
TEST_44289,3
TEST_44290,3
TEST_44291,2
TEST_44292,2
TEST_44293,4
TEST_44294,4
TEST_44295,4
TEST_44296,1
TEST_44297,3
TEST_44298,2
TEST_44299,3
TEST_44300,0
TEST_44301,2
TEST_44302,1
TEST_44303,3
TEST_44304,4
TEST_44305,2
TEST_44306,2
TEST_44307,0
TEST_44308,2
TEST_44309,1
TEST_44310,1
TEST_44311,1
TEST_44312,4
TEST_44313,2
TEST_44314,3
TEST_44315,0
TEST_44316,1
TEST_44317,3
TEST_44318,3
TEST_44319,3
TEST_44320,3
TEST_44321,2
TEST_44322,4
TEST_44323,3
TEST_44324,4
TEST_44325,3
TEST_44326,4
TEST_44327,0
TEST_44328,3
TEST_44329,3
TEST_44330,1
TEST_44331,2
TEST_44332,1
TEST_44333,4
TEST_44334,3
TEST_44335,2
TEST_44336,2
TEST_44337,3
TEST_44338,0
TEST_44339,4
TEST_44340,3
TEST_44341,2
TEST_44342,4
TEST_44343,3
TEST_44344,2
TEST_44345,3
TEST_44346,4
TEST_44347,2
TEST_44348,0
TEST_44349,4
TEST_44350,0
TEST_44351,3
TEST_44352,4
TEST_44353,3
TEST_44354,2
TEST_44355,4
TEST_44356,2
TEST_44357,2
TEST_44358,4
TEST_44359,0
TEST_44360,0
TEST_44361,3
TEST_44362,4
TEST_44363,0
TEST_44364,0
TEST_44365,1
TEST_44366,1
TEST_44367,3
TEST_44368,4
TEST_44369,3
TEST_44370,4
TEST_44371,3
TEST_44372,1
TEST_44373,3
TEST_44374,3
TEST_44375,4
TEST_44376,2
TEST_44377,2
TEST_44378,1
TEST_44379,3
TEST_44380,3
TEST_44381,0
TEST_44382,2
TEST_44383,0
TEST_44384,4
TEST_44385,2
TEST_44386,3
TEST_44387,2
TEST_44388,2
TEST_44389,1
TEST_44390,2
TEST_44391,3
TEST_44392,4
TEST_44393,4
TEST_44394,2
TEST_44395,3
TEST_44396,3
TEST_44397,2
TEST_44398,0
TEST_44399,2
TEST_44400,4
TEST_44401,3
TEST_44402,3
TEST_44403,4
TEST_44404,2
TEST_44405,2
TEST_44406,2
TEST_44407,4
TEST_44408,0
TEST_44409,0
TEST_44410,3
TEST_44411,1
TEST_44412,3
TEST_44413,2
TEST_44414,3
TEST_44415,4
TEST_44416,4
TEST_44417,4
TEST_44418,3
TEST_44419,4
TEST_44420,3
TEST_44421,1
TEST_44422,4
TEST_44423,3
TEST_44424,3
TEST_44425,0
TEST_44426,3
TEST_44427,3
TEST_44428,2
TEST_44429,2
TEST_44430,3
TEST_44431,3
TEST_44432,2
TEST_44433,3
TEST_44434,4
TEST_44435,3
TEST_44436,1
TEST_44437,2
TEST_44438,2
TEST_44439,0
TEST_44440,2
TEST_44441,1
TEST_44442,4
TEST_44443,3
TEST_44444,3
TEST_44445,3
TEST_44446,4
TEST_44447,3
TEST_44448,2
TEST_44449,3
TEST_44450,2
TEST_44451,4
TEST_44452,1
TEST_44453,1
TEST_44454,1
TEST_44455,4
TEST_44456,2
TEST_44457,4
TEST_44458,3
TEST_44459,3
TEST_44460,2
TEST_44461,2
TEST_44462,3
TEST_44463,3
TEST_44464,3
TEST_44465,2
TEST_44466,4
TEST_44467,2
TEST_44468,4
TEST_44469,0
TEST_44470,3
TEST_44471,4
TEST_44472,2
TEST_44473,1
TEST_44474,1
TEST_44475,3
TEST_44476,3
TEST_44477,2
TEST_44478,2
TEST_44479,4
TEST_44480,4
TEST_44481,0
TEST_44482,4
TEST_44483,0
TEST_44484,3
TEST_44485,2
TEST_44486,2
TEST_44487,3
TEST_44488,2
TEST_44489,1
TEST_44490,0
TEST_44491,3
TEST_44492,3
TEST_44493,1
TEST_44494,1
TEST_44495,2
TEST_44496,4
TEST_44497,1
TEST_44498,1
TEST_44499,2
TEST_44500,2
TEST_44501,3
TEST_44502,4
TEST_44503,4
TEST_44504,3
TEST_44505,1
TEST_44506,2
TEST_44507,1
TEST_44508,4
TEST_44509,3
TEST_44510,0
TEST_44511,3
TEST_44512,4
TEST_44513,3
TEST_44514,4
TEST_44515,1
TEST_44516,1
TEST_44517,2
TEST_44518,3
TEST_44519,1
TEST_44520,2
TEST_44521,3
TEST_44522,1
TEST_44523,3
TEST_44524,0
TEST_44525,4
TEST_44526,0
TEST_44527,4
TEST_44528,0
TEST_44529,3
TEST_44530,4
TEST_44531,1
TEST_44532,2
TEST_44533,3
TEST_44534,4
TEST_44535,3
TEST_44536,0
TEST_44537,0
TEST_44538,1
TEST_44539,2
TEST_44540,4
TEST_44541,2
TEST_44542,4
TEST_44543,4
TEST_44544,2
TEST_44545,3
TEST_44546,1
TEST_44547,3
TEST_44548,2
TEST_44549,1
TEST_44550,4
TEST_44551,2
TEST_44552,1
TEST_44553,0
TEST_44554,1
TEST_44555,0
TEST_44556,1
TEST_44557,1
TEST_44558,3
TEST_44559,2
TEST_44560,1
TEST_44561,4
TEST_44562,3
TEST_44563,2
TEST_44564,4
TEST_44565,1
TEST_44566,1
TEST_44567,2
TEST_44568,3
TEST_44569,3
TEST_44570,3
TEST_44571,2
TEST_44572,2
TEST_44573,3
TEST_44574,0
TEST_44575,2
TEST_44576,1
TEST_44577,0
TEST_44578,4
TEST_44579,0
TEST_44580,4
TEST_44581,2
TEST_44582,1
TEST_44583,4
TEST_44584,2
TEST_44585,2
TEST_44586,1
TEST_44587,3
TEST_44588,3
TEST_44589,2
TEST_44590,4
TEST_44591,3
TEST_44592,0
TEST_44593,2
TEST_44594,3
TEST_44595,3
TEST_44596,4
TEST_44597,4
TEST_44598,2
TEST_44599,2
TEST_44600,3
TEST_44601,4
TEST_44602,1
TEST_44603,1
TEST_44604,3
TEST_44605,0
TEST_44606,1
TEST_44607,4
TEST_44608,1
TEST_44609,3
TEST_44610,1
TEST_44611,4
TEST_44612,4
TEST_44613,1
TEST_44614,4
TEST_44615,1
TEST_44616,3
TEST_44617,0
TEST_44618,4
TEST_44619,2
TEST_44620,2
TEST_44621,3
TEST_44622,1
TEST_44623,4
TEST_44624,3
TEST_44625,4
TEST_44626,4
TEST_44627,4
TEST_44628,3
TEST_44629,0
TEST_44630,4
TEST_44631,1
TEST_44632,3
TEST_44633,3
TEST_44634,1
TEST_44635,4
TEST_44636,3
TEST_44637,4
TEST_44638,2
TEST_44639,1
TEST_44640,3
TEST_44641,1
TEST_44642,2
TEST_44643,4
TEST_44644,3
TEST_44645,1
TEST_44646,4
TEST_44647,0
TEST_44648,1
TEST_44649,2
TEST_44650,3
TEST_44651,4
TEST_44652,3
TEST_44653,3
TEST_44654,3
TEST_44655,1
TEST_44656,4
TEST_44657,4
TEST_44658,1
TEST_44659,3
TEST_44660,3
TEST_44661,2
TEST_44662,3
TEST_44663,2
TEST_44664,3
TEST_44665,2
TEST_44666,0
TEST_44667,2
TEST_44668,1
TEST_44669,1
TEST_44670,3
TEST_44671,3
TEST_44672,3
TEST_44673,2
TEST_44674,3
TEST_44675,3
TEST_44676,2
TEST_44677,4
TEST_44678,0
TEST_44679,4
TEST_44680,4
TEST_44681,3
TEST_44682,3
TEST_44683,1
TEST_44684,4
TEST_44685,4
TEST_44686,1
TEST_44687,2
TEST_44688,3
TEST_44689,0
TEST_44690,0
TEST_44691,1
TEST_44692,1
TEST_44693,4
TEST_44694,2
TEST_44695,4
TEST_44696,2
TEST_44697,2
TEST_44698,0
TEST_44699,3
TEST_44700,4
TEST_44701,3
TEST_44702,3
TEST_44703,0
TEST_44704,3
TEST_44705,2
TEST_44706,2
TEST_44707,4
TEST_44708,2
TEST_44709,2
TEST_44710,3
TEST_44711,2
TEST_44712,2
TEST_44713,2
TEST_44714,2
TEST_44715,3
TEST_44716,4
TEST_44717,1
TEST_44718,3
TEST_44719,1
TEST_44720,1
TEST_44721,2
TEST_44722,1
TEST_44723,0
TEST_44724,3
TEST_44725,3
TEST_44726,4
TEST_44727,4
TEST_44728,3
TEST_44729,2
TEST_44730,1
TEST_44731,3
TEST_44732,0
TEST_44733,4
TEST_44734,3
TEST_44735,3
TEST_44736,3
TEST_44737,4
TEST_44738,1
TEST_44739,4
TEST_44740,2
TEST_44741,4
TEST_44742,2
TEST_44743,2
TEST_44744,0
TEST_44745,3
TEST_44746,0
TEST_44747,2
TEST_44748,4
TEST_44749,3
TEST_44750,1
TEST_44751,3
TEST_44752,4
TEST_44753,4
TEST_44754,4
TEST_44755,3
TEST_44756,3
TEST_44757,3
TEST_44758,3
TEST_44759,0
TEST_44760,1
TEST_44761,1
TEST_44762,4
TEST_44763,2
TEST_44764,2
TEST_44765,4
TEST_44766,3
TEST_44767,2
TEST_44768,3
TEST_44769,2
TEST_44770,1
TEST_44771,4
TEST_44772,3
TEST_44773,2
TEST_44774,1
TEST_44775,4
TEST_44776,3
TEST_44777,3
TEST_44778,2
TEST_44779,0
TEST_44780,1
TEST_44781,3
TEST_44782,1
TEST_44783,0
TEST_44784,2
TEST_44785,1
TEST_44786,0
TEST_44787,1
TEST_44788,0
TEST_44789,3
TEST_44790,1
TEST_44791,3
TEST_44792,1
TEST_44793,3
TEST_44794,3
TEST_44795,4
TEST_44796,0
TEST_44797,2
TEST_44798,4
TEST_44799,3
TEST_44800,3
TEST_44801,4
TEST_44802,3
TEST_44803,1
TEST_44804,4
TEST_44805,3
TEST_44806,4
TEST_44807,1
TEST_44808,1
TEST_44809,4
TEST_44810,0
TEST_44811,4
TEST_44812,1
TEST_44813,3
TEST_44814,1
TEST_44815,3
TEST_44816,3
TEST_44817,3
TEST_44818,2
TEST_44819,3
TEST_44820,3
TEST_44821,0
TEST_44822,0
TEST_44823,4
TEST_44824,3
TEST_44825,1
TEST_44826,4
TEST_44827,4
TEST_44828,3
TEST_44829,4
TEST_44830,2
TEST_44831,2
TEST_44832,2
TEST_44833,4
TEST_44834,1
TEST_44835,2
TEST_44836,2
TEST_44837,3
TEST_44838,3
TEST_44839,4
TEST_44840,4
TEST_44841,4
TEST_44842,4
TEST_44843,4
TEST_44844,3
TEST_44845,3
TEST_44846,0
TEST_44847,3
TEST_44848,2
TEST_44849,3
TEST_44850,1
TEST_44851,2
TEST_44852,2
TEST_44853,3
TEST_44854,2
TEST_44855,0
TEST_44856,4
TEST_44857,2
TEST_44858,1
TEST_44859,3
TEST_44860,2
TEST_44861,4
TEST_44862,2
TEST_44863,4
TEST_44864,2
TEST_44865,3
TEST_44866,4
TEST_44867,0
TEST_44868,3
TEST_44869,4
TEST_44870,2
TEST_44871,1
TEST_44872,4
TEST_44873,2
TEST_44874,3
TEST_44875,4
TEST_44876,3
TEST_44877,1
TEST_44878,2
TEST_44879,0
TEST_44880,3
TEST_44881,4
TEST_44882,3
TEST_44883,0
TEST_44884,2
TEST_44885,2
TEST_44886,4
TEST_44887,3
TEST_44888,2
TEST_44889,2
TEST_44890,2
TEST_44891,1
TEST_44892,4
TEST_44893,4
TEST_44894,2
TEST_44895,0
TEST_44896,2
TEST_44897,3
TEST_44898,4
TEST_44899,1
TEST_44900,2
TEST_44901,3
TEST_44902,4
TEST_44903,0
TEST_44904,2
TEST_44905,4
TEST_44906,3
TEST_44907,4
TEST_44908,4
TEST_44909,2
TEST_44910,4
TEST_44911,1
TEST_44912,3
TEST_44913,3
TEST_44914,3
TEST_44915,3
TEST_44916,0
TEST_44917,4
TEST_44918,3
TEST_44919,4
TEST_44920,1
TEST_44921,2
TEST_44922,4
TEST_44923,3
TEST_44924,2
TEST_44925,3
TEST_44926,3
TEST_44927,1
TEST_44928,4
TEST_44929,2
TEST_44930,2
TEST_44931,1
TEST_44932,0
TEST_44933,0
TEST_44934,2
TEST_44935,1
TEST_44936,3
TEST_44937,1
TEST_44938,1
TEST_44939,4
TEST_44940,2
TEST_44941,4
TEST_44942,4
TEST_44943,0
TEST_44944,2
TEST_44945,3
TEST_44946,2
TEST_44947,0
TEST_44948,2
TEST_44949,0
TEST_44950,2
TEST_44951,3
TEST_44952,2
TEST_44953,3
TEST_44954,2
TEST_44955,4
TEST_44956,4
TEST_44957,2
TEST_44958,2
TEST_44959,4
TEST_44960,2
TEST_44961,3
TEST_44962,2
TEST_44963,3
TEST_44964,4
TEST_44965,1
TEST_44966,3
TEST_44967,2
TEST_44968,0
TEST_44969,0
TEST_44970,3
TEST_44971,3
TEST_44972,4
TEST_44973,1
TEST_44974,3
TEST_44975,3
TEST_44976,4
TEST_44977,1
TEST_44978,4
TEST_44979,3
TEST_44980,3
TEST_44981,0
TEST_44982,4
TEST_44983,3
TEST_44984,2
TEST_44985,0
TEST_44986,0
TEST_44987,4
TEST_44988,4
TEST_44989,0
TEST_44990,2
TEST_44991,0
TEST_44992,0
TEST_44993,4
TEST_44994,4
TEST_44995,3
TEST_44996,3
TEST_44997,2
TEST_44998,2
TEST_44999,4
TEST_45000,0
TEST_45001,2
TEST_45002,1
TEST_45003,4
TEST_45004,3
TEST_45005,3
TEST_45006,0
TEST_45007,2
TEST_45008,3
TEST_45009,3
TEST_45010,3
TEST_45011,3
TEST_45012,1
TEST_45013,3
TEST_45014,1
TEST_45015,1
TEST_45016,0
TEST_45017,4
TEST_45018,3
TEST_45019,3
TEST_45020,3
TEST_45021,4
TEST_45022,3
TEST_45023,1
TEST_45024,2
TEST_45025,0
TEST_45026,1
TEST_45027,2
TEST_45028,2
TEST_45029,2
TEST_45030,3
TEST_45031,3
TEST_45032,4
TEST_45033,2
TEST_45034,3
TEST_45035,3
TEST_45036,4
TEST_45037,0
TEST_45038,3
TEST_45039,4
TEST_45040,0
TEST_45041,4
TEST_45042,2
TEST_45043,4
TEST_45044,3
TEST_45045,0
TEST_45046,3
TEST_45047,1
TEST_45048,0
TEST_45049,0
TEST_45050,4
TEST_45051,4
TEST_45052,1
TEST_45053,1
TEST_45054,3
TEST_45055,4
TEST_45056,2
TEST_45057,4
TEST_45058,3
TEST_45059,1
TEST_45060,3
TEST_45061,3
TEST_45062,3
TEST_45063,0
TEST_45064,2
TEST_45065,3
TEST_45066,2
TEST_45067,1
TEST_45068,2
TEST_45069,0
TEST_45070,2
TEST_45071,3
TEST_45072,2
TEST_45073,0
TEST_45074,4
TEST_45075,4
TEST_45076,0
TEST_45077,4
TEST_45078,1
TEST_45079,2
TEST_45080,1
TEST_45081,3
TEST_45082,2
TEST_45083,3
TEST_45084,1
TEST_45085,4
TEST_45086,3
TEST_45087,2
TEST_45088,4
TEST_45089,3
TEST_45090,0
TEST_45091,0
TEST_45092,3
TEST_45093,4
TEST_45094,4
TEST_45095,4
TEST_45096,2
TEST_45097,2
TEST_45098,1
TEST_45099,4
TEST_45100,1
TEST_45101,0
TEST_45102,2
TEST_45103,1
TEST_45104,3
TEST_45105,3
TEST_45106,3
TEST_45107,2
TEST_45108,3
TEST_45109,4
TEST_45110,0
TEST_45111,3
TEST_45112,1
TEST_45113,1
TEST_45114,2
TEST_45115,2
TEST_45116,1
TEST_45117,2
TEST_45118,3
TEST_45119,1
TEST_45120,1
TEST_45121,1
TEST_45122,4
TEST_45123,1
TEST_45124,3
TEST_45125,2
TEST_45126,4
TEST_45127,3
TEST_45128,1
TEST_45129,2
TEST_45130,3
TEST_45131,4
TEST_45132,3
TEST_45133,3
TEST_45134,1
TEST_45135,1
TEST_45136,0
TEST_45137,4
TEST_45138,3
TEST_45139,3
TEST_45140,3
TEST_45141,1
TEST_45142,4
TEST_45143,3
TEST_45144,0
TEST_45145,0
TEST_45146,2
TEST_45147,0
TEST_45148,3
TEST_45149,2
TEST_45150,0
TEST_45151,4
TEST_45152,4
TEST_45153,4
TEST_45154,3
TEST_45155,2
TEST_45156,2
TEST_45157,3
TEST_45158,0
TEST_45159,2
TEST_45160,3
TEST_45161,1
TEST_45162,3
TEST_45163,2
TEST_45164,4
TEST_45165,1
TEST_45166,0
TEST_45167,1
TEST_45168,2
TEST_45169,0
TEST_45170,2
TEST_45171,2
TEST_45172,1
TEST_45173,0
TEST_45174,4
TEST_45175,2
TEST_45176,0
TEST_45177,4
TEST_45178,2
TEST_45179,2
TEST_45180,1
TEST_45181,2
TEST_45182,1
TEST_45183,0
TEST_45184,3
TEST_45185,2
TEST_45186,1
TEST_45187,3
TEST_45188,4
TEST_45189,3
TEST_45190,0
TEST_45191,4
TEST_45192,3
TEST_45193,2
TEST_45194,3
TEST_45195,1
TEST_45196,4
TEST_45197,4
TEST_45198,4
TEST_45199,3
TEST_45200,1
TEST_45201,1
TEST_45202,2
TEST_45203,2
TEST_45204,3
TEST_45205,2
TEST_45206,2
TEST_45207,0
TEST_45208,4
TEST_45209,1
TEST_45210,0
TEST_45211,0
TEST_45212,2
TEST_45213,0
TEST_45214,0
TEST_45215,3
TEST_45216,1
TEST_45217,3
TEST_45218,2
TEST_45219,1
TEST_45220,3
TEST_45221,3
TEST_45222,1
TEST_45223,3
TEST_45224,4
TEST_45225,1
TEST_45226,4
TEST_45227,2
TEST_45228,1
TEST_45229,2
TEST_45230,3
TEST_45231,4
TEST_45232,0
TEST_45233,4
TEST_45234,1
TEST_45235,3
TEST_45236,2
TEST_45237,4
TEST_45238,2
TEST_45239,1
TEST_45240,3
TEST_45241,1
TEST_45242,1
TEST_45243,2
TEST_45244,3
TEST_45245,3
TEST_45246,4
TEST_45247,2
TEST_45248,1
TEST_45249,4
TEST_45250,2
TEST_45251,1
TEST_45252,4
TEST_45253,3
TEST_45254,3
TEST_45255,4
TEST_45256,3
TEST_45257,0
TEST_45258,2
TEST_45259,3
TEST_45260,1
TEST_45261,2
TEST_45262,3
TEST_45263,3
TEST_45264,2
TEST_45265,4
TEST_45266,1
TEST_45267,3
TEST_45268,2
TEST_45269,4
TEST_45270,1
TEST_45271,3
TEST_45272,3
TEST_45273,4
TEST_45274,4
TEST_45275,1
TEST_45276,3
TEST_45277,0
TEST_45278,3
TEST_45279,4
TEST_45280,2
TEST_45281,4
TEST_45282,3
TEST_45283,3
TEST_45284,1
TEST_45285,4
TEST_45286,1
TEST_45287,0
TEST_45288,0
TEST_45289,2
TEST_45290,3
TEST_45291,2
TEST_45292,2
TEST_45293,3
TEST_45294,3
TEST_45295,2
TEST_45296,1
TEST_45297,4
TEST_45298,4
TEST_45299,1
TEST_45300,3
TEST_45301,2
TEST_45302,2
TEST_45303,4
TEST_45304,0
TEST_45305,2
TEST_45306,3
TEST_45307,2
TEST_45308,0
TEST_45309,4
TEST_45310,2
TEST_45311,1
TEST_45312,1
TEST_45313,4
TEST_45314,0
TEST_45315,4
TEST_45316,1
TEST_45317,1
TEST_45318,2
TEST_45319,2
TEST_45320,4
TEST_45321,3
TEST_45322,2
TEST_45323,3
TEST_45324,3
TEST_45325,0
TEST_45326,4
TEST_45327,3
TEST_45328,2
TEST_45329,4
TEST_45330,1
TEST_45331,0
TEST_45332,4
TEST_45333,0
TEST_45334,4
TEST_45335,4
TEST_45336,1
TEST_45337,1
TEST_45338,2
TEST_45339,3
TEST_45340,3
TEST_45341,1
TEST_45342,4
TEST_45343,3
TEST_45344,2
TEST_45345,3
TEST_45346,3
TEST_45347,1
TEST_45348,0
TEST_45349,3
TEST_45350,2
TEST_45351,1
TEST_45352,0
TEST_45353,4
TEST_45354,3
TEST_45355,4
TEST_45356,0
TEST_45357,4
TEST_45358,2
TEST_45359,1
TEST_45360,4
TEST_45361,2
TEST_45362,2
TEST_45363,2
TEST_45364,2
TEST_45365,1
TEST_45366,3
TEST_45367,4
TEST_45368,3
TEST_45369,2
TEST_45370,3
TEST_45371,2
TEST_45372,3
TEST_45373,2
TEST_45374,4
TEST_45375,1
TEST_45376,3
TEST_45377,3
TEST_45378,3
TEST_45379,4
TEST_45380,4
TEST_45381,3
TEST_45382,2
TEST_45383,4
TEST_45384,3
TEST_45385,2
TEST_45386,0
TEST_45387,3
TEST_45388,2
TEST_45389,4
TEST_45390,3
TEST_45391,2
TEST_45392,1
TEST_45393,1
TEST_45394,2
TEST_45395,4
TEST_45396,4
TEST_45397,3
TEST_45398,3
TEST_45399,4
TEST_45400,3
TEST_45401,4
TEST_45402,2
TEST_45403,4
TEST_45404,1
TEST_45405,2
TEST_45406,2
TEST_45407,4
TEST_45408,1
TEST_45409,1
TEST_45410,2
TEST_45411,1
TEST_45412,2
TEST_45413,4
TEST_45414,4
TEST_45415,1
TEST_45416,1
TEST_45417,3
TEST_45418,3
TEST_45419,2
TEST_45420,0
TEST_45421,3
TEST_45422,3
TEST_45423,4
TEST_45424,4
TEST_45425,2
TEST_45426,1
TEST_45427,3
TEST_45428,4
TEST_45429,2
TEST_45430,0
TEST_45431,0
TEST_45432,1
TEST_45433,4
TEST_45434,1
TEST_45435,1
TEST_45436,4
TEST_45437,3
TEST_45438,2
TEST_45439,4
TEST_45440,3
TEST_45441,1
TEST_45442,2
TEST_45443,0
TEST_45444,1
TEST_45445,4
TEST_45446,1
TEST_45447,0
TEST_45448,2
TEST_45449,3
TEST_45450,4
TEST_45451,3
TEST_45452,1
TEST_45453,4
TEST_45454,4
TEST_45455,4
TEST_45456,3
TEST_45457,4
TEST_45458,4
TEST_45459,2
TEST_45460,4
TEST_45461,3
TEST_45462,0
TEST_45463,4
TEST_45464,3
TEST_45465,3
TEST_45466,1
TEST_45467,3
TEST_45468,2
TEST_45469,0
TEST_45470,1
TEST_45471,2
TEST_45472,3
TEST_45473,3
TEST_45474,3
TEST_45475,1
TEST_45476,3
TEST_45477,4
TEST_45478,2
TEST_45479,4
TEST_45480,2
TEST_45481,2
TEST_45482,2
TEST_45483,2
TEST_45484,2
TEST_45485,2
TEST_45486,2
TEST_45487,3
TEST_45488,3
TEST_45489,1
TEST_45490,4
TEST_45491,1
TEST_45492,4
TEST_45493,3
TEST_45494,3
TEST_45495,4
TEST_45496,2
TEST_45497,1
TEST_45498,2
TEST_45499,1
TEST_45500,0
TEST_45501,4
TEST_45502,1
TEST_45503,2
TEST_45504,3
TEST_45505,3
TEST_45506,3
TEST_45507,3
TEST_45508,3
TEST_45509,3
TEST_45510,4
TEST_45511,3
TEST_45512,3
TEST_45513,4
TEST_45514,4
TEST_45515,3
TEST_45516,2
TEST_45517,2
TEST_45518,4
TEST_45519,2
TEST_45520,4
TEST_45521,2
TEST_45522,3
TEST_45523,4
TEST_45524,1
TEST_45525,1
TEST_45526,3
TEST_45527,4
TEST_45528,1
TEST_45529,2
TEST_45530,3
TEST_45531,4
TEST_45532,2
TEST_45533,4
TEST_45534,2
TEST_45535,4
TEST_45536,4
TEST_45537,2
TEST_45538,3
TEST_45539,2
TEST_45540,4
TEST_45541,0
TEST_45542,3
TEST_45543,2
TEST_45544,3
TEST_45545,4
TEST_45546,1
TEST_45547,4
TEST_45548,2
TEST_45549,1
TEST_45550,3
TEST_45551,1
TEST_45552,3
TEST_45553,4
TEST_45554,2
TEST_45555,3
TEST_45556,4
TEST_45557,4
TEST_45558,4
TEST_45559,1
TEST_45560,0
TEST_45561,0
TEST_45562,1
TEST_45563,3
TEST_45564,1
TEST_45565,3
TEST_45566,4
TEST_45567,0
TEST_45568,2
TEST_45569,3
TEST_45570,3
TEST_45571,3
TEST_45572,1
TEST_45573,3
TEST_45574,3
TEST_45575,3
TEST_45576,2
TEST_45577,0
TEST_45578,4
TEST_45579,1
TEST_45580,2
TEST_45581,3
TEST_45582,2
TEST_45583,1
TEST_45584,4
TEST_45585,2
TEST_45586,0
TEST_45587,2
TEST_45588,0
TEST_45589,1
TEST_45590,2
TEST_45591,1
TEST_45592,2
TEST_45593,3
TEST_45594,3
TEST_45595,4
TEST_45596,3
TEST_45597,2
TEST_45598,3
TEST_45599,4
TEST_45600,1
TEST_45601,2
TEST_45602,4
TEST_45603,3
TEST_45604,0
TEST_45605,2
TEST_45606,4
TEST_45607,1
TEST_45608,3
TEST_45609,4
TEST_45610,1
TEST_45611,2
TEST_45612,0
TEST_45613,4
TEST_45614,2
TEST_45615,4
TEST_45616,4
TEST_45617,4
TEST_45618,1
TEST_45619,2
TEST_45620,0
TEST_45621,1
TEST_45622,3
TEST_45623,2
TEST_45624,0
TEST_45625,4
TEST_45626,3
TEST_45627,3
TEST_45628,4
TEST_45629,4
TEST_45630,1
TEST_45631,3
TEST_45632,2
TEST_45633,2
TEST_45634,0
TEST_45635,4
TEST_45636,3
TEST_45637,4
TEST_45638,1
TEST_45639,3
TEST_45640,2
TEST_45641,3
TEST_45642,2
TEST_45643,0
TEST_45644,1
TEST_45645,1
TEST_45646,2
TEST_45647,2
TEST_45648,2
TEST_45649,4
TEST_45650,3
TEST_45651,4
TEST_45652,1
TEST_45653,2
TEST_45654,4
TEST_45655,2
TEST_45656,0
TEST_45657,1
TEST_45658,0
TEST_45659,0
TEST_45660,1
TEST_45661,0
TEST_45662,1
TEST_45663,2
TEST_45664,2
TEST_45665,3
TEST_45666,3
TEST_45667,4
TEST_45668,0
TEST_45669,3
TEST_45670,1
TEST_45671,2
TEST_45672,4
TEST_45673,3
TEST_45674,3
TEST_45675,0
TEST_45676,4
TEST_45677,2
TEST_45678,2
TEST_45679,4
TEST_45680,2
TEST_45681,4
TEST_45682,3
TEST_45683,4
TEST_45684,3
TEST_45685,2
TEST_45686,0
TEST_45687,4
TEST_45688,4
TEST_45689,4
TEST_45690,4
TEST_45691,3
TEST_45692,2
TEST_45693,3
TEST_45694,1
TEST_45695,3
TEST_45696,2
TEST_45697,1
TEST_45698,4
TEST_45699,1
TEST_45700,2
TEST_45701,4
TEST_45702,3
TEST_45703,2
TEST_45704,0
TEST_45705,0
TEST_45706,4
TEST_45707,0
TEST_45708,1
TEST_45709,4
TEST_45710,1
TEST_45711,2
TEST_45712,1
TEST_45713,3
TEST_45714,3
TEST_45715,0
TEST_45716,0
TEST_45717,3
TEST_45718,3
TEST_45719,1
TEST_45720,4
TEST_45721,3
TEST_45722,0
TEST_45723,3
TEST_45724,1
TEST_45725,4
TEST_45726,1
TEST_45727,3
TEST_45728,2
TEST_45729,4
TEST_45730,3
TEST_45731,2
TEST_45732,2
TEST_45733,1
TEST_45734,4
TEST_45735,0
TEST_45736,2
TEST_45737,1
TEST_45738,4
TEST_45739,4
TEST_45740,4
TEST_45741,1
TEST_45742,2
TEST_45743,2
TEST_45744,3
TEST_45745,2
TEST_45746,3
TEST_45747,2
TEST_45748,3
TEST_45749,4
TEST_45750,0
TEST_45751,2
TEST_45752,0
TEST_45753,4
TEST_45754,0
TEST_45755,2
TEST_45756,2
TEST_45757,2
TEST_45758,3
TEST_45759,1
TEST_45760,1
TEST_45761,2
TEST_45762,2
TEST_45763,1
TEST_45764,3
TEST_45765,1
TEST_45766,1
TEST_45767,3
TEST_45768,4
TEST_45769,4
TEST_45770,2
TEST_45771,3
TEST_45772,2
TEST_45773,0
TEST_45774,4
TEST_45775,0
TEST_45776,4
TEST_45777,1
TEST_45778,1
TEST_45779,1
TEST_45780,2
TEST_45781,3
TEST_45782,3
TEST_45783,1
TEST_45784,1
TEST_45785,2
TEST_45786,2
TEST_45787,4
TEST_45788,4
TEST_45789,2
TEST_45790,2
TEST_45791,3
TEST_45792,4
TEST_45793,3
TEST_45794,1
TEST_45795,2
TEST_45796,3
TEST_45797,4
TEST_45798,4
TEST_45799,2
TEST_45800,2
TEST_45801,2
TEST_45802,4
TEST_45803,4
TEST_45804,3
TEST_45805,3
TEST_45806,1
TEST_45807,0
TEST_45808,4
TEST_45809,1
TEST_45810,2
TEST_45811,3
TEST_45812,2
TEST_45813,2
TEST_45814,3
TEST_45815,3
TEST_45816,4
TEST_45817,4
TEST_45818,2
TEST_45819,4
TEST_45820,2
TEST_45821,2
TEST_45822,1
TEST_45823,1
TEST_45824,3
TEST_45825,3
TEST_45826,4
TEST_45827,1
TEST_45828,4
TEST_45829,3
TEST_45830,4
TEST_45831,1
TEST_45832,2
TEST_45833,1
TEST_45834,1
TEST_45835,1
TEST_45836,1
TEST_45837,4
TEST_45838,3
TEST_45839,1
TEST_45840,1
TEST_45841,3
TEST_45842,2
TEST_45843,2
TEST_45844,4
TEST_45845,3
TEST_45846,4
TEST_45847,3
TEST_45848,4
TEST_45849,4
TEST_45850,3
TEST_45851,2
TEST_45852,0
TEST_45853,4
TEST_45854,4
TEST_45855,0
TEST_45856,4
TEST_45857,2
TEST_45858,4
TEST_45859,4
TEST_45860,4
TEST_45861,2
TEST_45862,3
TEST_45863,3
TEST_45864,3
TEST_45865,4
TEST_45866,2
TEST_45867,3
TEST_45868,4
TEST_45869,2
TEST_45870,1
TEST_45871,2
TEST_45872,0
TEST_45873,4
TEST_45874,4
TEST_45875,3
TEST_45876,1
TEST_45877,2
TEST_45878,0
TEST_45879,2
TEST_45880,3
TEST_45881,0
TEST_45882,1
TEST_45883,4
TEST_45884,2
TEST_45885,3
TEST_45886,3
TEST_45887,2
TEST_45888,3
TEST_45889,1
TEST_45890,3
TEST_45891,4
TEST_45892,4
TEST_45893,2
TEST_45894,2
TEST_45895,4
TEST_45896,2
TEST_45897,3
TEST_45898,2
TEST_45899,1
TEST_45900,2
TEST_45901,3
TEST_45902,3
TEST_45903,4
TEST_45904,2
TEST_45905,3
TEST_45906,0
TEST_45907,1
TEST_45908,3
TEST_45909,0
TEST_45910,2
TEST_45911,4
TEST_45912,4
TEST_45913,1
TEST_45914,1
TEST_45915,4
TEST_45916,3
TEST_45917,3
TEST_45918,0
TEST_45919,3
TEST_45920,0
TEST_45921,3
TEST_45922,4
TEST_45923,1
TEST_45924,1
TEST_45925,1
TEST_45926,0
TEST_45927,4
TEST_45928,2
TEST_45929,1
TEST_45930,2
TEST_45931,1
TEST_45932,4
TEST_45933,4
TEST_45934,3
TEST_45935,4
TEST_45936,4
TEST_45937,4
TEST_45938,4
TEST_45939,3
TEST_45940,1
TEST_45941,1
TEST_45942,3
TEST_45943,4
TEST_45944,2
TEST_45945,0
TEST_45946,0
TEST_45947,0
TEST_45948,3
TEST_45949,2
TEST_45950,3
TEST_45951,2
TEST_45952,1
TEST_45953,3
TEST_45954,4
TEST_45955,2
TEST_45956,0
TEST_45957,0
TEST_45958,1
TEST_45959,4
TEST_45960,2
TEST_45961,4
TEST_45962,2
TEST_45963,1
TEST_45964,3
TEST_45965,0
TEST_45966,4
TEST_45967,1
TEST_45968,1
TEST_45969,3
TEST_45970,2
TEST_45971,2
TEST_45972,2
TEST_45973,1
TEST_45974,3
TEST_45975,3
TEST_45976,3
TEST_45977,1
TEST_45978,4
TEST_45979,4
TEST_45980,1
TEST_45981,2
TEST_45982,0
TEST_45983,3
TEST_45984,3
TEST_45985,3
TEST_45986,1
TEST_45987,2
TEST_45988,3
TEST_45989,2
TEST_45990,1
TEST_45991,4
TEST_45992,2
TEST_45993,4
TEST_45994,0
TEST_45995,2
TEST_45996,4
TEST_45997,0
TEST_45998,1
TEST_45999,0
TEST_46000,3
TEST_46001,4
TEST_46002,3
TEST_46003,4
TEST_46004,2
TEST_46005,4
TEST_46006,2
TEST_46007,3
TEST_46008,0
TEST_46009,4
TEST_46010,4
TEST_46011,3
TEST_46012,2
TEST_46013,2
TEST_46014,3
TEST_46015,3
TEST_46016,0
TEST_46017,2
TEST_46018,4
TEST_46019,2
TEST_46020,1
TEST_46021,4
TEST_46022,3
TEST_46023,3
TEST_46024,0
TEST_46025,2
TEST_46026,3
TEST_46027,3
TEST_46028,2
TEST_46029,1
TEST_46030,3
TEST_46031,3
TEST_46032,2
TEST_46033,2
TEST_46034,2
TEST_46035,0
TEST_46036,3
TEST_46037,4
TEST_46038,2
TEST_46039,2
TEST_46040,2
TEST_46041,0
TEST_46042,4
TEST_46043,4
TEST_46044,2
TEST_46045,3
TEST_46046,4
TEST_46047,4
TEST_46048,1
TEST_46049,3
TEST_46050,1
TEST_46051,4
TEST_46052,0
TEST_46053,3
TEST_46054,4
TEST_46055,4
TEST_46056,0
TEST_46057,0
TEST_46058,1
TEST_46059,2
TEST_46060,1
TEST_46061,1
TEST_46062,2
TEST_46063,1
TEST_46064,0
TEST_46065,4
TEST_46066,0
TEST_46067,1
TEST_46068,3
TEST_46069,0
TEST_46070,4
TEST_46071,4
TEST_46072,2
TEST_46073,4
TEST_46074,3
TEST_46075,2
TEST_46076,3
TEST_46077,0
TEST_46078,4
TEST_46079,1
TEST_46080,2
TEST_46081,4
TEST_46082,0
TEST_46083,0
TEST_46084,2
TEST_46085,3
TEST_46086,4
TEST_46087,3
TEST_46088,3
TEST_46089,0
TEST_46090,3
TEST_46091,3
TEST_46092,4
TEST_46093,1
TEST_46094,3
TEST_46095,4
TEST_46096,0
TEST_46097,3
TEST_46098,3
TEST_46099,4
TEST_46100,4
TEST_46101,4
TEST_46102,0
TEST_46103,2
TEST_46104,4
TEST_46105,3
TEST_46106,2
TEST_46107,2
TEST_46108,3
TEST_46109,0
TEST_46110,3
TEST_46111,1
TEST_46112,2
TEST_46113,1
TEST_46114,1
TEST_46115,0
TEST_46116,0
TEST_46117,3
TEST_46118,4
TEST_46119,0
TEST_46120,3
TEST_46121,0
TEST_46122,2
TEST_46123,3
TEST_46124,0
TEST_46125,3
TEST_46126,2
TEST_46127,3
TEST_46128,4
TEST_46129,3
TEST_46130,2
TEST_46131,1
TEST_46132,1
TEST_46133,2
TEST_46134,3
TEST_46135,0
TEST_46136,0
TEST_46137,2
TEST_46138,0
TEST_46139,1
TEST_46140,4
TEST_46141,2
TEST_46142,1
TEST_46143,2
TEST_46144,0
TEST_46145,4
TEST_46146,1
TEST_46147,3
TEST_46148,2
TEST_46149,3
TEST_46150,2
TEST_46151,3
TEST_46152,3
TEST_46153,2
TEST_46154,3
TEST_46155,0
TEST_46156,2
TEST_46157,3
TEST_46158,4
TEST_46159,4
TEST_46160,2
TEST_46161,2
TEST_46162,0
TEST_46163,0
TEST_46164,2
TEST_46165,3
TEST_46166,2
TEST_46167,3
TEST_46168,4
TEST_46169,2
TEST_46170,3
TEST_46171,0
TEST_46172,1
TEST_46173,0
TEST_46174,1
TEST_46175,3
TEST_46176,2
TEST_46177,4
TEST_46178,4
TEST_46179,2
TEST_46180,3
TEST_46181,3
TEST_46182,3
TEST_46183,4
TEST_46184,2
TEST_46185,1
TEST_46186,3
TEST_46187,4
TEST_46188,3
TEST_46189,4
TEST_46190,2
TEST_46191,1
TEST_46192,2
TEST_46193,3
TEST_46194,4
TEST_46195,4
TEST_46196,1
TEST_46197,3
TEST_46198,3
TEST_46199,2
TEST_46200,1
TEST_46201,2
TEST_46202,3
TEST_46203,3
TEST_46204,4
TEST_46205,4
TEST_46206,2
TEST_46207,0
TEST_46208,4
TEST_46209,1
TEST_46210,2
TEST_46211,2
TEST_46212,4
TEST_46213,1
TEST_46214,3
TEST_46215,0
TEST_46216,2
TEST_46217,3
TEST_46218,4
TEST_46219,4
TEST_46220,4
TEST_46221,3
TEST_46222,1
TEST_46223,4
TEST_46224,3
TEST_46225,4
TEST_46226,3
TEST_46227,4
TEST_46228,3
TEST_46229,3
TEST_46230,3
TEST_46231,4
TEST_46232,0
TEST_46233,3
TEST_46234,1
TEST_46235,4
TEST_46236,3
TEST_46237,3
TEST_46238,3
TEST_46239,3
TEST_46240,4
TEST_46241,0
TEST_46242,2
TEST_46243,1
TEST_46244,2
TEST_46245,2
TEST_46246,3
TEST_46247,3
TEST_46248,0
TEST_46249,0
TEST_46250,4
TEST_46251,4
TEST_46252,1
TEST_46253,3
TEST_46254,4
TEST_46255,1
TEST_46256,4
TEST_46257,3
TEST_46258,3
TEST_46259,2
TEST_46260,3
TEST_46261,1
TEST_46262,2
TEST_46263,2
TEST_46264,0
TEST_46265,0
TEST_46266,2
TEST_46267,0
TEST_46268,1
TEST_46269,3
TEST_46270,0
TEST_46271,3
TEST_46272,3
TEST_46273,2
TEST_46274,2
TEST_46275,4
TEST_46276,1
TEST_46277,3
TEST_46278,0
TEST_46279,0
TEST_46280,4
TEST_46281,3
TEST_46282,3
TEST_46283,1
TEST_46284,4
TEST_46285,2
TEST_46286,4
TEST_46287,0
TEST_46288,4
TEST_46289,1
TEST_46290,3
TEST_46291,0
TEST_46292,4
TEST_46293,4
TEST_46294,3
TEST_46295,3
TEST_46296,0
TEST_46297,4
TEST_46298,3
TEST_46299,0
TEST_46300,3
TEST_46301,3
TEST_46302,3
TEST_46303,4
TEST_46304,2
TEST_46305,3
TEST_46306,4
TEST_46307,4
TEST_46308,3
TEST_46309,4
TEST_46310,3
TEST_46311,4
TEST_46312,4
TEST_46313,3
TEST_46314,3
TEST_46315,4
TEST_46316,3
TEST_46317,3
TEST_46318,1
TEST_46319,4
TEST_46320,0
TEST_46321,3
TEST_46322,2
TEST_46323,2
TEST_46324,0
TEST_46325,3
TEST_46326,2
TEST_46327,3
TEST_46328,1
TEST_46329,2
TEST_46330,2
TEST_46331,4
TEST_46332,3
TEST_46333,1
TEST_46334,3
TEST_46335,4
TEST_46336,2
TEST_46337,3
TEST_46338,2
TEST_46339,1
TEST_46340,1
TEST_46341,4
TEST_46342,1
TEST_46343,3
TEST_46344,3
TEST_46345,2
TEST_46346,1
TEST_46347,3
TEST_46348,0
TEST_46349,4
TEST_46350,4
TEST_46351,3
TEST_46352,3
TEST_46353,2
TEST_46354,3
TEST_46355,4
TEST_46356,3
TEST_46357,3
TEST_46358,3
TEST_46359,2
TEST_46360,2
TEST_46361,3
TEST_46362,3
TEST_46363,3
TEST_46364,3
TEST_46365,0
TEST_46366,4
TEST_46367,2
TEST_46368,3
TEST_46369,3
TEST_46370,4
TEST_46371,3
TEST_46372,3
TEST_46373,3
TEST_46374,2
TEST_46375,4
TEST_46376,2
TEST_46377,3
TEST_46378,4
TEST_46379,1
TEST_46380,4
TEST_46381,1
TEST_46382,2
TEST_46383,0
TEST_46384,1
TEST_46385,4
TEST_46386,3
TEST_46387,3
TEST_46388,1
TEST_46389,4
TEST_46390,1
TEST_46391,4
TEST_46392,4
TEST_46393,0
TEST_46394,0
TEST_46395,4
TEST_46396,4
TEST_46397,2
TEST_46398,1
TEST_46399,0
TEST_46400,1
TEST_46401,4
TEST_46402,3
TEST_46403,0
TEST_46404,3
TEST_46405,2
TEST_46406,2
TEST_46407,3
TEST_46408,3
TEST_46409,0
TEST_46410,1
TEST_46411,4
TEST_46412,1
TEST_46413,0
TEST_46414,4
TEST_46415,4
TEST_46416,3
TEST_46417,1
TEST_46418,2
TEST_46419,3
TEST_46420,4
TEST_46421,4
TEST_46422,1
TEST_46423,4
TEST_46424,0
TEST_46425,1
TEST_46426,1
TEST_46427,1
TEST_46428,3
TEST_46429,0
TEST_46430,4
TEST_46431,1
TEST_46432,4
TEST_46433,3
TEST_46434,1
TEST_46435,2
TEST_46436,3
TEST_46437,2
TEST_46438,0
TEST_46439,3
TEST_46440,0
TEST_46441,3
TEST_46442,1
TEST_46443,4
TEST_46444,2
TEST_46445,0
TEST_46446,4
TEST_46447,1
TEST_46448,1
TEST_46449,2
TEST_46450,4
TEST_46451,2
TEST_46452,3
TEST_46453,1
TEST_46454,0
TEST_46455,3
TEST_46456,3
TEST_46457,3
TEST_46458,1
TEST_46459,4
TEST_46460,3
TEST_46461,3
TEST_46462,4
TEST_46463,4
TEST_46464,4
TEST_46465,3
TEST_46466,0
TEST_46467,2
TEST_46468,4
TEST_46469,2
TEST_46470,4
TEST_46471,0
TEST_46472,3
TEST_46473,4
TEST_46474,2
TEST_46475,0
TEST_46476,4
TEST_46477,2
TEST_46478,3
TEST_46479,3
TEST_46480,2
TEST_46481,4
TEST_46482,2
TEST_46483,3
TEST_46484,2
TEST_46485,2
TEST_46486,4
TEST_46487,0
TEST_46488,1
TEST_46489,4
TEST_46490,3
TEST_46491,1
TEST_46492,2
TEST_46493,0
TEST_46494,2
TEST_46495,1
TEST_46496,3
TEST_46497,2
TEST_46498,4
TEST_46499,3
TEST_46500,1
TEST_46501,1
TEST_46502,4
TEST_46503,0
TEST_46504,4
TEST_46505,4
TEST_46506,1
TEST_46507,2
TEST_46508,3
TEST_46509,4
TEST_46510,1
TEST_46511,4
TEST_46512,1
TEST_46513,2
TEST_46514,1
TEST_46515,3
TEST_46516,4
TEST_46517,4
TEST_46518,0
TEST_46519,4
TEST_46520,3
TEST_46521,2
TEST_46522,3
TEST_46523,3
TEST_46524,1
TEST_46525,0
TEST_46526,4
TEST_46527,2
TEST_46528,3
TEST_46529,3
TEST_46530,1
TEST_46531,3
TEST_46532,4
TEST_46533,3
TEST_46534,0
TEST_46535,2
TEST_46536,4
TEST_46537,0
TEST_46538,3
TEST_46539,4
TEST_46540,2
TEST_46541,3
TEST_46542,0
TEST_46543,2
TEST_46544,3
TEST_46545,1
TEST_46546,4
TEST_46547,4
TEST_46548,3
TEST_46549,3
TEST_46550,3
TEST_46551,3
TEST_46552,3
TEST_46553,3
TEST_46554,3
TEST_46555,0
TEST_46556,2
TEST_46557,3
TEST_46558,3
TEST_46559,2
TEST_46560,3
TEST_46561,3
TEST_46562,0
TEST_46563,0
TEST_46564,4
TEST_46565,2
TEST_46566,3
TEST_46567,3
TEST_46568,0
TEST_46569,2
TEST_46570,2
TEST_46571,2
TEST_46572,4
TEST_46573,3
TEST_46574,0
TEST_46575,3
TEST_46576,1
TEST_46577,3
TEST_46578,3
TEST_46579,3
TEST_46580,0
TEST_46581,1
TEST_46582,4
TEST_46583,0
TEST_46584,4
TEST_46585,4
TEST_46586,1
TEST_46587,0
TEST_46588,3
TEST_46589,4
TEST_46590,2
TEST_46591,1
TEST_46592,2
TEST_46593,2
TEST_46594,3
TEST_46595,0
TEST_46596,3
TEST_46597,1
TEST_46598,3
TEST_46599,1
TEST_46600,2
TEST_46601,0
TEST_46602,3
TEST_46603,2
TEST_46604,4
TEST_46605,2
TEST_46606,3
TEST_46607,1
TEST_46608,3
TEST_46609,2
TEST_46610,4
TEST_46611,4
TEST_46612,4
TEST_46613,4
TEST_46614,1
TEST_46615,3
TEST_46616,1
TEST_46617,2
TEST_46618,0
TEST_46619,3
TEST_46620,3
TEST_46621,0
TEST_46622,1
TEST_46623,4
TEST_46624,3
TEST_46625,2
TEST_46626,4
TEST_46627,3
TEST_46628,4
TEST_46629,4
TEST_46630,1
TEST_46631,0
TEST_46632,3
TEST_46633,2
TEST_46634,0
TEST_46635,3
TEST_46636,3
TEST_46637,1
TEST_46638,2
TEST_46639,2
TEST_46640,0
TEST_46641,2
TEST_46642,4
TEST_46643,3
TEST_46644,3
TEST_46645,1
TEST_46646,4
TEST_46647,0
TEST_46648,4
TEST_46649,0
TEST_46650,2
TEST_46651,1
TEST_46652,4
TEST_46653,0
TEST_46654,1
TEST_46655,3
TEST_46656,1
TEST_46657,1
TEST_46658,2
TEST_46659,4
TEST_46660,1
TEST_46661,4
TEST_46662,1
TEST_46663,3
TEST_46664,1
TEST_46665,0
TEST_46666,4
TEST_46667,3
TEST_46668,4
TEST_46669,1
TEST_46670,3
TEST_46671,2
TEST_46672,3
TEST_46673,2
TEST_46674,4
TEST_46675,3
TEST_46676,2
TEST_46677,1
TEST_46678,0
TEST_46679,0
TEST_46680,4
TEST_46681,2
TEST_46682,2
TEST_46683,3
TEST_46684,4
TEST_46685,1
TEST_46686,3
TEST_46687,1
TEST_46688,4
TEST_46689,4
TEST_46690,2
TEST_46691,3
TEST_46692,2
TEST_46693,2
TEST_46694,3
TEST_46695,0
TEST_46696,3
TEST_46697,3
TEST_46698,3
TEST_46699,3
TEST_46700,0
TEST_46701,3
TEST_46702,3
TEST_46703,4
TEST_46704,3
TEST_46705,4
TEST_46706,4
TEST_46707,2
TEST_46708,4
TEST_46709,2
TEST_46710,1
TEST_46711,3
TEST_46712,0
TEST_46713,4
TEST_46714,4
TEST_46715,2
TEST_46716,3
TEST_46717,4
TEST_46718,4
TEST_46719,3
TEST_46720,4
TEST_46721,1
TEST_46722,0
TEST_46723,1
TEST_46724,3
TEST_46725,4
TEST_46726,0
TEST_46727,1
TEST_46728,2
TEST_46729,3
TEST_46730,3
TEST_46731,2
TEST_46732,0
TEST_46733,2
TEST_46734,3
TEST_46735,1
TEST_46736,3
TEST_46737,3
TEST_46738,2
TEST_46739,1
TEST_46740,0
TEST_46741,2
TEST_46742,0
TEST_46743,2
TEST_46744,2
TEST_46745,4
TEST_46746,2
TEST_46747,4
TEST_46748,2
TEST_46749,2
TEST_46750,0
TEST_46751,4
TEST_46752,4
TEST_46753,3
TEST_46754,3
TEST_46755,4
TEST_46756,0
TEST_46757,3
TEST_46758,0
TEST_46759,0
TEST_46760,1
TEST_46761,0
TEST_46762,3
TEST_46763,0
TEST_46764,3
TEST_46765,4
TEST_46766,1
TEST_46767,0
TEST_46768,2
TEST_46769,4
TEST_46770,3
TEST_46771,0
TEST_46772,4
TEST_46773,4
TEST_46774,2
TEST_46775,4
TEST_46776,0
TEST_46777,0
TEST_46778,2
TEST_46779,3
TEST_46780,0
TEST_46781,3
TEST_46782,3
TEST_46783,4
TEST_46784,3
TEST_46785,3
TEST_46786,3
TEST_46787,4
TEST_46788,3
TEST_46789,4
TEST_46790,4
TEST_46791,2
TEST_46792,4
TEST_46793,2
TEST_46794,4
TEST_46795,2
TEST_46796,1
TEST_46797,3
TEST_46798,1
TEST_46799,2
TEST_46800,2
TEST_46801,0
TEST_46802,3
TEST_46803,4
TEST_46804,2
TEST_46805,4
TEST_46806,3
TEST_46807,0
TEST_46808,3
TEST_46809,3
TEST_46810,1
TEST_46811,4
TEST_46812,4
TEST_46813,3
TEST_46814,3
TEST_46815,3
TEST_46816,4
TEST_46817,3
TEST_46818,4
TEST_46819,3
TEST_46820,0
TEST_46821,4
TEST_46822,2
TEST_46823,1
TEST_46824,2
TEST_46825,3
TEST_46826,1
TEST_46827,1
TEST_46828,2
TEST_46829,1
TEST_46830,4
TEST_46831,2
TEST_46832,0
TEST_46833,4
TEST_46834,3
TEST_46835,3
TEST_46836,1
TEST_46837,3
TEST_46838,4
TEST_46839,4
TEST_46840,2
TEST_46841,4
TEST_46842,3
TEST_46843,2
TEST_46844,4
TEST_46845,1
TEST_46846,3
TEST_46847,1
TEST_46848,3
TEST_46849,2
TEST_46850,3
TEST_46851,4
TEST_46852,2
TEST_46853,1
TEST_46854,1
TEST_46855,4
TEST_46856,4
TEST_46857,1
TEST_46858,1
TEST_46859,1
TEST_46860,3
TEST_46861,3
TEST_46862,4
TEST_46863,0
TEST_46864,3
TEST_46865,3
TEST_46866,1
TEST_46867,4
TEST_46868,4
TEST_46869,2
TEST_46870,0
TEST_46871,4
TEST_46872,3
TEST_46873,2
TEST_46874,3
TEST_46875,2
TEST_46876,0
TEST_46877,1
TEST_46878,2
TEST_46879,1
TEST_46880,4
TEST_46881,3
TEST_46882,3
TEST_46883,2
TEST_46884,3
TEST_46885,3
TEST_46886,1
TEST_46887,1
TEST_46888,2
TEST_46889,2
TEST_46890,2
TEST_46891,4
TEST_46892,4
TEST_46893,3
TEST_46894,3
TEST_46895,2
TEST_46896,4
TEST_46897,2
TEST_46898,3
TEST_46899,2
TEST_46900,4
TEST_46901,1
TEST_46902,3
TEST_46903,4
TEST_46904,2
TEST_46905,0
TEST_46906,1
TEST_46907,2
TEST_46908,1
TEST_46909,4
TEST_46910,3
TEST_46911,0
TEST_46912,3
TEST_46913,2
TEST_46914,2
TEST_46915,3
TEST_46916,2
TEST_46917,3
TEST_46918,3
TEST_46919,2
TEST_46920,0
TEST_46921,2
TEST_46922,1
TEST_46923,2
TEST_46924,1
TEST_46925,0
TEST_46926,2
TEST_46927,4
TEST_46928,0
TEST_46929,4
TEST_46930,4
TEST_46931,1
TEST_46932,2
TEST_46933,0
TEST_46934,0
TEST_46935,2
TEST_46936,1
TEST_46937,4
TEST_46938,2
TEST_46939,3
TEST_46940,2
TEST_46941,2
TEST_46942,2
TEST_46943,0
TEST_46944,2
TEST_46945,4
TEST_46946,4
TEST_46947,2
TEST_46948,3
TEST_46949,1
TEST_46950,2
TEST_46951,1
TEST_46952,2
TEST_46953,0
TEST_46954,4
TEST_46955,2
TEST_46956,2
TEST_46957,0
TEST_46958,3
TEST_46959,2
TEST_46960,0
TEST_46961,4
TEST_46962,2
TEST_46963,2
TEST_46964,3
TEST_46965,0
TEST_46966,2
TEST_46967,1
TEST_46968,1
TEST_46969,4
TEST_46970,4
TEST_46971,3
TEST_46972,1
TEST_46973,3
TEST_46974,4
TEST_46975,4
TEST_46976,2
TEST_46977,4
TEST_46978,0
TEST_46979,4
TEST_46980,3
TEST_46981,2
TEST_46982,3
TEST_46983,1
TEST_46984,3
TEST_46985,4
TEST_46986,0
TEST_46987,3
TEST_46988,2
TEST_46989,3
TEST_46990,4
TEST_46991,3
TEST_46992,4
TEST_46993,0
TEST_46994,3
TEST_46995,0
TEST_46996,2
TEST_46997,4
TEST_46998,0
TEST_46999,4
TEST_47000,4
TEST_47001,2
TEST_47002,0
TEST_47003,4
TEST_47004,3
TEST_47005,0
TEST_47006,0
TEST_47007,4
TEST_47008,1
TEST_47009,2
TEST_47010,2
TEST_47011,1
TEST_47012,3
TEST_47013,1
TEST_47014,4
TEST_47015,3
TEST_47016,0
TEST_47017,0
TEST_47018,0
TEST_47019,3
TEST_47020,1
TEST_47021,2
TEST_47022,3
TEST_47023,3
TEST_47024,3
TEST_47025,1
TEST_47026,3
TEST_47027,1
TEST_47028,4
TEST_47029,3
TEST_47030,3
TEST_47031,3
TEST_47032,3
TEST_47033,4
TEST_47034,0
TEST_47035,4
TEST_47036,2
TEST_47037,4
TEST_47038,4
TEST_47039,4
TEST_47040,1
TEST_47041,3
TEST_47042,4
TEST_47043,2
TEST_47044,0
TEST_47045,1
TEST_47046,3
TEST_47047,3
TEST_47048,2
TEST_47049,0
TEST_47050,1
TEST_47051,3
TEST_47052,3
TEST_47053,1
TEST_47054,1
TEST_47055,1
TEST_47056,3
TEST_47057,4
TEST_47058,2
TEST_47059,4
TEST_47060,4
TEST_47061,3
TEST_47062,0
TEST_47063,4
TEST_47064,1
TEST_47065,1
TEST_47066,3
TEST_47067,2
TEST_47068,4
TEST_47069,3
TEST_47070,0
TEST_47071,3
TEST_47072,1
TEST_47073,3
TEST_47074,2
TEST_47075,1
TEST_47076,2
TEST_47077,4
TEST_47078,4
TEST_47079,0
TEST_47080,3
TEST_47081,1
TEST_47082,0
TEST_47083,1
TEST_47084,0
TEST_47085,1
TEST_47086,4
TEST_47087,4
TEST_47088,3
TEST_47089,2
TEST_47090,1
TEST_47091,4
TEST_47092,3
TEST_47093,4
TEST_47094,3
TEST_47095,3
TEST_47096,4
TEST_47097,0
TEST_47098,0
TEST_47099,4
TEST_47100,1
TEST_47101,0
TEST_47102,3
TEST_47103,4
TEST_47104,2
TEST_47105,0
TEST_47106,2
TEST_47107,3
TEST_47108,1
TEST_47109,4
TEST_47110,4
TEST_47111,0
TEST_47112,4
TEST_47113,3
TEST_47114,4
TEST_47115,0
TEST_47116,4
TEST_47117,3
TEST_47118,4
TEST_47119,1
TEST_47120,1
TEST_47121,4
TEST_47122,4
TEST_47123,0
TEST_47124,0
TEST_47125,0
TEST_47126,0
TEST_47127,4
TEST_47128,0
TEST_47129,4
TEST_47130,3
TEST_47131,0
TEST_47132,0
TEST_47133,2
TEST_47134,3
TEST_47135,2
TEST_47136,3
TEST_47137,3
TEST_47138,1
TEST_47139,2
TEST_47140,3
TEST_47141,0
TEST_47142,2
TEST_47143,3
TEST_47144,0
TEST_47145,3
TEST_47146,1
TEST_47147,3
TEST_47148,2
TEST_47149,3
TEST_47150,1
TEST_47151,2
TEST_47152,4
TEST_47153,0
TEST_47154,3
TEST_47155,3
TEST_47156,0
TEST_47157,3
TEST_47158,3
TEST_47159,1
TEST_47160,4
TEST_47161,4
TEST_47162,3
TEST_47163,0
TEST_47164,2
TEST_47165,0
TEST_47166,4
TEST_47167,4
TEST_47168,0
TEST_47169,0
TEST_47170,0
TEST_47171,4
TEST_47172,4
TEST_47173,1
TEST_47174,3
TEST_47175,4
TEST_47176,1
TEST_47177,3
TEST_47178,3
TEST_47179,1
TEST_47180,4
TEST_47181,4
TEST_47182,4
TEST_47183,4
TEST_47184,0
TEST_47185,3
TEST_47186,0
TEST_47187,0
TEST_47188,4
TEST_47189,3
TEST_47190,1
TEST_47191,0
TEST_47192,0
TEST_47193,4
TEST_47194,1
TEST_47195,3
TEST_47196,4
TEST_47197,4
TEST_47198,2
TEST_47199,3
TEST_47200,3
TEST_47201,3
TEST_47202,0
TEST_47203,2
TEST_47204,4
TEST_47205,3
TEST_47206,2
TEST_47207,2
TEST_47208,3
TEST_47209,0
TEST_47210,4
TEST_47211,0
TEST_47212,3
TEST_47213,2
TEST_47214,3
TEST_47215,0
TEST_47216,0
TEST_47217,2
TEST_47218,0
TEST_47219,1
TEST_47220,3
TEST_47221,3
TEST_47222,1
TEST_47223,1
TEST_47224,2
TEST_47225,3
TEST_47226,2
TEST_47227,2
TEST_47228,4
TEST_47229,0
TEST_47230,1
TEST_47231,4
TEST_47232,1
TEST_47233,1
TEST_47234,2
TEST_47235,2
TEST_47236,3
TEST_47237,4
TEST_47238,3
TEST_47239,3
TEST_47240,2
TEST_47241,2
TEST_47242,4
TEST_47243,1
TEST_47244,3
TEST_47245,4
TEST_47246,4
TEST_47247,4
TEST_47248,0
TEST_47249,2
TEST_47250,2
TEST_47251,4
TEST_47252,4
TEST_47253,4
TEST_47254,1
TEST_47255,2
TEST_47256,2
TEST_47257,0
TEST_47258,2
TEST_47259,0
TEST_47260,1
TEST_47261,4
TEST_47262,2
TEST_47263,2
TEST_47264,3
TEST_47265,3
TEST_47266,2
TEST_47267,2
TEST_47268,1
TEST_47269,3
TEST_47270,3
TEST_47271,3
TEST_47272,4
TEST_47273,1
TEST_47274,4
TEST_47275,3
TEST_47276,3
TEST_47277,2
TEST_47278,4
TEST_47279,2
TEST_47280,4
TEST_47281,2
TEST_47282,2
TEST_47283,3
TEST_47284,3
TEST_47285,4
TEST_47286,0
TEST_47287,4
TEST_47288,4
TEST_47289,3
TEST_47290,2
TEST_47291,1
TEST_47292,4
TEST_47293,2
TEST_47294,1
TEST_47295,2
TEST_47296,4
TEST_47297,3
TEST_47298,3
TEST_47299,1
TEST_47300,4
TEST_47301,0
TEST_47302,4
TEST_47303,0
TEST_47304,2
TEST_47305,4
TEST_47306,0
TEST_47307,0
TEST_47308,1
TEST_47309,1
TEST_47310,2
TEST_47311,0
TEST_47312,4
TEST_47313,3
TEST_47314,3
TEST_47315,4
TEST_47316,3
TEST_47317,4
TEST_47318,3
TEST_47319,2
TEST_47320,2
TEST_47321,3
TEST_47322,3
TEST_47323,3
TEST_47324,0
TEST_47325,4
TEST_47326,4
TEST_47327,1
TEST_47328,0
TEST_47329,3
TEST_47330,3
TEST_47331,3
TEST_47332,2
TEST_47333,4
TEST_47334,4
TEST_47335,4
TEST_47336,2
TEST_47337,2
TEST_47338,2
TEST_47339,0
TEST_47340,2
TEST_47341,0
TEST_47342,3
TEST_47343,4
TEST_47344,1
TEST_47345,3
TEST_47346,3
TEST_47347,3
TEST_47348,1
TEST_47349,4
TEST_47350,0
TEST_47351,1
TEST_47352,4
TEST_47353,3
TEST_47354,4
TEST_47355,2
TEST_47356,1
TEST_47357,3
TEST_47358,3
TEST_47359,3
TEST_47360,2
TEST_47361,4
TEST_47362,3
TEST_47363,3
TEST_47364,3
TEST_47365,0
TEST_47366,4
TEST_47367,1
TEST_47368,0
TEST_47369,1
TEST_47370,4
TEST_47371,2
TEST_47372,2
TEST_47373,3
TEST_47374,1
TEST_47375,4
TEST_47376,4
TEST_47377,0
TEST_47378,0
TEST_47379,1
TEST_47380,2
TEST_47381,0
TEST_47382,4
TEST_47383,4
TEST_47384,2
TEST_47385,3
TEST_47386,3
TEST_47387,4
TEST_47388,2
TEST_47389,2
TEST_47390,4
TEST_47391,3
TEST_47392,2
TEST_47393,2
TEST_47394,3
TEST_47395,0
TEST_47396,4
TEST_47397,4
TEST_47398,1
TEST_47399,4
TEST_47400,0
TEST_47401,3
TEST_47402,0
TEST_47403,2
TEST_47404,2
TEST_47405,2
TEST_47406,3
TEST_47407,2
TEST_47408,4
TEST_47409,4
TEST_47410,2
TEST_47411,2
TEST_47412,2
TEST_47413,4
TEST_47414,0
TEST_47415,3
TEST_47416,1
TEST_47417,2
TEST_47418,3
TEST_47419,4
TEST_47420,0
TEST_47421,1
TEST_47422,1
TEST_47423,1
TEST_47424,4
TEST_47425,3
TEST_47426,1
TEST_47427,3
TEST_47428,2
TEST_47429,2
TEST_47430,1
TEST_47431,4
TEST_47432,4
TEST_47433,3
TEST_47434,2
TEST_47435,3
TEST_47436,3
TEST_47437,0
TEST_47438,3
TEST_47439,1
TEST_47440,2
TEST_47441,3
TEST_47442,3
TEST_47443,4
TEST_47444,2
TEST_47445,1
TEST_47446,3
TEST_47447,3
TEST_47448,1
TEST_47449,3
TEST_47450,2
TEST_47451,4
TEST_47452,0
TEST_47453,4
TEST_47454,1
TEST_47455,0
TEST_47456,2
TEST_47457,3
TEST_47458,0
TEST_47459,1
TEST_47460,4
TEST_47461,0
TEST_47462,1
TEST_47463,2
TEST_47464,3
TEST_47465,4
TEST_47466,4
TEST_47467,4
TEST_47468,0
TEST_47469,3
TEST_47470,4
TEST_47471,1
TEST_47472,1
TEST_47473,0
TEST_47474,4
TEST_47475,1
TEST_47476,0
TEST_47477,3
TEST_47478,4
TEST_47479,4
TEST_47480,3
TEST_47481,0
TEST_47482,3
TEST_47483,3
TEST_47484,3
TEST_47485,0
TEST_47486,3
TEST_47487,2
TEST_47488,3
TEST_47489,2
TEST_47490,1
TEST_47491,1
TEST_47492,2
TEST_47493,1
TEST_47494,0
TEST_47495,4
TEST_47496,3
TEST_47497,3
TEST_47498,2
TEST_47499,4
TEST_47500,3
TEST_47501,3
TEST_47502,0
TEST_47503,2
TEST_47504,1
TEST_47505,3
TEST_47506,4
TEST_47507,1
TEST_47508,3
TEST_47509,2
TEST_47510,2
TEST_47511,4
TEST_47512,4
TEST_47513,2
TEST_47514,0
TEST_47515,0
TEST_47516,4
TEST_47517,2
TEST_47518,3
TEST_47519,3
TEST_47520,4
TEST_47521,2
TEST_47522,3
TEST_47523,1
TEST_47524,0
TEST_47525,2
TEST_47526,3
TEST_47527,2
TEST_47528,3
TEST_47529,4
TEST_47530,1
TEST_47531,1
TEST_47532,0
TEST_47533,3
TEST_47534,0
TEST_47535,2
TEST_47536,2
TEST_47537,4
TEST_47538,3
TEST_47539,2
TEST_47540,3
TEST_47541,3
TEST_47542,4
TEST_47543,0
TEST_47544,1
TEST_47545,2
TEST_47546,1
TEST_47547,3
TEST_47548,4
TEST_47549,1
TEST_47550,3
TEST_47551,0
TEST_47552,2
TEST_47553,3
TEST_47554,1
TEST_47555,3
TEST_47556,4
TEST_47557,1
TEST_47558,3
TEST_47559,3
TEST_47560,3
TEST_47561,3
TEST_47562,3
TEST_47563,4
TEST_47564,1
TEST_47565,1
TEST_47566,0
TEST_47567,1
TEST_47568,2
TEST_47569,4
TEST_47570,2
TEST_47571,3
TEST_47572,3
TEST_47573,4
TEST_47574,2
TEST_47575,0
TEST_47576,3
TEST_47577,2
TEST_47578,2
TEST_47579,3
TEST_47580,3
TEST_47581,1
TEST_47582,4
TEST_47583,3
TEST_47584,4
TEST_47585,2
TEST_47586,4
TEST_47587,4
TEST_47588,0
TEST_47589,4
TEST_47590,4
TEST_47591,3
TEST_47592,1
TEST_47593,2
TEST_47594,3
TEST_47595,2
TEST_47596,0
TEST_47597,4
TEST_47598,0
TEST_47599,0
TEST_47600,0
TEST_47601,2
TEST_47602,1
TEST_47603,3
TEST_47604,4
TEST_47605,1
TEST_47606,2
TEST_47607,2
TEST_47608,0
TEST_47609,4
TEST_47610,0
TEST_47611,2
TEST_47612,4
TEST_47613,4
TEST_47614,4
TEST_47615,3
TEST_47616,1
TEST_47617,1
TEST_47618,3
TEST_47619,1
TEST_47620,3
TEST_47621,0
TEST_47622,4
TEST_47623,2
TEST_47624,4
TEST_47625,0
TEST_47626,4
TEST_47627,4
TEST_47628,3
TEST_47629,0
TEST_47630,3
TEST_47631,1
TEST_47632,1
TEST_47633,4
TEST_47634,2
TEST_47635,2
TEST_47636,1
TEST_47637,3
TEST_47638,4
TEST_47639,2
TEST_47640,2
TEST_47641,3
TEST_47642,4
TEST_47643,2
TEST_47644,2
TEST_47645,3
TEST_47646,3
TEST_47647,0
TEST_47648,2
TEST_47649,2
TEST_47650,3
TEST_47651,4
TEST_47652,2
TEST_47653,2
TEST_47654,1
TEST_47655,0
TEST_47656,3
TEST_47657,2
TEST_47658,0
TEST_47659,3
TEST_47660,4
TEST_47661,3
TEST_47662,2
TEST_47663,4
TEST_47664,1
TEST_47665,4
TEST_47666,3
TEST_47667,0
TEST_47668,1
TEST_47669,2
TEST_47670,3
TEST_47671,4
TEST_47672,0
TEST_47673,2
TEST_47674,4
TEST_47675,3
TEST_47676,4
TEST_47677,2
TEST_47678,4
TEST_47679,4
TEST_47680,3
TEST_47681,2
TEST_47682,4
TEST_47683,0
TEST_47684,4
TEST_47685,3
TEST_47686,1
TEST_47687,4
TEST_47688,0
TEST_47689,1
TEST_47690,4
TEST_47691,2
TEST_47692,1
TEST_47693,3
TEST_47694,4
TEST_47695,4
TEST_47696,2
TEST_47697,2
TEST_47698,1
TEST_47699,4
TEST_47700,2
TEST_47701,4
TEST_47702,4
TEST_47703,4
TEST_47704,3
TEST_47705,3
TEST_47706,3
TEST_47707,2
TEST_47708,2
TEST_47709,0
TEST_47710,3
TEST_47711,1
TEST_47712,2
TEST_47713,4
TEST_47714,4
TEST_47715,1
TEST_47716,3
TEST_47717,1
TEST_47718,3
TEST_47719,3
TEST_47720,4
TEST_47721,3
TEST_47722,4
TEST_47723,3
TEST_47724,2
TEST_47725,2
TEST_47726,3
TEST_47727,4
TEST_47728,3
TEST_47729,4
TEST_47730,3
TEST_47731,0
TEST_47732,2
TEST_47733,4
TEST_47734,3
TEST_47735,3
TEST_47736,2
TEST_47737,3
TEST_47738,2
TEST_47739,2
TEST_47740,3
TEST_47741,4
TEST_47742,1
TEST_47743,1
TEST_47744,3
TEST_47745,2
TEST_47746,3
TEST_47747,0
TEST_47748,2
TEST_47749,2
TEST_47750,4
TEST_47751,2
TEST_47752,3
TEST_47753,3
TEST_47754,0
TEST_47755,1
TEST_47756,3
TEST_47757,4
TEST_47758,1
TEST_47759,4
TEST_47760,0
TEST_47761,4
TEST_47762,2
TEST_47763,3
TEST_47764,0
TEST_47765,2
TEST_47766,4
TEST_47767,4
TEST_47768,4
TEST_47769,4
TEST_47770,1
TEST_47771,3
TEST_47772,3
TEST_47773,4
TEST_47774,1
TEST_47775,3
TEST_47776,3
TEST_47777,1
TEST_47778,2
TEST_47779,3
TEST_47780,2
TEST_47781,0
TEST_47782,0
TEST_47783,4
TEST_47784,0
TEST_47785,3
TEST_47786,4
TEST_47787,3
TEST_47788,2
TEST_47789,3
TEST_47790,4
TEST_47791,1
TEST_47792,3
TEST_47793,3
TEST_47794,4
TEST_47795,2
TEST_47796,3
TEST_47797,2
TEST_47798,3
TEST_47799,2
TEST_47800,3
TEST_47801,2
TEST_47802,0
TEST_47803,3
TEST_47804,2
TEST_47805,2
TEST_47806,1
TEST_47807,1
TEST_47808,3
TEST_47809,3
TEST_47810,3
TEST_47811,3
TEST_47812,4
TEST_47813,3
TEST_47814,1
TEST_47815,4
TEST_47816,3
TEST_47817,3
TEST_47818,1
TEST_47819,4
TEST_47820,3
TEST_47821,3
TEST_47822,2
TEST_47823,1
TEST_47824,3
TEST_47825,3
TEST_47826,3
TEST_47827,4
TEST_47828,0
TEST_47829,1
TEST_47830,3
TEST_47831,4
TEST_47832,2
TEST_47833,3
TEST_47834,4
TEST_47835,0
TEST_47836,3
TEST_47837,4
TEST_47838,4
TEST_47839,3
TEST_47840,1
TEST_47841,1
TEST_47842,1
TEST_47843,2
TEST_47844,0
TEST_47845,2
TEST_47846,2
TEST_47847,3
TEST_47848,4
TEST_47849,4
TEST_47850,3
TEST_47851,4
TEST_47852,4
TEST_47853,3
TEST_47854,4
TEST_47855,1
TEST_47856,3
TEST_47857,1
TEST_47858,0
TEST_47859,4
TEST_47860,0
TEST_47861,2
TEST_47862,4
TEST_47863,1
TEST_47864,2
TEST_47865,1
TEST_47866,0
TEST_47867,3
TEST_47868,1
TEST_47869,0
TEST_47870,4
TEST_47871,3
TEST_47872,3
TEST_47873,3
TEST_47874,3
TEST_47875,4
TEST_47876,3
TEST_47877,2
TEST_47878,2
TEST_47879,2
TEST_47880,3
TEST_47881,2
TEST_47882,3
TEST_47883,1
TEST_47884,3
TEST_47885,4
TEST_47886,2
TEST_47887,3
TEST_47888,3
TEST_47889,4
TEST_47890,3
TEST_47891,3
TEST_47892,3
TEST_47893,4
TEST_47894,2
TEST_47895,2
TEST_47896,4
TEST_47897,1
TEST_47898,3
TEST_47899,2
TEST_47900,3
TEST_47901,3
TEST_47902,1
TEST_47903,4
TEST_47904,3
TEST_47905,3
TEST_47906,1
TEST_47907,4
TEST_47908,1
TEST_47909,1
TEST_47910,2
TEST_47911,0
TEST_47912,4
TEST_47913,4
TEST_47914,3
TEST_47915,2
TEST_47916,2
TEST_47917,3
TEST_47918,1
TEST_47919,4
TEST_47920,4
TEST_47921,4
TEST_47922,3
TEST_47923,0
TEST_47924,3
TEST_47925,2
TEST_47926,1
TEST_47927,1
TEST_47928,3
TEST_47929,2
TEST_47930,2
TEST_47931,4
TEST_47932,2
TEST_47933,3
TEST_47934,3
TEST_47935,2
TEST_47936,2
TEST_47937,1
TEST_47938,2
TEST_47939,4
TEST_47940,3
TEST_47941,0
TEST_47942,1
TEST_47943,3
TEST_47944,4
TEST_47945,3
TEST_47946,3
TEST_47947,4
TEST_47948,3
TEST_47949,3
TEST_47950,1
TEST_47951,4
TEST_47952,2
TEST_47953,3
TEST_47954,4
TEST_47955,1
TEST_47956,2
TEST_47957,2
TEST_47958,3
TEST_47959,4
TEST_47960,4
TEST_47961,1
TEST_47962,4
TEST_47963,2
TEST_47964,3
TEST_47965,1
TEST_47966,4
TEST_47967,3
TEST_47968,0
TEST_47969,2
TEST_47970,3
TEST_47971,3
TEST_47972,3
TEST_47973,1
TEST_47974,1
TEST_47975,3
TEST_47976,1
TEST_47977,0
TEST_47978,3
TEST_47979,4
TEST_47980,3
TEST_47981,1
TEST_47982,4
TEST_47983,3
TEST_47984,4
TEST_47985,0
TEST_47986,0
TEST_47987,0
TEST_47988,3
TEST_47989,4
TEST_47990,2
TEST_47991,3
TEST_47992,3
TEST_47993,3
TEST_47994,3
TEST_47995,3
TEST_47996,1
TEST_47997,4
TEST_47998,3
TEST_47999,2
TEST_48000,1
TEST_48001,2
TEST_48002,4
TEST_48003,3
TEST_48004,1
TEST_48005,4
TEST_48006,0
TEST_48007,3
TEST_48008,1
TEST_48009,3
TEST_48010,3
TEST_48011,0
TEST_48012,4
TEST_48013,0
TEST_48014,3
TEST_48015,2
TEST_48016,0
TEST_48017,3
TEST_48018,3
TEST_48019,2
TEST_48020,3
TEST_48021,4
TEST_48022,2
TEST_48023,3
TEST_48024,4
TEST_48025,4
TEST_48026,4
TEST_48027,2
TEST_48028,3
TEST_48029,3
TEST_48030,4
TEST_48031,3
TEST_48032,2
TEST_48033,3
TEST_48034,3
TEST_48035,2
TEST_48036,0
TEST_48037,2
TEST_48038,0
TEST_48039,2
TEST_48040,4
TEST_48041,1
TEST_48042,0
TEST_48043,3
TEST_48044,0
TEST_48045,4
TEST_48046,3
TEST_48047,1
TEST_48048,1
TEST_48049,3
TEST_48050,2
TEST_48051,4
TEST_48052,1
TEST_48053,0
TEST_48054,4
TEST_48055,2
TEST_48056,0
TEST_48057,1
TEST_48058,1
TEST_48059,4
TEST_48060,0
TEST_48061,3
TEST_48062,4
TEST_48063,1
TEST_48064,4
TEST_48065,3
TEST_48066,2
TEST_48067,1
TEST_48068,1
TEST_48069,2
TEST_48070,2
TEST_48071,2
TEST_48072,2
TEST_48073,0
TEST_48074,3
TEST_48075,4
TEST_48076,0
TEST_48077,2
TEST_48078,4
TEST_48079,0
TEST_48080,2
TEST_48081,4
TEST_48082,2
TEST_48083,3
TEST_48084,1
TEST_48085,3
TEST_48086,3
TEST_48087,3
TEST_48088,3
TEST_48089,4
TEST_48090,3
TEST_48091,2
TEST_48092,1
TEST_48093,4
TEST_48094,4
TEST_48095,2
TEST_48096,2
TEST_48097,3
TEST_48098,0
TEST_48099,1
TEST_48100,2
TEST_48101,1
TEST_48102,2
TEST_48103,1
TEST_48104,1
TEST_48105,0
TEST_48106,3
TEST_48107,0
TEST_48108,0
TEST_48109,4
TEST_48110,4
TEST_48111,4
TEST_48112,3
TEST_48113,1
TEST_48114,0
TEST_48115,2
TEST_48116,0
TEST_48117,3
TEST_48118,2
TEST_48119,3
TEST_48120,3
TEST_48121,1
TEST_48122,1
TEST_48123,2
TEST_48124,3
TEST_48125,4
TEST_48126,2
TEST_48127,1
TEST_48128,3
TEST_48129,3
TEST_48130,1
TEST_48131,1
TEST_48132,4
TEST_48133,4
TEST_48134,4
TEST_48135,3
TEST_48136,4
TEST_48137,4
TEST_48138,2
TEST_48139,2
TEST_48140,1
TEST_48141,2
TEST_48142,2
TEST_48143,2
TEST_48144,4
TEST_48145,1
TEST_48146,4
TEST_48147,3
TEST_48148,4
TEST_48149,2
TEST_48150,1
TEST_48151,4
TEST_48152,2
TEST_48153,1
TEST_48154,3
TEST_48155,3
TEST_48156,4
TEST_48157,4
TEST_48158,2
TEST_48159,0
TEST_48160,1
TEST_48161,3
TEST_48162,0
TEST_48163,0
TEST_48164,1
TEST_48165,4
TEST_48166,2
TEST_48167,4
TEST_48168,1
TEST_48169,3
TEST_48170,1
TEST_48171,1
TEST_48172,2
TEST_48173,3
TEST_48174,2
TEST_48175,1
TEST_48176,3
TEST_48177,2
TEST_48178,0
TEST_48179,4
TEST_48180,4
TEST_48181,4
TEST_48182,3
TEST_48183,2
TEST_48184,3
TEST_48185,0
TEST_48186,4
TEST_48187,3
TEST_48188,4
TEST_48189,3
TEST_48190,0
TEST_48191,3
TEST_48192,2
TEST_48193,0
TEST_48194,4
TEST_48195,4
TEST_48196,1
TEST_48197,3
TEST_48198,4
TEST_48199,3
TEST_48200,0
TEST_48201,4
TEST_48202,3
TEST_48203,1
TEST_48204,2
TEST_48205,1
TEST_48206,1
TEST_48207,3
TEST_48208,4
TEST_48209,2
TEST_48210,2
TEST_48211,2
TEST_48212,2
TEST_48213,3
TEST_48214,3
TEST_48215,2
TEST_48216,4
TEST_48217,1
TEST_48218,2
TEST_48219,4
TEST_48220,0
TEST_48221,2
TEST_48222,2
TEST_48223,3
TEST_48224,4
TEST_48225,2
TEST_48226,3
TEST_48227,4
TEST_48228,0
TEST_48229,1
TEST_48230,4
TEST_48231,0
TEST_48232,3
TEST_48233,3
TEST_48234,3
TEST_48235,1
TEST_48236,0
TEST_48237,3
TEST_48238,0
TEST_48239,2
TEST_48240,2
TEST_48241,1
TEST_48242,2
TEST_48243,4
TEST_48244,0
TEST_48245,4
TEST_48246,0
TEST_48247,2
TEST_48248,2
TEST_48249,1
TEST_48250,2
TEST_48251,3
TEST_48252,2
TEST_48253,3
TEST_48254,4
TEST_48255,3
TEST_48256,4
TEST_48257,4
TEST_48258,4
TEST_48259,4
TEST_48260,4
TEST_48261,3
TEST_48262,3
TEST_48263,4
TEST_48264,3
TEST_48265,3
TEST_48266,4
TEST_48267,1
TEST_48268,3
TEST_48269,1
TEST_48270,3
TEST_48271,4
TEST_48272,2
TEST_48273,0
TEST_48274,0
TEST_48275,2
TEST_48276,3
TEST_48277,2
TEST_48278,0
TEST_48279,2
TEST_48280,1
TEST_48281,4
TEST_48282,2
TEST_48283,1
TEST_48284,3
TEST_48285,3
TEST_48286,2
TEST_48287,4
TEST_48288,4
TEST_48289,4
TEST_48290,1
TEST_48291,2
TEST_48292,3
TEST_48293,0
TEST_48294,3
TEST_48295,4
TEST_48296,3
TEST_48297,3
TEST_48298,3
TEST_48299,3
TEST_48300,3
TEST_48301,1
TEST_48302,3
TEST_48303,4
TEST_48304,3
TEST_48305,4
TEST_48306,0
TEST_48307,4
TEST_48308,4
TEST_48309,4
TEST_48310,3
TEST_48311,1
TEST_48312,3
TEST_48313,1
TEST_48314,2
TEST_48315,1
TEST_48316,2
TEST_48317,4
TEST_48318,2
TEST_48319,4
TEST_48320,3
TEST_48321,3
TEST_48322,2
TEST_48323,4
TEST_48324,4
TEST_48325,4
TEST_48326,2
TEST_48327,1
TEST_48328,0
TEST_48329,2
TEST_48330,0
TEST_48331,0
TEST_48332,3
TEST_48333,1
TEST_48334,3
TEST_48335,4
TEST_48336,4
TEST_48337,4
TEST_48338,1
TEST_48339,2
TEST_48340,3
TEST_48341,2
TEST_48342,2
TEST_48343,1
TEST_48344,2
TEST_48345,2
TEST_48346,3
TEST_48347,3
TEST_48348,0
TEST_48349,1
TEST_48350,2
TEST_48351,4
TEST_48352,0
TEST_48353,3
TEST_48354,2
TEST_48355,2
TEST_48356,3
TEST_48357,3
TEST_48358,3
TEST_48359,1
TEST_48360,2
TEST_48361,3
TEST_48362,3
TEST_48363,3
TEST_48364,1
TEST_48365,2
TEST_48366,1
TEST_48367,4
TEST_48368,1
TEST_48369,3
TEST_48370,2
TEST_48371,0
TEST_48372,3
TEST_48373,2
TEST_48374,0
TEST_48375,0
TEST_48376,3
TEST_48377,3
TEST_48378,4
TEST_48379,2
TEST_48380,4
TEST_48381,0
TEST_48382,3
TEST_48383,4
TEST_48384,4
TEST_48385,1
TEST_48386,3
TEST_48387,3
TEST_48388,4
TEST_48389,2
TEST_48390,3
TEST_48391,3
TEST_48392,2
TEST_48393,2
TEST_48394,2
TEST_48395,3
TEST_48396,0
TEST_48397,2
TEST_48398,4
TEST_48399,3
TEST_48400,4
TEST_48401,3
TEST_48402,3
TEST_48403,1
TEST_48404,1
TEST_48405,3
TEST_48406,0
TEST_48407,3
TEST_48408,0
TEST_48409,0
TEST_48410,3
TEST_48411,2
TEST_48412,3
TEST_48413,3
TEST_48414,3
TEST_48415,2
TEST_48416,2
TEST_48417,2
TEST_48418,3
TEST_48419,3
TEST_48420,3
TEST_48421,0
TEST_48422,2
TEST_48423,4
TEST_48424,4
TEST_48425,3
TEST_48426,0
TEST_48427,4
TEST_48428,2
TEST_48429,1
TEST_48430,0
TEST_48431,1
TEST_48432,3
TEST_48433,3
TEST_48434,2
TEST_48435,3
TEST_48436,4
TEST_48437,3
TEST_48438,2
TEST_48439,4
TEST_48440,1
TEST_48441,3
TEST_48442,2
TEST_48443,3
TEST_48444,4
TEST_48445,1
TEST_48446,1
TEST_48447,1
TEST_48448,3
TEST_48449,3
TEST_48450,4
TEST_48451,2
TEST_48452,0
TEST_48453,2
TEST_48454,4
TEST_48455,2
TEST_48456,4
TEST_48457,0
TEST_48458,2
TEST_48459,3
TEST_48460,0
TEST_48461,4
TEST_48462,1
TEST_48463,4
TEST_48464,2
TEST_48465,0
TEST_48466,0
TEST_48467,4
TEST_48468,4
TEST_48469,3
TEST_48470,4
TEST_48471,4
TEST_48472,4
TEST_48473,2
TEST_48474,2
TEST_48475,3
TEST_48476,0
TEST_48477,3
TEST_48478,1
TEST_48479,4
TEST_48480,4
TEST_48481,3
TEST_48482,3
TEST_48483,1
TEST_48484,1
TEST_48485,2
TEST_48486,2
TEST_48487,2
TEST_48488,3
TEST_48489,4
TEST_48490,3
TEST_48491,2
TEST_48492,2
TEST_48493,4
TEST_48494,2
TEST_48495,1
TEST_48496,4
TEST_48497,3
TEST_48498,2
TEST_48499,3
TEST_48500,4
TEST_48501,4
TEST_48502,4
TEST_48503,4
TEST_48504,0
TEST_48505,1
TEST_48506,0
TEST_48507,1
TEST_48508,3
TEST_48509,1
TEST_48510,3
TEST_48511,2
TEST_48512,3
TEST_48513,4
TEST_48514,4
TEST_48515,1
TEST_48516,1
TEST_48517,4
TEST_48518,4
TEST_48519,2
TEST_48520,4
TEST_48521,2
TEST_48522,2
TEST_48523,3
TEST_48524,4
TEST_48525,2
TEST_48526,1
TEST_48527,4
TEST_48528,3
TEST_48529,3
TEST_48530,2
TEST_48531,1
TEST_48532,1
TEST_48533,1
TEST_48534,4
TEST_48535,4
TEST_48536,0
TEST_48537,2
TEST_48538,3
TEST_48539,3
TEST_48540,3
TEST_48541,1
TEST_48542,1
TEST_48543,3
TEST_48544,1
TEST_48545,4
TEST_48546,4
TEST_48547,4
TEST_48548,2
TEST_48549,4
TEST_48550,3
TEST_48551,3
TEST_48552,3
TEST_48553,1
TEST_48554,0
TEST_48555,1
TEST_48556,0
TEST_48557,3
TEST_48558,3
TEST_48559,4
TEST_48560,2
TEST_48561,3
TEST_48562,1
TEST_48563,3
TEST_48564,3
TEST_48565,2
TEST_48566,1
TEST_48567,3
TEST_48568,0
TEST_48569,1
TEST_48570,3
TEST_48571,3
TEST_48572,3
TEST_48573,4
TEST_48574,0
TEST_48575,3
TEST_48576,0
TEST_48577,2
TEST_48578,2
TEST_48579,1
TEST_48580,3
TEST_48581,2
TEST_48582,0
TEST_48583,4
TEST_48584,4
TEST_48585,0
TEST_48586,2
TEST_48587,1
TEST_48588,0
TEST_48589,0
TEST_48590,3
TEST_48591,0
TEST_48592,4
TEST_48593,2
TEST_48594,1
TEST_48595,1
TEST_48596,3
TEST_48597,2
TEST_48598,1
TEST_48599,4
TEST_48600,4
TEST_48601,3
TEST_48602,0
TEST_48603,3
TEST_48604,0
TEST_48605,4
TEST_48606,3
TEST_48607,4
TEST_48608,1
TEST_48609,4
TEST_48610,3
TEST_48611,0
TEST_48612,3
TEST_48613,4
TEST_48614,2
TEST_48615,3
TEST_48616,2
TEST_48617,4
TEST_48618,3
TEST_48619,4
TEST_48620,2
TEST_48621,1
TEST_48622,2
TEST_48623,4
TEST_48624,2
TEST_48625,3
TEST_48626,2
TEST_48627,4
TEST_48628,4
TEST_48629,4
TEST_48630,3
TEST_48631,4
TEST_48632,3
TEST_48633,3
TEST_48634,2
TEST_48635,0
TEST_48636,0
TEST_48637,2
TEST_48638,2
TEST_48639,2
TEST_48640,3
TEST_48641,4
TEST_48642,4
TEST_48643,4
TEST_48644,2
TEST_48645,1
TEST_48646,3
TEST_48647,4
TEST_48648,3
TEST_48649,2
TEST_48650,1
TEST_48651,4
TEST_48652,2
TEST_48653,0
TEST_48654,1
TEST_48655,1
TEST_48656,0
TEST_48657,4
TEST_48658,1
TEST_48659,0
TEST_48660,2
TEST_48661,1
TEST_48662,4
TEST_48663,3
TEST_48664,4
TEST_48665,3
TEST_48666,2
TEST_48667,4
TEST_48668,2
TEST_48669,3
TEST_48670,1
TEST_48671,2
TEST_48672,4
TEST_48673,4
TEST_48674,4
TEST_48675,3
TEST_48676,2
TEST_48677,4
TEST_48678,4
TEST_48679,2
TEST_48680,3
TEST_48681,4
TEST_48682,1
TEST_48683,4
TEST_48684,1
TEST_48685,3
TEST_48686,0
TEST_48687,3
TEST_48688,4
TEST_48689,3
TEST_48690,3
TEST_48691,1
TEST_48692,3
TEST_48693,3
TEST_48694,4
TEST_48695,3
TEST_48696,4
TEST_48697,2
TEST_48698,3
TEST_48699,3
TEST_48700,1
TEST_48701,2
TEST_48702,2
TEST_48703,2
TEST_48704,3
TEST_48705,0
TEST_48706,3
TEST_48707,3
TEST_48708,3
TEST_48709,3
TEST_48710,0
TEST_48711,3
TEST_48712,4
TEST_48713,1
TEST_48714,3
TEST_48715,2
TEST_48716,4
TEST_48717,3
TEST_48718,1
TEST_48719,3
TEST_48720,2
TEST_48721,2
TEST_48722,2
TEST_48723,1
TEST_48724,3
TEST_48725,0
TEST_48726,0
TEST_48727,4
TEST_48728,1
TEST_48729,2
TEST_48730,2
TEST_48731,3
TEST_48732,1
TEST_48733,4
TEST_48734,0
TEST_48735,3
TEST_48736,3
TEST_48737,3
TEST_48738,2
TEST_48739,4
TEST_48740,4
TEST_48741,2
TEST_48742,1
TEST_48743,2
TEST_48744,3
TEST_48745,4
TEST_48746,3
TEST_48747,2
TEST_48748,2
TEST_48749,4
TEST_48750,2
TEST_48751,2
TEST_48752,3
TEST_48753,0
TEST_48754,3
TEST_48755,3
TEST_48756,0
TEST_48757,3
TEST_48758,2
TEST_48759,1
TEST_48760,4
TEST_48761,4
TEST_48762,4
TEST_48763,2
TEST_48764,3
TEST_48765,0
TEST_48766,0
TEST_48767,1
TEST_48768,4
TEST_48769,4
TEST_48770,2
TEST_48771,3
TEST_48772,4
TEST_48773,3
TEST_48774,3
TEST_48775,3
TEST_48776,2
TEST_48777,2
TEST_48778,3
TEST_48779,2
TEST_48780,4
TEST_48781,2
TEST_48782,4
TEST_48783,0
TEST_48784,1
TEST_48785,3
TEST_48786,4
TEST_48787,2
TEST_48788,1
TEST_48789,3
TEST_48790,3
TEST_48791,1
TEST_48792,2
TEST_48793,2
TEST_48794,1
TEST_48795,1
TEST_48796,2
TEST_48797,3
TEST_48798,3
TEST_48799,4
TEST_48800,1
TEST_48801,0
TEST_48802,3
TEST_48803,4
TEST_48804,3
TEST_48805,1
TEST_48806,0
TEST_48807,4
TEST_48808,2
TEST_48809,4
TEST_48810,2
TEST_48811,4
TEST_48812,4
TEST_48813,4
TEST_48814,4
TEST_48815,3
TEST_48816,2
TEST_48817,2
TEST_48818,2
TEST_48819,4
TEST_48820,3
TEST_48821,2
TEST_48822,2
TEST_48823,1
TEST_48824,2
TEST_48825,4
TEST_48826,3
TEST_48827,3
TEST_48828,1
TEST_48829,4
TEST_48830,4
TEST_48831,4
TEST_48832,1
TEST_48833,4
TEST_48834,1
TEST_48835,1
TEST_48836,4
TEST_48837,3
TEST_48838,4
TEST_48839,2
TEST_48840,1
TEST_48841,4
TEST_48842,1
TEST_48843,1
TEST_48844,2
TEST_48845,3
TEST_48846,2
TEST_48847,3
TEST_48848,0
TEST_48849,3
TEST_48850,4
TEST_48851,4
TEST_48852,4
TEST_48853,2
TEST_48854,3
TEST_48855,3
TEST_48856,2
TEST_48857,2
TEST_48858,4
TEST_48859,3
TEST_48860,4
TEST_48861,1
TEST_48862,2
TEST_48863,2
TEST_48864,1
TEST_48865,2
TEST_48866,4
TEST_48867,1
TEST_48868,2
TEST_48869,2
TEST_48870,2
TEST_48871,4
TEST_48872,0
TEST_48873,3
TEST_48874,2
TEST_48875,1
TEST_48876,3
TEST_48877,2
TEST_48878,3
TEST_48879,3
TEST_48880,1
TEST_48881,1
TEST_48882,1
TEST_48883,0
TEST_48884,1
TEST_48885,0
TEST_48886,3
TEST_48887,3
TEST_48888,3
TEST_48889,0
TEST_48890,4
TEST_48891,1
TEST_48892,1
TEST_48893,0
TEST_48894,2
TEST_48895,1
TEST_48896,4
TEST_48897,3
TEST_48898,4
TEST_48899,3
TEST_48900,1
TEST_48901,4
TEST_48902,0
TEST_48903,0
TEST_48904,3
TEST_48905,1
TEST_48906,3
TEST_48907,0
TEST_48908,2
TEST_48909,4
TEST_48910,1
TEST_48911,3
TEST_48912,1
TEST_48913,0
TEST_48914,4
TEST_48915,2
TEST_48916,3
TEST_48917,3
TEST_48918,4
TEST_48919,2
TEST_48920,4
TEST_48921,1
TEST_48922,3
TEST_48923,0
TEST_48924,3
TEST_48925,0
TEST_48926,0
TEST_48927,3
TEST_48928,1
TEST_48929,3
TEST_48930,4
TEST_48931,4
TEST_48932,4
TEST_48933,4
TEST_48934,0
TEST_48935,2
TEST_48936,3
TEST_48937,4
TEST_48938,0
TEST_48939,1
TEST_48940,2
TEST_48941,2
TEST_48942,1
TEST_48943,4
TEST_48944,4
TEST_48945,0
TEST_48946,1
TEST_48947,4
TEST_48948,2
TEST_48949,3
TEST_48950,3
TEST_48951,1
TEST_48952,1
TEST_48953,3
TEST_48954,0
TEST_48955,3
TEST_48956,2
TEST_48957,2
TEST_48958,2
TEST_48959,2
TEST_48960,3
TEST_48961,1
TEST_48962,2
TEST_48963,2
TEST_48964,3
TEST_48965,0
TEST_48966,1
TEST_48967,2
TEST_48968,4
TEST_48969,4
TEST_48970,0
TEST_48971,3
TEST_48972,1
TEST_48973,4
TEST_48974,2
TEST_48975,0
TEST_48976,1
TEST_48977,1
TEST_48978,3
TEST_48979,2
TEST_48980,4
TEST_48981,1
TEST_48982,3
TEST_48983,3
TEST_48984,1
TEST_48985,3
TEST_48986,4
TEST_48987,2
TEST_48988,3
TEST_48989,1
TEST_48990,4
TEST_48991,4
TEST_48992,2
TEST_48993,3
TEST_48994,4
TEST_48995,3
TEST_48996,4
TEST_48997,3
TEST_48998,1
TEST_48999,4
TEST_49000,3
TEST_49001,3
TEST_49002,3
TEST_49003,1
TEST_49004,1
TEST_49005,1
TEST_49006,4
TEST_49007,1
TEST_49008,1
TEST_49009,3
TEST_49010,4
TEST_49011,2
TEST_49012,4
TEST_49013,2
TEST_49014,3
TEST_49015,1
TEST_49016,2
TEST_49017,3
TEST_49018,3
TEST_49019,0
TEST_49020,0
TEST_49021,2
TEST_49022,4
TEST_49023,4
TEST_49024,3
TEST_49025,3
TEST_49026,0
TEST_49027,2
TEST_49028,3
TEST_49029,3
TEST_49030,3
TEST_49031,1
TEST_49032,4
TEST_49033,3
TEST_49034,3
TEST_49035,4
TEST_49036,4
TEST_49037,3
TEST_49038,3
TEST_49039,2
TEST_49040,3
TEST_49041,0
TEST_49042,3
TEST_49043,4
TEST_49044,1
TEST_49045,3
TEST_49046,2
TEST_49047,0
TEST_49048,1
TEST_49049,3
TEST_49050,2
TEST_49051,1
TEST_49052,3
TEST_49053,4
TEST_49054,3
TEST_49055,3
TEST_49056,0
TEST_49057,2
TEST_49058,0
TEST_49059,0
TEST_49060,3
TEST_49061,0
TEST_49062,0
TEST_49063,2
TEST_49064,3
TEST_49065,4
TEST_49066,1
TEST_49067,4
TEST_49068,2
TEST_49069,4
TEST_49070,2
TEST_49071,1
TEST_49072,4
TEST_49073,3
TEST_49074,2
TEST_49075,1
TEST_49076,1
TEST_49077,1
TEST_49078,1
TEST_49079,0
TEST_49080,3
TEST_49081,2
TEST_49082,4
TEST_49083,0
TEST_49084,1
TEST_49085,1
TEST_49086,1
TEST_49087,1
TEST_49088,0
TEST_49089,3
TEST_49090,3
TEST_49091,1
TEST_49092,1
TEST_49093,3
TEST_49094,1
TEST_49095,3
TEST_49096,2
TEST_49097,2
TEST_49098,0
TEST_49099,4
TEST_49100,4
TEST_49101,3
TEST_49102,2
TEST_49103,3
TEST_49104,3
TEST_49105,2
TEST_49106,4
TEST_49107,2
TEST_49108,3
TEST_49109,4
TEST_49110,3
TEST_49111,3
TEST_49112,2
TEST_49113,3
TEST_49114,1
TEST_49115,3
TEST_49116,4
TEST_49117,2
TEST_49118,1
TEST_49119,1
TEST_49120,3
TEST_49121,1
TEST_49122,3
TEST_49123,3
TEST_49124,4
TEST_49125,0
TEST_49126,1
TEST_49127,4
TEST_49128,2
TEST_49129,4
TEST_49130,1
TEST_49131,4
TEST_49132,2
TEST_49133,1
TEST_49134,3
TEST_49135,3
TEST_49136,2
TEST_49137,2
TEST_49138,0
TEST_49139,4
TEST_49140,4
TEST_49141,3
TEST_49142,0
TEST_49143,4
TEST_49144,3
TEST_49145,0
TEST_49146,1
TEST_49147,0
TEST_49148,2
TEST_49149,1
TEST_49150,4
TEST_49151,4
TEST_49152,3
TEST_49153,3
TEST_49154,4
TEST_49155,3
TEST_49156,3
TEST_49157,4
TEST_49158,0
TEST_49159,3
TEST_49160,3
TEST_49161,3
TEST_49162,3
TEST_49163,3
TEST_49164,3
TEST_49165,2
TEST_49166,3
TEST_49167,1
TEST_49168,4
TEST_49169,4
TEST_49170,1
TEST_49171,3
TEST_49172,3
TEST_49173,4
TEST_49174,2
TEST_49175,4
TEST_49176,2
TEST_49177,4
TEST_49178,2
TEST_49179,4
TEST_49180,1
TEST_49181,4
TEST_49182,3
TEST_49183,3
TEST_49184,2
TEST_49185,4
TEST_49186,3
TEST_49187,3
TEST_49188,4
TEST_49189,4
TEST_49190,3
TEST_49191,4
TEST_49192,1
TEST_49193,4
TEST_49194,0
TEST_49195,2
TEST_49196,3
TEST_49197,1
TEST_49198,0
TEST_49199,4
TEST_49200,3
TEST_49201,3
TEST_49202,4
TEST_49203,2
TEST_49204,4
TEST_49205,3
TEST_49206,3
TEST_49207,3
TEST_49208,3
TEST_49209,4
TEST_49210,2
TEST_49211,0
TEST_49212,4
TEST_49213,2
TEST_49214,1
TEST_49215,4
TEST_49216,3
TEST_49217,0
TEST_49218,3
TEST_49219,2
TEST_49220,4
TEST_49221,2
TEST_49222,1
TEST_49223,4
TEST_49224,3
TEST_49225,1
TEST_49226,4
TEST_49227,1
TEST_49228,3
TEST_49229,4
TEST_49230,1
TEST_49231,1
TEST_49232,2
TEST_49233,4
TEST_49234,3
TEST_49235,1
TEST_49236,1
TEST_49237,3
TEST_49238,4
TEST_49239,3
TEST_49240,3
TEST_49241,4
TEST_49242,2
TEST_49243,4
TEST_49244,1
TEST_49245,1
TEST_49246,4
TEST_49247,3
TEST_49248,4
TEST_49249,4
TEST_49250,2
TEST_49251,1
TEST_49252,4
TEST_49253,4
TEST_49254,2
TEST_49255,2
TEST_49256,1
TEST_49257,2
TEST_49258,0
TEST_49259,4
TEST_49260,4
TEST_49261,1
TEST_49262,4
TEST_49263,4
TEST_49264,4
TEST_49265,3
TEST_49266,1
TEST_49267,2
TEST_49268,3
TEST_49269,0
TEST_49270,3
TEST_49271,1
TEST_49272,2
TEST_49273,0
TEST_49274,2
TEST_49275,1
TEST_49276,4
TEST_49277,4
TEST_49278,4
TEST_49279,3
TEST_49280,4
TEST_49281,2
TEST_49282,2
TEST_49283,1
TEST_49284,3
TEST_49285,4
TEST_49286,2
TEST_49287,2
TEST_49288,4
TEST_49289,3
TEST_49290,0
TEST_49291,1
TEST_49292,2
TEST_49293,4
TEST_49294,1
TEST_49295,1
TEST_49296,4
TEST_49297,3
TEST_49298,1
TEST_49299,3
TEST_49300,4
TEST_49301,4
TEST_49302,3
TEST_49303,3
TEST_49304,0
TEST_49305,1
TEST_49306,1
TEST_49307,3
TEST_49308,3
TEST_49309,1
TEST_49310,4
TEST_49311,4
TEST_49312,0
TEST_49313,0
TEST_49314,3
TEST_49315,4
TEST_49316,2
TEST_49317,3
TEST_49318,2
TEST_49319,4
TEST_49320,4
TEST_49321,3
TEST_49322,0
TEST_49323,0
TEST_49324,3
TEST_49325,2
TEST_49326,3
TEST_49327,0
TEST_49328,4
TEST_49329,1
TEST_49330,3
TEST_49331,0
TEST_49332,1
TEST_49333,4
TEST_49334,2
TEST_49335,3
TEST_49336,0
TEST_49337,2
TEST_49338,3
TEST_49339,3
TEST_49340,4
TEST_49341,3
TEST_49342,3
TEST_49343,0
TEST_49344,2
TEST_49345,1
TEST_49346,4
TEST_49347,3
TEST_49348,3
TEST_49349,2
TEST_49350,1
TEST_49351,1
TEST_49352,2
TEST_49353,3
TEST_49354,3
TEST_49355,2
TEST_49356,3
TEST_49357,2
TEST_49358,0
TEST_49359,2
TEST_49360,3
TEST_49361,1
TEST_49362,1
TEST_49363,4
TEST_49364,2
TEST_49365,3
TEST_49366,2
TEST_49367,1
TEST_49368,3
TEST_49369,3
TEST_49370,4
TEST_49371,0
TEST_49372,4
TEST_49373,3
TEST_49374,3
TEST_49375,4
TEST_49376,2
TEST_49377,2
TEST_49378,4
TEST_49379,0
TEST_49380,4
TEST_49381,3
TEST_49382,3
TEST_49383,3
TEST_49384,4
TEST_49385,3
TEST_49386,4
TEST_49387,4
TEST_49388,2
TEST_49389,4
TEST_49390,3
TEST_49391,4
TEST_49392,4
TEST_49393,1
TEST_49394,4
TEST_49395,3
TEST_49396,2
TEST_49397,3
TEST_49398,2
TEST_49399,3
TEST_49400,3
TEST_49401,2
TEST_49402,3
TEST_49403,3
TEST_49404,3
TEST_49405,4
TEST_49406,3
TEST_49407,2
TEST_49408,1
TEST_49409,2
TEST_49410,2
TEST_49411,1
TEST_49412,2
TEST_49413,3
TEST_49414,0
TEST_49415,3
TEST_49416,3
TEST_49417,4
TEST_49418,1
TEST_49419,2
TEST_49420,2
TEST_49421,3
TEST_49422,3
TEST_49423,3
TEST_49424,1
TEST_49425,1
TEST_49426,3
TEST_49427,1
TEST_49428,2
TEST_49429,2
TEST_49430,4
TEST_49431,4
TEST_49432,2
TEST_49433,1
TEST_49434,4
TEST_49435,2
TEST_49436,2
TEST_49437,4
TEST_49438,0
TEST_49439,4
TEST_49440,3
TEST_49441,3
TEST_49442,4
TEST_49443,1
TEST_49444,4
TEST_49445,1
TEST_49446,1
TEST_49447,3
TEST_49448,2
TEST_49449,1
TEST_49450,2
TEST_49451,3
TEST_49452,4
TEST_49453,4
TEST_49454,4
TEST_49455,1
TEST_49456,3
TEST_49457,4
TEST_49458,1
TEST_49459,4
TEST_49460,1
TEST_49461,3
TEST_49462,3
TEST_49463,3
TEST_49464,3
TEST_49465,4
TEST_49466,2
TEST_49467,3
TEST_49468,1
TEST_49469,4
TEST_49470,4
TEST_49471,2
TEST_49472,2
TEST_49473,2
TEST_49474,3
TEST_49475,4
TEST_49476,2
TEST_49477,3
TEST_49478,4
TEST_49479,2
TEST_49480,3
TEST_49481,3
TEST_49482,3
TEST_49483,3
TEST_49484,1
TEST_49485,0
TEST_49486,3
TEST_49487,2
TEST_49488,2
TEST_49489,4
TEST_49490,4
TEST_49491,2
TEST_49492,1
TEST_49493,1
TEST_49494,3
TEST_49495,2
TEST_49496,3
TEST_49497,1
TEST_49498,4
TEST_49499,3
TEST_49500,3
TEST_49501,1
TEST_49502,1
TEST_49503,4
TEST_49504,4
TEST_49505,4
TEST_49506,3
TEST_49507,0
TEST_49508,3
TEST_49509,2
TEST_49510,0
TEST_49511,3
TEST_49512,2
TEST_49513,2
TEST_49514,4
TEST_49515,3
TEST_49516,3
TEST_49517,4
TEST_49518,3
TEST_49519,0
TEST_49520,3
TEST_49521,2
TEST_49522,2
TEST_49523,0
TEST_49524,3
TEST_49525,4
TEST_49526,3
TEST_49527,3
TEST_49528,3
TEST_49529,2
TEST_49530,0
TEST_49531,1
TEST_49532,1
TEST_49533,2
TEST_49534,4
TEST_49535,4
TEST_49536,4
TEST_49537,3
TEST_49538,2
TEST_49539,0
TEST_49540,0
TEST_49541,4
TEST_49542,3
TEST_49543,4
TEST_49544,3
TEST_49545,4
TEST_49546,2
TEST_49547,2
TEST_49548,3
TEST_49549,2
TEST_49550,0
TEST_49551,0
TEST_49552,4
TEST_49553,4
TEST_49554,1
TEST_49555,1
TEST_49556,2
TEST_49557,0
TEST_49558,2
TEST_49559,1
TEST_49560,3
TEST_49561,1
TEST_49562,3
TEST_49563,2
TEST_49564,2
TEST_49565,2
TEST_49566,3
TEST_49567,2
TEST_49568,4
TEST_49569,3
TEST_49570,0
TEST_49571,0
TEST_49572,3
TEST_49573,3
TEST_49574,3
TEST_49575,4
TEST_49576,3
TEST_49577,2
TEST_49578,2
TEST_49579,4
TEST_49580,3
TEST_49581,4
TEST_49582,3
TEST_49583,2
TEST_49584,4
TEST_49585,2
TEST_49586,3
TEST_49587,1
TEST_49588,1
TEST_49589,4
TEST_49590,2
TEST_49591,2
TEST_49592,1
TEST_49593,3
TEST_49594,4
TEST_49595,3
TEST_49596,4
TEST_49597,1
TEST_49598,3
TEST_49599,4
TEST_49600,4
TEST_49601,3
TEST_49602,3
TEST_49603,4
TEST_49604,2
TEST_49605,3
TEST_49606,4
TEST_49607,2
TEST_49608,4
TEST_49609,1
TEST_49610,2
TEST_49611,2
TEST_49612,3
TEST_49613,2
TEST_49614,2
TEST_49615,2
TEST_49616,3
TEST_49617,4
TEST_49618,4
TEST_49619,1
TEST_49620,0
TEST_49621,3
TEST_49622,3
TEST_49623,4
TEST_49624,3
TEST_49625,3
TEST_49626,2
TEST_49627,2
TEST_49628,1
TEST_49629,2
TEST_49630,3
TEST_49631,3
TEST_49632,1
TEST_49633,1
TEST_49634,3
TEST_49635,1
TEST_49636,2
TEST_49637,3
TEST_49638,4
TEST_49639,0
TEST_49640,3
TEST_49641,3
TEST_49642,3
TEST_49643,2
TEST_49644,3
TEST_49645,2
TEST_49646,4
TEST_49647,2
TEST_49648,1
TEST_49649,2
TEST_49650,1
TEST_49651,2
TEST_49652,4
TEST_49653,1
TEST_49654,3
TEST_49655,3
TEST_49656,2
TEST_49657,2
TEST_49658,4
TEST_49659,1
TEST_49660,4
TEST_49661,0
TEST_49662,4
TEST_49663,3
TEST_49664,1
TEST_49665,4
TEST_49666,0
TEST_49667,2
TEST_49668,4
TEST_49669,2
TEST_49670,2
TEST_49671,1
TEST_49672,1
TEST_49673,4
TEST_49674,2
TEST_49675,2
TEST_49676,3
TEST_49677,2
TEST_49678,1
TEST_49679,4
TEST_49680,3
TEST_49681,2
TEST_49682,3
TEST_49683,3
TEST_49684,3
TEST_49685,3
TEST_49686,0
TEST_49687,1
TEST_49688,1
TEST_49689,4
TEST_49690,3
TEST_49691,4
TEST_49692,4
TEST_49693,1
TEST_49694,3
TEST_49695,4
TEST_49696,4
TEST_49697,0
TEST_49698,3
TEST_49699,4
TEST_49700,3
TEST_49701,3
TEST_49702,1
TEST_49703,4
TEST_49704,3
TEST_49705,3
TEST_49706,1
TEST_49707,4
TEST_49708,2
TEST_49709,1
TEST_49710,3
TEST_49711,0
TEST_49712,4
TEST_49713,3
TEST_49714,2
TEST_49715,1
TEST_49716,0
TEST_49717,3
TEST_49718,0
TEST_49719,3
TEST_49720,0
TEST_49721,3
TEST_49722,0
TEST_49723,0
TEST_49724,3
TEST_49725,4
TEST_49726,2
TEST_49727,2
TEST_49728,0
TEST_49729,3
TEST_49730,2
TEST_49731,4
TEST_49732,3
TEST_49733,4
TEST_49734,1
TEST_49735,4
TEST_49736,3
TEST_49737,2
TEST_49738,4
TEST_49739,2
TEST_49740,3
TEST_49741,4
TEST_49742,3
TEST_49743,3
TEST_49744,3
TEST_49745,4
TEST_49746,0
TEST_49747,1
TEST_49748,2
TEST_49749,3
TEST_49750,3
TEST_49751,4
TEST_49752,1
TEST_49753,3
TEST_49754,1
TEST_49755,3
TEST_49756,1
TEST_49757,1
TEST_49758,2
TEST_49759,1
TEST_49760,1
TEST_49761,3
TEST_49762,1
TEST_49763,2
TEST_49764,3
TEST_49765,0
TEST_49766,1
TEST_49767,2
TEST_49768,3
TEST_49769,0
TEST_49770,4
TEST_49771,4
TEST_49772,3
TEST_49773,2
TEST_49774,3
TEST_49775,3
TEST_49776,3
TEST_49777,2
TEST_49778,4
TEST_49779,3
TEST_49780,1
TEST_49781,3
TEST_49782,1
TEST_49783,3
TEST_49784,1
TEST_49785,1
TEST_49786,1
TEST_49787,2
TEST_49788,2
TEST_49789,4
TEST_49790,4
TEST_49791,4
TEST_49792,3
TEST_49793,1
TEST_49794,1
TEST_49795,2
TEST_49796,4
TEST_49797,1
TEST_49798,3
TEST_49799,2
TEST_49800,2
TEST_49801,0
TEST_49802,2
TEST_49803,4
TEST_49804,4
TEST_49805,1
TEST_49806,4
TEST_49807,2
TEST_49808,0
TEST_49809,4
TEST_49810,2
TEST_49811,1
TEST_49812,4
TEST_49813,2
TEST_49814,1
TEST_49815,2
TEST_49816,0
TEST_49817,4
TEST_49818,4
TEST_49819,3
TEST_49820,3
TEST_49821,4
TEST_49822,1
TEST_49823,1
TEST_49824,1
TEST_49825,1
TEST_49826,3
TEST_49827,3
TEST_49828,3
TEST_49829,3
TEST_49830,0
TEST_49831,3
TEST_49832,1
TEST_49833,1
TEST_49834,3
TEST_49835,2
TEST_49836,0
TEST_49837,3
TEST_49838,2
TEST_49839,0
TEST_49840,4
TEST_49841,0
TEST_49842,0
TEST_49843,1
TEST_49844,1
TEST_49845,4
TEST_49846,4
TEST_49847,4
TEST_49848,3
TEST_49849,3
TEST_49850,3
TEST_49851,4
TEST_49852,1
TEST_49853,0
TEST_49854,3
TEST_49855,3
TEST_49856,4
TEST_49857,3
TEST_49858,3
TEST_49859,3
TEST_49860,1
TEST_49861,1
TEST_49862,1
TEST_49863,2
TEST_49864,1
TEST_49865,2
TEST_49866,0
TEST_49867,1
TEST_49868,3
TEST_49869,1
TEST_49870,1
TEST_49871,0
TEST_49872,4
TEST_49873,1
TEST_49874,2
TEST_49875,0
TEST_49876,3
TEST_49877,2
TEST_49878,3
TEST_49879,4
TEST_49880,2
TEST_49881,3
TEST_49882,3
TEST_49883,2
TEST_49884,4
TEST_49885,3
TEST_49886,3
TEST_49887,3
TEST_49888,0
TEST_49889,3
TEST_49890,0
TEST_49891,2
TEST_49892,3
TEST_49893,0
TEST_49894,1
TEST_49895,3
TEST_49896,2
TEST_49897,3
TEST_49898,4
TEST_49899,4
TEST_49900,0
TEST_49901,1
TEST_49902,2
TEST_49903,3
TEST_49904,0
TEST_49905,3
TEST_49906,0
TEST_49907,2
TEST_49908,1
TEST_49909,0
TEST_49910,4
TEST_49911,4
TEST_49912,1
TEST_49913,2
TEST_49914,2
TEST_49915,1
TEST_49916,2
TEST_49917,3
TEST_49918,1
TEST_49919,2
TEST_49920,4
TEST_49921,0
TEST_49922,3
TEST_49923,4
TEST_49924,0
TEST_49925,3
TEST_49926,3
TEST_49927,4
TEST_49928,1
TEST_49929,2
TEST_49930,4
TEST_49931,4
TEST_49932,3
TEST_49933,4
TEST_49934,4
TEST_49935,3
TEST_49936,4
TEST_49937,3
TEST_49938,1
TEST_49939,3
TEST_49940,1
TEST_49941,1
TEST_49942,2
TEST_49943,3
TEST_49944,3
TEST_49945,2
TEST_49946,1
TEST_49947,4
TEST_49948,1
TEST_49949,1
TEST_49950,2
TEST_49951,4
TEST_49952,1
TEST_49953,2
TEST_49954,3
TEST_49955,4
TEST_49956,1
TEST_49957,2
TEST_49958,4
TEST_49959,4
TEST_49960,0
TEST_49961,3
TEST_49962,1
TEST_49963,3
TEST_49964,0
TEST_49965,3
TEST_49966,2
TEST_49967,3
TEST_49968,1
TEST_49969,3
TEST_49970,0
TEST_49971,1
TEST_49972,2
TEST_49973,4
TEST_49974,1
TEST_49975,1
TEST_49976,0
TEST_49977,2
TEST_49978,3
TEST_49979,4
TEST_49980,0
TEST_49981,3
TEST_49982,3
TEST_49983,3
TEST_49984,3
TEST_49985,1
TEST_49986,3
TEST_49987,0
TEST_49988,1
TEST_49989,2
TEST_49990,2
TEST_49991,2
TEST_49992,1
TEST_49993,3
TEST_49994,2
TEST_49995,4
TEST_49996,1
TEST_49997,3
TEST_49998,0
TEST_49999,2
